"card_transaction_id","transaction_date","customer_id","customer_name","account_no","card_id","card_type","card_network","card_status","merchant_name","merchant_category","location","transaction_mode","transaction_amount","transaction_status"
1,"2024-12-18 09:37:45",169,"Rahul Pandey",100100000168,169,"Debit","RuPay","Active","PVR Cinemas","Entertainment","Noida","Online",37767.70,"Success"
2,"2022-05-19 21:29:16",194,"Harsh Agarwal",100100000257,258,"Credit","Visa","Active","Flipkart","Shopping","Kolkata","Contactless",19353.35,"Success"
3,"2024-06-08 14:56:52",173,"Shreya Reddy",100100000172,173,"Debit","Visa","Lost","Lifestyle","Fashion","Pune","POS",35738.81,"Success"
4,"2022-05-25 16:54:17",47,"Priya Sharma",100100000259,260,"Credit","MasterCard","Expired","Indian Oil","Fuel","Jaipur","Online",27526.92,"Reversed"
5,"2024-11-01 12:34:30",161,"Riya Singh",100100000253,254,"Credit","MasterCard","Active","Amazon India","Shopping","Gurugram","Online",32890.52,"Success"
6,"2022-02-06 11:30:00",62,"Ritu Yadav",100100000061,62,"Debit","Visa","Active","BookMyShow","Entertainment","Ahmedabad","POS",1054.74,"Success"
7,"2023-02-18 14:04:44",5,"Amit Reddy",100100000234,235,"Credit","MasterCard","Active","IRCTC","Travel","Delhi","POS",15034.39,"Success"
8,"2025-11-11 19:58:30",18,"Vivek Verma",100100000017,18,"Debit","Visa","Lost","DMart","Grocery","Bengaluru","Contactless",32907.46,"Success"
9,"2024-02-23 20:00:45",124,"Asha Sinha",100100000214,215,"Debit","Visa","Active","Apollo Pharmacy","Healthcare","Hyderabad","POS",26067.19,"Success"
10,"2025-08-23 20:40:21",26,"Rahul Patel",100100000025,26,"Debit","RuPay","Lost","Reliance Digital","Electronics","Hyderabad","Online",17994.25,"Success"
11,"2024-03-25 00:44:46",136,"Priya Sharma",100100000135,136,"Debit","RuPay","Active","Croma","Electronics","Pune","POS",11842.46,"Success"
12,"2022-11-23 13:36:08",161,"Riya Singh",100100000160,161,"Debit","Visa","Active","Reliance Fresh","Grocery","Bengaluru","Contactless",45749.29,"Success"
13,"2026-03-25 02:18:32",52,"Harsh Mishra",100100000051,52,"Debit","Visa","Active","Reliance Digital","Electronics","Mumbai","POS",1322.34,"Success"
14,"2023-12-27 01:04:31",198,"Suresh Singh",100100000197,198,"Debit","RuPay","Active","IRCTC","Travel","Gurugram","Online",11332.80,"Success"
15,"2023-01-27 02:33:29",190,"Divya Kumar",100100000189,190,"Debit","Visa","Active","Reliance Fresh","Grocery","Gurugram","Contactless",37232.38,"Success"
16,"2024-09-27 17:09:07",179,"Ritu Mishra",100100000178,179,"Debit","Visa","Active","Lifestyle","Fashion","Mumbai","Contactless",21419.57,"Success"
17,"2025-10-28 04:25:31",175,"Pooja Jain",100100000174,175,"Debit","RuPay","Active","Starbucks","Cafe","Pune","Online",2979.99,"Success"
18,"2024-08-23 22:50:15",196,"Manish Chauhan",100100000236,237,"Credit","Visa","Active","HP Petrol Pump","Fuel","Lucknow","Contactless",12628.79,"Success"
19,"2023-06-18 23:13:13",11,"Komal Pandey",100100000010,11,"Debit","Visa","Active","Lifestyle","Fashion","Pune","Contactless",48546.89,"Success"
20,"2022-01-23 16:43:24",187,"Karan Chauhan",100100000186,187,"Debit","RuPay","Active","SBI ATM","ATM","Hyderabad","ATM",35913.89,"Success"
21,"2026-06-02 08:15:29",84,"Karan Patel",100100000083,84,"Debit","Visa","Active","Croma","Electronics","Kolkata","POS",9560.10,"Success"
22,"2026-04-29 22:19:24",180,"Divya Mishra",100100000179,180,"Debit","RuPay","Active","Reliance Fresh","Grocery","Bengaluru","Online",25030.42,"Success"
23,"2025-01-18 01:44:07",105,"Mohit Agarwal",100100000104,105,"Debit","Visa","Active","Lifestyle","Fashion","Chennai","Online",49391.94,"Success"
24,"2024-07-28 04:07:05",168,"Meena Gupta",100100000167,168,"Debit","Visa","Active","Starbucks","Cafe","Mumbai","Online",33356.26,"Success"
25,"2022-05-14 18:43:12",82,"Meena Gupta",100100000081,82,"Debit","RuPay","Active","Zomato","Food","Ahmedabad","POS",21172.28,"Success"
26,"2023-07-03 16:37:22",152,"Mohit Mishra",100100000151,152,"Debit","Visa","Active","Reliance Digital","Electronics","Lucknow","Contactless",12303.98,"Success"
27,"2026-03-11 05:47:41",112,"Mohit Mishra",100100000111,112,"Debit","Visa","Active","Reliance Fresh","Grocery","Gurugram","POS",43593.01,"Success"
28,"2025-12-10 09:13:40",40,"Sneha Nair",100100000039,40,"Debit","Visa","Expired","Zomato","Food","Hyderabad","Contactless",49403.62,"Success"
29,"2025-11-03 06:20:29",102,"Asha Sinha",100100000268,269,"Credit","Visa","Active","Dominos","Food","Kolkata","Contactless",13996.72,"Success"
30,"2023-04-05 06:04:07",53,"Arjun Jain",100100000052,53,"Debit","RuPay","Active","Indian Oil","Fuel","Pune","POS",23452.72,"Success"
31,"2022-03-04 05:12:18",180,"Divya Mishra",100100000179,180,"Debit","RuPay","Active","Swiggy","Food","Jaipur","Contactless",9106.05,"Success"
32,"2022-09-18 01:13:28",50,"Suresh Chauhan",100100000049,50,"Debit","Visa","Lost","Zomato","Food","Ahmedabad","Contactless",47470.64,"Success"
33,"2025-06-05 09:11:43",70,"Asha Reddy",100100000069,70,"Debit","Visa","Active","Reliance Digital","Electronics","Delhi","Contactless",14658.38,"Success"
34,"2024-04-14 18:50:27",50,"Suresh Chauhan",100100000251,252,"Credit","MasterCard","Active","Indian Oil","Fuel","Kolkata","Online",38854.52,"Success"
35,"2024-02-02 06:21:49",16,"Amit Verma",100100000015,16,"Debit","RuPay","Active","PVR Cinemas","Entertainment","Ahmedabad","Contactless",40609.80,"Success"
36,"2022-07-17 07:33:54",47,"Priya Sharma",100100000219,220,"Debit","Visa","Active","Swiggy","Food","Jaipur","Contactless",25731.47,"Success"
37,"2025-07-03 13:33:14",189,"Rajesh Pandey",100100000254,255,"Credit","MasterCard","Active","IRCTC","Travel","Hyderabad","Contactless",15136.08,"Success"
38,"2024-05-11 13:38:28",181,"Arjun Singh",100100000180,181,"Debit","RuPay","Active","Reliance Fresh","Grocery","Hyderabad","Contactless",28727.67,"Success"
39,"2024-10-08 05:16:25",20,"Karan Sinha",100100000019,20,"Debit","Visa","Blocked","PVR Cinemas","Entertainment","Gurugram","Contactless",33022.43,"Success"
40,"2025-07-10 00:19:01",59,"Nitin Nair",100100000058,59,"Debit","RuPay","Active","SBI ATM","ATM","Mumbai","ATM",34662.17,"Success"
41,"2023-10-23 21:42:10",32,"Ankit Reddy",100100000031,32,"Debit","Visa","Active","Reliance Digital","Electronics","Bengaluru","Contactless",36790.35,"Success"
42,"2022-05-22 03:45:53",8,"Neha Gupta",100100000007,8,"Debit","RuPay","Active","Dominos","Food","Noida","Online",42381.67,"Success"
43,"2023-01-28 21:47:40",145,"Nidhi Nair",100100000144,145,"Debit","Visa","Active","Lifestyle","Fashion","Kolkata","Contactless",3525.02,"Success"
44,"2023-01-10 05:09:49",23,"Asha Agarwal",100100000022,23,"Debit","Visa","Blocked","Zomato","Food","Gurugram","Online",1429.47,"Success"
45,"2024-11-02 03:12:58",161,"Riya Singh",100100000160,161,"Debit","Visa","Active","Lifestyle","Fashion","Bengaluru","Contactless",26182.15,"Success"
46,"2025-08-31 02:49:57",83,"Nitin Verma",100100000082,83,"Debit","RuPay","Active","Dominos","Food","Pune","Online",44463.27,"Failed"
47,"2022-05-01 22:35:44",149,"Anjali Mishra",100100000270,271,"Credit","MasterCard","Active","Apollo Pharmacy","Healthcare","Gurugram","Contactless",46171.94,"Success"
48,"2023-09-28 08:53:03",167,"Mohit Jain",100100000166,167,"Debit","RuPay","Active","DMart","Grocery","Jaipur","POS",32952.14,"Success"
49,"2025-05-09 02:09:30",143,"Rohit Mishra",100100000142,143,"Debit","Visa","Active","DMart","Grocery","Lucknow","Online",37242.82,"Success"
50,"2024-12-30 14:34:47",144,"Rahul Mishra",100100000143,144,"Debit","RuPay","Active","Zomato","Food","Chennai","Online",42038.82,"Success"
51,"2024-01-16 04:51:44",138,"Sakshi Chauhan",100100000247,248,"Credit","MasterCard","Active","Apollo Pharmacy","Healthcare","Noida","Contactless",12692.67,"Success"
52,"2025-09-04 02:33:24",191,"Asha Sharma",100100000190,191,"Debit","RuPay","Active","Myntra","Fashion","Hyderabad","Online",42910.62,"Failed"
53,"2023-04-19 20:54:05",136,"Priya Sharma",100100000135,136,"Debit","RuPay","Active","Apollo Pharmacy","Healthcare","Delhi","POS",30283.19,"Success"
54,"2025-06-30 01:21:11",35,"Ankit Gupta",100100000034,35,"Debit","Visa","Active","PVR Cinemas","Entertainment","Noida","Online",17178.22,"Success"
55,"2026-04-28 21:20:06",2,"Neha Gupta",100100000001,2,"Debit","Visa","Active","Reliance Fresh","Grocery","Noida","Contactless",7172.91,"Success"
56,"2022-12-12 17:40:38",138,"Sakshi Chauhan",100100000137,138,"Debit","RuPay","Active","IRCTC","Travel","Mumbai","POS",49369.39,"Success"
57,"2024-03-10 23:56:25",143,"Rohit Mishra",100100000142,143,"Debit","Visa","Active","Big Bazaar","Grocery","Chennai","POS",25442.92,"Success"
58,"2024-04-05 14:45:33",142,"Rahul Sinha",100100000141,142,"Debit","Visa","Active","Reliance Fresh","Grocery","Pune","Contactless",8773.23,"Success"
59,"2022-01-19 13:04:49",89,"Rahul Kumar",100100000088,89,"Debit","RuPay","Active","Apollo Pharmacy","Healthcare","Pune","Contactless",1220.29,"Success"
60,"2023-02-01 02:24:35",111,"Shreya Singh",100100000204,205,"Debit","RuPay","Active","Apollo Pharmacy","Healthcare","Mumbai","Contactless",18899.61,"Success"
61,"2026-04-24 17:14:12",154,"Vikas Sharma",100100000153,154,"Debit","Visa","Active","IRCTC","Travel","Gurugram","POS",12934.14,"Success"
62,"2024-07-06 11:35:55",61,"Sakshi Pandey",100100000060,61,"Debit","Visa","Active","Lifestyle","Fashion","Lucknow","Online",25777.68,"Success"
63,"2025-08-02 07:09:44",152,"Mohit Mishra",100100000151,152,"Debit","Visa","Active","Indian Oil","Fuel","Kolkata","Contactless",44158.22,"Success"
64,"2022-08-07 22:29:34",197,"Rajesh Yadav",100100000196,197,"Debit","Visa","Active","Lifestyle","Fashion","Noida","Online",13493.82,"Success"
65,"2023-11-06 13:54:33",131,"Divya Yadav",100100000258,259,"Credit","Visa","Active","Big Bazaar","Grocery","Bengaluru","POS",658.48,"Reversed"
66,"2022-11-22 21:54:27",13,"Nitin Yadav",100100000012,13,"Debit","RuPay","Active","SBI ATM","ATM","Jaipur","ATM",9700.21,"Success"
67,"2026-02-24 08:53:51",71,"Sakshi Reddy",100100000070,71,"Debit","Visa","Active","Zomato","Food","Jaipur","Contactless",17018.85,"Success"
68,"2022-05-08 06:12:10",103,"Vikas Nair",100100000102,103,"Debit","Visa","Active","Myntra","Fashion","Gurugram","Contactless",36092.24,"Failed"
69,"2022-06-03 18:49:07",9,"Rohit Chauhan",100100000008,9,"Debit","RuPay","Active","DMart","Grocery","Bengaluru","POS",20433.02,"Success"
70,"2024-01-11 02:48:56",114,"Harsh Reddy",100100000205,206,"Debit","RuPay","Active","SBI ATM","ATM","Bengaluru","ATM",18719.17,"Success"
71,"2023-04-11 18:27:53",82,"Meena Gupta",100100000202,203,"Debit","Visa","Active","Croma","Electronics","Mumbai","POS",14750.94,"Success"
72,"2024-11-22 12:41:48",119,"Meena Yadav",100100000118,119,"Debit","Visa","Active","Apollo Pharmacy","Healthcare","Chennai","POS",28103.40,"Success"
73,"2023-01-30 06:15:20",157,"Meena Mishra",100100000156,157,"Debit","RuPay","Active","IRCTC","Travel","Chennai","Contactless",30319.31,"Success"
74,"2024-12-30 08:03:01",115,"Nidhi Agarwal",100100000233,234,"Credit","Visa","Active","BookMyShow","Entertainment","Gurugram","POS",15822.59,"Success"
75,"2025-10-27 19:01:02",42,"Pooja Gupta",100100000267,268,"Credit","Visa","Active","Big Bazaar","Grocery","Kolkata","Contactless",19264.71,"Success"
76,"2023-09-07 17:10:38",32,"Ankit Reddy",100100000031,32,"Debit","Visa","Active","Croma","Electronics","Bengaluru","Contactless",20854.29,"Success"
77,"2023-09-27 09:46:20",86,"Komal Verma",100100000276,277,"Credit","Visa","Active","Amazon India","Shopping","Ahmedabad","Contactless",44846.98,"Success"
78,"2023-08-12 12:58:20",33,"Deepak Jain",100100000032,33,"Debit","RuPay","Active","Reliance Fresh","Grocery","Chennai","Online",46742.01,"Success"
79,"2025-07-05 00:09:31",78,"Sneha Verma",100100000216,217,"Debit","Visa","Lost","IRCTC","Travel","Chennai","Online",25729.62,"Failed"
80,"2022-11-26 10:33:31",178,"Arjun Kumar",100100000177,178,"Debit","Visa","Active","SBI ATM","ATM","Chennai","ATM",38180.24,"Success"
81,"2025-05-31 15:18:47",99,"Komal Jain",100100000098,99,"Debit","RuPay","Active","Starbucks","Cafe","Delhi","Contactless",21823.82,"Success"
82,"2024-04-18 17:13:21",29,"Mohit Yadav",100100000028,29,"Debit","Visa","Active","IRCTC","Travel","Chennai","POS",39485.27,"Success"
83,"2023-09-23 18:02:42",161,"Riya Singh",100100000253,254,"Credit","MasterCard","Active","Lifestyle","Fashion","Jaipur","Contactless",34605.34,"Success"
84,"2024-03-01 16:01:52",83,"Nitin Verma",100100000082,83,"Debit","RuPay","Active","Big Bazaar","Grocery","Delhi","Online",34427.43,"Success"
85,"2024-07-16 10:30:58",143,"Rohit Mishra",100100000277,278,"Credit","Visa","Active","Big Bazaar","Grocery","Jaipur","Contactless",11087.63,"Success"
86,"2022-09-17 03:58:28",100,"Pooja Mishra",100100000099,100,"Debit","Visa","Active","Big Bazaar","Grocery","Gurugram","Online",12708.78,"Failed"
87,"2023-11-26 10:36:41",38,"Neha Patel",100100000037,38,"Debit","RuPay","Active","Starbucks","Cafe","Pune","POS",30788.96,"Success"
88,"2024-04-05 13:54:33",99,"Komal Jain",100100000098,99,"Debit","RuPay","Active","Indian Oil","Fuel","Noida","Contactless",5537.05,"Success"
89,"2023-10-24 08:12:41",54,"Meena Singh",100100000269,270,"Credit","MasterCard","Active","Reliance Fresh","Grocery","Hyderabad","Online",14076.99,"Success"
90,"2026-04-18 10:50:11",134,"Nitin Sharma",100100000200,201,"Debit","RuPay","Active","Reliance Digital","Electronics","Hyderabad","Contactless",13128.56,"Success"
91,"2023-07-23 22:55:15",77,"Anjali Mishra",100100000278,279,"Credit","MasterCard","Active","Dominos","Food","Jaipur","POS",7242.45,"Success"
92,"2023-11-28 11:50:00",115,"Nidhi Agarwal",100100000114,115,"Debit","RuPay","Lost","HP Petrol Pump","Fuel","Hyderabad","Contactless",35175.27,"Success"
93,"2025-06-03 19:44:04",181,"Arjun Singh",100100000180,181,"Debit","RuPay","Active","Croma","Electronics","Noida","Online",33915.75,"Success"
94,"2023-08-04 18:21:02",111,"Shreya Singh",100100000110,111,"Debit","Visa","Active","Zomato","Food","Delhi","POS",926.55,"Success"
95,"2022-10-20 02:03:12",113,"Manish Yadav",100100000238,239,"Credit","MasterCard","Active","Amazon India","Shopping","Ahmedabad","Online",25964.86,"Success"
96,"2024-11-04 22:42:02",51,"Rohit Yadav",100100000050,51,"Debit","RuPay","Active","HP Petrol Pump","Fuel","Jaipur","Contactless",3349.39,"Failed"
97,"2026-02-20 07:33:05",77,"Anjali Mishra",100100000243,244,"Credit","Visa","Active","DMart","Grocery","Kolkata","POS",736.91,"Failed"
98,"2023-12-28 07:24:52",134,"Nitin Sharma",100100000133,134,"Debit","Visa","Active","PVR Cinemas","Entertainment","Delhi","POS",36690.57,"Success"
99,"2026-03-16 06:38:39",115,"Nidhi Agarwal",100100000114,115,"Debit","RuPay","Lost","Myntra","Fashion","Jaipur","Online",27480.39,"Success"
100,"2022-06-21 02:12:36",23,"Asha Agarwal",100100000022,23,"Debit","Visa","Blocked","SBI ATM","ATM","Hyderabad","ATM",49483.81,"Success"
101,"2023-01-13 10:24:36",50,"Suresh Chauhan",100100000251,252,"Credit","MasterCard","Active","Amazon India","Shopping","Bengaluru","POS",29994.66,"Success"
102,"2025-03-16 22:21:21",167,"Mohit Jain",100100000166,167,"Debit","RuPay","Active","Big Bazaar","Grocery","Chennai","Online",30804.60,"Failed"
103,"2023-09-27 12:03:17",17,"Komal Patel",100100000016,17,"Debit","Visa","Active","Reliance Fresh","Grocery","Ahmedabad","Online",20190.37,"Success"
104,"2024-10-12 17:55:35",47,"Priya Sharma",100100000259,260,"Credit","MasterCard","Expired","Indian Oil","Fuel","Jaipur","POS",24532.70,"Success"
105,"2025-07-09 12:14:35",161,"Riya Singh",100100000160,161,"Debit","Visa","Active","Amazon India","Shopping","Bengaluru","POS",25468.66,"Success"
106,"2023-11-03 18:57:49",167,"Mohit Jain",100100000230,231,"Credit","Visa","Blocked","DMart","Grocery","Noida","POS",18893.40,"Success"
107,"2022-02-28 04:26:02",189,"Rajesh Pandey",100100000188,189,"Debit","RuPay","Lost","Croma","Electronics","Gurugram","Online",2283.65,"Success"
108,"2025-03-18 13:00:45",3,"Amit Kumar",100100000002,3,"Debit","RuPay","Active","Flipkart","Shopping","Lucknow","POS",11998.45,"Failed"
109,"2024-03-03 11:39:24",61,"Sakshi Pandey",100100000224,225,"Credit","MasterCard","Active","Swiggy","Food","Ahmedabad","POS",23213.23,"Success"
110,"2024-11-16 22:06:15",73,"Karan Yadav",100100000072,73,"Debit","Visa","Active","Dominos","Food","Noida","Contactless",8437.34,"Success"
111,"2022-05-15 08:34:23",152,"Mohit Mishra",100100000151,152,"Debit","Visa","Active","Amazon India","Shopping","Hyderabad","Online",38599.70,"Success"
112,"2024-06-16 14:48:22",51,"Rohit Yadav",100100000262,263,"Credit","MasterCard","Active","DMart","Grocery","Pune","POS",2127.55,"Success"
113,"2025-12-29 05:02:33",85,"Kavita Nair",100100000084,85,"Debit","Visa","Active","Dominos","Food","Gurugram","POS",19351.59,"Success"
114,"2022-07-28 03:03:46",24,"Riya Patel",100100000023,24,"Debit","Visa","Active","Dominos","Food","Delhi","Contactless",35939.14,"Success"
115,"2025-09-02 01:48:48",86,"Komal Verma",100100000276,277,"Credit","Visa","Active","SBI ATM","ATM","Lucknow","ATM",9502.32,"Success"
116,"2023-08-25 10:42:16",107,"Nitin Chauhan",100100000209,210,"Debit","Visa","Active","Flipkart","Shopping","Jaipur","POS",31710.34,"Success"
117,"2022-11-28 15:31:04",150,"Ankit Verma",100100000149,150,"Debit","RuPay","Blocked","Starbucks","Cafe","Hyderabad","Contactless",36388.69,"Success"
118,"2022-04-15 03:49:20",75,"Neha Chauhan",100100000074,75,"Debit","RuPay","Active","PVR Cinemas","Entertainment","Ahmedabad","Contactless",48529.61,"Success"
119,"2026-03-24 09:12:44",163,"Anjali Gupta",100100000212,213,"Debit","Visa","Active","Starbucks","Cafe","Kolkata","Contactless",48133.15,"Success"
120,"2024-08-04 19:38:28",149,"Anjali Mishra",100100000148,149,"Debit","RuPay","Active","Apollo Pharmacy","Healthcare","Lucknow","Contactless",29520.56,"Success"
121,"2026-02-07 10:09:43",7,"Neha Gupta",100100000006,7,"Debit","Visa","Active","Myntra","Fashion","Ahmedabad","Contactless",37122.31,"Success"
122,"2022-08-24 14:48:26",28,"Nitin Reddy",100100000027,28,"Debit","Visa","Active","BookMyShow","Entertainment","Noida","Online",29620.06,"Success"
123,"2026-05-04 04:25:27",187,"Karan Chauhan",100100000186,187,"Debit","RuPay","Active","Big Bazaar","Grocery","Kolkata","Contactless",19508.33,"Success"
124,"2025-09-02 09:13:12",163,"Anjali Gupta",100100000162,163,"Debit","Visa","Active","Starbucks","Cafe","Noida","Online",16462.92,"Success"
125,"2023-07-29 04:08:25",170,"Manish Verma",100100000271,272,"Credit","Visa","Active","Amazon India","Shopping","Ahmedabad","Online",638.53,"Success"
126,"2024-05-17 09:44:51",33,"Deepak Jain",100100000210,211,"Debit","RuPay","Active","Starbucks","Cafe","Pune","POS",19127.04,"Success"
127,"2025-07-19 10:53:57",16,"Amit Verma",100100000015,16,"Debit","RuPay","Active","IRCTC","Travel","Lucknow","POS",11220.23,"Success"
128,"2023-08-07 06:35:50",189,"Rajesh Pandey",100100000188,189,"Debit","RuPay","Lost","DMart","Grocery","Gurugram","Online",8423.47,"Success"
129,"2022-04-08 18:00:42",70,"Asha Reddy",100100000069,70,"Debit","Visa","Active","Reliance Digital","Electronics","Pune","POS",26136.68,"Success"
130,"2023-10-05 14:04:54",191,"Asha Sharma",100100000265,266,"Credit","Visa","Active","Big Bazaar","Grocery","Hyderabad","POS",11202.94,"Success"
131,"2025-08-29 05:14:54",86,"Komal Verma",100100000276,277,"Credit","Visa","Active","Croma","Electronics","Ahmedabad","Contactless",419.89,"Success"
132,"2024-11-06 09:25:19",108,"Sakshi Chauhan",100100000107,108,"Debit","RuPay","Active","Amazon India","Shopping","Gurugram","Contactless",29547.59,"Success"
133,"2022-04-02 20:31:07",200,"Harsh Mishra",100100000199,200,"Debit","RuPay","Active","Dominos","Food","Pune","POS",37648.86,"Success"
134,"2022-12-18 23:15:40",54,"Meena Singh",100100000269,270,"Credit","MasterCard","Active","Myntra","Fashion","Hyderabad","Online",15823.03,"Success"
135,"2024-03-20 22:23:11",128,"Riya Mishra",100100000127,128,"Debit","RuPay","Active","Flipkart","Shopping","Chennai","Contactless",5054.04,"Success"
136,"2026-07-01 08:43:02",78,"Sneha Verma",100100000077,78,"Debit","RuPay","Lost","Dominos","Food","Mumbai","Online",28203.07,"Success"
137,"2022-10-25 00:36:51",6,"Meena Singh",100100000005,6,"Debit","Visa","Expired","Big Bazaar","Grocery","Chennai","Online",34996.10,"Success"
138,"2025-05-01 01:45:59",24,"Riya Patel",100100000023,24,"Debit","Visa","Active","Reliance Digital","Electronics","Pune","Online",35887.22,"Success"
139,"2025-03-02 02:21:16",120,"Nidhi Agarwal",100100000119,120,"Debit","RuPay","Active","Reliance Digital","Electronics","Bengaluru","Online",14077.70,"Success"
140,"2025-11-12 05:34:36",116,"Riya Sinha",100100000201,202,"Debit","RuPay","Expired","IRCTC","Travel","Delhi","Online",16783.07,"Success"
141,"2023-06-08 17:42:48",124,"Asha Sinha",100100000123,124,"Debit","RuPay","Active","Big Bazaar","Grocery","Gurugram","Contactless",24003.04,"Success"
142,"2022-05-13 22:46:11",195,"Amit Agarwal",100100000279,280,"Credit","Visa","Active","Reliance Digital","Electronics","Bengaluru","POS",35285.00,"Success"
143,"2024-02-24 20:00:29",103,"Vikas Nair",100100000102,103,"Debit","Visa","Active","Swiggy","Food","Hyderabad","POS",9672.75,"Success"
144,"2023-01-17 09:58:31",111,"Shreya Singh",100100000204,205,"Debit","RuPay","Active","PVR Cinemas","Entertainment","Noida","Online",33039.60,"Success"
145,"2024-04-05 10:04:56",113,"Manish Yadav",100100000238,239,"Credit","MasterCard","Active","Zomato","Food","Ahmedabad","POS",2845.32,"Success"
146,"2022-12-24 12:25:32",161,"Riya Singh",100100000253,254,"Credit","MasterCard","Active","Lifestyle","Fashion","Kolkata","Contactless",13934.57,"Success"
147,"2024-05-22 01:42:31",66,"Harsh Sinha",100100000065,66,"Debit","Visa","Active","SBI ATM","ATM","Jaipur","ATM",42848.46,"Success"
148,"2023-01-25 10:07:15",185,"Rahul Kumar",100100000207,208,"Debit","RuPay","Active","Apollo Pharmacy","Healthcare","Delhi","Online",20731.48,"Success"
149,"2022-01-12 20:40:28",188,"Nitin Jain",100100000266,267,"Credit","MasterCard","Active","IRCTC","Travel","Lucknow","Contactless",29926.17,"Success"
150,"2023-11-20 08:18:07",64,"Riya Singh",100100000063,64,"Debit","RuPay","Active","Zomato","Food","Gurugram","Contactless",45286.13,"Success"
151,"2026-03-07 12:06:10",86,"Komal Verma",100100000085,86,"Debit","Visa","Active","Dominos","Food","Mumbai","Online",39923.99,"Success"
152,"2022-02-19 05:46:12",191,"Asha Sharma",100100000190,191,"Debit","RuPay","Active","Apollo Pharmacy","Healthcare","Chennai","POS",35240.35,"Success"
153,"2024-09-24 14:50:49",178,"Arjun Kumar",100100000208,209,"Debit","RuPay","Active","Big Bazaar","Grocery","Ahmedabad","Online",23843.25,"Success"
154,"2023-09-30 15:24:45",187,"Karan Chauhan",100100000186,187,"Debit","RuPay","Active","Starbucks","Cafe","Bengaluru","POS",49069.69,"Success"
155,"2024-03-16 14:29:03",152,"Mohit Mishra",100100000151,152,"Debit","Visa","Active","SBI ATM","ATM","Lucknow","ATM",34602.59,"Success"
156,"2024-08-10 04:41:42",192,"Deepak Reddy",100100000191,192,"Debit","Visa","Active","Croma","Electronics","Jaipur","Contactless",48663.14,"Success"
157,"2022-09-01 10:28:55",116,"Riya Sinha",100100000115,116,"Debit","RuPay","Active","Amazon India","Shopping","Lucknow","POS",31922.51,"Success"
158,"2025-03-05 02:59:28",90,"Sakshi Jain",100100000089,90,"Debit","Visa","Active","Apollo Pharmacy","Healthcare","Pune","Contactless",35868.97,"Success"
159,"2023-05-18 14:19:35",33,"Deepak Jain",100100000032,33,"Debit","RuPay","Active","Starbucks","Cafe","Pune","Contactless",36936.84,"Success"
160,"2022-08-20 04:53:53",136,"Priya Sharma",100100000135,136,"Debit","RuPay","Active","Apollo Pharmacy","Healthcare","Jaipur","Online",35920.51,"Success"
161,"2022-12-12 23:28:23",51,"Rohit Yadav",100100000050,51,"Debit","RuPay","Active","Starbucks","Cafe","Jaipur","Contactless",35308.10,"Success"
162,"2024-07-25 11:24:28",136,"Priya Sharma",100100000135,136,"Debit","RuPay","Active","DMart","Grocery","Hyderabad","Contactless",37693.99,"Success"
163,"2026-04-30 16:51:53",146,"Manish Agarwal",100100000231,232,"Credit","MasterCard","Active","HP Petrol Pump","Fuel","Noida","Online",4986.88,"Success"
164,"2026-07-02 01:58:59",109,"Kavita Jain",100100000108,109,"Debit","Visa","Active","IRCTC","Travel","Mumbai","Contactless",40854.84,"Success"
165,"2023-03-29 08:21:41",189,"Rajesh Pandey",100100000254,255,"Credit","MasterCard","Active","Flipkart","Shopping","Gurugram","POS",9949.83,"Success"
166,"2025-07-05 19:20:50",113,"Manish Yadav",100100000112,113,"Debit","Visa","Active","IRCTC","Travel","Lucknow","Contactless",2318.15,"Success"
167,"2024-11-26 14:28:06",152,"Mohit Mishra",100100000151,152,"Debit","Visa","Active","Big Bazaar","Grocery","Mumbai","Online",14407.20,"Success"
168,"2025-12-24 07:43:32",128,"Riya Mishra",100100000127,128,"Debit","RuPay","Active","Lifestyle","Fashion","Delhi","Online",5492.83,"Success"
169,"2024-11-05 08:07:29",187,"Karan Chauhan",100100000186,187,"Debit","RuPay","Active","IRCTC","Travel","Bengaluru","POS",46965.97,"Success"
170,"2025-01-17 21:16:38",186,"Neha Gupta",100100000185,186,"Debit","Visa","Active","Flipkart","Shopping","Pune","Contactless",11317.94,"Success"
171,"2024-07-23 07:46:18",13,"Nitin Yadav",100100000012,13,"Debit","RuPay","Active","Dominos","Food","Bengaluru","Contactless",4048.91,"Failed"
172,"2026-05-31 21:45:55",48,"Divya Yadav",100100000047,48,"Debit","RuPay","Active","Indian Oil","Fuel","Pune","POS",23578.83,"Success"
173,"2023-10-13 18:22:14",17,"Komal Patel",100100000275,276,"Credit","MasterCard","Active","PVR Cinemas","Entertainment","Kolkata","Contactless",11676.32,"Success"
174,"2023-10-23 08:52:53",117,"Priya Patel",100100000215,216,"Debit","Visa","Active","Reliance Digital","Electronics","Lucknow","POS",35790.97,"Success"
175,"2024-11-28 22:34:21",177,"Riya Verma",100100000176,177,"Debit","RuPay","Blocked","SBI ATM","ATM","Hyderabad","ATM",39540.98,"Success"
176,"2023-09-21 13:07:34",75,"Neha Chauhan",100100000074,75,"Debit","RuPay","Active","Croma","Electronics","Ahmedabad","Online",15307.43,"Success"
177,"2025-04-07 06:29:44",42,"Pooja Gupta",100100000211,212,"Debit","RuPay","Active","DMart","Grocery","Pune","Contactless",49996.20,"Success"
178,"2026-03-12 11:08:34",193,"Vikas Verma",100100000192,193,"Debit","RuPay","Active","Indian Oil","Fuel","Kolkata","POS",34505.77,"Success"
179,"2025-11-22 17:45:27",176,"Rohit Sharma",100100000213,214,"Debit","Visa","Active","SBI ATM","ATM","Mumbai","ATM",11987.51,"Success"
180,"2025-08-03 15:35:44",196,"Manish Chauhan",100100000195,196,"Debit","Visa","Active","Lifestyle","Fashion","Gurugram","POS",11984.93,"Success"
181,"2025-02-14 19:53:16",69,"Ritu Pandey",100100000245,246,"Credit","MasterCard","Active","PVR Cinemas","Entertainment","Mumbai","Contactless",48587.08,"Success"
182,"2022-04-07 13:05:00",78,"Sneha Verma",100100000216,217,"Debit","Visa","Lost","Flipkart","Shopping","Gurugram","Contactless",19699.59,"Success"
183,"2025-08-05 22:09:50",25,"Riya Reddy",100100000024,25,"Debit","RuPay","Active","Big Bazaar","Grocery","Gurugram","Contactless",33977.56,"Success"
184,"2026-01-08 22:56:11",114,"Harsh Reddy",100100000205,206,"Debit","RuPay","Active","Apollo Pharmacy","Healthcare","Kolkata","Online",22486.23,"Success"
185,"2023-09-22 20:44:48",163,"Anjali Gupta",100100000212,213,"Debit","Visa","Active","Croma","Electronics","Mumbai","Contactless",42259.79,"Success"
186,"2023-08-13 05:11:13",137,"Priya Pandey",100100000136,137,"Debit","Visa","Active","Lifestyle","Fashion","Delhi","Online",6733.76,"Success"
187,"2023-12-04 10:54:19",9,"Rohit Chauhan",100100000008,9,"Debit","RuPay","Active","Starbucks","Cafe","Kolkata","Contactless",21739.35,"Success"
188,"2024-05-14 19:13:23",121,"Manish Agarwal",100100000120,121,"Debit","Visa","Active","DMart","Grocery","Chennai","POS",42793.22,"Success"
189,"2026-06-11 23:56:16",7,"Neha Gupta",100100000006,7,"Debit","Visa","Active","PVR Cinemas","Entertainment","Noida","Online",27064.34,"Success"
190,"2025-01-26 09:15:20",198,"Suresh Singh",100100000197,198,"Debit","RuPay","Active","Lifestyle","Fashion","Mumbai","Contactless",20015.22,"Success"
191,"2025-03-24 11:44:40",115,"Nidhi Agarwal",100100000233,234,"Credit","Visa","Active","DMart","Grocery","Delhi","Online",38035.32,"Success"
192,"2022-01-04 10:20:14",80,"Arjun Patel",100100000079,80,"Debit","Visa","Active","BookMyShow","Entertainment","Pune","POS",27822.14,"Success"
193,"2023-10-17 16:30:42",106,"Arjun Nair",100100000232,233,"Credit","MasterCard","Expired","Reliance Fresh","Grocery","Bengaluru","Online",14753.62,"Success"
194,"2023-09-11 06:54:15",178,"Arjun Kumar",100100000208,209,"Debit","RuPay","Active","Indian Oil","Fuel","Noida","Contactless",18186.85,"Success"
195,"2026-05-18 07:49:46",60,"Rahul Sinha",100100000059,60,"Debit","Visa","Active","Flipkart","Shopping","Chennai","Online",48782.10,"Success"
196,"2022-06-03 19:14:47",82,"Meena Gupta",100100000202,203,"Debit","Visa","Active","HP Petrol Pump","Fuel","Ahmedabad","Online",46034.71,"Success"
197,"2025-04-14 11:30:00",158,"Suresh Verma",100100000157,158,"Debit","Visa","Active","Flipkart","Shopping","Pune","Online",9547.72,"Success"
198,"2024-11-02 01:48:45",141,"Rohit Patel",100100000140,141,"Debit","Visa","Active","IRCTC","Travel","Pune","Online",21398.03,"Success"
199,"2022-04-01 18:16:51",113,"Manish Yadav",100100000112,113,"Debit","Visa","Active","Amazon India","Shopping","Delhi","Online",18020.85,"Success"
200,"2025-05-05 15:10:14",61,"Sakshi Pandey",100100000060,61,"Debit","Visa","Active","Amazon India","Shopping","Mumbai","POS",14402.18,"Failed"
201,"2023-06-02 03:02:52",111,"Shreya Singh",100100000110,111,"Debit","Visa","Active","BookMyShow","Entertainment","Gurugram","Online",19364.66,"Success"
202,"2024-01-19 12:08:23",197,"Rajesh Yadav",100100000223,224,"Credit","MasterCard","Active","Reliance Digital","Electronics","Hyderabad","Online",12663.17,"Success"
203,"2022-11-19 18:55:13",182,"Komal Gupta",100100000181,182,"Debit","RuPay","Active","Big Bazaar","Grocery","Bengaluru","Contactless",8479.54,"Success"
204,"2022-01-25 12:52:16",86,"Komal Verma",100100000276,277,"Credit","Visa","Active","Myntra","Fashion","Lucknow","Online",2451.00,"Success"
205,"2023-11-02 13:17:58",145,"Nidhi Nair",100100000144,145,"Debit","Visa","Active","Zomato","Food","Mumbai","Online",15113.20,"Success"
206,"2024-03-18 21:13:12",192,"Deepak Reddy",100100000191,192,"Debit","Visa","Active","Lifestyle","Fashion","Chennai","Online",8365.03,"Success"
207,"2024-11-15 06:48:27",26,"Rahul Patel",100100000025,26,"Debit","RuPay","Lost","Reliance Fresh","Grocery","Ahmedabad","Online",37794.35,"Success"
208,"2023-07-15 18:52:24",30,"Vikas Gupta",100100000029,30,"Debit","Visa","Active","BookMyShow","Entertainment","Hyderabad","POS",1253.90,"Success"
209,"2024-12-24 14:09:35",176,"Rohit Sharma",100100000175,176,"Debit","RuPay","Active","Flipkart","Shopping","Lucknow","Contactless",2826.94,"Success"
210,"2025-12-02 04:26:44",49,"Amit Sinha",100100000048,49,"Debit","Visa","Blocked","Flipkart","Shopping","Jaipur","Online",49106.36,"Success"
211,"2023-06-21 16:43:15",17,"Komal Patel",100100000275,276,"Credit","MasterCard","Active","PVR Cinemas","Entertainment","Hyderabad","Online",5860.51,"Success"
212,"2024-02-16 15:07:17",192,"Deepak Reddy",100100000228,229,"Credit","Visa","Active","HP Petrol Pump","Fuel","Kolkata","POS",48375.72,"Success"
213,"2025-11-12 05:38:23",54,"Meena Singh",100100000269,270,"Credit","MasterCard","Active","Zomato","Food","Jaipur","Online",17708.84,"Success"
214,"2023-10-20 06:49:59",140,"Arjun Sinha",100100000139,140,"Debit","Visa","Active","Croma","Electronics","Delhi","Contactless",43690.12,"Success"
215,"2023-03-18 08:08:33",89,"Rahul Kumar",100100000088,89,"Debit","RuPay","Active","BookMyShow","Entertainment","Chennai","Online",48909.84,"Success"
216,"2023-01-02 14:38:30",51,"Rohit Yadav",100100000206,207,"Debit","RuPay","Active","DMart","Grocery","Pune","Contactless",36974.81,"Success"
217,"2022-11-22 19:55:12",47,"Priya Sharma",100100000259,260,"Credit","MasterCard","Expired","Flipkart","Shopping","Gurugram","Contactless",25188.55,"Success"
218,"2025-03-19 21:29:27",35,"Ankit Gupta",100100000034,35,"Debit","Visa","Active","PVR Cinemas","Entertainment","Bengaluru","Online",39718.67,"Success"
219,"2025-03-19 15:02:27",197,"Rajesh Yadav",100100000223,224,"Credit","MasterCard","Active","Flipkart","Shopping","Pune","Contactless",14487.89,"Success"
220,"2025-10-14 16:30:38",150,"Ankit Verma",100100000149,150,"Debit","RuPay","Blocked","SBI ATM","ATM","Lucknow","ATM",24935.56,"Success"
221,"2022-04-18 04:40:36",72,"Anjali Singh",100100000217,218,"Debit","Visa","Active","Amazon India","Shopping","Chennai","Online",48023.51,"Success"
222,"2022-12-12 03:06:18",20,"Karan Sinha",100100000019,20,"Debit","Visa","Blocked","Zomato","Food","Mumbai","POS",10245.81,"Success"
223,"2026-02-16 00:59:58",20,"Karan Sinha",100100000019,20,"Debit","Visa","Blocked","Amazon India","Shopping","Hyderabad","POS",48569.58,"Success"
224,"2023-04-26 14:20:36",61,"Sakshi Pandey",100100000060,61,"Debit","Visa","Active","Flipkart","Shopping","Delhi","Contactless",9724.37,"Success"
225,"2024-11-15 09:30:24",191,"Asha Sharma",100100000265,266,"Credit","Visa","Active","Big Bazaar","Grocery","Gurugram","Online",19414.80,"Success"
226,"2023-12-11 06:27:00",178,"Arjun Kumar",100100000177,178,"Debit","Visa","Active","PVR Cinemas","Entertainment","Ahmedabad","POS",40140.86,"Success"
227,"2024-01-17 06:24:06",54,"Meena Singh",100100000053,54,"Debit","RuPay","Active","SBI ATM","ATM","Mumbai","ATM",33842.24,"Success"
228,"2026-01-22 18:28:50",168,"Meena Gupta",100100000167,168,"Debit","Visa","Active","Indian Oil","Fuel","Gurugram","Online",11093.17,"Success"
229,"2022-07-06 15:05:12",51,"Rohit Yadav",100100000050,51,"Debit","RuPay","Active","Lifestyle","Fashion","Hyderabad","Online",16929.23,"Success"
230,"2026-04-09 03:17:10",178,"Arjun Kumar",100100000227,228,"Credit","Visa","Active","DMart","Grocery","Mumbai","POS",48126.05,"Failed"
231,"2026-05-06 18:57:26",194,"Harsh Agarwal",100100000257,258,"Credit","Visa","Active","Indian Oil","Fuel","Hyderabad","POS",12219.26,"Success"
232,"2026-05-23 00:12:31",22,"Asha Pandey",100100000021,22,"Debit","RuPay","Active","Big Bazaar","Grocery","Kolkata","Contactless",19265.65,"Success"
233,"2022-11-06 12:59:21",22,"Asha Pandey",100100000021,22,"Debit","RuPay","Active","Croma","Electronics","Pune","Contactless",49530.81,"Success"
234,"2024-08-22 15:38:48",170,"Manish Verma",100100000271,272,"Credit","Visa","Active","DMart","Grocery","Noida","Contactless",47120.94,"Success"
235,"2025-05-25 20:44:14",125,"Vivek Kumar",100100000124,125,"Debit","RuPay","Active","IRCTC","Travel","Chennai","POS",23035.30,"Success"
236,"2023-10-05 09:19:09",107,"Nitin Chauhan",100100000106,107,"Debit","RuPay","Active","HP Petrol Pump","Fuel","Mumbai","Contactless",20755.99,"Success"
237,"2024-05-20 15:58:27",99,"Komal Jain",100100000098,99,"Debit","RuPay","Active","Zomato","Food","Gurugram","POS",1724.23,"Success"
238,"2025-03-25 19:31:44",169,"Rahul Pandey",100100000168,169,"Debit","RuPay","Active","Croma","Electronics","Kolkata","Contactless",49719.44,"Success"
239,"2026-03-03 07:17:44",146,"Manish Agarwal",100100000231,232,"Credit","MasterCard","Active","Apollo Pharmacy","Healthcare","Jaipur","Online",21125.62,"Success"
240,"2022-01-29 01:14:07",10,"Divya Patel",100100000009,10,"Debit","RuPay","Active","Myntra","Fashion","Chennai","Online",36655.57,"Success"
241,"2022-12-10 07:31:33",171,"Vikas Patel",100100000170,171,"Debit","RuPay","Active","Reliance Fresh","Grocery","Jaipur","Online",13679.66,"Success"
242,"2023-09-09 04:08:47",195,"Amit Agarwal",100100000194,195,"Debit","RuPay","Blocked","Reliance Fresh","Grocery","Jaipur","Contactless",47966.00,"Success"
243,"2022-07-03 15:01:11",25,"Riya Reddy",100100000024,25,"Debit","RuPay","Active","Reliance Fresh","Grocery","Chennai","Contactless",33738.28,"Success"
244,"2022-03-14 21:10:45",82,"Meena Gupta",100100000081,82,"Debit","RuPay","Active","PVR Cinemas","Entertainment","Pune","Online",14829.35,"Success"
245,"2022-12-29 02:18:40",92,"Ritu Chauhan",100100000249,250,"Credit","MasterCard","Active","Dominos","Food","Jaipur","POS",4388.00,"Success"
246,"2023-04-08 09:21:33",190,"Divya Kumar",100100000189,190,"Debit","Visa","Active","DMart","Grocery","Jaipur","Online",32826.65,"Success"
247,"2023-10-22 00:29:18",89,"Rahul Kumar",100100000088,89,"Debit","RuPay","Active","Amazon India","Shopping","Noida","Online",36617.71,"Success"
248,"2022-05-22 16:36:24",98,"Suresh Sharma",100100000097,98,"Debit","RuPay","Active","Dominos","Food","Kolkata","Contactless",24630.23,"Failed"
249,"2022-02-27 10:52:33",89,"Rahul Kumar",100100000088,89,"Debit","RuPay","Active","Zomato","Food","Gurugram","Online",39220.40,"Success"
250,"2022-11-03 19:57:23",173,"Shreya Reddy",100100000172,173,"Debit","Visa","Lost","Indian Oil","Fuel","Noida","POS",31843.63,"Reversed"
251,"2024-04-13 18:19:02",98,"Suresh Sharma",100100000097,98,"Debit","RuPay","Active","Dominos","Food","Mumbai","POS",47509.91,"Success"
252,"2023-04-20 09:39:11",78,"Sneha Verma",100100000077,78,"Debit","RuPay","Lost","Amazon India","Shopping","Delhi","Online",4175.52,"Success"
253,"2022-12-21 19:10:24",200,"Harsh Mishra",100100000199,200,"Debit","RuPay","Active","Indian Oil","Fuel","Noida","POS",35574.50,"Success"
254,"2024-09-17 06:47:03",88,"Arjun Kumar",100100000273,274,"Credit","MasterCard","Active","SBI ATM","ATM","Lucknow","ATM",10298.92,"Success"
255,"2023-07-26 06:52:33",161,"Riya Singh",100100000253,254,"Credit","MasterCard","Active","DMart","Grocery","Noida","Online",25471.05,"Success"
256,"2024-12-18 20:59:23",117,"Priya Patel",100100000116,117,"Debit","RuPay","Active","PVR Cinemas","Entertainment","Pune","POS",5917.04,"Success"
257,"2026-01-19 14:32:37",174,"Meena Verma",100100000173,174,"Debit","RuPay","Active","Dominos","Food","Kolkata","POS",3589.74,"Success"
258,"2025-11-21 07:14:56",194,"Harsh Agarwal",100100000193,194,"Debit","RuPay","Active","Lifestyle","Fashion","Mumbai","Contactless",11567.15,"Success"
259,"2024-12-04 20:17:57",102,"Asha Sinha",100100000268,269,"Credit","Visa","Active","IRCTC","Travel","Noida","Online",5887.04,"Success"
260,"2022-11-15 22:54:00",150,"Ankit Verma",100100000149,150,"Debit","RuPay","Blocked","Croma","Electronics","Jaipur","POS",22175.71,"Success"
261,"2025-02-25 12:39:01",178,"Arjun Kumar",100100000227,228,"Credit","Visa","Active","Croma","Electronics","Kolkata","Contactless",45342.13,"Success"
262,"2024-10-24 00:08:36",198,"Suresh Singh",100100000197,198,"Debit","RuPay","Active","Dominos","Food","Ahmedabad","Contactless",30773.15,"Success"
263,"2025-01-29 21:30:50",11,"Komal Pandey",100100000010,11,"Debit","Visa","Active","Reliance Fresh","Grocery","Delhi","Contactless",13645.85,"Success"
264,"2026-05-13 10:43:48",178,"Arjun Kumar",100100000227,228,"Credit","Visa","Active","Croma","Electronics","Lucknow","POS",45387.60,"Success"
265,"2024-11-13 01:27:06",55,"Vikas Kumar",100100000261,262,"Credit","Visa","Active","Reliance Fresh","Grocery","Chennai","POS",15571.06,"Success"
266,"2024-09-14 20:51:03",94,"Shreya Mishra",100100000274,275,"Credit","MasterCard","Active","Lifestyle","Fashion","Mumbai","Contactless",30646.46,"Success"
267,"2024-10-06 10:02:55",29,"Mohit Yadav",100100000028,29,"Debit","Visa","Active","HP Petrol Pump","Fuel","Jaipur","Contactless",45405.07,"Success"
268,"2024-03-24 11:33:49",109,"Kavita Jain",100100000108,109,"Debit","Visa","Active","Amazon India","Shopping","Ahmedabad","Contactless",47839.60,"Success"
269,"2024-04-10 09:21:57",84,"Karan Patel",100100000083,84,"Debit","Visa","Active","Zomato","Food","Noida","POS",15123.46,"Success"
270,"2022-03-30 05:54:08",33,"Deepak Jain",100100000032,33,"Debit","RuPay","Active","Amazon India","Shopping","Lucknow","POS",44330.34,"Success"
271,"2024-02-16 19:41:44",92,"Ritu Chauhan",100100000091,92,"Debit","Visa","Active","SBI ATM","ATM","Jaipur","ATM",2020.41,"Success"
272,"2025-08-21 19:05:34",161,"Riya Singh",100100000253,254,"Credit","MasterCard","Active","BookMyShow","Entertainment","Mumbai","Contactless",2923.81,"Success"
273,"2023-11-18 14:05:35",19,"Vikas Yadav",100100000018,19,"Debit","Visa","Active","Dominos","Food","Chennai","POS",5590.02,"Success"
274,"2024-12-10 21:33:05",92,"Ritu Chauhan",100100000249,250,"Credit","MasterCard","Active","Apollo Pharmacy","Healthcare","Ahmedabad","POS",21757.19,"Success"
275,"2023-01-04 16:22:42",132,"Karan Chauhan",100100000131,132,"Debit","RuPay","Active","BookMyShow","Entertainment","Delhi","Online",36679.17,"Success"
276,"2025-10-24 17:04:08",41,"Vivek Patel",100100000040,41,"Debit","Visa","Active","IRCTC","Travel","Mumbai","Online",22293.53,"Success"
277,"2025-09-13 13:42:21",76,"Harsh Kumar",100100000075,76,"Debit","RuPay","Active","IRCTC","Travel","Delhi","Online",22897.27,"Success"
278,"2024-03-22 10:04:51",134,"Nitin Sharma",100100000200,201,"Debit","RuPay","Active","Zomato","Food","Kolkata","Online",45099.33,"Failed"
279,"2023-12-16 23:56:49",114,"Harsh Reddy",100100000113,114,"Debit","Visa","Active","Flipkart","Shopping","Delhi","Contactless",33164.60,"Success"
280,"2024-10-30 08:43:30",12,"Vivek Mishra",100100000011,12,"Debit","Visa","Active","Lifestyle","Fashion","Hyderabad","Online",13925.59,"Failed"
281,"2024-07-25 19:24:51",146,"Manish Agarwal",100100000145,146,"Debit","RuPay","Lost","SBI ATM","ATM","Lucknow","ATM",26937.34,"Success"
282,"2025-06-14 01:11:14",69,"Ritu Pandey",100100000245,246,"Credit","MasterCard","Active","IRCTC","Travel","Delhi","POS",3675.14,"Success"
283,"2022-04-01 09:07:23",159,"Kavita Singh",100100000158,159,"Debit","Visa","Active","Reliance Fresh","Grocery","Gurugram","POS",13478.66,"Reversed"
284,"2025-06-22 15:18:59",102,"Asha Sinha",100100000101,102,"Debit","Visa","Active","Apollo Pharmacy","Healthcare","Bengaluru","POS",138.01,"Success"
285,"2025-02-17 08:19:50",102,"Asha Sinha",100100000101,102,"Debit","Visa","Active","Flipkart","Shopping","Kolkata","Contactless",7628.81,"Reversed"
286,"2025-09-26 20:05:15",83,"Nitin Verma",100100000082,83,"Debit","RuPay","Active","Zomato","Food","Pune","Contactless",12819.37,"Success"
287,"2022-03-18 06:34:40",149,"Anjali Mishra",100100000148,149,"Debit","RuPay","Active","Big Bazaar","Grocery","Hyderabad","POS",33936.64,"Success"
288,"2026-05-20 06:03:22",13,"Nitin Yadav",100100000012,13,"Debit","RuPay","Active","Big Bazaar","Grocery","Jaipur","Contactless",10616.62,"Success"
289,"2023-10-17 03:24:03",101,"Rohit Yadav",100100000100,101,"Debit","Visa","Active","HP Petrol Pump","Fuel","Hyderabad","Online",3376.74,"Success"
290,"2025-08-26 00:50:56",1,"Vivek Yadav",100100000000,1,"Debit","Visa","Active","Starbucks","Cafe","Lucknow","Contactless",13211.05,"Success"
291,"2023-05-16 04:22:33",192,"Deepak Reddy",100100000228,229,"Credit","Visa","Active","Starbucks","Cafe","Noida","Online",44126.10,"Success"
292,"2022-11-28 04:07:53",42,"Pooja Gupta",100100000267,268,"Credit","Visa","Active","PVR Cinemas","Entertainment","Ahmedabad","POS",19720.64,"Reversed"
293,"2025-03-13 02:16:22",74,"Rahul Kumar",100100000073,74,"Debit","Visa","Active","Flipkart","Shopping","Delhi","POS",20346.77,"Success"
294,"2024-02-22 11:33:05",149,"Anjali Mishra",100100000270,271,"Credit","MasterCard","Active","Swiggy","Food","Ahmedabad","POS",39592.59,"Reversed"
295,"2023-02-22 06:07:17",49,"Amit Sinha",100100000048,49,"Debit","Visa","Blocked","Dominos","Food","Ahmedabad","Online",42887.10,"Success"
296,"2024-04-18 18:19:37",23,"Asha Agarwal",100100000022,23,"Debit","Visa","Blocked","Starbucks","Cafe","Gurugram","POS",20403.26,"Reversed"
297,"2022-04-11 02:04:55",95,"Rahul Kumar",100100000241,242,"Credit","Visa","Expired","Zomato","Food","Delhi","POS",4756.20,"Failed"
298,"2023-08-23 05:15:31",129,"Priya Gupta",100100000128,129,"Debit","Visa","Active","Amazon India","Shopping","Pune","Contactless",4077.14,"Success"
299,"2024-04-26 06:47:58",60,"Rahul Sinha",100100000059,60,"Debit","Visa","Active","Apollo Pharmacy","Healthcare","Chennai","POS",49428.16,"Success"
300,"2026-05-13 21:14:35",55,"Vikas Kumar",100100000261,262,"Credit","Visa","Active","Swiggy","Food","Chennai","Online",43497.93,"Success"
301,"2024-03-26 23:31:37",149,"Anjali Mishra",100100000148,149,"Debit","RuPay","Active","BookMyShow","Entertainment","Lucknow","Online",31418.53,"Success"
302,"2026-06-27 08:14:17",33,"Deepak Jain",100100000210,211,"Debit","RuPay","Active","Big Bazaar","Grocery","Pune","POS",31531.40,"Success"
303,"2025-08-29 16:16:41",5,"Amit Reddy",100100000004,5,"Debit","Visa","Active","Flipkart","Shopping","Mumbai","POS",32328.50,"Success"
304,"2022-11-25 20:58:52",50,"Suresh Chauhan",100100000251,252,"Credit","MasterCard","Active","DMart","Grocery","Pune","Contactless",14214.09,"Success"
305,"2024-08-25 19:08:21",196,"Manish Chauhan",100100000195,196,"Debit","Visa","Active","Apollo Pharmacy","Healthcare","Jaipur","POS",18194.28,"Success"
306,"2022-08-07 06:26:50",149,"Anjali Mishra",100100000148,149,"Debit","RuPay","Active","Indian Oil","Fuel","Mumbai","Contactless",27822.86,"Success"
307,"2025-05-02 18:48:02",117,"Priya Patel",100100000116,117,"Debit","RuPay","Active","Reliance Fresh","Grocery","Delhi","Online",27630.48,"Success"
308,"2023-11-06 06:38:01",42,"Pooja Gupta",100100000041,42,"Debit","RuPay","Active","Lifestyle","Fashion","Noida","POS",18735.73,"Success"
309,"2025-02-14 07:12:28",142,"Rahul Sinha",100100000141,142,"Debit","Visa","Active","Reliance Digital","Electronics","Ahmedabad","Contactless",15500.06,"Success"
310,"2022-02-10 04:53:03",114,"Harsh Reddy",100100000113,114,"Debit","Visa","Active","Reliance Digital","Electronics","Pune","Contactless",42216.36,"Success"
311,"2026-04-13 10:06:31",125,"Vivek Kumar",100100000124,125,"Debit","RuPay","Active","Myntra","Fashion","Lucknow","POS",48349.47,"Success"
312,"2023-12-21 19:01:51",146,"Manish Agarwal",100100000145,146,"Debit","RuPay","Lost","HP Petrol Pump","Fuel","Jaipur","POS",49358.69,"Success"
313,"2023-09-13 01:03:50",6,"Meena Singh",100100000005,6,"Debit","Visa","Expired","Swiggy","Food","Pune","Online",43234.68,"Success"
314,"2025-08-08 13:12:29",106,"Arjun Nair",100100000105,106,"Debit","RuPay","Active","Reliance Fresh","Grocery","Delhi","POS",1222.83,"Success"
315,"2024-09-21 14:47:08",37,"Neha Pandey",100100000036,37,"Debit","RuPay","Active","IRCTC","Travel","Delhi","Online",36505.46,"Success"
316,"2022-03-30 00:41:03",100,"Pooja Mishra",100100000099,100,"Debit","Visa","Active","IRCTC","Travel","Pune","POS",27161.12,"Success"
317,"2022-07-06 13:17:50",52,"Harsh Mishra",100100000051,52,"Debit","Visa","Active","Lifestyle","Fashion","Chennai","POS",19597.11,"Success"
318,"2023-02-26 04:44:29",48,"Divya Yadav",100100000047,48,"Debit","RuPay","Active","Lifestyle","Fashion","Pune","Online",48279.53,"Success"
319,"2025-04-10 01:54:47",143,"Rohit Mishra",100100000142,143,"Debit","Visa","Active","Zomato","Food","Kolkata","Online",34065.03,"Success"
320,"2022-08-06 04:09:14",180,"Divya Mishra",100100000179,180,"Debit","RuPay","Active","Flipkart","Shopping","Lucknow","Online",30360.06,"Success"
321,"2024-10-10 06:52:20",138,"Sakshi Chauhan",100100000137,138,"Debit","RuPay","Active","Dominos","Food","Noida","POS",34617.03,"Success"
322,"2023-12-31 15:06:21",193,"Vikas Verma",100100000203,204,"Debit","RuPay","Active","Amazon India","Shopping","Gurugram","Contactless",40357.20,"Success"
323,"2023-09-17 17:18:37",97,"Riya Kumar",100100000096,97,"Debit","RuPay","Active","DMart","Grocery","Noida","Contactless",21962.71,"Success"
324,"2026-04-20 07:40:48",29,"Mohit Yadav",100100000028,29,"Debit","Visa","Active","SBI ATM","ATM","Ahmedabad","ATM",9989.10,"Success"
325,"2024-08-26 01:25:48",86,"Komal Verma",100100000276,277,"Credit","Visa","Active","Reliance Fresh","Grocery","Noida","POS",31153.64,"Success"
326,"2023-08-26 20:35:58",49,"Amit Sinha",100100000048,49,"Debit","Visa","Blocked","Amazon India","Shopping","Kolkata","Online",8553.45,"Success"
327,"2023-09-10 06:12:40",196,"Manish Chauhan",100100000195,196,"Debit","Visa","Active","Swiggy","Food","Delhi","Contactless",15450.10,"Success"
328,"2025-11-06 09:42:50",162,"Asha Reddy",100100000161,162,"Debit","RuPay","Active","IRCTC","Travel","Mumbai","Online",27158.69,"Success"
329,"2026-07-06 04:58:01",118,"Sneha Singh",100100000117,118,"Debit","RuPay","Active","IRCTC","Travel","Chennai","POS",49204.71,"Success"
330,"2023-03-11 10:56:24",17,"Komal Patel",100100000016,17,"Debit","Visa","Active","IRCTC","Travel","Chennai","Online",3047.26,"Success"
331,"2022-03-09 22:53:19",89,"Rahul Kumar",100100000088,89,"Debit","RuPay","Active","DMart","Grocery","Bengaluru","Contactless",29430.42,"Failed"
332,"2024-07-09 12:57:05",6,"Meena Singh",100100000005,6,"Debit","Visa","Expired","Zomato","Food","Pune","POS",35375.40,"Success"
333,"2023-11-21 15:26:24",178,"Arjun Kumar",100100000208,209,"Debit","RuPay","Active","Big Bazaar","Grocery","Gurugram","Contactless",7808.90,"Success"
334,"2025-08-20 01:03:56",2,"Neha Gupta",100100000001,2,"Debit","Visa","Active","Starbucks","Cafe","Ahmedabad","Contactless",47345.37,"Success"
335,"2026-02-20 10:41:07",185,"Rahul Kumar",100100000207,208,"Debit","RuPay","Active","DMart","Grocery","Hyderabad","Online",47115.35,"Success"
336,"2025-06-04 17:52:39",18,"Vivek Verma",100100000239,240,"Credit","Visa","Active","Indian Oil","Fuel","Ahmedabad","Contactless",10603.86,"Success"
337,"2023-06-05 07:33:06",146,"Manish Agarwal",100100000231,232,"Credit","MasterCard","Active","Reliance Digital","Electronics","Bengaluru","Contactless",46398.00,"Success"
338,"2022-04-16 10:45:46",33,"Deepak Jain",100100000032,33,"Debit","RuPay","Active","PVR Cinemas","Entertainment","Jaipur","POS",3707.21,"Success"
339,"2025-06-10 14:06:25",192,"Deepak Reddy",100100000228,229,"Credit","Visa","Active","Reliance Digital","Electronics","Delhi","Contactless",30302.46,"Success"
340,"2022-07-02 00:39:21",19,"Vikas Yadav",100100000018,19,"Debit","Visa","Active","HP Petrol Pump","Fuel","Kolkata","Online",13375.72,"Success"
341,"2025-01-16 06:14:37",107,"Nitin Chauhan",100100000106,107,"Debit","RuPay","Active","Starbucks","Cafe","Gurugram","POS",25414.81,"Success"
342,"2024-11-25 04:00:07",63,"Rajesh Kumar",100100000062,63,"Debit","RuPay","Active","Myntra","Fashion","Mumbai","Online",583.00,"Success"
343,"2023-09-20 16:59:15",18,"Vivek Verma",100100000017,18,"Debit","Visa","Lost","Lifestyle","Fashion","Gurugram","Online",22390.85,"Success"
344,"2024-09-28 16:33:55",10,"Divya Patel",100100000009,10,"Debit","RuPay","Active","PVR Cinemas","Entertainment","Hyderabad","Online",33757.63,"Success"
345,"2022-07-22 17:51:19",157,"Meena Mishra",100100000156,157,"Debit","RuPay","Active","Dominos","Food","Hyderabad","Contactless",41595.49,"Success"
346,"2025-04-27 15:31:27",54,"Meena Singh",100100000053,54,"Debit","RuPay","Active","Big Bazaar","Grocery","Noida","Contactless",27455.77,"Success"
347,"2023-04-26 10:47:52",88,"Arjun Kumar",100100000087,88,"Debit","Visa","Lost","SBI ATM","ATM","Pune","ATM",12659.86,"Success"
348,"2025-04-01 17:32:07",116,"Riya Sinha",100100000115,116,"Debit","RuPay","Active","Reliance Digital","Electronics","Ahmedabad","Online",33061.39,"Success"
349,"2023-12-05 06:45:42",102,"Asha Sinha",100100000101,102,"Debit","Visa","Active","Starbucks","Cafe","Bengaluru","POS",18070.62,"Success"
350,"2022-07-18 19:51:27",89,"Rahul Kumar",100100000088,89,"Debit","RuPay","Active","PVR Cinemas","Entertainment","Ahmedabad","POS",33360.88,"Success"
351,"2022-07-20 18:16:52",166,"Riya Singh",100100000165,166,"Debit","RuPay","Active","PVR Cinemas","Entertainment","Hyderabad","Online",6848.57,"Success"
352,"2023-08-29 03:38:55",134,"Nitin Sharma",100100000200,201,"Debit","RuPay","Active","Flipkart","Shopping","Pune","Online",46693.40,"Success"
353,"2025-08-06 08:57:34",190,"Divya Kumar",100100000189,190,"Debit","Visa","Active","Lifestyle","Fashion","Hyderabad","Online",41683.92,"Success"
354,"2025-04-18 15:18:05",67,"Pooja Kumar",100100000066,67,"Debit","RuPay","Active","Apollo Pharmacy","Healthcare","Bengaluru","Online",30736.13,"Success"
355,"2022-09-06 11:30:38",95,"Rahul Kumar",100100000094,95,"Debit","Visa","Blocked","Zomato","Food","Noida","Online",35664.98,"Failed"
356,"2025-11-10 11:23:21",28,"Nitin Reddy",100100000027,28,"Debit","Visa","Active","Swiggy","Food","Mumbai","Contactless",31174.34,"Success"
357,"2022-02-03 17:22:06",118,"Sneha Singh",100100000117,118,"Debit","RuPay","Active","HP Petrol Pump","Fuel","Chennai","POS",40636.44,"Success"
358,"2025-07-08 20:42:20",159,"Kavita Singh",100100000158,159,"Debit","Visa","Active","BookMyShow","Entertainment","Bengaluru","POS",13784.23,"Success"
359,"2024-11-16 15:39:55",143,"Rohit Mishra",100100000277,278,"Credit","Visa","Active","Flipkart","Shopping","Hyderabad","Online",9376.35,"Failed"
360,"2024-01-25 07:44:17",44,"Meena Reddy",100100000043,44,"Debit","Visa","Active","Myntra","Fashion","Delhi","Online",36346.15,"Success"
361,"2023-09-29 22:48:52",56,"Vikas Reddy",100100000055,56,"Debit","RuPay","Active","Apollo Pharmacy","Healthcare","Jaipur","Contactless",2135.80,"Success"
362,"2023-01-30 18:46:44",154,"Vikas Sharma",100100000153,154,"Debit","Visa","Active","Starbucks","Cafe","Gurugram","Online",24149.85,"Success"
363,"2023-09-26 00:10:14",21,"Anjali Yadav",100100000020,21,"Debit","RuPay","Active","PVR Cinemas","Entertainment","Ahmedabad","POS",30357.62,"Success"
364,"2023-01-23 02:16:59",110,"Rajesh Gupta",100100000109,110,"Debit","Visa","Active","Dominos","Food","Ahmedabad","Online",20288.41,"Success"
365,"2022-10-17 23:38:00",76,"Harsh Kumar",100100000075,76,"Debit","RuPay","Active","Flipkart","Shopping","Chennai","POS",41908.31,"Reversed"
366,"2023-04-20 06:31:44",140,"Arjun Sinha",100100000139,140,"Debit","Visa","Active","Reliance Digital","Electronics","Chennai","Contactless",46410.19,"Success"
367,"2022-01-18 16:33:34",86,"Komal Verma",100100000276,277,"Credit","Visa","Active","Myntra","Fashion","Mumbai","Contactless",10790.94,"Reversed"
368,"2022-01-05 10:22:38",152,"Mohit Mishra",100100000151,152,"Debit","Visa","Active","Amazon India","Shopping","Delhi","Contactless",20724.14,"Success"
369,"2026-02-25 07:35:19",169,"Rahul Pandey",100100000168,169,"Debit","RuPay","Active","Lifestyle","Fashion","Delhi","POS",48616.43,"Success"
370,"2026-01-31 03:53:26",151,"Pooja Patel",100100000150,151,"Debit","RuPay","Active","Flipkart","Shopping","Noida","POS",33926.14,"Success"
371,"2024-06-16 19:22:40",146,"Manish Agarwal",100100000231,232,"Credit","MasterCard","Active","Reliance Digital","Electronics","Bengaluru","Online",12452.71,"Success"
372,"2024-02-02 22:25:30",69,"Ritu Pandey",100100000068,69,"Debit","Visa","Active","Big Bazaar","Grocery","Ahmedabad","Online",40198.03,"Success"
373,"2022-02-02 04:29:19",166,"Riya Singh",100100000165,166,"Debit","RuPay","Active","Starbucks","Cafe","Chennai","POS",17454.60,"Success"
374,"2025-09-19 23:35:24",191,"Asha Sharma",100100000265,266,"Credit","Visa","Active","IRCTC","Travel","Kolkata","POS",9843.48,"Success"
375,"2026-04-11 09:18:08",30,"Vikas Gupta",100100000221,222,"Credit","Visa","Active","Croma","Electronics","Hyderabad","Contactless",30779.19,"Success"
376,"2022-08-08 01:01:28",75,"Neha Chauhan",100100000074,75,"Debit","RuPay","Active","Reliance Digital","Electronics","Hyderabad","Online",19538.74,"Success"
377,"2022-06-19 07:20:30",132,"Karan Chauhan",100100000131,132,"Debit","RuPay","Active","HP Petrol Pump","Fuel","Pune","Contactless",13649.78,"Success"
378,"2024-06-25 18:41:38",118,"Sneha Singh",100100000117,118,"Debit","RuPay","Active","Lifestyle","Fashion","Noida","POS",40647.10,"Success"
379,"2024-12-30 15:22:33",53,"Arjun Jain",100100000052,53,"Debit","RuPay","Active","Swiggy","Food","Jaipur","POS",34046.48,"Success"
380,"2023-04-17 21:10:19",140,"Arjun Sinha",100100000139,140,"Debit","Visa","Active","Indian Oil","Fuel","Delhi","Online",17683.82,"Success"
381,"2022-04-05 13:38:03",44,"Meena Reddy",100100000043,44,"Debit","Visa","Active","Croma","Electronics","Jaipur","Online",6253.31,"Success"
382,"2022-01-21 22:42:27",67,"Pooja Kumar",100100000066,67,"Debit","RuPay","Active","PVR Cinemas","Entertainment","Noida","Online",40033.86,"Success"
383,"2026-01-03 08:05:08",49,"Amit Sinha",100100000048,49,"Debit","Visa","Blocked","Lifestyle","Fashion","Kolkata","Contactless",44483.22,"Success"
384,"2022-02-28 08:18:38",6,"Meena Singh",100100000005,6,"Debit","Visa","Expired","Apollo Pharmacy","Healthcare","Gurugram","Online",2414.27,"Success"
385,"2024-10-13 20:46:45",25,"Riya Reddy",100100000024,25,"Debit","RuPay","Active","Flipkart","Shopping","Pune","POS",8927.86,"Success"
386,"2023-08-21 06:20:24",77,"Anjali Mishra",100100000237,238,"Credit","Visa","Active","Reliance Digital","Electronics","Hyderabad","Contactless",15553.50,"Success"
387,"2023-07-26 05:47:00",115,"Nidhi Agarwal",100100000233,234,"Credit","Visa","Active","Starbucks","Cafe","Pune","Online",12139.48,"Success"
388,"2025-06-06 18:20:20",196,"Manish Chauhan",100100000195,196,"Debit","Visa","Active","SBI ATM","ATM","Bengaluru","ATM",35959.14,"Success"
389,"2025-08-15 16:05:08",150,"Ankit Verma",100100000149,150,"Debit","RuPay","Blocked","HP Petrol Pump","Fuel","Mumbai","POS",13892.05,"Failed"
390,"2025-01-20 20:02:01",51,"Rohit Yadav",100100000262,263,"Credit","MasterCard","Active","Reliance Digital","Electronics","Hyderabad","POS",32097.28,"Failed"
391,"2025-04-05 10:02:11",159,"Kavita Singh",100100000158,159,"Debit","Visa","Active","Big Bazaar","Grocery","Lucknow","POS",21214.95,"Success"
392,"2025-09-30 07:24:49",70,"Asha Reddy",100100000069,70,"Debit","Visa","Active","Lifestyle","Fashion","Mumbai","Contactless",33944.82,"Success"
393,"2024-01-22 17:03:08",194,"Harsh Agarwal",100100000257,258,"Credit","Visa","Active","Big Bazaar","Grocery","Hyderabad","Contactless",34140.42,"Success"
394,"2024-04-06 14:42:13",196,"Manish Chauhan",100100000195,196,"Debit","Visa","Active","DMart","Grocery","Ahmedabad","POS",27752.25,"Success"
395,"2023-01-28 06:36:56",42,"Pooja Gupta",100100000041,42,"Debit","RuPay","Active","Reliance Digital","Electronics","Kolkata","Online",13833.23,"Success"
396,"2026-05-14 09:19:21",170,"Manish Verma",100100000271,272,"Credit","Visa","Active","Starbucks","Cafe","Pune","POS",41610.20,"Success"
397,"2026-02-26 10:31:34",187,"Karan Chauhan",100100000186,187,"Debit","RuPay","Active","IRCTC","Travel","Pune","Contactless",6592.18,"Success"
398,"2025-10-19 05:44:47",138,"Sakshi Chauhan",100100000137,138,"Debit","RuPay","Active","Croma","Electronics","Gurugram","POS",32191.66,"Success"
399,"2023-12-20 03:32:14",124,"Asha Sinha",100100000123,124,"Debit","RuPay","Active","DMart","Grocery","Chennai","Online",49904.50,"Failed"
400,"2022-05-05 06:22:27",132,"Karan Chauhan",100100000131,132,"Debit","RuPay","Active","SBI ATM","ATM","Ahmedabad","ATM",906.33,"Success"
401,"2022-12-26 03:45:52",121,"Manish Agarwal",100100000120,121,"Debit","Visa","Active","Zomato","Food","Gurugram","POS",308.06,"Success"
402,"2024-09-03 14:12:01",50,"Suresh Chauhan",100100000218,219,"Debit","Visa","Active","Indian Oil","Fuel","Chennai","Online",35397.35,"Success"
403,"2025-10-10 02:41:24",50,"Suresh Chauhan",100100000251,252,"Credit","MasterCard","Active","Dominos","Food","Mumbai","Contactless",37847.52,"Success"
404,"2024-10-24 13:38:00",85,"Kavita Nair",100100000084,85,"Debit","Visa","Active","Croma","Electronics","Gurugram","Contactless",11382.57,"Success"
405,"2022-09-22 03:33:39",30,"Vikas Gupta",100100000029,30,"Debit","Visa","Active","Myntra","Fashion","Noida","Contactless",42687.56,"Success"
406,"2023-10-01 20:54:59",94,"Shreya Mishra",100100000093,94,"Debit","Visa","Active","PVR Cinemas","Entertainment","Kolkata","Contactless",23533.04,"Success"
407,"2024-01-18 14:40:08",77,"Anjali Mishra",100100000076,77,"Debit","Visa","Active","Indian Oil","Fuel","Hyderabad","Online",2810.98,"Success"
408,"2022-01-12 10:46:09",147,"Nitin Jain",100100000146,147,"Debit","RuPay","Lost","Amazon India","Shopping","Gurugram","Contactless",19182.03,"Success"
409,"2026-05-13 19:36:00",82,"Meena Gupta",100100000081,82,"Debit","RuPay","Active","Indian Oil","Fuel","Jaipur","POS",46766.89,"Success"
410,"2025-04-14 14:11:08",109,"Kavita Jain",100100000108,109,"Debit","Visa","Active","BookMyShow","Entertainment","Ahmedabad","Contactless",30577.61,"Success"
411,"2024-09-02 17:40:04",188,"Nitin Jain",100100000266,267,"Credit","MasterCard","Active","BookMyShow","Entertainment","Gurugram","Contactless",42466.34,"Reversed"
412,"2024-06-30 12:45:42",115,"Nidhi Agarwal",100100000114,115,"Debit","RuPay","Lost","Apollo Pharmacy","Healthcare","Hyderabad","Contactless",32845.46,"Success"
413,"2022-06-01 03:17:12",194,"Harsh Agarwal",100100000193,194,"Debit","RuPay","Active","Reliance Digital","Electronics","Pune","Contactless",36792.25,"Success"
414,"2025-09-23 06:38:22",59,"Nitin Nair",100100000058,59,"Debit","RuPay","Active","Indian Oil","Fuel","Noida","Contactless",4737.65,"Reversed"
415,"2024-06-03 04:07:16",94,"Shreya Mishra",100100000264,265,"Credit","MasterCard","Active","Reliance Fresh","Grocery","Lucknow","Online",21778.18,"Success"
416,"2024-12-09 16:19:34",75,"Neha Chauhan",100100000074,75,"Debit","RuPay","Active","PVR Cinemas","Entertainment","Bengaluru","POS",7572.26,"Failed"
417,"2022-04-03 14:30:15",43,"Shreya Singh",100100000042,43,"Debit","RuPay","Active","Swiggy","Food","Hyderabad","Online",46466.66,"Success"
418,"2025-06-22 20:00:04",77,"Anjali Mishra",100100000237,238,"Credit","Visa","Active","Amazon India","Shopping","Mumbai","Contactless",15368.37,"Success"
419,"2025-09-27 02:30:25",142,"Rahul Sinha",100100000141,142,"Debit","Visa","Active","IRCTC","Travel","Noida","POS",20363.27,"Success"
420,"2026-05-14 10:29:42",1,"Vivek Yadav",100100000000,1,"Debit","Visa","Active","Zomato","Food","Kolkata","POS",16124.74,"Success"
421,"2023-06-05 11:11:03",143,"Rohit Mishra",100100000142,143,"Debit","Visa","Active","Croma","Electronics","Jaipur","Online",23463.48,"Success"
422,"2022-08-13 13:03:29",159,"Kavita Singh",100100000158,159,"Debit","Visa","Active","Big Bazaar","Grocery","Chennai","POS",37017.21,"Success"
423,"2023-01-07 20:23:51",55,"Vikas Kumar",100100000261,262,"Credit","Visa","Active","Reliance Digital","Electronics","Lucknow","Contactless",39217.04,"Success"
424,"2025-08-13 08:48:47",50,"Suresh Chauhan",100100000251,252,"Credit","MasterCard","Active","IRCTC","Travel","Mumbai","Online",14699.30,"Success"
425,"2025-06-10 07:51:54",90,"Sakshi Jain",100100000089,90,"Debit","Visa","Active","Reliance Fresh","Grocery","Pune","POS",26215.04,"Success"
426,"2024-03-26 16:16:32",195,"Amit Agarwal",100100000279,280,"Credit","Visa","Active","Big Bazaar","Grocery","Noida","POS",10675.91,"Success"
427,"2023-12-27 12:00:02",126,"Rahul Kumar",100100000125,126,"Debit","Visa","Active","Indian Oil","Fuel","Ahmedabad","Contactless",16353.41,"Failed"
428,"2023-04-27 11:41:32",181,"Arjun Singh",100100000180,181,"Debit","RuPay","Active","BookMyShow","Entertainment","Lucknow","Online",35101.32,"Success"
429,"2025-12-22 07:40:34",58,"Kavita Sharma",100100000057,58,"Debit","Visa","Active","Reliance Digital","Electronics","Chennai","POS",13864.45,"Success"
430,"2022-04-23 14:50:31",33,"Deepak Jain",100100000032,33,"Debit","RuPay","Active","Starbucks","Cafe","Pune","POS",39506.37,"Success"
431,"2026-03-18 13:57:36",129,"Priya Gupta",100100000128,129,"Debit","Visa","Active","Dominos","Food","Gurugram","Contactless",6092.95,"Success"
432,"2025-12-10 07:20:56",122,"Ritu Pandey",100100000121,122,"Debit","Visa","Lost","Big Bazaar","Grocery","Chennai","POS",148.42,"Success"
433,"2023-01-04 02:47:49",157,"Meena Mishra",100100000156,157,"Debit","RuPay","Active","Big Bazaar","Grocery","Pune","POS",326.59,"Success"
434,"2023-09-19 06:55:07",89,"Rahul Kumar",100100000088,89,"Debit","RuPay","Active","Reliance Fresh","Grocery","Gurugram","POS",30740.03,"Reversed"
435,"2023-08-11 10:03:29",76,"Harsh Kumar",100100000075,76,"Debit","RuPay","Active","HP Petrol Pump","Fuel","Delhi","POS",44358.06,"Success"
436,"2023-01-16 16:05:33",55,"Vikas Kumar",100100000054,55,"Debit","Visa","Active","Big Bazaar","Grocery","Lucknow","POS",233.70,"Success"
437,"2023-05-22 13:42:09",143,"Rohit Mishra",100100000277,278,"Credit","Visa","Active","Amazon India","Shopping","Kolkata","Online",1612.09,"Success"
438,"2023-04-10 22:17:50",95,"Rahul Kumar",100100000241,242,"Credit","Visa","Expired","Big Bazaar","Grocery","Hyderabad","Online",13851.11,"Failed"
439,"2025-06-11 03:29:15",81,"Karan Reddy",100100000080,81,"Debit","RuPay","Active","Flipkart","Shopping","Hyderabad","POS",3182.25,"Failed"
440,"2026-05-14 20:03:14",131,"Divya Yadav",100100000130,131,"Debit","Visa","Active","Amazon India","Shopping","Pune","Contactless",42218.75,"Success"
441,"2023-12-27 04:13:29",112,"Mohit Mishra",100100000111,112,"Debit","Visa","Active","Amazon India","Shopping","Kolkata","Contactless",4531.52,"Success"
442,"2026-04-25 14:59:33",150,"Ankit Verma",100100000149,150,"Debit","RuPay","Blocked","Apollo Pharmacy","Healthcare","Jaipur","Contactless",25104.13,"Success"
443,"2023-08-05 20:16:34",174,"Meena Verma",100100000173,174,"Debit","RuPay","Active","SBI ATM","ATM","Mumbai","ATM",24285.76,"Success"
444,"2023-07-08 18:35:57",188,"Nitin Jain",100100000187,188,"Debit","Visa","Active","Apollo Pharmacy","Healthcare","Noida","Online",20660.62,"Failed"
445,"2022-05-17 01:55:41",4,"Ankit Chauhan",100100000003,4,"Debit","Visa","Active","Zomato","Food","Noida","Contactless",16894.63,"Success"
446,"2024-07-19 02:58:50",114,"Harsh Reddy",100100000113,114,"Debit","Visa","Active","HP Petrol Pump","Fuel","Bengaluru","Contactless",9389.92,"Success"
447,"2025-12-03 19:54:34",128,"Riya Mishra",100100000127,128,"Debit","RuPay","Active","DMart","Grocery","Gurugram","Contactless",12165.78,"Success"
448,"2024-11-06 04:00:26",142,"Rahul Sinha",100100000141,142,"Debit","Visa","Active","Myntra","Fashion","Hyderabad","Contactless",21869.46,"Success"
449,"2022-12-15 10:11:31",143,"Rohit Mishra",100100000277,278,"Credit","Visa","Active","Flipkart","Shopping","Pune","POS",24236.68,"Success"
450,"2025-07-25 01:04:43",138,"Sakshi Chauhan",100100000247,248,"Credit","MasterCard","Active","Swiggy","Food","Pune","Contactless",39903.46,"Success"
451,"2023-02-14 03:28:18",131,"Divya Yadav",100100000130,131,"Debit","Visa","Active","SBI ATM","ATM","Jaipur","ATM",29791.35,"Success"
452,"2023-03-06 04:30:45",193,"Vikas Verma",100100000192,193,"Debit","RuPay","Active","Starbucks","Cafe","Bengaluru","POS",17709.00,"Success"
453,"2024-12-04 15:36:27",143,"Rohit Mishra",100100000142,143,"Debit","Visa","Active","SBI ATM","ATM","Gurugram","ATM",5508.63,"Success"
454,"2024-10-14 05:27:49",139,"Neha Pandey",100100000138,139,"Debit","Visa","Expired","Apollo Pharmacy","Healthcare","Bengaluru","Online",15804.79,"Success"
455,"2024-04-25 18:43:55",67,"Pooja Kumar",100100000066,67,"Debit","RuPay","Active","HP Petrol Pump","Fuel","Hyderabad","Online",35302.50,"Success"
456,"2024-04-24 11:18:56",196,"Manish Chauhan",100100000236,237,"Credit","Visa","Active","Reliance Fresh","Grocery","Jaipur","Online",1288.05,"Success"
457,"2024-09-14 23:48:52",7,"Neha Gupta",100100000006,7,"Debit","Visa","Active","SBI ATM","ATM","Ahmedabad","ATM",16104.65,"Failed"
458,"2023-05-19 11:20:23",177,"Riya Verma",100100000176,177,"Debit","RuPay","Blocked","Indian Oil","Fuel","Kolkata","Contactless",18811.25,"Success"
459,"2024-09-11 22:10:35",194,"Harsh Agarwal",100100000257,258,"Credit","Visa","Active","Reliance Digital","Electronics","Hyderabad","Online",37088.65,"Success"
460,"2023-03-09 01:43:02",122,"Ritu Pandey",100100000121,122,"Debit","Visa","Lost","Apollo Pharmacy","Healthcare","Mumbai","POS",8425.27,"Success"
461,"2025-09-27 06:35:10",191,"Asha Sharma",100100000265,266,"Credit","Visa","Active","PVR Cinemas","Entertainment","Ahmedabad","Contactless",5791.27,"Reversed"
462,"2025-04-17 02:41:37",198,"Suresh Singh",100100000235,236,"Credit","MasterCard","Active","Myntra","Fashion","Ahmedabad","POS",46928.84,"Success"
463,"2024-10-07 22:02:58",94,"Shreya Mishra",100100000264,265,"Credit","MasterCard","Active","Dominos","Food","Chennai","Contactless",7122.30,"Success"
464,"2025-12-15 05:19:18",114,"Harsh Reddy",100100000113,114,"Debit","Visa","Active","Reliance Digital","Electronics","Gurugram","Online",24023.27,"Success"
465,"2022-10-09 03:53:20",36,"Sakshi Agarwal",100100000035,36,"Debit","Visa","Active","Flipkart","Shopping","Jaipur","Contactless",8376.19,"Success"
466,"2026-04-17 03:04:47",30,"Vikas Gupta",100100000029,30,"Debit","Visa","Active","Indian Oil","Fuel","Chennai","POS",2798.95,"Success"
467,"2025-02-02 10:26:23",173,"Shreya Reddy",100100000172,173,"Debit","Visa","Lost","Starbucks","Cafe","Ahmedabad","POS",34640.22,"Success"
468,"2024-01-11 06:43:58",123,"Neha Patel",100100000122,123,"Debit","RuPay","Active","Flipkart","Shopping","Lucknow","POS",10116.00,"Success"
469,"2022-04-28 21:44:45",154,"Vikas Sharma",100100000153,154,"Debit","Visa","Active","Amazon India","Shopping","Bengaluru","POS",19363.58,"Success"
470,"2025-12-23 09:03:05",80,"Arjun Patel",100100000079,80,"Debit","Visa","Active","HP Petrol Pump","Fuel","Chennai","Contactless",4818.18,"Failed"
471,"2024-10-06 06:19:26",78,"Sneha Verma",100100000077,78,"Debit","RuPay","Lost","PVR Cinemas","Entertainment","Gurugram","POS",17278.51,"Success"
472,"2026-05-02 20:25:43",26,"Rahul Patel",100100000025,26,"Debit","RuPay","Lost","HP Petrol Pump","Fuel","Pune","POS",49394.94,"Success"
473,"2022-02-10 10:39:04",138,"Sakshi Chauhan",100100000137,138,"Debit","RuPay","Active","Swiggy","Food","Hyderabad","Contactless",23353.45,"Success"
474,"2022-02-09 11:13:00",106,"Arjun Nair",100100000105,106,"Debit","RuPay","Active","Myntra","Fashion","Gurugram","POS",49102.45,"Success"
475,"2024-11-27 20:30:10",153,"Mohit Sinha",100100000152,153,"Debit","Visa","Active","Lifestyle","Fashion","Chennai","Online",20906.74,"Success"
476,"2025-02-23 10:05:56",123,"Neha Patel",100100000122,123,"Debit","RuPay","Active","Flipkart","Shopping","Ahmedabad","POS",35994.90,"Success"
477,"2026-02-15 10:59:25",9,"Rohit Chauhan",100100000008,9,"Debit","RuPay","Active","Swiggy","Food","Gurugram","Contactless",5563.68,"Success"
478,"2025-11-23 08:21:35",124,"Asha Sinha",100100000214,215,"Debit","Visa","Active","Dominos","Food","Jaipur","Contactless",40013.08,"Success"
479,"2025-04-12 23:35:23",153,"Mohit Sinha",100100000152,153,"Debit","Visa","Active","SBI ATM","ATM","Lucknow","ATM",38297.11,"Success"
480,"2024-05-20 22:28:20",48,"Divya Yadav",100100000047,48,"Debit","RuPay","Active","Lifestyle","Fashion","Mumbai","POS",31718.35,"Success"
481,"2023-04-05 02:23:09",157,"Meena Mishra",100100000156,157,"Debit","RuPay","Active","Big Bazaar","Grocery","Kolkata","Contactless",12718.73,"Success"
482,"2022-07-02 12:52:14",111,"Shreya Singh",100100000110,111,"Debit","Visa","Active","Flipkart","Shopping","Hyderabad","Online",17082.42,"Success"
483,"2023-02-12 17:28:13",94,"Shreya Mishra",100100000274,275,"Credit","MasterCard","Active","Reliance Digital","Electronics","Hyderabad","POS",4210.00,"Failed"
484,"2023-01-20 16:46:57",118,"Sneha Singh",100100000117,118,"Debit","RuPay","Active","Flipkart","Shopping","Jaipur","POS",1609.88,"Success"
485,"2023-02-27 16:49:33",87,"Rajesh Agarwal",100100000086,87,"Debit","RuPay","Active","PVR Cinemas","Entertainment","Bengaluru","Contactless",32287.99,"Success"
486,"2022-03-26 12:50:33",77,"Anjali Mishra",100100000243,244,"Credit","Visa","Active","Dominos","Food","Chennai","Contactless",44265.94,"Success"
487,"2026-05-28 02:55:51",146,"Manish Agarwal",100100000231,232,"Credit","MasterCard","Active","Flipkart","Shopping","Chennai","Contactless",17256.66,"Success"
488,"2023-12-20 20:03:37",191,"Asha Sharma",100100000190,191,"Debit","RuPay","Active","Big Bazaar","Grocery","Chennai","Online",38775.09,"Success"
489,"2024-01-06 13:27:17",77,"Anjali Mishra",100100000076,77,"Debit","Visa","Active","Amazon India","Shopping","Kolkata","Online",42454.11,"Success"
490,"2022-06-28 18:38:39",109,"Kavita Jain",100100000108,109,"Debit","Visa","Active","Swiggy","Food","Delhi","POS",29254.11,"Success"
491,"2026-07-06 21:25:06",156,"Shreya Yadav",100100000155,156,"Debit","Visa","Expired","Reliance Fresh","Grocery","Hyderabad","Online",22963.09,"Success"
492,"2026-04-27 21:03:24",106,"Arjun Nair",100100000105,106,"Debit","RuPay","Active","HP Petrol Pump","Fuel","Kolkata","POS",35510.25,"Success"
493,"2023-12-18 00:51:05",110,"Rajesh Gupta",100100000109,110,"Debit","Visa","Active","Reliance Digital","Electronics","Bengaluru","Online",45202.01,"Success"
494,"2025-06-11 05:11:47",92,"Ritu Chauhan",100100000091,92,"Debit","Visa","Active","Zomato","Food","Gurugram","POS",18608.79,"Success"
495,"2022-09-23 05:43:08",92,"Ritu Chauhan",100100000249,250,"Credit","MasterCard","Active","DMart","Grocery","Mumbai","Online",13999.58,"Success"
496,"2026-02-27 10:42:51",28,"Nitin Reddy",100100000027,28,"Debit","Visa","Active","IRCTC","Travel","Noida","Online",9627.73,"Success"
497,"2023-09-07 04:30:59",82,"Meena Gupta",100100000081,82,"Debit","RuPay","Active","Amazon India","Shopping","Chennai","Contactless",29201.06,"Failed"
498,"2024-03-09 19:23:42",121,"Manish Agarwal",100100000120,121,"Debit","Visa","Active","SBI ATM","ATM","Mumbai","ATM",22667.06,"Success"
499,"2022-04-10 16:45:30",22,"Asha Pandey",100100000021,22,"Debit","RuPay","Active","PVR Cinemas","Entertainment","Noida","Online",42263.58,"Success"
500,"2024-10-26 18:04:22",79,"Vikas Agarwal",100100000078,79,"Debit","Visa","Active","Reliance Digital","Electronics","Pune","POS",45272.48,"Success"
501,"2025-09-09 08:56:26",32,"Ankit Reddy",100100000031,32,"Debit","Visa","Active","Swiggy","Food","Lucknow","Online",21266.88,"Success"
502,"2023-04-19 05:06:20",200,"Harsh Mishra",100100000199,200,"Debit","RuPay","Active","Croma","Electronics","Gurugram","POS",33513.94,"Success"
503,"2025-01-30 22:37:41",77,"Anjali Mishra",100100000076,77,"Debit","Visa","Active","Lifestyle","Fashion","Lucknow","Contactless",34189.13,"Success"
504,"2023-11-18 19:48:15",186,"Neha Gupta",100100000185,186,"Debit","Visa","Active","BookMyShow","Entertainment","Jaipur","Contactless",49646.78,"Success"
505,"2022-06-28 01:43:53",46,"Priya Mishra",100100000045,46,"Debit","RuPay","Active","Zomato","Food","Lucknow","Online",37677.25,"Success"
506,"2024-03-25 23:07:24",115,"Nidhi Agarwal",100100000233,234,"Credit","Visa","Active","Lifestyle","Fashion","Bengaluru","Contactless",22817.26,"Success"
507,"2024-02-05 05:44:18",197,"Rajesh Yadav",100100000196,197,"Debit","Visa","Active","Amazon India","Shopping","Pune","POS",10311.18,"Success"
508,"2022-08-08 10:10:38",197,"Rajesh Yadav",100100000196,197,"Debit","Visa","Active","Lifestyle","Fashion","Hyderabad","Contactless",40359.80,"Success"
509,"2025-03-10 11:49:34",47,"Priya Sharma",100100000219,220,"Debit","Visa","Active","Big Bazaar","Grocery","Kolkata","Online",35690.40,"Success"
510,"2025-02-11 03:09:36",27,"Sakshi Sinha",100100000026,27,"Debit","RuPay","Active","Zomato","Food","Gurugram","POS",25627.92,"Success"
511,"2022-02-16 06:58:19",30,"Vikas Gupta",100100000221,222,"Credit","Visa","Active","Lifestyle","Fashion","Ahmedabad","Online",16855.74,"Success"
512,"2024-08-07 16:48:18",111,"Shreya Singh",100100000204,205,"Debit","RuPay","Active","Dominos","Food","Delhi","Online",36139.76,"Success"
513,"2025-06-24 04:09:34",75,"Neha Chauhan",100100000250,251,"Credit","Visa","Active","Reliance Fresh","Grocery","Jaipur","POS",40288.19,"Success"
514,"2025-10-07 19:12:27",64,"Riya Singh",100100000063,64,"Debit","RuPay","Active","Myntra","Fashion","Gurugram","POS",40349.79,"Success"
515,"2026-06-16 17:13:08",167,"Mohit Jain",100100000230,231,"Credit","Visa","Blocked","Swiggy","Food","Chennai","POS",33894.47,"Success"
516,"2022-07-20 13:57:01",60,"Rahul Sinha",100100000059,60,"Debit","Visa","Active","Zomato","Food","Bengaluru","POS",35737.90,"Success"
517,"2026-04-10 11:01:30",72,"Anjali Singh",100100000071,72,"Debit","RuPay","Lost","Myntra","Fashion","Noida","Contactless",5452.09,"Success"
518,"2022-05-01 06:26:06",66,"Harsh Sinha",100100000065,66,"Debit","Visa","Active","Apollo Pharmacy","Healthcare","Mumbai","POS",40591.51,"Success"
519,"2024-07-22 22:11:13",86,"Komal Verma",100100000085,86,"Debit","Visa","Active","Swiggy","Food","Delhi","Online",7876.29,"Failed"
520,"2022-08-09 18:51:55",18,"Vivek Verma",100100000239,240,"Credit","Visa","Active","BookMyShow","Entertainment","Bengaluru","POS",2317.21,"Success"
521,"2024-01-06 13:59:15",157,"Meena Mishra",100100000156,157,"Debit","RuPay","Active","Reliance Fresh","Grocery","Jaipur","POS",48541.44,"Success"
522,"2025-03-02 04:19:42",38,"Neha Patel",100100000037,38,"Debit","RuPay","Active","IRCTC","Travel","Noida","Online",42775.16,"Success"
523,"2026-01-26 17:19:23",20,"Karan Sinha",100100000019,20,"Debit","Visa","Blocked","Croma","Electronics","Hyderabad","Contactless",25397.15,"Success"
524,"2023-06-08 17:53:44",155,"Manish Pandey",100100000154,155,"Debit","Visa","Active","Swiggy","Food","Ahmedabad","Contactless",19233.74,"Success"
525,"2024-08-18 12:00:12",199,"Sneha Agarwal",100100000198,199,"Debit","RuPay","Expired","Apollo Pharmacy","Healthcare","Jaipur","Online",5927.67,"Success"
526,"2025-11-04 23:39:41",58,"Kavita Sharma",100100000057,58,"Debit","Visa","Active","DMart","Grocery","Noida","POS",28715.38,"Success"
527,"2025-06-13 00:57:24",143,"Rohit Mishra",100100000142,143,"Debit","Visa","Active","Croma","Electronics","Chennai","POS",41375.89,"Success"
528,"2023-10-26 13:55:29",99,"Komal Jain",100100000098,99,"Debit","RuPay","Active","Lifestyle","Fashion","Hyderabad","POS",48512.57,"Success"
529,"2024-04-07 01:16:27",147,"Nitin Jain",100100000146,147,"Debit","RuPay","Lost","Lifestyle","Fashion","Hyderabad","POS",19797.04,"Success"
530,"2023-04-18 11:08:05",106,"Arjun Nair",100100000105,106,"Debit","RuPay","Active","Lifestyle","Fashion","Gurugram","POS",17043.52,"Success"
531,"2023-12-12 08:05:47",189,"Rajesh Pandey",100100000188,189,"Debit","RuPay","Lost","Indian Oil","Fuel","Kolkata","Online",27489.43,"Success"
532,"2024-08-28 11:15:45",143,"Rohit Mishra",100100000252,253,"Credit","MasterCard","Active","Reliance Fresh","Grocery","Bengaluru","POS",21778.27,"Success"
533,"2022-05-11 19:03:42",28,"Nitin Reddy",100100000027,28,"Debit","Visa","Active","Reliance Digital","Electronics","Mumbai","Online",45611.03,"Failed"
534,"2023-12-21 04:33:00",79,"Vikas Agarwal",100100000078,79,"Debit","Visa","Active","IRCTC","Travel","Gurugram","Online",24797.37,"Success"
535,"2026-05-09 04:12:42",196,"Manish Chauhan",100100000195,196,"Debit","Visa","Active","HP Petrol Pump","Fuel","Delhi","Online",1046.19,"Success"
536,"2022-05-11 14:37:05",184,"Asha Singh",100100000183,184,"Debit","Visa","Active","DMart","Grocery","Chennai","POS",43842.93,"Success"
537,"2023-09-22 08:21:50",59,"Nitin Nair",100100000058,59,"Debit","RuPay","Active","Big Bazaar","Grocery","Ahmedabad","Contactless",4936.96,"Success"
538,"2026-05-27 19:26:57",152,"Mohit Mishra",100100000151,152,"Debit","Visa","Active","Apollo Pharmacy","Healthcare","Chennai","Online",676.50,"Success"
539,"2023-07-16 20:45:50",42,"Pooja Gupta",100100000041,42,"Debit","RuPay","Active","Starbucks","Cafe","Kolkata","Online",41355.05,"Success"
540,"2023-09-17 18:35:46",188,"Nitin Jain",100100000187,188,"Debit","Visa","Active","Starbucks","Cafe","Mumbai","POS",44863.37,"Success"
541,"2026-06-11 19:40:20",156,"Shreya Yadav",100100000155,156,"Debit","Visa","Expired","IRCTC","Travel","Bengaluru","POS",13524.64,"Success"
542,"2022-07-07 06:01:31",177,"Riya Verma",100100000176,177,"Debit","RuPay","Blocked","Myntra","Fashion","Pune","Contactless",35473.52,"Success"
543,"2024-04-03 19:37:35",19,"Vikas Yadav",100100000018,19,"Debit","Visa","Active","Swiggy","Food","Pune","Contactless",36309.64,"Success"
544,"2024-09-14 16:01:24",177,"Riya Verma",100100000176,177,"Debit","RuPay","Blocked","Reliance Fresh","Grocery","Noida","POS",13598.15,"Success"
545,"2023-10-12 16:56:14",128,"Riya Mishra",100100000127,128,"Debit","RuPay","Active","Amazon India","Shopping","Hyderabad","Online",5150.15,"Success"
546,"2024-01-26 22:30:07",46,"Priya Mishra",100100000222,223,"Credit","Visa","Active","Lifestyle","Fashion","Bengaluru","Contactless",25295.58,"Success"
547,"2026-01-05 01:32:21",102,"Asha Sinha",100100000268,269,"Credit","Visa","Active","Reliance Fresh","Grocery","Bengaluru","Online",30970.21,"Success"
548,"2024-11-11 03:57:24",164,"Shreya Sinha",100100000163,164,"Debit","Visa","Active","Lifestyle","Fashion","Ahmedabad","Contactless",31240.18,"Success"
549,"2022-06-27 07:21:04",143,"Rohit Mishra",100100000142,143,"Debit","Visa","Active","Starbucks","Cafe","Hyderabad","POS",36035.87,"Success"
550,"2025-11-12 04:38:29",81,"Karan Reddy",100100000080,81,"Debit","RuPay","Active","Big Bazaar","Grocery","Pune","POS",36103.62,"Success"
551,"2025-05-04 04:01:11",124,"Asha Sinha",100100000214,215,"Debit","Visa","Active","Lifestyle","Fashion","Chennai","POS",44130.67,"Success"
552,"2025-10-15 13:16:42",21,"Anjali Yadav",100100000020,21,"Debit","RuPay","Active","Big Bazaar","Grocery","Hyderabad","POS",29718.85,"Success"
553,"2024-09-24 16:23:23",184,"Asha Singh",100100000183,184,"Debit","Visa","Active","Swiggy","Food","Chennai","Online",14730.83,"Success"
554,"2025-01-16 11:35:44",100,"Pooja Mishra",100100000099,100,"Debit","Visa","Active","Zomato","Food","Ahmedabad","Contactless",12572.07,"Success"
555,"2025-12-29 04:07:40",70,"Asha Reddy",100100000069,70,"Debit","Visa","Active","IRCTC","Travel","Mumbai","Contactless",33761.95,"Success"
556,"2023-07-21 12:32:51",82,"Meena Gupta",100100000202,203,"Debit","Visa","Active","Myntra","Fashion","Bengaluru","Online",6063.24,"Success"
557,"2023-02-04 19:54:54",41,"Vivek Patel",100100000040,41,"Debit","Visa","Active","Croma","Electronics","Lucknow","POS",15154.90,"Success"
558,"2024-09-11 20:32:29",56,"Vikas Reddy",100100000055,56,"Debit","RuPay","Active","DMart","Grocery","Hyderabad","POS",2751.03,"Success"
559,"2025-02-10 02:25:05",15,"Riya Yadav",100100000014,15,"Debit","RuPay","Active","Reliance Digital","Electronics","Noida","Online",40273.58,"Success"
560,"2025-01-29 07:14:40",94,"Shreya Mishra",100100000274,275,"Credit","MasterCard","Active","HP Petrol Pump","Fuel","Mumbai","POS",12661.21,"Success"
561,"2025-05-09 10:40:03",118,"Sneha Singh",100100000117,118,"Debit","RuPay","Active","Indian Oil","Fuel","Pune","Contactless",40260.54,"Reversed"
562,"2024-05-09 01:03:32",61,"Sakshi Pandey",100100000224,225,"Credit","MasterCard","Active","Reliance Digital","Electronics","Ahmedabad","POS",21024.86,"Success"
563,"2023-05-10 11:45:03",162,"Asha Reddy",100100000161,162,"Debit","RuPay","Active","Reliance Digital","Electronics","Hyderabad","POS",8625.33,"Success"
564,"2024-07-07 09:19:26",163,"Anjali Gupta",100100000212,213,"Debit","Visa","Active","Reliance Fresh","Grocery","Pune","POS",24106.81,"Success"
565,"2026-03-08 18:05:46",31,"Suresh Verma",100100000030,31,"Debit","Visa","Active","Indian Oil","Fuel","Noida","POS",46515.71,"Failed"
566,"2023-11-25 11:57:35",24,"Riya Patel",100100000023,24,"Debit","Visa","Active","Amazon India","Shopping","Kolkata","Online",11355.26,"Success"
567,"2023-07-10 22:37:11",105,"Mohit Agarwal",100100000104,105,"Debit","Visa","Active","Reliance Digital","Electronics","Gurugram","Online",2243.81,"Success"
568,"2022-08-15 12:19:05",163,"Anjali Gupta",100100000212,213,"Debit","Visa","Active","DMart","Grocery","Kolkata","Online",33784.01,"Success"
569,"2023-02-25 20:36:05",39,"Riya Reddy",100100000038,39,"Debit","RuPay","Active","HP Petrol Pump","Fuel","Mumbai","POS",29700.10,"Success"
570,"2024-03-13 03:34:38",64,"Riya Singh",100100000063,64,"Debit","RuPay","Active","Zomato","Food","Hyderabad","Online",8010.06,"Success"
571,"2023-11-13 00:20:49",123,"Neha Patel",100100000122,123,"Debit","RuPay","Active","Croma","Electronics","Delhi","POS",26287.26,"Success"
572,"2024-03-05 15:28:55",4,"Ankit Chauhan",100100000003,4,"Debit","Visa","Active","Amazon India","Shopping","Lucknow","POS",15114.15,"Failed"
573,"2022-08-07 13:11:21",45,"Vikas Patel",100100000044,45,"Debit","RuPay","Active","Reliance Fresh","Grocery","Jaipur","Contactless",48544.86,"Success"
574,"2026-04-15 16:57:43",18,"Vivek Verma",100100000017,18,"Debit","Visa","Lost","Swiggy","Food","Mumbai","Contactless",15432.37,"Success"
575,"2022-07-10 13:21:11",22,"Asha Pandey",100100000021,22,"Debit","RuPay","Active","Swiggy","Food","Pune","POS",25101.39,"Success"
576,"2024-05-29 03:09:44",85,"Kavita Nair",100100000084,85,"Debit","Visa","Active","Zomato","Food","Noida","Contactless",5590.42,"Success"
577,"2025-05-21 11:31:13",78,"Sneha Verma",100100000077,78,"Debit","RuPay","Lost","Reliance Fresh","Grocery","Gurugram","POS",5831.82,"Success"
578,"2023-02-22 19:50:31",22,"Asha Pandey",100100000021,22,"Debit","RuPay","Active","Big Bazaar","Grocery","Lucknow","POS",1378.49,"Success"
579,"2026-02-10 10:43:01",128,"Riya Mishra",100100000127,128,"Debit","RuPay","Active","BookMyShow","Entertainment","Jaipur","Online",42218.24,"Failed"
580,"2022-05-08 06:37:42",170,"Manish Verma",100100000271,272,"Credit","Visa","Active","Croma","Electronics","Jaipur","Online",24500.54,"Success"
581,"2025-04-19 20:56:42",43,"Shreya Singh",100100000042,43,"Debit","RuPay","Active","PVR Cinemas","Entertainment","Kolkata","Online",25226.54,"Success"
582,"2024-05-10 13:35:40",98,"Suresh Sharma",100100000097,98,"Debit","RuPay","Active","Apollo Pharmacy","Healthcare","Gurugram","Contactless",32743.73,"Success"
583,"2022-08-08 03:26:32",188,"Nitin Jain",100100000187,188,"Debit","Visa","Active","Croma","Electronics","Mumbai","Online",30880.09,"Success"
584,"2024-05-10 20:57:56",114,"Harsh Reddy",100100000113,114,"Debit","Visa","Active","Starbucks","Cafe","Jaipur","Online",28994.33,"Success"
585,"2022-04-17 22:52:58",6,"Meena Singh",100100000005,6,"Debit","Visa","Expired","IRCTC","Travel","Delhi","POS",4020.84,"Success"
586,"2025-11-14 00:55:48",91,"Amit Chauhan",100100000090,91,"Debit","RuPay","Active","BookMyShow","Entertainment","Noida","Online",25947.56,"Success"
587,"2022-09-12 21:32:54",113,"Manish Yadav",100100000238,239,"Credit","MasterCard","Active","Swiggy","Food","Chennai","Online",36764.99,"Success"
588,"2026-05-10 19:11:19",94,"Shreya Mishra",100100000093,94,"Debit","Visa","Active","SBI ATM","ATM","Noida","ATM",2272.94,"Success"
589,"2025-12-10 12:42:56",189,"Rajesh Pandey",100100000188,189,"Debit","RuPay","Lost","Amazon India","Shopping","Lucknow","Contactless",31747.17,"Success"
590,"2026-02-26 07:51:06",38,"Neha Patel",100100000037,38,"Debit","RuPay","Active","Lifestyle","Fashion","Kolkata","POS",19009.75,"Success"
591,"2025-11-12 05:28:49",100,"Pooja Mishra",100100000099,100,"Debit","Visa","Active","BookMyShow","Entertainment","Gurugram","POS",38259.56,"Success"
592,"2022-05-17 10:03:42",48,"Divya Yadav",100100000047,48,"Debit","RuPay","Active","Apollo Pharmacy","Healthcare","Delhi","Online",41442.57,"Success"
593,"2024-09-22 13:23:14",125,"Vivek Kumar",100100000124,125,"Debit","RuPay","Active","DMart","Grocery","Ahmedabad","Online",8248.80,"Success"
594,"2024-09-02 06:20:47",22,"Asha Pandey",100100000021,22,"Debit","RuPay","Active","Zomato","Food","Ahmedabad","Contactless",32064.18,"Success"
595,"2025-01-24 19:48:04",141,"Rohit Patel",100100000140,141,"Debit","Visa","Active","Swiggy","Food","Jaipur","POS",42847.87,"Failed"
596,"2023-10-26 22:54:38",42,"Pooja Gupta",100100000211,212,"Debit","RuPay","Active","Indian Oil","Fuel","Noida","Contactless",36360.68,"Success"
597,"2022-12-19 15:42:18",44,"Meena Reddy",100100000043,44,"Debit","Visa","Active","Amazon India","Shopping","Noida","Online",45643.27,"Success"
598,"2025-06-22 23:43:33",194,"Harsh Agarwal",100100000193,194,"Debit","RuPay","Active","Reliance Digital","Electronics","Mumbai","Contactless",27927.21,"Success"
599,"2022-12-07 15:50:52",11,"Komal Pandey",100100000010,11,"Debit","Visa","Active","Reliance Digital","Electronics","Ahmedabad","Online",46226.97,"Success"
600,"2023-10-16 06:00:52",5,"Amit Reddy",100100000004,5,"Debit","Visa","Active","HP Petrol Pump","Fuel","Ahmedabad","POS",1675.89,"Success"
601,"2022-04-29 22:38:02",131,"Divya Yadav",100100000130,131,"Debit","Visa","Active","Big Bazaar","Grocery","Ahmedabad","Contactless",139.05,"Success"
602,"2024-03-30 12:14:55",3,"Amit Kumar",100100000002,3,"Debit","RuPay","Active","Amazon India","Shopping","Pune","Online",70.86,"Success"
603,"2024-05-21 19:15:00",92,"Ritu Chauhan",100100000249,250,"Credit","MasterCard","Active","Amazon India","Shopping","Mumbai","POS",12224.60,"Success"
604,"2023-01-08 16:13:41",139,"Neha Pandey",100100000138,139,"Debit","Visa","Expired","PVR Cinemas","Entertainment","Hyderabad","Online",15218.98,"Failed"
605,"2025-11-20 20:31:25",42,"Pooja Gupta",100100000211,212,"Debit","RuPay","Active","BookMyShow","Entertainment","Ahmedabad","Contactless",31844.11,"Success"
606,"2026-06-24 06:57:09",42,"Pooja Gupta",100100000211,212,"Debit","RuPay","Active","Apollo Pharmacy","Healthcare","Pune","POS",20287.17,"Success"
607,"2023-10-13 08:49:44",72,"Anjali Singh",100100000071,72,"Debit","RuPay","Lost","IRCTC","Travel","Chennai","POS",26856.89,"Failed"
608,"2022-05-22 22:12:47",163,"Anjali Gupta",100100000212,213,"Debit","Visa","Active","Reliance Fresh","Grocery","Gurugram","Online",42536.55,"Success"
609,"2022-12-02 10:08:09",52,"Harsh Mishra",100100000051,52,"Debit","Visa","Active","Reliance Digital","Electronics","Lucknow","Contactless",11457.44,"Success"
610,"2025-04-15 11:49:21",55,"Vikas Kumar",100100000229,230,"Credit","MasterCard","Active","Apollo Pharmacy","Healthcare","Hyderabad","Online",13284.38,"Success"
611,"2022-03-15 16:49:40",156,"Shreya Yadav",100100000155,156,"Debit","Visa","Expired","Indian Oil","Fuel","Jaipur","Contactless",34821.94,"Success"
612,"2025-10-08 17:16:33",198,"Suresh Singh",100100000197,198,"Debit","RuPay","Active","SBI ATM","ATM","Gurugram","ATM",2936.38,"Success"
613,"2022-03-22 09:31:01",130,"Pooja Pandey",100100000129,130,"Debit","RuPay","Active","Indian Oil","Fuel","Pune","Online",12987.95,"Success"
614,"2024-08-24 20:25:37",52,"Harsh Mishra",100100000051,52,"Debit","Visa","Active","IRCTC","Travel","Kolkata","Contactless",7769.36,"Success"
615,"2023-10-15 08:14:11",5,"Amit Reddy",100100000234,235,"Credit","MasterCard","Active","Flipkart","Shopping","Noida","Online",21101.57,"Success"
616,"2022-07-06 16:08:37",84,"Karan Patel",100100000083,84,"Debit","Visa","Active","Reliance Digital","Electronics","Bengaluru","Contactless",29483.44,"Success"
617,"2024-01-12 10:14:45",191,"Asha Sharma",100100000248,249,"Credit","Visa","Active","HP Petrol Pump","Fuel","Noida","POS",41186.34,"Success"
618,"2022-11-23 15:48:20",63,"Rajesh Kumar",100100000062,63,"Debit","RuPay","Active","Myntra","Fashion","Delhi","Contactless",15381.61,"Success"
619,"2022-01-15 23:30:51",164,"Shreya Sinha",100100000163,164,"Debit","Visa","Active","IRCTC","Travel","Gurugram","POS",27430.31,"Success"
620,"2025-09-06 12:55:22",17,"Komal Patel",100100000275,276,"Credit","MasterCard","Active","Reliance Fresh","Grocery","Bengaluru","Contactless",1531.24,"Success"
621,"2024-07-21 03:26:02",63,"Rajesh Kumar",100100000062,63,"Debit","RuPay","Active","Myntra","Fashion","Kolkata","Online",39070.74,"Success"
622,"2024-02-10 12:59:04",158,"Suresh Verma",100100000157,158,"Debit","Visa","Active","Flipkart","Shopping","Kolkata","Online",3252.44,"Success"
623,"2022-08-17 09:07:45",88,"Arjun Kumar",100100000273,274,"Credit","MasterCard","Active","Reliance Fresh","Grocery","Kolkata","Contactless",39620.61,"Failed"
624,"2024-03-06 16:30:05",170,"Manish Verma",100100000271,272,"Credit","Visa","Active","Croma","Electronics","Lucknow","POS",30728.58,"Success"
625,"2023-10-13 15:52:23",94,"Shreya Mishra",100100000264,265,"Credit","MasterCard","Active","Swiggy","Food","Jaipur","POS",30041.12,"Success"
626,"2024-07-29 01:44:05",177,"Riya Verma",100100000176,177,"Debit","RuPay","Blocked","Myntra","Fashion","Kolkata","Online",29284.85,"Success"
627,"2026-04-25 16:00:43",113,"Manish Yadav",100100000112,113,"Debit","Visa","Active","Zomato","Food","Noida","Contactless",41496.69,"Success"
628,"2022-12-09 22:44:39",187,"Karan Chauhan",100100000186,187,"Debit","RuPay","Active","DMart","Grocery","Noida","Contactless",19142.75,"Failed"
629,"2026-03-31 19:05:29",38,"Neha Patel",100100000037,38,"Debit","RuPay","Active","Myntra","Fashion","Jaipur","POS",5026.08,"Success"
630,"2024-11-03 10:41:36",173,"Shreya Reddy",100100000172,173,"Debit","Visa","Lost","Amazon India","Shopping","Lucknow","Contactless",42305.13,"Success"
631,"2025-11-30 11:52:27",28,"Nitin Reddy",100100000027,28,"Debit","Visa","Active","Amazon India","Shopping","Bengaluru","POS",47819.80,"Success"
632,"2025-01-23 07:33:06",114,"Harsh Reddy",100100000205,206,"Debit","RuPay","Active","SBI ATM","ATM","Jaipur","ATM",9510.83,"Success"
633,"2025-02-13 17:29:11",77,"Anjali Mishra",100100000243,244,"Credit","Visa","Active","IRCTC","Travel","Lucknow","Online",23809.45,"Success"
634,"2024-01-04 01:36:29",96,"Manish Yadav",100100000095,96,"Debit","Visa","Active","Indian Oil","Fuel","Bengaluru","Online",39093.23,"Success"
635,"2025-03-14 22:10:37",120,"Nidhi Agarwal",100100000119,120,"Debit","RuPay","Active","Swiggy","Food","Lucknow","POS",20402.42,"Success"
636,"2025-03-14 05:35:55",84,"Karan Patel",100100000083,84,"Debit","Visa","Active","Myntra","Fashion","Noida","Online",36477.69,"Success"
637,"2025-11-20 12:53:19",57,"Divya Chauhan",100100000056,57,"Debit","Visa","Active","PVR Cinemas","Entertainment","Chennai","Online",27308.34,"Success"
638,"2023-09-05 08:08:53",50,"Suresh Chauhan",100100000218,219,"Debit","Visa","Active","Apollo Pharmacy","Healthcare","Bengaluru","Online",28575.09,"Reversed"
639,"2025-03-10 22:44:08",107,"Nitin Chauhan",100100000106,107,"Debit","RuPay","Active","Big Bazaar","Grocery","Delhi","Online",103.19,"Failed"
640,"2025-03-17 11:12:17",2,"Neha Gupta",100100000001,2,"Debit","Visa","Active","HP Petrol Pump","Fuel","Bengaluru","Contactless",46309.36,"Success"
641,"2023-11-19 02:27:20",68,"Vikas Patel",100100000067,68,"Debit","Visa","Active","SBI ATM","ATM","Chennai","ATM",18722.89,"Success"
642,"2022-09-23 13:15:02",171,"Vikas Patel",100100000263,264,"Credit","MasterCard","Expired","HP Petrol Pump","Fuel","Jaipur","POS",13124.57,"Success"
643,"2023-10-10 02:02:29",141,"Rohit Patel",100100000140,141,"Debit","Visa","Active","Big Bazaar","Grocery","Noida","Online",48176.75,"Reversed"
644,"2022-06-30 10:34:27",79,"Vikas Agarwal",100100000078,79,"Debit","Visa","Active","Reliance Fresh","Grocery","Delhi","Contactless",45878.96,"Success"
645,"2022-05-23 03:33:40",191,"Asha Sharma",100100000265,266,"Credit","Visa","Active","Indian Oil","Fuel","Noida","Online",15199.05,"Success"
646,"2023-01-12 09:56:55",185,"Rahul Kumar",100100000207,208,"Debit","RuPay","Active","Zomato","Food","Ahmedabad","Online",46840.30,"Success"
647,"2024-05-08 22:17:16",66,"Harsh Sinha",100100000065,66,"Debit","Visa","Active","IRCTC","Travel","Noida","Online",30438.99,"Failed"
648,"2022-02-14 21:43:31",50,"Suresh Chauhan",100100000049,50,"Debit","Visa","Lost","Reliance Fresh","Grocery","Jaipur","Contactless",40181.08,"Success"
649,"2026-03-06 03:25:15",133,"Priya Patel",100100000132,133,"Debit","RuPay","Active","Lifestyle","Fashion","Noida","POS",26108.36,"Failed"
650,"2024-01-05 22:56:10",68,"Vikas Patel",100100000067,68,"Debit","Visa","Active","Indian Oil","Fuel","Mumbai","Contactless",39168.58,"Success"
651,"2024-10-16 08:45:40",198,"Suresh Singh",100100000235,236,"Credit","MasterCard","Active","Reliance Fresh","Grocery","Hyderabad","Online",42650.55,"Success"
652,"2022-06-19 03:42:34",4,"Ankit Chauhan",100100000003,4,"Debit","Visa","Active","Lifestyle","Fashion","Bengaluru","Contactless",13141.11,"Success"
653,"2026-03-19 12:22:51",60,"Rahul Sinha",100100000059,60,"Debit","Visa","Active","Starbucks","Cafe","Chennai","Online",8628.52,"Success"
654,"2023-01-25 20:54:37",187,"Karan Chauhan",100100000186,187,"Debit","RuPay","Active","Starbucks","Cafe","Lucknow","Contactless",46904.98,"Success"
655,"2022-03-21 08:14:39",26,"Rahul Patel",100100000025,26,"Debit","RuPay","Lost","Starbucks","Cafe","Ahmedabad","Online",26238.70,"Success"
656,"2022-04-19 19:53:36",107,"Nitin Chauhan",100100000209,210,"Debit","Visa","Active","Starbucks","Cafe","Ahmedabad","Online",17978.05,"Success"
657,"2026-03-24 18:15:16",77,"Anjali Mishra",100100000237,238,"Credit","Visa","Active","Swiggy","Food","Gurugram","Contactless",41503.19,"Success"
658,"2024-10-14 19:59:09",126,"Rahul Kumar",100100000125,126,"Debit","Visa","Active","Zomato","Food","Bengaluru","Online",32069.65,"Success"
659,"2023-11-01 17:07:24",132,"Karan Chauhan",100100000131,132,"Debit","RuPay","Active","Lifestyle","Fashion","Mumbai","POS",12865.75,"Success"
660,"2024-05-20 01:47:45",10,"Divya Patel",100100000009,10,"Debit","RuPay","Active","Swiggy","Food","Hyderabad","Contactless",41703.82,"Success"
661,"2026-02-27 09:57:57",180,"Divya Mishra",100100000179,180,"Debit","RuPay","Active","Apollo Pharmacy","Healthcare","Kolkata","Online",39519.40,"Success"
662,"2024-02-22 18:52:48",114,"Harsh Reddy",100100000113,114,"Debit","Visa","Active","PVR Cinemas","Entertainment","Jaipur","POS",25004.53,"Failed"
663,"2023-12-19 08:58:43",3,"Amit Kumar",100100000240,241,"Credit","MasterCard","Active","IRCTC","Travel","Jaipur","Online",12667.07,"Success"
664,"2024-06-01 06:49:36",193,"Vikas Verma",100100000203,204,"Debit","RuPay","Active","Lifestyle","Fashion","Hyderabad","Contactless",7798.67,"Success"
665,"2025-02-07 05:27:15",72,"Anjali Singh",100100000071,72,"Debit","RuPay","Lost","Swiggy","Food","Hyderabad","Contactless",41011.58,"Success"
666,"2023-10-24 19:34:44",182,"Komal Gupta",100100000255,256,"Credit","MasterCard","Active","HP Petrol Pump","Fuel","Jaipur","Contactless",48249.10,"Success"
667,"2024-03-06 04:22:11",30,"Vikas Gupta",100100000029,30,"Debit","Visa","Active","SBI ATM","ATM","Gurugram","ATM",33278.28,"Success"
668,"2022-11-02 19:43:04",176,"Rohit Sharma",100100000175,176,"Debit","RuPay","Active","Lifestyle","Fashion","Pune","POS",49982.76,"Success"
669,"2024-06-10 02:11:17",116,"Riya Sinha",100100000115,116,"Debit","RuPay","Active","Reliance Digital","Electronics","Bengaluru","Contactless",33327.87,"Success"
670,"2024-10-22 19:25:06",159,"Kavita Singh",100100000158,159,"Debit","Visa","Active","Amazon India","Shopping","Jaipur","POS",47677.56,"Success"
671,"2023-06-29 23:38:15",200,"Harsh Mishra",100100000225,226,"Credit","Visa","Active","Reliance Digital","Electronics","Mumbai","POS",36565.18,"Success"
672,"2024-06-07 03:57:44",182,"Komal Gupta",100100000255,256,"Credit","MasterCard","Active","HP Petrol Pump","Fuel","Pune","Online",13609.35,"Success"
673,"2023-02-27 14:32:14",177,"Riya Verma",100100000176,177,"Debit","RuPay","Blocked","Lifestyle","Fashion","Mumbai","Online",41973.18,"Success"
674,"2022-07-20 07:00:18",193,"Vikas Verma",100100000203,204,"Debit","RuPay","Active","Apollo Pharmacy","Healthcare","Hyderabad","Contactless",41200.45,"Success"
675,"2022-09-17 08:40:53",168,"Meena Gupta",100100000167,168,"Debit","Visa","Active","Big Bazaar","Grocery","Bengaluru","POS",31994.97,"Success"
676,"2026-04-02 16:49:42",31,"Suresh Verma",100100000030,31,"Debit","Visa","Active","Croma","Electronics","Mumbai","POS",9637.80,"Failed"
677,"2023-08-18 09:21:26",35,"Ankit Gupta",100100000034,35,"Debit","Visa","Active","Zomato","Food","Chennai","POS",14231.74,"Success"
678,"2022-08-04 11:35:00",18,"Vivek Verma",100100000017,18,"Debit","Visa","Lost","Zomato","Food","Jaipur","POS",46119.86,"Reversed"
679,"2025-04-27 06:20:03",196,"Manish Chauhan",100100000195,196,"Debit","Visa","Active","Zomato","Food","Ahmedabad","POS",33929.70,"Success"
680,"2022-03-08 04:25:21",149,"Anjali Mishra",100100000148,149,"Debit","RuPay","Active","Starbucks","Cafe","Chennai","POS",18035.03,"Success"
681,"2025-06-08 16:34:21",77,"Anjali Mishra",100100000243,244,"Credit","Visa","Active","Big Bazaar","Grocery","Ahmedabad","Online",39515.08,"Success"
682,"2026-05-18 16:58:15",189,"Rajesh Pandey",100100000254,255,"Credit","MasterCard","Active","HP Petrol Pump","Fuel","Kolkata","Online",24044.50,"Success"
683,"2022-04-10 08:17:22",147,"Nitin Jain",100100000146,147,"Debit","RuPay","Lost","Apollo Pharmacy","Healthcare","Hyderabad","POS",39838.17,"Success"
684,"2023-07-06 04:04:30",144,"Rahul Mishra",100100000143,144,"Debit","RuPay","Active","HP Petrol Pump","Fuel","Pune","Online",18584.73,"Success"
685,"2024-02-22 15:20:40",77,"Anjali Mishra",100100000237,238,"Credit","Visa","Active","Amazon India","Shopping","Hyderabad","POS",27468.18,"Success"
686,"2025-07-16 00:46:38",79,"Vikas Agarwal",100100000078,79,"Debit","Visa","Active","IRCTC","Travel","Pune","Online",42526.04,"Success"
687,"2023-05-17 11:35:19",50,"Suresh Chauhan",100100000251,252,"Credit","MasterCard","Active","HP Petrol Pump","Fuel","Hyderabad","POS",16654.96,"Success"
688,"2022-07-18 18:26:53",86,"Komal Verma",100100000085,86,"Debit","Visa","Active","Apollo Pharmacy","Healthcare","Kolkata","Contactless",24063.73,"Reversed"
689,"2024-03-13 12:55:34",5,"Amit Reddy",100100000004,5,"Debit","Visa","Active","PVR Cinemas","Entertainment","Mumbai","POS",26542.36,"Success"
690,"2023-06-28 08:37:42",143,"Rohit Mishra",100100000277,278,"Credit","Visa","Active","IRCTC","Travel","Delhi","POS",10595.20,"Success"
691,"2023-04-01 02:43:07",113,"Manish Yadav",100100000112,113,"Debit","Visa","Active","SBI ATM","ATM","Gurugram","ATM",26625.54,"Success"
692,"2022-05-08 04:58:36",198,"Suresh Singh",100100000235,236,"Credit","MasterCard","Active","Amazon India","Shopping","Mumbai","Contactless",31514.29,"Success"
693,"2024-08-16 21:13:32",110,"Rajesh Gupta",100100000109,110,"Debit","Visa","Active","SBI ATM","ATM","Ahmedabad","ATM",2860.78,"Success"
694,"2024-07-07 07:54:05",126,"Rahul Kumar",100100000125,126,"Debit","Visa","Active","IRCTC","Travel","Kolkata","Online",15848.85,"Success"
695,"2024-05-03 01:08:26",184,"Asha Singh",100100000183,184,"Debit","Visa","Active","Amazon India","Shopping","Bengaluru","Online",2234.30,"Success"
696,"2025-08-16 04:23:13",109,"Kavita Jain",100100000108,109,"Debit","Visa","Active","Indian Oil","Fuel","Delhi","POS",22323.26,"Success"
697,"2022-03-31 12:12:59",118,"Sneha Singh",100100000117,118,"Debit","RuPay","Active","Flipkart","Shopping","Pune","POS",35868.11,"Success"
698,"2022-08-23 08:58:41",169,"Rahul Pandey",100100000168,169,"Debit","RuPay","Active","Indian Oil","Fuel","Lucknow","Online",24007.88,"Success"
699,"2022-01-12 07:05:37",86,"Komal Verma",100100000085,86,"Debit","Visa","Active","Big Bazaar","Grocery","Ahmedabad","Online",11036.04,"Failed"
700,"2024-06-04 00:24:26",188,"Nitin Jain",100100000187,188,"Debit","Visa","Active","Lifestyle","Fashion","Delhi","Online",41361.34,"Success"
701,"2023-10-24 17:38:40",51,"Rohit Yadav",100100000206,207,"Debit","RuPay","Active","Croma","Electronics","Delhi","POS",5705.52,"Success"
702,"2022-08-25 05:29:33",185,"Rahul Kumar",100100000184,185,"Debit","RuPay","Expired","Dominos","Food","Chennai","POS",6133.52,"Success"
703,"2023-09-23 09:57:12",192,"Deepak Reddy",100100000191,192,"Debit","Visa","Active","Swiggy","Food","Noida","Online",30503.65,"Success"
704,"2023-01-01 19:47:57",116,"Riya Sinha",100100000201,202,"Debit","RuPay","Expired","DMart","Grocery","Hyderabad","Contactless",715.13,"Success"
705,"2023-11-28 13:29:21",69,"Ritu Pandey",100100000068,69,"Debit","Visa","Active","Amazon India","Shopping","Gurugram","POS",30503.80,"Success"
706,"2022-11-23 20:48:07",178,"Arjun Kumar",100100000227,228,"Credit","Visa","Active","PVR Cinemas","Entertainment","Jaipur","Online",5029.42,"Success"
707,"2024-01-08 05:52:07",159,"Kavita Singh",100100000158,159,"Debit","Visa","Active","Myntra","Fashion","Hyderabad","Online",15886.60,"Success"
708,"2025-01-17 02:23:05",33,"Deepak Jain",100100000210,211,"Debit","RuPay","Active","Myntra","Fashion","Ahmedabad","Contactless",21600.85,"Success"
709,"2023-06-27 16:05:55",191,"Asha Sharma",100100000190,191,"Debit","RuPay","Active","Dominos","Food","Jaipur","Online",28704.78,"Success"
710,"2026-03-03 05:21:11",113,"Manish Yadav",100100000112,113,"Debit","Visa","Active","Swiggy","Food","Hyderabad","POS",44022.06,"Success"
711,"2023-11-09 03:07:05",42,"Pooja Gupta",100100000041,42,"Debit","RuPay","Active","Starbucks","Cafe","Pune","Contactless",20214.39,"Reversed"
712,"2025-01-23 17:00:04",9,"Rohit Chauhan",100100000008,9,"Debit","RuPay","Active","Dominos","Food","Hyderabad","POS",40796.70,"Success"
713,"2023-11-07 12:23:44",189,"Rajesh Pandey",100100000188,189,"Debit","RuPay","Lost","Starbucks","Cafe","Noida","Contactless",46156.53,"Success"
714,"2024-07-06 16:52:07",116,"Riya Sinha",100100000201,202,"Debit","RuPay","Expired","Starbucks","Cafe","Mumbai","Contactless",26071.83,"Success"
715,"2024-07-26 22:24:52",107,"Nitin Chauhan",100100000209,210,"Debit","Visa","Active","HP Petrol Pump","Fuel","Noida","POS",14714.19,"Success"
716,"2026-05-07 00:01:30",49,"Amit Sinha",100100000048,49,"Debit","Visa","Blocked","BookMyShow","Entertainment","Mumbai","POS",27738.33,"Success"
717,"2024-05-13 13:25:49",157,"Meena Mishra",100100000156,157,"Debit","RuPay","Active","DMart","Grocery","Bengaluru","POS",34529.46,"Success"
718,"2024-11-20 18:52:56",193,"Vikas Verma",100100000242,243,"Credit","MasterCard","Active","Flipkart","Shopping","Kolkata","POS",23483.41,"Success"
719,"2025-08-30 10:34:37",170,"Manish Verma",100100000169,170,"Debit","Visa","Active","Flipkart","Shopping","Kolkata","Online",47421.71,"Success"
720,"2025-12-19 16:07:25",40,"Sneha Nair",100100000039,40,"Debit","Visa","Expired","Myntra","Fashion","Mumbai","Contactless",29912.13,"Failed"
721,"2025-01-27 21:55:08",144,"Rahul Mishra",100100000143,144,"Debit","RuPay","Active","IRCTC","Travel","Noida","POS",1031.55,"Success"
722,"2025-11-14 18:50:58",163,"Anjali Gupta",100100000162,163,"Debit","Visa","Active","PVR Cinemas","Entertainment","Delhi","Online",47219.70,"Success"
723,"2024-08-15 12:15:54",193,"Vikas Verma",100100000242,243,"Credit","MasterCard","Active","Swiggy","Food","Kolkata","Contactless",4084.45,"Success"
724,"2026-01-19 09:00:02",171,"Vikas Patel",100100000263,264,"Credit","MasterCard","Expired","Flipkart","Shopping","Gurugram","Contactless",15240.94,"Success"
725,"2025-07-22 09:56:51",82,"Meena Gupta",100100000081,82,"Debit","RuPay","Active","Myntra","Fashion","Delhi","Contactless",8728.47,"Success"
726,"2022-05-30 11:21:03",151,"Pooja Patel",100100000150,151,"Debit","RuPay","Active","Flipkart","Shopping","Ahmedabad","Contactless",35038.84,"Success"
727,"2023-08-01 16:43:34",82,"Meena Gupta",100100000202,203,"Debit","Visa","Active","Starbucks","Cafe","Ahmedabad","POS",6887.86,"Success"
728,"2025-07-01 09:13:57",68,"Vikas Patel",100100000067,68,"Debit","Visa","Active","Croma","Electronics","Kolkata","Online",1475.56,"Success"
729,"2022-07-24 10:27:55",1,"Vivek Yadav",100100000000,1,"Debit","Visa","Active","HP Petrol Pump","Fuel","Chennai","Online",18659.64,"Success"
730,"2025-03-22 17:05:19",20,"Karan Sinha",100100000019,20,"Debit","Visa","Blocked","Lifestyle","Fashion","Gurugram","Contactless",32274.74,"Success"
731,"2023-01-19 09:32:05",107,"Nitin Chauhan",100100000106,107,"Debit","RuPay","Active","Indian Oil","Fuel","Ahmedabad","Contactless",9508.15,"Success"
732,"2024-07-31 14:43:30",114,"Harsh Reddy",100100000113,114,"Debit","Visa","Active","Amazon India","Shopping","Lucknow","Contactless",20265.76,"Success"
733,"2022-08-26 10:11:53",33,"Deepak Jain",100100000210,211,"Debit","RuPay","Active","Croma","Electronics","Pune","POS",11621.56,"Success"
734,"2024-06-20 22:10:14",104,"Harsh Pandey",100100000103,104,"Debit","RuPay","Active","Starbucks","Cafe","Chennai","Online",43057.14,"Success"
735,"2023-03-12 14:08:59",112,"Mohit Mishra",100100000111,112,"Debit","Visa","Active","Flipkart","Shopping","Noida","POS",23584.48,"Success"
736,"2023-05-07 13:08:40",47,"Priya Sharma",100100000219,220,"Debit","Visa","Active","Starbucks","Cafe","Gurugram","Contactless",20980.61,"Success"
737,"2025-07-25 21:56:42",118,"Sneha Singh",100100000117,118,"Debit","RuPay","Active","Zomato","Food","Noida","Contactless",12529.38,"Success"
738,"2024-01-24 00:37:27",115,"Nidhi Agarwal",100100000114,115,"Debit","RuPay","Lost","Reliance Fresh","Grocery","Hyderabad","POS",2819.59,"Success"
739,"2025-11-08 18:26:44",143,"Rohit Mishra",100100000252,253,"Credit","MasterCard","Active","Myntra","Fashion","Lucknow","POS",37492.36,"Success"
740,"2025-08-14 14:48:22",36,"Sakshi Agarwal",100100000035,36,"Debit","Visa","Active","Amazon India","Shopping","Gurugram","Online",9359.08,"Failed"
741,"2023-09-25 14:43:25",124,"Asha Sinha",100100000214,215,"Debit","Visa","Active","Indian Oil","Fuel","Ahmedabad","POS",27801.49,"Success"
742,"2025-11-07 04:12:59",95,"Rahul Kumar",100100000094,95,"Debit","Visa","Blocked","Zomato","Food","Lucknow","Online",22109.19,"Success"
743,"2022-09-22 20:34:57",61,"Sakshi Pandey",100100000060,61,"Debit","Visa","Active","Croma","Electronics","Mumbai","Contactless",26016.98,"Success"
744,"2023-12-03 19:11:04",62,"Ritu Yadav",100100000061,62,"Debit","Visa","Active","Croma","Electronics","Lucknow","Contactless",42776.16,"Success"
745,"2025-01-02 12:11:22",18,"Vivek Verma",100100000239,240,"Credit","Visa","Active","Lifestyle","Fashion","Ahmedabad","POS",7840.08,"Success"
746,"2022-02-24 03:42:00",3,"Amit Kumar",100100000002,3,"Debit","RuPay","Active","Reliance Fresh","Grocery","Ahmedabad","Contactless",30240.26,"Success"
747,"2022-08-15 14:26:48",60,"Rahul Sinha",100100000059,60,"Debit","Visa","Active","Indian Oil","Fuel","Jaipur","POS",49820.38,"Success"
748,"2025-03-13 05:38:12",40,"Sneha Nair",100100000039,40,"Debit","Visa","Expired","Lifestyle","Fashion","Gurugram","POS",40941.46,"Success"
749,"2024-03-22 08:54:39",134,"Nitin Sharma",100100000200,201,"Debit","RuPay","Active","Croma","Electronics","Mumbai","Contactless",7536.54,"Success"
750,"2025-03-15 07:52:08",36,"Sakshi Agarwal",100100000035,36,"Debit","Visa","Active","Starbucks","Cafe","Noida","Online",26789.76,"Success"
751,"2023-12-14 01:21:44",37,"Neha Pandey",100100000036,37,"Debit","RuPay","Active","Croma","Electronics","Lucknow","POS",48015.90,"Success"
752,"2026-04-01 07:25:38",174,"Meena Verma",100100000173,174,"Debit","RuPay","Active","Amazon India","Shopping","Bengaluru","Online",7142.32,"Success"
753,"2024-08-01 17:54:39",18,"Vivek Verma",100100000017,18,"Debit","Visa","Lost","HP Petrol Pump","Fuel","Lucknow","POS",36377.48,"Success"
754,"2022-01-03 14:07:17",152,"Mohit Mishra",100100000151,152,"Debit","Visa","Active","SBI ATM","ATM","Hyderabad","ATM",39769.39,"Success"
755,"2026-01-04 20:09:06",165,"Riya Kumar",100100000164,165,"Debit","RuPay","Active","Reliance Fresh","Grocery","Noida","Online",47174.10,"Success"
756,"2025-11-12 01:32:49",87,"Rajesh Agarwal",100100000086,87,"Debit","RuPay","Active","Reliance Digital","Electronics","Mumbai","Online",47929.55,"Success"
757,"2023-01-19 08:11:26",62,"Ritu Yadav",100100000061,62,"Debit","Visa","Active","Croma","Electronics","Ahmedabad","Online",21865.89,"Success"
758,"2024-10-26 18:06:32",24,"Riya Patel",100100000023,24,"Debit","Visa","Active","Indian Oil","Fuel","Bengaluru","Contactless",2489.93,"Success"
759,"2023-03-04 04:40:41",179,"Ritu Mishra",100100000260,261,"Credit","MasterCard","Active","Dominos","Food","Bengaluru","POS",39054.75,"Success"
760,"2025-05-10 01:21:35",33,"Deepak Jain",100100000210,211,"Debit","RuPay","Active","Starbucks","Cafe","Jaipur","POS",38198.21,"Success"
761,"2023-06-27 18:46:22",190,"Divya Kumar",100100000189,190,"Debit","Visa","Active","Swiggy","Food","Gurugram","Contactless",33104.07,"Success"
762,"2022-11-16 16:53:34",11,"Komal Pandey",100100000010,11,"Debit","Visa","Active","PVR Cinemas","Entertainment","Hyderabad","Contactless",38090.05,"Success"
763,"2022-12-29 10:28:20",54,"Meena Singh",100100000269,270,"Credit","MasterCard","Active","Dominos","Food","Mumbai","Online",22195.87,"Success"
764,"2025-07-31 14:29:02",102,"Asha Sinha",100100000268,269,"Credit","Visa","Active","DMart","Grocery","Mumbai","POS",29078.50,"Success"
765,"2022-09-04 06:39:07",188,"Nitin Jain",100100000266,267,"Credit","MasterCard","Active","BookMyShow","Entertainment","Noida","Online",27527.47,"Success"
766,"2025-04-06 01:54:06",176,"Rohit Sharma",100100000213,214,"Debit","Visa","Active","BookMyShow","Entertainment","Delhi","Online",14657.78,"Success"
767,"2025-04-22 22:31:17",61,"Sakshi Pandey",100100000224,225,"Credit","MasterCard","Active","HP Petrol Pump","Fuel","Gurugram","POS",14524.30,"Success"
768,"2025-08-07 06:46:54",170,"Manish Verma",100100000271,272,"Credit","Visa","Active","Flipkart","Shopping","Pune","Online",5292.45,"Success"
769,"2025-01-24 07:16:25",61,"Sakshi Pandey",100100000060,61,"Debit","Visa","Active","Reliance Digital","Electronics","Ahmedabad","Online",23094.22,"Success"
770,"2023-03-22 05:55:54",190,"Divya Kumar",100100000189,190,"Debit","Visa","Active","Myntra","Fashion","Gurugram","POS",43862.91,"Success"
771,"2022-09-22 07:52:43",115,"Nidhi Agarwal",100100000233,234,"Credit","Visa","Active","Reliance Digital","Electronics","Bengaluru","POS",31168.14,"Success"
772,"2022-05-05 07:56:16",94,"Shreya Mishra",100100000093,94,"Debit","Visa","Active","IRCTC","Travel","Ahmedabad","Online",10999.55,"Success"
773,"2026-05-20 03:00:38",200,"Harsh Mishra",100100000199,200,"Debit","RuPay","Active","Reliance Digital","Electronics","Noida","POS",23519.61,"Failed"
774,"2023-03-21 08:04:24",191,"Asha Sharma",100100000265,266,"Credit","Visa","Active","HP Petrol Pump","Fuel","Kolkata","POS",29014.37,"Success"
775,"2024-05-11 08:12:12",183,"Neha Nair",100100000244,245,"Credit","MasterCard","Active","Swiggy","Food","Chennai","Online",31183.82,"Success"
776,"2024-04-03 14:03:23",77,"Anjali Mishra",100100000243,244,"Credit","Visa","Active","Starbucks","Cafe","Gurugram","Contactless",26468.05,"Success"
777,"2025-11-30 21:03:34",131,"Divya Yadav",100100000258,259,"Credit","Visa","Active","Apollo Pharmacy","Healthcare","Kolkata","Contactless",40662.88,"Reversed"
778,"2022-06-26 19:37:52",46,"Priya Mishra",100100000045,46,"Debit","RuPay","Active","Dominos","Food","Kolkata","Contactless",40821.12,"Success"
779,"2023-07-26 21:52:03",137,"Priya Pandey",100100000246,247,"Credit","MasterCard","Active","Amazon India","Shopping","Noida","Contactless",26551.34,"Failed"
780,"2023-08-26 19:10:24",189,"Rajesh Pandey",100100000254,255,"Credit","MasterCard","Active","Indian Oil","Fuel","Hyderabad","Online",46000.69,"Success"
781,"2023-09-17 13:44:09",94,"Shreya Mishra",100100000093,94,"Debit","Visa","Active","DMart","Grocery","Mumbai","Online",22362.49,"Failed"
782,"2025-09-16 22:22:01",109,"Kavita Jain",100100000108,109,"Debit","Visa","Active","PVR Cinemas","Entertainment","Delhi","Contactless",23852.99,"Success"
783,"2022-05-29 09:08:25",191,"Asha Sharma",100100000190,191,"Debit","RuPay","Active","Reliance Fresh","Grocery","Jaipur","Online",25914.48,"Success"
784,"2024-03-16 07:29:41",50,"Suresh Chauhan",100100000049,50,"Debit","Visa","Lost","Dominos","Food","Jaipur","Online",16216.11,"Success"
785,"2022-06-16 00:18:53",92,"Ritu Chauhan",100100000091,92,"Debit","Visa","Active","BookMyShow","Entertainment","Mumbai","POS",24237.77,"Success"
786,"2026-04-07 04:10:56",129,"Priya Gupta",100100000128,129,"Debit","Visa","Active","Croma","Electronics","Jaipur","Online",4079.48,"Success"
787,"2025-08-10 11:48:59",149,"Anjali Mishra",100100000270,271,"Credit","MasterCard","Active","Reliance Digital","Electronics","Lucknow","Online",2658.38,"Success"
788,"2024-10-12 18:32:45",193,"Vikas Verma",100100000242,243,"Credit","MasterCard","Active","Lifestyle","Fashion","Bengaluru","Online",34152.16,"Success"
789,"2024-12-30 12:53:13",97,"Riya Kumar",100100000096,97,"Debit","RuPay","Active","HP Petrol Pump","Fuel","Chennai","POS",45142.18,"Success"
790,"2025-07-09 02:57:32",104,"Harsh Pandey",100100000103,104,"Debit","RuPay","Active","DMart","Grocery","Jaipur","Contactless",21506.23,"Success"
791,"2022-04-17 23:38:21",77,"Anjali Mishra",100100000076,77,"Debit","Visa","Active","Reliance Digital","Electronics","Gurugram","Online",19805.27,"Success"
792,"2022-10-29 15:10:41",46,"Priya Mishra",100100000222,223,"Credit","Visa","Active","HP Petrol Pump","Fuel","Jaipur","Online",28953.78,"Success"
793,"2023-03-16 06:23:09",168,"Meena Gupta",100100000167,168,"Debit","Visa","Active","HP Petrol Pump","Fuel","Kolkata","Online",35220.45,"Success"
794,"2026-03-14 19:36:45",179,"Ritu Mishra",100100000260,261,"Credit","MasterCard","Active","Myntra","Fashion","Noida","Contactless",48487.68,"Success"
795,"2022-12-14 22:57:07",54,"Meena Singh",100100000053,54,"Debit","RuPay","Active","Myntra","Fashion","Chennai","Online",33794.96,"Success"
796,"2025-02-05 20:49:48",191,"Asha Sharma",100100000248,249,"Credit","Visa","Active","Dominos","Food","Mumbai","POS",26538.73,"Success"
797,"2026-03-31 09:21:47",32,"Ankit Reddy",100100000031,32,"Debit","Visa","Active","Dominos","Food","Chennai","POS",49328.30,"Success"
798,"2024-03-15 03:46:20",189,"Rajesh Pandey",100100000254,255,"Credit","MasterCard","Active","Indian Oil","Fuel","Hyderabad","POS",4595.73,"Success"
799,"2024-06-22 08:55:53",63,"Rajesh Kumar",100100000062,63,"Debit","RuPay","Active","Croma","Electronics","Pune","Online",40909.31,"Success"
800,"2026-04-30 09:09:25",141,"Rohit Patel",100100000140,141,"Debit","Visa","Active","DMart","Grocery","Jaipur","Contactless",42573.17,"Success"
801,"2025-04-27 01:21:58",41,"Vivek Patel",100100000040,41,"Debit","Visa","Active","Croma","Electronics","Hyderabad","Online",983.82,"Success"
802,"2022-05-07 01:38:09",116,"Riya Sinha",100100000115,116,"Debit","RuPay","Active","Reliance Fresh","Grocery","Hyderabad","Contactless",31462.74,"Success"
803,"2022-12-22 06:20:36",19,"Vikas Yadav",100100000018,19,"Debit","Visa","Active","Reliance Digital","Electronics","Lucknow","Contactless",34116.26,"Success"
804,"2025-10-10 07:14:43",179,"Ritu Mishra",100100000178,179,"Debit","Visa","Active","Reliance Digital","Electronics","Pune","POS",16770.77,"Success"
805,"2023-12-30 02:29:17",3,"Amit Kumar",100100000240,241,"Credit","MasterCard","Active","Reliance Fresh","Grocery","Pune","Contactless",40995.08,"Success"
806,"2023-02-25 09:02:28",24,"Riya Patel",100100000023,24,"Debit","Visa","Active","Lifestyle","Fashion","Delhi","POS",28072.93,"Success"
807,"2026-04-18 17:16:02",97,"Riya Kumar",100100000096,97,"Debit","RuPay","Active","Reliance Fresh","Grocery","Delhi","POS",48091.27,"Success"
808,"2022-07-14 20:45:12",80,"Arjun Patel",100100000079,80,"Debit","Visa","Active","Lifestyle","Fashion","Kolkata","POS",12954.71,"Success"
809,"2025-03-26 23:25:21",75,"Neha Chauhan",100100000250,251,"Credit","Visa","Active","Dominos","Food","Ahmedabad","Contactless",6242.97,"Success"
810,"2023-10-28 00:01:51",5,"Amit Reddy",100100000234,235,"Credit","MasterCard","Active","Flipkart","Shopping","Jaipur","Online",47850.03,"Success"
811,"2022-11-20 08:21:25",191,"Asha Sharma",100100000248,249,"Credit","Visa","Active","Indian Oil","Fuel","Bengaluru","POS",1808.06,"Success"
812,"2022-10-18 11:14:45",54,"Meena Singh",100100000269,270,"Credit","MasterCard","Active","Swiggy","Food","Bengaluru","Contactless",21400.20,"Success"
813,"2022-07-21 14:54:31",182,"Komal Gupta",100100000255,256,"Credit","MasterCard","Active","IRCTC","Travel","Hyderabad","Contactless",8503.42,"Success"
814,"2025-03-26 05:12:23",43,"Shreya Singh",100100000042,43,"Debit","RuPay","Active","Reliance Digital","Electronics","Pune","Online",41879.42,"Success"
815,"2025-11-11 16:14:03",188,"Nitin Jain",100100000266,267,"Credit","MasterCard","Active","Croma","Electronics","Ahmedabad","Online",28036.74,"Success"
816,"2022-12-06 03:51:54",178,"Arjun Kumar",100100000208,209,"Debit","RuPay","Active","Swiggy","Food","Noida","Online",36974.93,"Success"
817,"2023-07-03 16:41:15",89,"Rahul Kumar",100100000088,89,"Debit","RuPay","Active","PVR Cinemas","Entertainment","Ahmedabad","POS",45763.40,"Success"
818,"2026-07-06 01:17:05",3,"Amit Kumar",100100000002,3,"Debit","RuPay","Active","Starbucks","Cafe","Mumbai","Online",28112.73,"Success"
819,"2025-08-19 09:57:13",75,"Neha Chauhan",100100000250,251,"Credit","Visa","Active","PVR Cinemas","Entertainment","Pune","POS",6920.70,"Failed"
820,"2023-04-16 15:24:45",48,"Divya Yadav",100100000047,48,"Debit","RuPay","Active","Lifestyle","Fashion","Kolkata","Online",31819.82,"Success"
821,"2026-01-18 02:17:32",146,"Manish Agarwal",100100000231,232,"Credit","MasterCard","Active","BookMyShow","Entertainment","Mumbai","POS",35061.91,"Success"
822,"2024-05-09 10:21:08",111,"Shreya Singh",100100000204,205,"Debit","RuPay","Active","PVR Cinemas","Entertainment","Mumbai","POS",33030.57,"Success"
823,"2024-11-09 03:44:54",145,"Nidhi Nair",100100000144,145,"Debit","Visa","Active","BookMyShow","Entertainment","Pune","Contactless",38237.90,"Success"
824,"2022-05-16 02:58:30",30,"Vikas Gupta",100100000029,30,"Debit","Visa","Active","Apollo Pharmacy","Healthcare","Hyderabad","Contactless",45531.64,"Success"
825,"2026-02-11 02:35:45",144,"Rahul Mishra",100100000143,144,"Debit","RuPay","Active","Reliance Digital","Electronics","Jaipur","POS",43518.96,"Success"
826,"2022-01-09 12:43:04",184,"Asha Singh",100100000183,184,"Debit","Visa","Active","Amazon India","Shopping","Hyderabad","POS",3305.48,"Success"
827,"2022-05-23 07:48:10",73,"Karan Yadav",100100000072,73,"Debit","Visa","Active","Dominos","Food","Pune","Online",3102.37,"Success"
828,"2023-05-05 07:32:50",192,"Deepak Reddy",100100000228,229,"Credit","Visa","Active","Indian Oil","Fuel","Mumbai","POS",8431.87,"Success"
829,"2022-12-10 07:26:26",194,"Harsh Agarwal",100100000257,258,"Credit","Visa","Active","HP Petrol Pump","Fuel","Pune","Online",17683.74,"Success"
830,"2024-04-09 15:45:57",15,"Riya Yadav",100100000014,15,"Debit","RuPay","Active","DMart","Grocery","Gurugram","Online",4350.91,"Success"
831,"2023-07-04 22:58:47",154,"Vikas Sharma",100100000153,154,"Debit","Visa","Active","Reliance Fresh","Grocery","Chennai","POS",17309.91,"Success"
832,"2023-03-25 14:29:10",101,"Rohit Yadav",100100000100,101,"Debit","Visa","Active","Starbucks","Cafe","Jaipur","Contactless",42930.93,"Success"
833,"2022-09-05 19:40:51",12,"Vivek Mishra",100100000011,12,"Debit","Visa","Active","Lifestyle","Fashion","Ahmedabad","Online",41511.05,"Success"
834,"2025-10-08 01:59:40",189,"Rajesh Pandey",100100000188,189,"Debit","RuPay","Lost","Starbucks","Cafe","Hyderabad","POS",42996.44,"Success"
835,"2026-06-15 02:58:51",118,"Sneha Singh",100100000117,118,"Debit","RuPay","Active","Swiggy","Food","Chennai","Contactless",19210.50,"Success"
836,"2024-07-14 07:45:20",69,"Ritu Pandey",100100000068,69,"Debit","Visa","Active","Apollo Pharmacy","Healthcare","Ahmedabad","POS",33257.70,"Success"
837,"2022-12-13 13:29:25",172,"Komal Patel",100100000171,172,"Debit","Visa","Active","BookMyShow","Entertainment","Jaipur","Online",36295.66,"Success"
838,"2026-04-06 00:09:13",94,"Shreya Mishra",100100000274,275,"Credit","MasterCard","Active","Dominos","Food","Hyderabad","Online",39420.01,"Success"
839,"2025-05-22 06:46:16",49,"Amit Sinha",100100000048,49,"Debit","Visa","Blocked","DMart","Grocery","Delhi","POS",41079.73,"Success"
840,"2022-01-08 22:24:27",142,"Rahul Sinha",100100000141,142,"Debit","Visa","Active","DMart","Grocery","Hyderabad","POS",28368.34,"Success"
841,"2024-04-14 17:04:18",193,"Vikas Verma",100100000242,243,"Credit","MasterCard","Active","Zomato","Food","Lucknow","Online",16840.91,"Success"
842,"2026-02-24 21:31:24",158,"Suresh Verma",100100000157,158,"Debit","Visa","Active","Apollo Pharmacy","Healthcare","Jaipur","POS",798.94,"Success"
843,"2025-10-07 10:48:36",194,"Harsh Agarwal",100100000193,194,"Debit","RuPay","Active","DMart","Grocery","Pune","POS",49333.90,"Reversed"
844,"2024-07-29 16:31:59",21,"Anjali Yadav",100100000020,21,"Debit","RuPay","Active","Reliance Fresh","Grocery","Jaipur","Online",42646.96,"Success"
845,"2025-03-30 06:42:42",171,"Vikas Patel",100100000263,264,"Credit","MasterCard","Expired","Zomato","Food","Delhi","Contactless",9934.19,"Success"
846,"2023-08-26 16:30:21",172,"Komal Patel",100100000171,172,"Debit","Visa","Active","SBI ATM","ATM","Noida","ATM",14144.79,"Success"
847,"2023-02-10 08:33:58",111,"Shreya Singh",100100000110,111,"Debit","Visa","Active","SBI ATM","ATM","Delhi","ATM",21084.76,"Success"
848,"2026-02-25 16:42:24",79,"Vikas Agarwal",100100000078,79,"Debit","Visa","Active","Dominos","Food","Pune","Contactless",40108.47,"Success"
849,"2024-10-07 19:45:39",53,"Arjun Jain",100100000052,53,"Debit","RuPay","Active","Zomato","Food","Gurugram","Contactless",47597.98,"Success"
850,"2023-03-08 14:39:59",118,"Sneha Singh",100100000117,118,"Debit","RuPay","Active","Amazon India","Shopping","Hyderabad","Contactless",31416.75,"Success"
851,"2025-06-12 17:42:39",68,"Vikas Patel",100100000067,68,"Debit","Visa","Active","Reliance Digital","Electronics","Kolkata","Online",43491.62,"Success"
852,"2025-06-03 22:11:35",38,"Neha Patel",100100000037,38,"Debit","RuPay","Active","SBI ATM","ATM","Chennai","ATM",45660.63,"Success"
853,"2025-10-08 19:10:31",170,"Manish Verma",100100000271,272,"Credit","Visa","Active","Reliance Digital","Electronics","Ahmedabad","Online",43875.25,"Success"
854,"2026-06-16 20:50:28",68,"Vikas Patel",100100000067,68,"Debit","Visa","Active","Starbucks","Cafe","Lucknow","POS",3084.67,"Success"
855,"2023-02-07 14:17:18",196,"Manish Chauhan",100100000236,237,"Credit","Visa","Active","Dominos","Food","Hyderabad","POS",36726.81,"Success"
856,"2025-08-20 04:31:19",119,"Meena Yadav",100100000118,119,"Debit","Visa","Active","Starbucks","Cafe","Hyderabad","Online",37528.76,"Success"
857,"2023-12-21 00:18:11",78,"Sneha Verma",100100000216,217,"Debit","Visa","Lost","Reliance Digital","Electronics","Chennai","Contactless",9062.10,"Success"
858,"2023-02-27 18:55:51",26,"Rahul Patel",100100000025,26,"Debit","RuPay","Lost","SBI ATM","ATM","Chennai","ATM",32693.25,"Success"
859,"2022-10-04 02:19:12",58,"Kavita Sharma",100100000057,58,"Debit","Visa","Active","Apollo Pharmacy","Healthcare","Gurugram","Contactless",15595.11,"Success"
860,"2023-04-14 10:28:01",189,"Rajesh Pandey",100100000188,189,"Debit","RuPay","Lost","IRCTC","Travel","Gurugram","Contactless",23974.06,"Reversed"
861,"2022-08-28 01:11:09",73,"Karan Yadav",100100000072,73,"Debit","Visa","Active","Starbucks","Cafe","Pune","Online",6074.67,"Success"
862,"2022-12-28 04:06:51",68,"Vikas Patel",100100000067,68,"Debit","Visa","Active","Amazon India","Shopping","Jaipur","POS",29841.08,"Success"
863,"2025-09-27 19:52:21",91,"Amit Chauhan",100100000090,91,"Debit","RuPay","Active","Reliance Fresh","Grocery","Gurugram","Online",47327.52,"Success"
864,"2023-01-19 21:20:13",194,"Harsh Agarwal",100100000193,194,"Debit","RuPay","Active","SBI ATM","ATM","Chennai","ATM",46274.35,"Success"
865,"2022-12-03 01:09:41",167,"Mohit Jain",100100000230,231,"Credit","Visa","Blocked","Big Bazaar","Grocery","Mumbai","POS",28171.23,"Success"
866,"2023-03-10 21:52:36",72,"Anjali Singh",100100000217,218,"Debit","Visa","Active","PVR Cinemas","Entertainment","Noida","Online",18792.21,"Success"
867,"2024-01-29 20:12:20",103,"Vikas Nair",100100000102,103,"Debit","Visa","Active","PVR Cinemas","Entertainment","Ahmedabad","Online",37943.80,"Success"
868,"2025-04-30 05:52:25",51,"Rohit Yadav",100100000206,207,"Debit","RuPay","Active","HP Petrol Pump","Fuel","Jaipur","Contactless",19981.96,"Success"
869,"2024-02-14 17:57:44",45,"Vikas Patel",100100000044,45,"Debit","RuPay","Active","Myntra","Fashion","Chennai","Online",39510.05,"Success"
870,"2025-11-30 08:36:52",167,"Mohit Jain",100100000230,231,"Credit","Visa","Blocked","Apollo Pharmacy","Healthcare","Bengaluru","Online",13093.84,"Success"
871,"2022-07-13 18:23:17",97,"Riya Kumar",100100000096,97,"Debit","RuPay","Active","Lifestyle","Fashion","Hyderabad","Contactless",47079.82,"Success"
872,"2022-02-11 12:31:27",171,"Vikas Patel",100100000263,264,"Credit","MasterCard","Expired","Myntra","Fashion","Bengaluru","POS",41622.20,"Success"
873,"2022-03-02 21:34:55",73,"Karan Yadav",100100000226,227,"Credit","MasterCard","Active","Flipkart","Shopping","Delhi","POS",11571.09,"Success"
874,"2024-06-18 16:03:48",191,"Asha Sharma",100100000248,249,"Credit","Visa","Active","Reliance Fresh","Grocery","Mumbai","Contactless",29690.94,"Success"
875,"2022-08-28 15:17:28",64,"Riya Singh",100100000063,64,"Debit","RuPay","Active","Reliance Digital","Electronics","Chennai","Online",39590.25,"Success"
876,"2022-05-06 16:19:59",72,"Anjali Singh",100100000217,218,"Debit","Visa","Active","Flipkart","Shopping","Mumbai","Online",32993.05,"Success"
877,"2024-01-27 16:25:20",82,"Meena Gupta",100100000081,82,"Debit","RuPay","Active","Lifestyle","Fashion","Delhi","Online",44090.82,"Success"
878,"2022-10-29 18:17:43",8,"Neha Gupta",100100000007,8,"Debit","RuPay","Active","HP Petrol Pump","Fuel","Chennai","POS",17964.96,"Success"
879,"2026-04-01 11:29:39",3,"Amit Kumar",100100000240,241,"Credit","MasterCard","Active","Reliance Fresh","Grocery","Ahmedabad","Online",29814.15,"Success"
880,"2025-12-28 16:28:24",23,"Asha Agarwal",100100000022,23,"Debit","Visa","Blocked","BookMyShow","Entertainment","Delhi","Online",22570.88,"Failed"
881,"2026-04-14 01:02:05",13,"Nitin Yadav",100100000012,13,"Debit","RuPay","Active","Big Bazaar","Grocery","Ahmedabad","POS",34073.24,"Success"
882,"2025-02-15 13:44:17",136,"Priya Sharma",100100000256,257,"Credit","MasterCard","Active","Swiggy","Food","Mumbai","Online",42175.61,"Success"
883,"2025-09-15 15:24:51",92,"Ritu Chauhan",100100000091,92,"Debit","Visa","Active","Myntra","Fashion","Jaipur","POS",24803.12,"Success"
884,"2025-11-25 12:15:25",9,"Rohit Chauhan",100100000008,9,"Debit","RuPay","Active","DMart","Grocery","Kolkata","Online",36611.73,"Success"
885,"2024-07-19 21:09:02",189,"Rajesh Pandey",100100000254,255,"Credit","MasterCard","Active","Amazon India","Shopping","Gurugram","Contactless",6208.30,"Success"
886,"2024-06-09 11:26:41",164,"Shreya Sinha",100100000163,164,"Debit","Visa","Active","HP Petrol Pump","Fuel","Kolkata","Online",8239.57,"Success"
887,"2025-05-26 16:27:32",189,"Rajesh Pandey",100100000188,189,"Debit","RuPay","Lost","Reliance Fresh","Grocery","Gurugram","POS",7011.91,"Success"
888,"2022-10-18 22:26:31",47,"Priya Sharma",100100000046,47,"Debit","Visa","Active","Big Bazaar","Grocery","Chennai","POS",26560.03,"Success"
889,"2023-05-21 22:37:57",92,"Ritu Chauhan",100100000091,92,"Debit","Visa","Active","Croma","Electronics","Noida","Contactless",4146.32,"Success"
890,"2023-04-21 00:27:09",45,"Vikas Patel",100100000044,45,"Debit","RuPay","Active","Flipkart","Shopping","Hyderabad","POS",27012.05,"Success"
891,"2026-05-11 15:03:44",46,"Priya Mishra",100100000222,223,"Credit","Visa","Active","Myntra","Fashion","Noida","Contactless",35217.69,"Success"
892,"2026-01-07 10:01:04",137,"Priya Pandey",100100000246,247,"Credit","MasterCard","Active","Amazon India","Shopping","Lucknow","Contactless",49190.41,"Success"
893,"2022-04-20 11:07:42",131,"Divya Yadav",100100000130,131,"Debit","Visa","Active","Big Bazaar","Grocery","Noida","POS",45158.63,"Success"
894,"2025-06-25 01:16:04",96,"Manish Yadav",100100000095,96,"Debit","Visa","Active","Swiggy","Food","Delhi","Online",46574.29,"Success"
895,"2026-02-24 03:22:04",5,"Amit Reddy",100100000004,5,"Debit","Visa","Active","Myntra","Fashion","Gurugram","Online",23106.33,"Success"
896,"2023-01-13 20:30:10",88,"Arjun Kumar",100100000273,274,"Credit","MasterCard","Active","Croma","Electronics","Bengaluru","Online",44330.55,"Success"
897,"2022-12-16 00:33:19",81,"Karan Reddy",100100000080,81,"Debit","RuPay","Active","Croma","Electronics","Delhi","Contactless",13027.53,"Success"
898,"2022-08-04 16:21:11",14,"Sneha Nair",100100000013,14,"Debit","RuPay","Active","Dominos","Food","Bengaluru","Contactless",47237.92,"Success"
899,"2022-01-07 22:47:53",42,"Pooja Gupta",100100000267,268,"Credit","Visa","Active","Big Bazaar","Grocery","Mumbai","POS",43080.59,"Success"
900,"2026-05-26 20:43:58",46,"Priya Mishra",100100000222,223,"Credit","Visa","Active","Amazon India","Shopping","Ahmedabad","Online",35409.86,"Success"
901,"2025-04-25 02:47:49",105,"Mohit Agarwal",100100000104,105,"Debit","Visa","Active","HP Petrol Pump","Fuel","Hyderabad","Online",36234.33,"Success"
902,"2025-11-07 23:38:53",77,"Anjali Mishra",100100000243,244,"Credit","Visa","Active","SBI ATM","ATM","Bengaluru","ATM",2129.84,"Success"
903,"2022-11-29 09:51:34",39,"Riya Reddy",100100000038,39,"Debit","RuPay","Active","PVR Cinemas","Entertainment","Jaipur","Online",26826.56,"Success"
904,"2026-01-19 10:49:55",129,"Priya Gupta",100100000128,129,"Debit","Visa","Active","SBI ATM","ATM","Noida","ATM",33105.88,"Success"
905,"2026-06-15 05:47:51",78,"Sneha Verma",100100000216,217,"Debit","Visa","Lost","BookMyShow","Entertainment","Chennai","POS",33622.27,"Success"
906,"2023-06-19 21:55:51",77,"Anjali Mishra",100100000237,238,"Credit","Visa","Active","Amazon India","Shopping","Lucknow","Online",6792.28,"Success"
907,"2022-02-01 14:54:48",77,"Anjali Mishra",100100000237,238,"Credit","Visa","Active","BookMyShow","Entertainment","Pune","Contactless",26655.69,"Success"
908,"2023-02-24 10:46:51",177,"Riya Verma",100100000176,177,"Debit","RuPay","Blocked","IRCTC","Travel","Hyderabad","Online",48657.94,"Success"
909,"2025-05-02 14:24:58",179,"Ritu Mishra",100100000260,261,"Credit","MasterCard","Active","Apollo Pharmacy","Healthcare","Lucknow","POS",13616.05,"Success"
910,"2024-08-18 09:54:08",21,"Anjali Yadav",100100000020,21,"Debit","RuPay","Active","Zomato","Food","Mumbai","Contactless",16134.15,"Success"
911,"2025-08-02 07:05:52",41,"Vivek Patel",100100000040,41,"Debit","Visa","Active","Amazon India","Shopping","Lucknow","Online",5524.17,"Success"
912,"2025-10-20 01:00:34",61,"Sakshi Pandey",100100000060,61,"Debit","Visa","Active","Apollo Pharmacy","Healthcare","Noida","POS",32816.78,"Success"
913,"2025-10-12 04:49:11",79,"Vikas Agarwal",100100000078,79,"Debit","Visa","Active","Reliance Fresh","Grocery","Kolkata","Contactless",37955.89,"Success"
914,"2026-04-23 03:11:38",84,"Karan Patel",100100000083,84,"Debit","Visa","Active","Flipkart","Shopping","Ahmedabad","Contactless",49388.58,"Success"
915,"2024-07-05 21:30:39",156,"Shreya Yadav",100100000155,156,"Debit","Visa","Expired","BookMyShow","Entertainment","Noida","Online",44710.16,"Failed"
916,"2023-08-11 12:09:07",138,"Sakshi Chauhan",100100000247,248,"Credit","MasterCard","Active","Apollo Pharmacy","Healthcare","Jaipur","Online",23352.48,"Success"
917,"2022-07-30 04:22:03",130,"Pooja Pandey",100100000129,130,"Debit","RuPay","Active","Swiggy","Food","Lucknow","Online",27158.09,"Success"
918,"2023-05-03 12:15:46",60,"Rahul Sinha",100100000059,60,"Debit","Visa","Active","IRCTC","Travel","Mumbai","Contactless",24422.75,"Success"
919,"2023-03-12 19:08:28",43,"Shreya Singh",100100000042,43,"Debit","RuPay","Active","PVR Cinemas","Entertainment","Chennai","Contactless",28281.51,"Success"
920,"2026-05-10 12:02:52",9,"Rohit Chauhan",100100000008,9,"Debit","RuPay","Active","Reliance Fresh","Grocery","Noida","Online",11061.16,"Success"
921,"2025-02-03 08:36:01",107,"Nitin Chauhan",100100000106,107,"Debit","RuPay","Active","Reliance Fresh","Grocery","Bengaluru","Online",1202.59,"Success"
922,"2024-09-23 21:05:32",13,"Nitin Yadav",100100000012,13,"Debit","RuPay","Active","PVR Cinemas","Entertainment","Lucknow","POS",190.27,"Success"
923,"2022-04-24 16:22:45",140,"Arjun Sinha",100100000139,140,"Debit","Visa","Active","DMart","Grocery","Chennai","Contactless",46826.02,"Success"
924,"2025-06-19 07:52:20",197,"Rajesh Yadav",100100000196,197,"Debit","Visa","Active","Reliance Digital","Electronics","Jaipur","POS",48767.63,"Success"
925,"2025-01-10 11:14:09",198,"Suresh Singh",100100000235,236,"Credit","MasterCard","Active","Lifestyle","Fashion","Kolkata","Online",17425.53,"Success"
926,"2023-10-09 12:50:37",88,"Arjun Kumar",100100000273,274,"Credit","MasterCard","Active","Swiggy","Food","Lucknow","Contactless",42821.62,"Success"
927,"2025-02-04 00:56:49",191,"Asha Sharma",100100000265,266,"Credit","Visa","Active","Starbucks","Cafe","Chennai","Contactless",13155.91,"Success"
928,"2022-09-26 19:09:31",182,"Komal Gupta",100100000181,182,"Debit","RuPay","Active","SBI ATM","ATM","Lucknow","ATM",8216.89,"Success"
929,"2023-11-30 10:32:51",198,"Suresh Singh",100100000235,236,"Credit","MasterCard","Active","Apollo Pharmacy","Healthcare","Jaipur","POS",29699.70,"Success"
930,"2024-05-08 08:26:48",121,"Manish Agarwal",100100000120,121,"Debit","Visa","Active","DMart","Grocery","Hyderabad","Online",5544.63,"Success"
931,"2023-11-08 16:46:39",178,"Arjun Kumar",100100000227,228,"Credit","Visa","Active","PVR Cinemas","Entertainment","Ahmedabad","Online",18531.63,"Success"
932,"2022-08-12 07:25:42",54,"Meena Singh",100100000269,270,"Credit","MasterCard","Active","BookMyShow","Entertainment","Pune","Online",8269.10,"Success"
933,"2026-02-22 00:25:18",58,"Kavita Sharma",100100000057,58,"Debit","Visa","Active","Reliance Digital","Electronics","Ahmedabad","POS",28855.22,"Success"
934,"2024-07-13 14:49:03",183,"Neha Nair",100100000244,245,"Credit","MasterCard","Active","Amazon India","Shopping","Chennai","Contactless",48044.38,"Success"
935,"2025-05-22 09:26:45",46,"Priya Mishra",100100000045,46,"Debit","RuPay","Active","PVR Cinemas","Entertainment","Kolkata","Contactless",16586.53,"Success"
936,"2022-01-15 04:21:22",16,"Amit Verma",100100000015,16,"Debit","RuPay","Active","Zomato","Food","Gurugram","Online",22692.79,"Success"
937,"2025-01-14 14:33:49",69,"Ritu Pandey",100100000068,69,"Debit","Visa","Active","Zomato","Food","Jaipur","Contactless",13808.43,"Success"
938,"2025-04-15 04:07:31",107,"Nitin Chauhan",100100000106,107,"Debit","RuPay","Active","HP Petrol Pump","Fuel","Mumbai","Online",3353.04,"Success"
939,"2024-12-24 08:49:27",42,"Pooja Gupta",100100000267,268,"Credit","Visa","Active","Flipkart","Shopping","Chennai","Online",24984.26,"Success"
940,"2023-04-28 00:14:21",179,"Ritu Mishra",100100000260,261,"Credit","MasterCard","Active","Apollo Pharmacy","Healthcare","Chennai","POS",26952.58,"Success"
941,"2024-05-09 20:33:40",114,"Harsh Reddy",100100000113,114,"Debit","Visa","Active","Swiggy","Food","Bengaluru","Online",49037.96,"Success"
942,"2024-02-22 10:24:53",20,"Karan Sinha",100100000019,20,"Debit","Visa","Blocked","Amazon India","Shopping","Kolkata","Online",44758.66,"Success"
943,"2023-12-09 13:16:05",189,"Rajesh Pandey",100100000254,255,"Credit","MasterCard","Active","Dominos","Food","Delhi","Online",32847.59,"Success"
944,"2025-09-14 07:37:32",88,"Arjun Kumar",100100000273,274,"Credit","MasterCard","Active","Reliance Digital","Electronics","Lucknow","POS",48666.49,"Success"
945,"2023-08-26 19:22:14",110,"Rajesh Gupta",100100000109,110,"Debit","Visa","Active","Amazon India","Shopping","Pune","POS",36010.05,"Success"
946,"2024-01-28 09:23:26",57,"Divya Chauhan",100100000056,57,"Debit","Visa","Active","Indian Oil","Fuel","Gurugram","POS",18688.20,"Success"
947,"2026-01-21 02:18:29",5,"Amit Reddy",100100000234,235,"Credit","MasterCard","Active","Reliance Fresh","Grocery","Pune","Online",22056.66,"Success"
948,"2024-12-25 03:34:28",163,"Anjali Gupta",100100000162,163,"Debit","Visa","Active","Myntra","Fashion","Pune","Online",7669.90,"Success"
949,"2025-01-03 13:32:34",57,"Divya Chauhan",100100000056,57,"Debit","Visa","Active","Myntra","Fashion","Lucknow","Online",41630.24,"Success"
950,"2024-08-29 02:47:53",78,"Sneha Verma",100100000216,217,"Debit","Visa","Lost","Dominos","Food","Jaipur","Contactless",42155.84,"Success"
951,"2026-06-15 12:21:00",131,"Divya Yadav",100100000130,131,"Debit","Visa","Active","Reliance Fresh","Grocery","Ahmedabad","Online",29159.12,"Success"
952,"2023-04-29 17:12:58",110,"Rajesh Gupta",100100000109,110,"Debit","Visa","Active","Starbucks","Cafe","Chennai","Contactless",7428.94,"Success"
953,"2022-06-14 15:46:41",46,"Priya Mishra",100100000222,223,"Credit","Visa","Active","Starbucks","Cafe","Jaipur","POS",42963.59,"Success"
954,"2024-04-19 23:07:25",109,"Kavita Jain",100100000108,109,"Debit","Visa","Active","DMart","Grocery","Delhi","POS",15602.73,"Success"
955,"2024-11-26 02:53:19",144,"Rahul Mishra",100100000143,144,"Debit","RuPay","Active","DMart","Grocery","Noida","Online",29454.28,"Success"
956,"2022-05-19 16:59:52",121,"Manish Agarwal",100100000120,121,"Debit","Visa","Active","SBI ATM","ATM","Hyderabad","ATM",47757.34,"Success"
957,"2022-10-05 10:39:06",98,"Suresh Sharma",100100000097,98,"Debit","RuPay","Active","Zomato","Food","Ahmedabad","Contactless",15534.00,"Success"
958,"2023-07-09 15:56:32",117,"Priya Patel",100100000215,216,"Debit","Visa","Active","Swiggy","Food","Mumbai","POS",16028.45,"Success"
959,"2023-01-01 18:39:31",115,"Nidhi Agarwal",100100000114,115,"Debit","RuPay","Lost","Croma","Electronics","Noida","POS",20468.35,"Success"
960,"2024-04-20 10:36:36",110,"Rajesh Gupta",100100000109,110,"Debit","Visa","Active","Zomato","Food","Noida","Online",11902.19,"Success"
961,"2023-06-29 00:07:24",196,"Manish Chauhan",100100000195,196,"Debit","Visa","Active","Dominos","Food","Delhi","POS",41528.63,"Success"
962,"2022-12-19 19:59:50",121,"Manish Agarwal",100100000120,121,"Debit","Visa","Active","Starbucks","Cafe","Ahmedabad","POS",8017.47,"Failed"
963,"2022-10-28 20:59:30",143,"Rohit Mishra",100100000142,143,"Debit","Visa","Active","Swiggy","Food","Bengaluru","Contactless",18986.65,"Success"
964,"2022-09-01 16:33:08",123,"Neha Patel",100100000122,123,"Debit","RuPay","Active","IRCTC","Travel","Hyderabad","Contactless",12801.74,"Success"
965,"2023-07-25 01:04:40",170,"Manish Verma",100100000271,272,"Credit","Visa","Active","Swiggy","Food","Ahmedabad","POS",47871.88,"Success"
966,"2022-12-04 22:53:42",143,"Rohit Mishra",100100000277,278,"Credit","Visa","Active","Amazon India","Shopping","Lucknow","Online",12162.16,"Success"
967,"2026-05-14 16:45:24",180,"Divya Mishra",100100000179,180,"Debit","RuPay","Active","Amazon India","Shopping","Lucknow","Contactless",25678.13,"Success"
968,"2023-02-09 03:12:48",191,"Asha Sharma",100100000190,191,"Debit","RuPay","Active","Lifestyle","Fashion","Bengaluru","Online",43343.48,"Reversed"
969,"2022-12-22 15:28:58",102,"Asha Sinha",100100000268,269,"Credit","Visa","Active","Reliance Digital","Electronics","Gurugram","POS",19739.87,"Success"
970,"2026-01-01 11:11:45",160,"Arjun Chauhan",100100000159,160,"Debit","Visa","Active","BookMyShow","Entertainment","Jaipur","POS",24460.16,"Success"
971,"2022-02-12 03:58:22",111,"Shreya Singh",100100000110,111,"Debit","Visa","Active","Reliance Fresh","Grocery","Kolkata","Contactless",47072.22,"Success"
972,"2025-11-23 20:58:08",101,"Rohit Yadav",100100000100,101,"Debit","Visa","Active","SBI ATM","ATM","Noida","ATM",38293.63,"Success"
973,"2026-06-23 05:14:17",18,"Vivek Verma",100100000017,18,"Debit","Visa","Lost","SBI ATM","ATM","Bengaluru","ATM",17328.81,"Success"
974,"2022-02-23 11:57:00",25,"Riya Reddy",100100000024,25,"Debit","RuPay","Active","HP Petrol Pump","Fuel","Lucknow","POS",7719.17,"Success"
975,"2024-12-22 01:10:43",47,"Priya Sharma",100100000046,47,"Debit","Visa","Active","Swiggy","Food","Kolkata","Contactless",17165.92,"Success"
976,"2022-08-07 09:36:43",178,"Arjun Kumar",100100000177,178,"Debit","Visa","Active","Indian Oil","Fuel","Hyderabad","Online",3682.30,"Success"
977,"2022-11-04 04:39:43",161,"Riya Singh",100100000253,254,"Credit","MasterCard","Active","Myntra","Fashion","Jaipur","POS",1741.80,"Success"
978,"2022-02-24 06:30:58",66,"Harsh Sinha",100100000065,66,"Debit","Visa","Active","SBI ATM","ATM","Jaipur","ATM",23951.78,"Success"
979,"2023-12-18 16:11:14",101,"Rohit Yadav",100100000100,101,"Debit","Visa","Active","Myntra","Fashion","Bengaluru","Contactless",46638.18,"Success"
980,"2025-08-22 06:18:03",134,"Nitin Sharma",100100000200,201,"Debit","RuPay","Active","Lifestyle","Fashion","Mumbai","POS",7958.23,"Success"
981,"2022-05-28 07:31:51",36,"Sakshi Agarwal",100100000035,36,"Debit","Visa","Active","Reliance Digital","Electronics","Jaipur","POS",19959.73,"Success"
982,"2024-04-01 19:45:51",192,"Deepak Reddy",100100000228,229,"Credit","Visa","Active","Zomato","Food","Lucknow","POS",4361.84,"Success"
983,"2025-04-11 14:11:47",75,"Neha Chauhan",100100000074,75,"Debit","RuPay","Active","Flipkart","Shopping","Mumbai","Online",34406.33,"Success"
984,"2025-05-09 13:16:14",199,"Sneha Agarwal",100100000198,199,"Debit","RuPay","Expired","Croma","Electronics","Pune","Online",47875.64,"Success"
985,"2026-02-17 22:17:51",95,"Rahul Kumar",100100000094,95,"Debit","Visa","Blocked","HP Petrol Pump","Fuel","Pune","Contactless",48441.65,"Success"
986,"2024-03-14 00:34:48",104,"Harsh Pandey",100100000103,104,"Debit","RuPay","Active","Flipkart","Shopping","Bengaluru","Contactless",21886.38,"Success"
987,"2024-10-26 22:23:17",45,"Vikas Patel",100100000044,45,"Debit","RuPay","Active","Indian Oil","Fuel","Gurugram","Online",44450.67,"Success"
988,"2025-09-28 09:23:48",191,"Asha Sharma",100100000265,266,"Credit","Visa","Active","Flipkart","Shopping","Chennai","Contactless",22582.32,"Success"
989,"2023-09-29 20:00:50",61,"Sakshi Pandey",100100000060,61,"Debit","Visa","Active","Swiggy","Food","Pune","Contactless",49857.88,"Failed"
990,"2023-07-17 02:24:58",34,"Rahul Sharma",100100000033,34,"Debit","Visa","Active","Lifestyle","Fashion","Pune","Contactless",44912.91,"Success"
991,"2024-10-21 18:05:05",115,"Nidhi Agarwal",100100000114,115,"Debit","RuPay","Lost","SBI ATM","ATM","Pune","ATM",49748.85,"Success"
992,"2024-10-30 13:50:05",121,"Manish Agarwal",100100000120,121,"Debit","Visa","Active","Amazon India","Shopping","Delhi","Online",42389.82,"Success"
993,"2022-11-02 13:54:02",61,"Sakshi Pandey",100100000224,225,"Credit","MasterCard","Active","Croma","Electronics","Bengaluru","Contactless",15920.96,"Success"
994,"2024-11-02 04:18:48",178,"Arjun Kumar",100100000177,178,"Debit","Visa","Active","Reliance Digital","Electronics","Jaipur","Contactless",44514.20,"Success"
995,"2022-08-02 06:25:38",179,"Ritu Mishra",100100000178,179,"Debit","Visa","Active","Myntra","Fashion","Delhi","POS",28807.21,"Success"
996,"2024-03-09 07:27:18",125,"Vivek Kumar",100100000124,125,"Debit","RuPay","Active","Apollo Pharmacy","Healthcare","Lucknow","POS",7797.15,"Success"
997,"2024-06-25 12:25:19",174,"Meena Verma",100100000173,174,"Debit","RuPay","Active","Big Bazaar","Grocery","Pune","POS",14938.57,"Failed"
998,"2026-07-01 18:24:30",100,"Pooja Mishra",100100000099,100,"Debit","Visa","Active","Big Bazaar","Grocery","Chennai","Online",7637.75,"Success"
999,"2023-12-26 11:35:33",33,"Deepak Jain",100100000210,211,"Debit","RuPay","Active","Swiggy","Food","Chennai","Contactless",11126.90,"Success"
1000,"2024-05-24 14:05:45",142,"Rahul Sinha",100100000141,142,"Debit","Visa","Active","Zomato","Food","Noida","Contactless",38391.54,"Success"
1001,"2024-11-03 18:34:14",22,"Asha Pandey",100100000021,22,"Debit","RuPay","Active","Amazon India","Shopping","Noida","POS",28042.38,"Failed"
1002,"2024-11-14 04:08:54",186,"Neha Gupta",100100000185,186,"Debit","Visa","Active","SBI ATM","ATM","Mumbai","ATM",47642.37,"Success"
1003,"2022-01-06 19:42:50",109,"Kavita Jain",100100000108,109,"Debit","Visa","Active","HP Petrol Pump","Fuel","Ahmedabad","Online",31709.59,"Reversed"
1004,"2022-01-06 22:49:49",42,"Pooja Gupta",100100000041,42,"Debit","RuPay","Active","Flipkart","Shopping","Pune","POS",27584.93,"Success"
1005,"2025-06-28 23:16:59",193,"Vikas Verma",100100000242,243,"Credit","MasterCard","Active","Amazon India","Shopping","Bengaluru","Online",3366.63,"Success"
1006,"2025-08-30 22:55:52",42,"Pooja Gupta",100100000267,268,"Credit","Visa","Active","DMart","Grocery","Delhi","Online",14670.25,"Success"
1007,"2023-12-25 21:06:38",152,"Mohit Mishra",100100000151,152,"Debit","Visa","Active","PVR Cinemas","Entertainment","Ahmedabad","Online",15355.12,"Failed"
1008,"2023-03-11 00:43:29",160,"Arjun Chauhan",100100000159,160,"Debit","Visa","Active","SBI ATM","ATM","Hyderabad","ATM",32665.40,"Success"
1009,"2025-05-17 01:18:33",66,"Harsh Sinha",100100000065,66,"Debit","Visa","Active","Myntra","Fashion","Mumbai","POS",41331.19,"Success"
1010,"2023-07-06 07:01:58",137,"Priya Pandey",100100000246,247,"Credit","MasterCard","Active","Big Bazaar","Grocery","Ahmedabad","Contactless",40465.61,"Success"
1011,"2023-11-03 02:27:58",152,"Mohit Mishra",100100000151,152,"Debit","Visa","Active","Dominos","Food","Gurugram","Contactless",26342.28,"Success"
1012,"2025-06-26 11:23:17",134,"Nitin Sharma",100100000133,134,"Debit","Visa","Active","PVR Cinemas","Entertainment","Gurugram","POS",22000.99,"Success"
1013,"2022-05-20 01:32:34",175,"Pooja Jain",100100000174,175,"Debit","RuPay","Active","SBI ATM","ATM","Gurugram","ATM",1346.75,"Success"
1014,"2024-02-14 08:20:48",134,"Nitin Sharma",100100000133,134,"Debit","Visa","Active","Swiggy","Food","Noida","Online",6791.00,"Success"
1015,"2024-08-28 15:34:04",73,"Karan Yadav",100100000226,227,"Credit","MasterCard","Active","Zomato","Food","Kolkata","Contactless",29033.99,"Success"
1016,"2026-03-19 04:15:34",78,"Sneha Verma",100100000077,78,"Debit","RuPay","Lost","DMart","Grocery","Lucknow","POS",14762.48,"Success"
1017,"2022-08-09 13:55:12",133,"Priya Patel",100100000132,133,"Debit","RuPay","Active","Amazon India","Shopping","Lucknow","Contactless",23480.36,"Success"
1018,"2024-08-17 10:22:24",142,"Rahul Sinha",100100000141,142,"Debit","Visa","Active","BookMyShow","Entertainment","Pune","Contactless",21076.00,"Success"
1019,"2022-10-19 07:40:24",12,"Vivek Mishra",100100000011,12,"Debit","Visa","Active","Starbucks","Cafe","Gurugram","Contactless",36901.17,"Reversed"
1020,"2022-09-06 03:36:24",15,"Riya Yadav",100100000014,15,"Debit","RuPay","Active","IRCTC","Travel","Pune","POS",7887.51,"Success"
1021,"2022-07-04 22:39:23",137,"Priya Pandey",100100000246,247,"Credit","MasterCard","Active","Big Bazaar","Grocery","Mumbai","POS",37469.94,"Success"
1022,"2025-01-20 05:45:07",78,"Sneha Verma",100100000077,78,"Debit","RuPay","Lost","SBI ATM","ATM","Lucknow","ATM",10231.70,"Success"
1023,"2024-08-04 09:08:16",158,"Suresh Verma",100100000157,158,"Debit","Visa","Active","Reliance Fresh","Grocery","Delhi","Contactless",48733.93,"Success"
1024,"2022-10-12 15:33:29",111,"Shreya Singh",100100000220,221,"Credit","Visa","Active","DMart","Grocery","Delhi","Contactless",25924.75,"Success"
1025,"2023-09-27 19:11:03",149,"Anjali Mishra",100100000270,271,"Credit","MasterCard","Active","PVR Cinemas","Entertainment","Gurugram","Online",30066.45,"Success"
1026,"2026-04-20 06:43:07",126,"Rahul Kumar",100100000125,126,"Debit","Visa","Active","BookMyShow","Entertainment","Gurugram","Contactless",6613.04,"Failed"
1027,"2022-08-29 10:08:56",88,"Arjun Kumar",100100000273,274,"Credit","MasterCard","Active","Zomato","Food","Bengaluru","Contactless",33622.06,"Success"
1028,"2023-04-29 13:01:36",139,"Neha Pandey",100100000138,139,"Debit","Visa","Expired","Amazon India","Shopping","Chennai","POS",18930.19,"Success"
1029,"2023-06-04 21:33:03",20,"Karan Sinha",100100000019,20,"Debit","Visa","Blocked","Apollo Pharmacy","Healthcare","Bengaluru","POS",29056.20,"Success"
1030,"2023-07-18 21:05:15",75,"Neha Chauhan",100100000250,251,"Credit","Visa","Active","Big Bazaar","Grocery","Hyderabad","Online",20947.54,"Success"
1031,"2022-09-29 06:06:06",108,"Sakshi Chauhan",100100000107,108,"Debit","RuPay","Active","Myntra","Fashion","Bengaluru","Online",25540.25,"Success"
1032,"2023-10-17 20:43:30",175,"Pooja Jain",100100000174,175,"Debit","RuPay","Active","Reliance Fresh","Grocery","Bengaluru","Online",16430.70,"Success"
1033,"2023-04-03 23:09:48",193,"Vikas Verma",100100000192,193,"Debit","RuPay","Active","DMart","Grocery","Jaipur","POS",30489.08,"Success"
1034,"2026-01-17 19:57:30",184,"Asha Singh",100100000183,184,"Debit","Visa","Active","Starbucks","Cafe","Gurugram","POS",18552.04,"Success"
1035,"2024-07-27 09:40:44",73,"Karan Yadav",100100000226,227,"Credit","MasterCard","Active","Flipkart","Shopping","Pune","POS",6301.84,"Success"
1036,"2022-07-04 15:45:56",61,"Sakshi Pandey",100100000224,225,"Credit","MasterCard","Active","Croma","Electronics","Hyderabad","Contactless",10743.05,"Success"
1037,"2025-04-11 20:56:31",138,"Sakshi Chauhan",100100000247,248,"Credit","MasterCard","Active","Apollo Pharmacy","Healthcare","Ahmedabad","Contactless",25307.24,"Success"
1038,"2025-12-06 13:23:40",166,"Riya Singh",100100000165,166,"Debit","RuPay","Active","BookMyShow","Entertainment","Bengaluru","POS",23899.66,"Success"
1039,"2026-02-20 20:50:31",194,"Harsh Agarwal",100100000193,194,"Debit","RuPay","Active","PVR Cinemas","Entertainment","Pune","Contactless",38256.68,"Success"
1040,"2024-08-21 19:03:11",177,"Riya Verma",100100000176,177,"Debit","RuPay","Blocked","Swiggy","Food","Ahmedabad","Online",11127.74,"Success"
1041,"2026-03-31 04:35:20",187,"Karan Chauhan",100100000186,187,"Debit","RuPay","Active","Lifestyle","Fashion","Ahmedabad","Online",34863.31,"Success"
1042,"2023-04-29 21:41:28",90,"Sakshi Jain",100100000089,90,"Debit","Visa","Active","Croma","Electronics","Mumbai","Contactless",39959.66,"Success"
1043,"2024-02-06 06:08:00",149,"Anjali Mishra",100100000148,149,"Debit","RuPay","Active","IRCTC","Travel","Ahmedabad","Contactless",9080.16,"Success"
1044,"2023-12-05 10:32:18",149,"Anjali Mishra",100100000270,271,"Credit","MasterCard","Active","Flipkart","Shopping","Delhi","Online",20622.36,"Success"
1045,"2024-12-21 13:10:12",13,"Nitin Yadav",100100000012,13,"Debit","RuPay","Active","Indian Oil","Fuel","Hyderabad","Online",32225.06,"Success"
1046,"2025-08-08 00:56:22",89,"Rahul Kumar",100100000088,89,"Debit","RuPay","Active","SBI ATM","ATM","Kolkata","ATM",468.69,"Success"
1047,"2022-06-28 11:39:58",146,"Manish Agarwal",100100000145,146,"Debit","RuPay","Lost","Croma","Electronics","Mumbai","POS",42281.16,"Success"
1048,"2026-04-19 05:01:04",149,"Anjali Mishra",100100000148,149,"Debit","RuPay","Active","Indian Oil","Fuel","Delhi","Contactless",3061.78,"Success"
1049,"2024-09-23 13:26:05",40,"Sneha Nair",100100000039,40,"Debit","Visa","Expired","Indian Oil","Fuel","Bengaluru","Contactless",1966.98,"Success"
1050,"2022-07-21 13:32:21",33,"Deepak Jain",100100000032,33,"Debit","RuPay","Active","Myntra","Fashion","Delhi","POS",31324.55,"Success"
1051,"2024-10-16 08:33:40",188,"Nitin Jain",100100000266,267,"Credit","MasterCard","Active","BookMyShow","Entertainment","Noida","Contactless",35592.21,"Success"
1052,"2026-02-24 19:41:41",55,"Vikas Kumar",100100000054,55,"Debit","Visa","Active","DMart","Grocery","Hyderabad","POS",16635.58,"Success"
1053,"2026-04-29 06:53:32",35,"Ankit Gupta",100100000034,35,"Debit","Visa","Active","Amazon India","Shopping","Hyderabad","Contactless",31006.19,"Success"
1054,"2024-03-01 12:47:47",101,"Rohit Yadav",100100000100,101,"Debit","Visa","Active","Big Bazaar","Grocery","Delhi","Online",31590.41,"Success"
1055,"2026-05-07 13:50:37",178,"Arjun Kumar",100100000227,228,"Credit","Visa","Active","Flipkart","Shopping","Bengaluru","Online",49926.76,"Success"
1056,"2024-05-16 22:28:48",143,"Rohit Mishra",100100000252,253,"Credit","MasterCard","Active","Starbucks","Cafe","Gurugram","Online",613.94,"Failed"
1057,"2024-02-10 01:17:14",156,"Shreya Yadav",100100000272,273,"Credit","Visa","Active","SBI ATM","ATM","Bengaluru","ATM",20040.45,"Success"
1058,"2026-06-20 10:53:55",73,"Karan Yadav",100100000226,227,"Credit","MasterCard","Active","Lifestyle","Fashion","Chennai","Contactless",4998.92,"Success"
1059,"2024-09-25 09:30:45",160,"Arjun Chauhan",100100000159,160,"Debit","Visa","Active","IRCTC","Travel","Mumbai","POS",36577.90,"Success"
1060,"2023-07-07 06:06:09",33,"Deepak Jain",100100000210,211,"Debit","RuPay","Active","HP Petrol Pump","Fuel","Chennai","Contactless",15516.42,"Success"
1061,"2025-07-27 16:14:03",6,"Meena Singh",100100000005,6,"Debit","Visa","Expired","Zomato","Food","Noida","Online",42753.33,"Success"
1062,"2025-04-30 23:56:35",64,"Riya Singh",100100000063,64,"Debit","RuPay","Active","Myntra","Fashion","Jaipur","POS",377.82,"Success"
1063,"2022-09-18 03:46:33",121,"Manish Agarwal",100100000120,121,"Debit","Visa","Active","Croma","Electronics","Pune","POS",44090.32,"Success"
1064,"2024-05-18 06:58:25",24,"Riya Patel",100100000023,24,"Debit","Visa","Active","Apollo Pharmacy","Healthcare","Noida","Online",12711.33,"Success"
1065,"2022-06-06 01:56:52",152,"Mohit Mishra",100100000151,152,"Debit","Visa","Active","Amazon India","Shopping","Jaipur","Online",44463.23,"Success"
1066,"2022-11-16 10:53:59",33,"Deepak Jain",100100000210,211,"Debit","RuPay","Active","Flipkart","Shopping","Noida","Online",14914.64,"Success"
1067,"2024-09-23 13:09:45",124,"Asha Sinha",100100000123,124,"Debit","RuPay","Active","Indian Oil","Fuel","Hyderabad","Online",37066.77,"Success"
1068,"2025-11-26 02:38:47",93,"Arjun Sinha",100100000092,93,"Debit","RuPay","Blocked","BookMyShow","Entertainment","Lucknow","POS",17741.31,"Reversed"
1069,"2024-06-07 14:09:13",65,"Amit Sharma",100100000064,65,"Debit","Visa","Active","Dominos","Food","Jaipur","Contactless",39490.79,"Success"
1070,"2026-03-11 05:19:47",14,"Sneha Nair",100100000013,14,"Debit","RuPay","Active","Croma","Electronics","Pune","Online",48300.89,"Success"
1071,"2024-02-14 15:23:07",54,"Meena Singh",100100000269,270,"Credit","MasterCard","Active","Lifestyle","Fashion","Bengaluru","Contactless",33176.14,"Success"
1072,"2023-01-11 14:37:50",161,"Riya Singh",100100000160,161,"Debit","Visa","Active","Dominos","Food","Mumbai","Contactless",40058.45,"Success"
1073,"2025-07-14 08:57:51",194,"Harsh Agarwal",100100000257,258,"Credit","Visa","Active","Reliance Fresh","Grocery","Kolkata","Contactless",27956.94,"Failed"
1074,"2023-10-10 06:37:39",156,"Shreya Yadav",100100000155,156,"Debit","Visa","Expired","DMart","Grocery","Pune","Contactless",25978.87,"Success"
1075,"2022-05-09 10:39:45",197,"Rajesh Yadav",100100000223,224,"Credit","MasterCard","Active","SBI ATM","ATM","Kolkata","ATM",22304.93,"Success"
1076,"2022-12-13 21:41:55",88,"Arjun Kumar",100100000087,88,"Debit","Visa","Lost","Lifestyle","Fashion","Gurugram","Online",7559.29,"Success"
1077,"2023-10-25 13:11:08",46,"Priya Mishra",100100000045,46,"Debit","RuPay","Active","Croma","Electronics","Lucknow","POS",33457.39,"Success"
1078,"2024-02-28 21:01:11",47,"Priya Sharma",100100000219,220,"Debit","Visa","Active","Dominos","Food","Jaipur","Online",11583.21,"Success"
1079,"2023-07-11 10:41:23",37,"Neha Pandey",100100000036,37,"Debit","RuPay","Active","Swiggy","Food","Jaipur","Contactless",35983.69,"Success"
1080,"2025-12-25 01:22:25",192,"Deepak Reddy",100100000228,229,"Credit","Visa","Active","IRCTC","Travel","Hyderabad","Online",45857.51,"Success"
1081,"2025-11-01 15:14:25",10,"Divya Patel",100100000009,10,"Debit","RuPay","Active","Dominos","Food","Gurugram","POS",48253.02,"Success"
1082,"2022-05-21 13:22:08",145,"Nidhi Nair",100100000144,145,"Debit","Visa","Active","BookMyShow","Entertainment","Jaipur","Contactless",41523.03,"Success"
1083,"2022-12-28 20:54:40",144,"Rahul Mishra",100100000143,144,"Debit","RuPay","Active","HP Petrol Pump","Fuel","Lucknow","Online",49396.21,"Success"
1084,"2022-10-29 13:25:57",64,"Riya Singh",100100000063,64,"Debit","RuPay","Active","Flipkart","Shopping","Delhi","Contactless",47122.24,"Success"
1085,"2024-07-06 19:28:41",36,"Sakshi Agarwal",100100000035,36,"Debit","Visa","Active","PVR Cinemas","Entertainment","Hyderabad","POS",4269.93,"Success"
1086,"2023-10-02 07:31:13",99,"Komal Jain",100100000098,99,"Debit","RuPay","Active","Zomato","Food","Hyderabad","Online",5843.68,"Success"
1087,"2023-02-13 01:59:32",143,"Rohit Mishra",100100000252,253,"Credit","MasterCard","Active","Flipkart","Shopping","Bengaluru","POS",2843.96,"Success"
1088,"2026-05-29 21:04:16",5,"Amit Reddy",100100000004,5,"Debit","Visa","Active","Indian Oil","Fuel","Pune","Online",7467.08,"Success"
1089,"2022-04-13 18:09:38",138,"Sakshi Chauhan",100100000247,248,"Credit","MasterCard","Active","Lifestyle","Fashion","Chennai","Online",22098.21,"Success"
1090,"2023-12-28 04:11:10",8,"Neha Gupta",100100000007,8,"Debit","RuPay","Active","Reliance Fresh","Grocery","Jaipur","POS",29217.45,"Success"
1091,"2026-05-07 04:29:32",146,"Manish Agarwal",100100000231,232,"Credit","MasterCard","Active","HP Petrol Pump","Fuel","Mumbai","Contactless",35892.92,"Success"
1092,"2026-02-13 13:14:03",198,"Suresh Singh",100100000235,236,"Credit","MasterCard","Active","Lifestyle","Fashion","Bengaluru","POS",48350.64,"Success"
1093,"2024-01-22 02:33:49",92,"Ritu Chauhan",100100000091,92,"Debit","Visa","Active","Amazon India","Shopping","Delhi","Contactless",12871.76,"Success"
1094,"2024-09-12 06:50:13",128,"Riya Mishra",100100000127,128,"Debit","RuPay","Active","Zomato","Food","Bengaluru","POS",12527.52,"Success"
1095,"2024-01-03 11:17:34",76,"Harsh Kumar",100100000075,76,"Debit","RuPay","Active","Starbucks","Cafe","Delhi","Online",5048.25,"Success"
1096,"2024-01-23 23:34:36",32,"Ankit Reddy",100100000031,32,"Debit","Visa","Active","Lifestyle","Fashion","Kolkata","Online",33461.63,"Success"
1097,"2024-10-18 05:51:02",88,"Arjun Kumar",100100000087,88,"Debit","Visa","Lost","DMart","Grocery","Lucknow","POS",30822.94,"Success"
1098,"2024-07-15 14:19:52",50,"Suresh Chauhan",100100000218,219,"Debit","Visa","Active","HP Petrol Pump","Fuel","Jaipur","Contactless",30279.53,"Success"
1099,"2023-05-28 02:26:46",195,"Amit Agarwal",100100000194,195,"Debit","RuPay","Blocked","Indian Oil","Fuel","Mumbai","Online",7980.57,"Success"
1100,"2025-09-06 18:46:57",85,"Kavita Nair",100100000084,85,"Debit","Visa","Active","IRCTC","Travel","Ahmedabad","Online",28147.26,"Success"
1101,"2022-08-19 14:07:30",106,"Arjun Nair",100100000232,233,"Credit","MasterCard","Expired","DMart","Grocery","Noida","Contactless",8287.89,"Success"
1102,"2025-08-27 15:50:40",29,"Mohit Yadav",100100000028,29,"Debit","Visa","Active","Starbucks","Cafe","Chennai","POS",12347.60,"Success"
1103,"2022-04-06 08:51:04",50,"Suresh Chauhan",100100000218,219,"Debit","Visa","Active","SBI ATM","ATM","Gurugram","ATM",42656.91,"Success"
1104,"2022-08-07 11:07:51",134,"Nitin Sharma",100100000200,201,"Debit","RuPay","Active","Croma","Electronics","Mumbai","POS",36441.32,"Success"
1105,"2026-03-12 13:42:40",98,"Suresh Sharma",100100000097,98,"Debit","RuPay","Active","DMart","Grocery","Chennai","Contactless",23300.73,"Success"
1106,"2024-09-19 11:01:06",185,"Rahul Kumar",100100000207,208,"Debit","RuPay","Active","HP Petrol Pump","Fuel","Mumbai","POS",35453.55,"Success"
1107,"2022-08-18 16:34:25",69,"Ritu Pandey",100100000068,69,"Debit","Visa","Active","Reliance Fresh","Grocery","Delhi","Contactless",47691.38,"Success"
1108,"2024-12-04 14:02:57",184,"Asha Singh",100100000183,184,"Debit","Visa","Active","Reliance Digital","Electronics","Jaipur","Contactless",19128.55,"Success"
1109,"2022-08-22 11:26:08",134,"Nitin Sharma",100100000200,201,"Debit","RuPay","Active","IRCTC","Travel","Noida","Contactless",508.07,"Success"
1110,"2023-04-14 04:36:18",168,"Meena Gupta",100100000167,168,"Debit","Visa","Active","Reliance Digital","Electronics","Bengaluru","POS",31822.57,"Success"
1111,"2025-12-30 10:23:06",77,"Anjali Mishra",100100000076,77,"Debit","Visa","Active","Zomato","Food","Ahmedabad","Online",35835.09,"Success"
1112,"2023-05-24 19:42:44",25,"Riya Reddy",100100000024,25,"Debit","RuPay","Active","Dominos","Food","Mumbai","Online",47544.62,"Success"
1113,"2023-10-22 02:33:56",77,"Anjali Mishra",100100000076,77,"Debit","Visa","Active","Starbucks","Cafe","Hyderabad","Online",26619.29,"Success"
1114,"2024-03-22 05:28:11",115,"Nidhi Agarwal",100100000233,234,"Credit","Visa","Active","Dominos","Food","Delhi","Online",47735.01,"Success"
1115,"2025-06-20 11:26:59",143,"Rohit Mishra",100100000252,253,"Credit","MasterCard","Active","Swiggy","Food","Hyderabad","Contactless",27271.19,"Reversed"
1116,"2023-03-07 07:35:07",185,"Rahul Kumar",100100000184,185,"Debit","RuPay","Expired","Flipkart","Shopping","Gurugram","Contactless",15691.64,"Success"
1117,"2022-02-07 11:35:12",129,"Priya Gupta",100100000128,129,"Debit","Visa","Active","Myntra","Fashion","Chennai","POS",17246.49,"Success"
1118,"2025-04-24 04:48:41",119,"Meena Yadav",100100000118,119,"Debit","Visa","Active","DMart","Grocery","Hyderabad","POS",31397.50,"Success"
1119,"2025-04-17 23:42:59",15,"Riya Yadav",100100000014,15,"Debit","RuPay","Active","PVR Cinemas","Entertainment","Mumbai","Online",49211.30,"Success"
1120,"2025-04-17 17:42:09",57,"Divya Chauhan",100100000056,57,"Debit","Visa","Active","Reliance Fresh","Grocery","Hyderabad","Contactless",27043.27,"Success"
1121,"2024-03-16 18:38:27",88,"Arjun Kumar",100100000273,274,"Credit","MasterCard","Active","Croma","Electronics","Hyderabad","POS",15533.07,"Success"
1122,"2024-09-18 09:48:25",94,"Shreya Mishra",100100000274,275,"Credit","MasterCard","Active","Starbucks","Cafe","Lucknow","Contactless",49961.95,"Success"
1123,"2025-10-04 09:07:50",176,"Rohit Sharma",100100000213,214,"Debit","Visa","Active","Apollo Pharmacy","Healthcare","Jaipur","Online",9313.04,"Success"
1124,"2023-02-25 17:04:46",193,"Vikas Verma",100100000203,204,"Debit","RuPay","Active","Dominos","Food","Jaipur","POS",40804.17,"Success"
1125,"2023-06-21 00:02:29",161,"Riya Singh",100100000160,161,"Debit","Visa","Active","Indian Oil","Fuel","Lucknow","POS",6066.96,"Success"
1126,"2022-11-07 01:48:10",127,"Anjali Verma",100100000126,127,"Debit","Visa","Active","Big Bazaar","Grocery","Lucknow","POS",49873.30,"Failed"
1127,"2024-09-21 13:20:38",130,"Pooja Pandey",100100000129,130,"Debit","RuPay","Active","Big Bazaar","Grocery","Gurugram","Contactless",16336.28,"Success"
1128,"2023-12-14 16:07:03",77,"Anjali Mishra",100100000278,279,"Credit","MasterCard","Active","Apollo Pharmacy","Healthcare","Delhi","Contactless",19421.88,"Success"
1129,"2025-07-09 14:53:20",168,"Meena Gupta",100100000167,168,"Debit","Visa","Active","BookMyShow","Entertainment","Lucknow","POS",22355.33,"Success"
1130,"2026-05-23 17:20:17",133,"Priya Patel",100100000132,133,"Debit","RuPay","Active","PVR Cinemas","Entertainment","Jaipur","Online",26821.32,"Success"
1131,"2023-08-30 19:40:33",72,"Anjali Singh",100100000217,218,"Debit","Visa","Active","PVR Cinemas","Entertainment","Delhi","Contactless",11519.32,"Success"
1132,"2026-06-09 14:22:18",120,"Nidhi Agarwal",100100000119,120,"Debit","RuPay","Active","Myntra","Fashion","Bengaluru","Contactless",31922.71,"Success"
1133,"2026-07-01 12:04:14",194,"Harsh Agarwal",100100000193,194,"Debit","RuPay","Active","PVR Cinemas","Entertainment","Noida","Online",45365.48,"Success"
1134,"2022-08-15 00:04:57",121,"Manish Agarwal",100100000120,121,"Debit","Visa","Active","Reliance Digital","Electronics","Hyderabad","Online",6158.18,"Success"
1135,"2024-04-08 13:12:00",191,"Asha Sharma",100100000190,191,"Debit","RuPay","Active","Amazon India","Shopping","Noida","Contactless",13473.16,"Success"
1136,"2025-10-26 20:46:34",118,"Sneha Singh",100100000117,118,"Debit","RuPay","Active","Dominos","Food","Gurugram","Contactless",8457.75,"Success"
1137,"2026-04-16 21:41:11",171,"Vikas Patel",100100000170,171,"Debit","RuPay","Active","DMart","Grocery","Ahmedabad","Online",30391.91,"Success"
1138,"2025-07-05 02:48:05",151,"Pooja Patel",100100000150,151,"Debit","RuPay","Active","HP Petrol Pump","Fuel","Bengaluru","POS",42049.95,"Success"
1139,"2025-05-28 20:20:24",97,"Riya Kumar",100100000096,97,"Debit","RuPay","Active","Swiggy","Food","Lucknow","Contactless",9422.12,"Success"
1140,"2022-07-01 02:52:38",147,"Nitin Jain",100100000146,147,"Debit","RuPay","Lost","Flipkart","Shopping","Pune","Contactless",12412.20,"Success"
1141,"2024-07-26 20:02:22",184,"Asha Singh",100100000183,184,"Debit","Visa","Active","DMart","Grocery","Pune","Contactless",37580.70,"Success"
1142,"2025-09-26 02:40:00",113,"Manish Yadav",100100000112,113,"Debit","Visa","Active","Starbucks","Cafe","Chennai","POS",9696.23,"Success"
1143,"2025-01-13 22:16:30",69,"Ritu Pandey",100100000245,246,"Credit","MasterCard","Active","Swiggy","Food","Delhi","POS",4487.79,"Success"
1144,"2024-11-13 13:36:39",140,"Arjun Sinha",100100000139,140,"Debit","Visa","Active","Big Bazaar","Grocery","Kolkata","POS",28328.35,"Success"
1145,"2023-02-14 16:09:21",11,"Komal Pandey",100100000010,11,"Debit","Visa","Active","Reliance Digital","Electronics","Mumbai","Online",23685.24,"Success"
1146,"2022-12-01 14:15:04",61,"Sakshi Pandey",100100000224,225,"Credit","MasterCard","Active","Starbucks","Cafe","Pune","POS",22447.52,"Success"
1147,"2025-04-23 07:30:43",193,"Vikas Verma",100100000242,243,"Credit","MasterCard","Active","Reliance Digital","Electronics","Lucknow","POS",24969.29,"Success"
1148,"2023-04-06 19:29:02",119,"Meena Yadav",100100000118,119,"Debit","Visa","Active","Amazon India","Shopping","Pune","POS",2820.37,"Success"
1149,"2023-11-03 06:56:51",165,"Riya Kumar",100100000164,165,"Debit","RuPay","Active","Amazon India","Shopping","Jaipur","POS",38625.35,"Reversed"
1150,"2022-04-04 13:37:41",29,"Mohit Yadav",100100000028,29,"Debit","Visa","Active","Swiggy","Food","Hyderabad","Online",12194.95,"Success"
1151,"2022-03-27 04:55:17",98,"Suresh Sharma",100100000097,98,"Debit","RuPay","Active","Indian Oil","Fuel","Delhi","POS",13100.98,"Success"
1152,"2024-04-23 02:00:10",25,"Riya Reddy",100100000024,25,"Debit","RuPay","Active","IRCTC","Travel","Lucknow","Contactless",30477.80,"Success"
1153,"2025-12-08 03:22:33",42,"Pooja Gupta",100100000211,212,"Debit","RuPay","Active","Apollo Pharmacy","Healthcare","Hyderabad","Online",47015.65,"Success"
1154,"2026-03-15 02:44:50",192,"Deepak Reddy",100100000191,192,"Debit","Visa","Active","Reliance Digital","Electronics","Delhi","Contactless",27675.77,"Success"
1155,"2025-12-16 09:54:08",80,"Arjun Patel",100100000079,80,"Debit","Visa","Active","Reliance Fresh","Grocery","Pune","Online",7199.06,"Success"
1156,"2026-02-04 16:22:00",167,"Mohit Jain",100100000230,231,"Credit","Visa","Blocked","DMart","Grocery","Ahmedabad","Online",41225.46,"Success"
1157,"2025-04-15 18:26:14",106,"Arjun Nair",100100000232,233,"Credit","MasterCard","Expired","Dominos","Food","Noida","POS",10401.57,"Success"
1158,"2026-04-23 15:04:09",53,"Arjun Jain",100100000052,53,"Debit","RuPay","Active","Lifestyle","Fashion","Mumbai","POS",29071.52,"Success"
1159,"2024-02-23 22:30:33",148,"Harsh Sharma",100100000147,148,"Debit","RuPay","Active","BookMyShow","Entertainment","Lucknow","Online",21185.50,"Success"
1160,"2026-03-04 00:55:37",148,"Harsh Sharma",100100000147,148,"Debit","RuPay","Active","IRCTC","Travel","Mumbai","Online",34096.63,"Success"
1161,"2024-07-29 08:20:14",192,"Deepak Reddy",100100000228,229,"Credit","Visa","Active","Starbucks","Cafe","Gurugram","Contactless",39750.20,"Success"
1162,"2023-08-29 21:05:53",63,"Rajesh Kumar",100100000062,63,"Debit","RuPay","Active","SBI ATM","ATM","Lucknow","ATM",26547.47,"Success"
1163,"2022-01-30 14:08:56",142,"Rahul Sinha",100100000141,142,"Debit","Visa","Active","BookMyShow","Entertainment","Hyderabad","Contactless",30449.52,"Success"
1164,"2024-03-12 18:33:23",51,"Rohit Yadav",100100000206,207,"Debit","RuPay","Active","Reliance Digital","Electronics","Hyderabad","Contactless",21943.50,"Success"
1165,"2024-07-20 20:16:09",139,"Neha Pandey",100100000138,139,"Debit","Visa","Expired","SBI ATM","ATM","Gurugram","ATM",7418.01,"Success"
1166,"2023-07-26 09:39:51",171,"Vikas Patel",100100000170,171,"Debit","RuPay","Active","PVR Cinemas","Entertainment","Lucknow","Online",47184.90,"Success"
1167,"2026-06-24 08:15:06",5,"Amit Reddy",100100000004,5,"Debit","Visa","Active","Starbucks","Cafe","Ahmedabad","Online",10809.90,"Success"
1168,"2023-07-22 21:32:26",131,"Divya Yadav",100100000258,259,"Credit","Visa","Active","Reliance Fresh","Grocery","Noida","Online",17805.71,"Success"
1169,"2024-11-14 19:07:34",54,"Meena Singh",100100000053,54,"Debit","RuPay","Active","BookMyShow","Entertainment","Ahmedabad","Contactless",3600.84,"Success"
1170,"2022-01-18 04:51:19",127,"Anjali Verma",100100000126,127,"Debit","Visa","Active","BookMyShow","Entertainment","Gurugram","Online",20999.39,"Success"
1171,"2023-07-20 22:14:20",154,"Vikas Sharma",100100000153,154,"Debit","Visa","Active","SBI ATM","ATM","Mumbai","ATM",33271.68,"Success"
1172,"2024-09-09 20:04:36",69,"Ritu Pandey",100100000068,69,"Debit","Visa","Active","Reliance Digital","Electronics","Pune","Contactless",40587.73,"Success"
1173,"2024-01-26 22:29:04",75,"Neha Chauhan",100100000250,251,"Credit","Visa","Active","Zomato","Food","Hyderabad","POS",13873.61,"Failed"
1174,"2022-06-20 13:24:05",94,"Shreya Mishra",100100000264,265,"Credit","MasterCard","Active","Starbucks","Cafe","Gurugram","Contactless",26898.60,"Success"
1175,"2025-09-21 09:56:19",120,"Nidhi Agarwal",100100000119,120,"Debit","RuPay","Active","Indian Oil","Fuel","Pune","Contactless",22735.07,"Success"
1176,"2024-05-12 06:21:15",64,"Riya Singh",100100000063,64,"Debit","RuPay","Active","Myntra","Fashion","Pune","Contactless",36086.27,"Success"
1177,"2025-05-01 18:32:35",108,"Sakshi Chauhan",100100000107,108,"Debit","RuPay","Active","IRCTC","Travel","Hyderabad","POS",8725.49,"Reversed"
1178,"2024-08-19 13:17:12",102,"Asha Sinha",100100000268,269,"Credit","Visa","Active","DMart","Grocery","Delhi","POS",18734.78,"Success"
1179,"2025-07-24 17:54:07",82,"Meena Gupta",100100000081,82,"Debit","RuPay","Active","Dominos","Food","Ahmedabad","POS",47212.21,"Reversed"
1180,"2026-03-12 11:05:12",161,"Riya Singh",100100000253,254,"Credit","MasterCard","Active","Amazon India","Shopping","Jaipur","Online",37485.33,"Success"
1181,"2023-07-28 06:26:11",65,"Amit Sharma",100100000064,65,"Debit","Visa","Active","Reliance Digital","Electronics","Gurugram","Online",14729.60,"Success"
1182,"2026-01-24 07:05:43",198,"Suresh Singh",100100000197,198,"Debit","RuPay","Active","SBI ATM","ATM","Pune","ATM",48923.20,"Success"
1183,"2023-07-25 09:23:28",141,"Rohit Patel",100100000140,141,"Debit","Visa","Active","Zomato","Food","Jaipur","POS",31974.81,"Success"
1184,"2022-11-27 14:23:15",114,"Harsh Reddy",100100000205,206,"Debit","RuPay","Active","Myntra","Fashion","Lucknow","POS",37458.31,"Success"
1185,"2025-09-01 23:49:32",187,"Karan Chauhan",100100000186,187,"Debit","RuPay","Active","Lifestyle","Fashion","Kolkata","Contactless",14260.08,"Success"
1186,"2023-03-08 08:34:20",86,"Komal Verma",100100000276,277,"Credit","Visa","Active","Apollo Pharmacy","Healthcare","Chennai","Online",29440.58,"Success"
1187,"2022-02-26 02:32:34",23,"Asha Agarwal",100100000022,23,"Debit","Visa","Blocked","Apollo Pharmacy","Healthcare","Kolkata","Contactless",17805.91,"Success"
1188,"2022-05-12 23:42:25",96,"Manish Yadav",100100000095,96,"Debit","Visa","Active","Croma","Electronics","Lucknow","POS",18171.16,"Success"
1189,"2022-02-09 17:46:31",167,"Mohit Jain",100100000166,167,"Debit","RuPay","Active","SBI ATM","ATM","Gurugram","ATM",30984.91,"Failed"
1190,"2024-06-30 23:42:57",179,"Ritu Mishra",100100000260,261,"Credit","MasterCard","Active","Swiggy","Food","Delhi","Contactless",4744.46,"Success"
1191,"2025-10-17 00:40:35",182,"Komal Gupta",100100000255,256,"Credit","MasterCard","Active","Swiggy","Food","Bengaluru","POS",36306.54,"Success"
1192,"2022-10-16 08:41:27",175,"Pooja Jain",100100000174,175,"Debit","RuPay","Active","Starbucks","Cafe","Ahmedabad","POS",1593.21,"Success"
1193,"2025-12-08 01:10:03",76,"Harsh Kumar",100100000075,76,"Debit","RuPay","Active","Big Bazaar","Grocery","Chennai","Contactless",32745.86,"Success"
1194,"2024-03-08 08:08:20",116,"Riya Sinha",100100000115,116,"Debit","RuPay","Active","BookMyShow","Entertainment","Noida","Online",8132.50,"Success"
1195,"2025-08-29 22:57:59",184,"Asha Singh",100100000183,184,"Debit","Visa","Active","Reliance Digital","Electronics","Bengaluru","Online",12580.61,"Success"
1196,"2023-04-05 21:32:10",61,"Sakshi Pandey",100100000060,61,"Debit","Visa","Active","Zomato","Food","Ahmedabad","POS",17771.11,"Success"
1197,"2025-09-21 11:21:55",196,"Manish Chauhan",100100000236,237,"Credit","Visa","Active","Zomato","Food","Chennai","Online",38041.28,"Success"
1198,"2024-01-04 07:39:11",184,"Asha Singh",100100000183,184,"Debit","Visa","Active","Myntra","Fashion","Jaipur","Contactless",48774.47,"Success"
1199,"2022-06-03 03:49:00",61,"Sakshi Pandey",100100000224,225,"Credit","MasterCard","Active","Indian Oil","Fuel","Ahmedabad","POS",28436.19,"Success"
1200,"2024-05-25 06:01:37",168,"Meena Gupta",100100000167,168,"Debit","Visa","Active","Dominos","Food","Mumbai","Online",14302.52,"Success"
1201,"2025-09-03 01:41:02",178,"Arjun Kumar",100100000177,178,"Debit","Visa","Active","BookMyShow","Entertainment","Noida","Online",41895.25,"Failed"
1202,"2024-06-19 23:41:51",36,"Sakshi Agarwal",100100000035,36,"Debit","Visa","Active","Dominos","Food","Ahmedabad","Online",9393.74,"Success"
1203,"2022-02-20 21:23:47",72,"Anjali Singh",100100000217,218,"Debit","Visa","Active","SBI ATM","ATM","Pune","ATM",10907.01,"Success"
1204,"2025-11-09 11:50:42",109,"Kavita Jain",100100000108,109,"Debit","Visa","Active","Swiggy","Food","Hyderabad","Contactless",37575.67,"Success"
1205,"2023-05-31 16:07:30",95,"Rahul Kumar",100100000241,242,"Credit","Visa","Expired","BookMyShow","Entertainment","Noida","Online",37414.30,"Success"
1206,"2024-11-28 12:09:17",30,"Vikas Gupta",100100000221,222,"Credit","Visa","Active","BookMyShow","Entertainment","Kolkata","Contactless",17940.05,"Success"
1207,"2026-01-16 20:34:51",185,"Rahul Kumar",100100000207,208,"Debit","RuPay","Active","Lifestyle","Fashion","Ahmedabad","Contactless",24286.02,"Success"
1208,"2026-04-13 18:53:56",12,"Vivek Mishra",100100000011,12,"Debit","Visa","Active","Swiggy","Food","Lucknow","Contactless",6090.85,"Success"
1209,"2026-03-28 14:49:48",96,"Manish Yadav",100100000095,96,"Debit","Visa","Active","Reliance Digital","Electronics","Bengaluru","Contactless",32462.41,"Success"
1210,"2022-11-08 05:54:02",173,"Shreya Reddy",100100000172,173,"Debit","Visa","Lost","Flipkart","Shopping","Pune","POS",40867.11,"Success"
1211,"2022-01-14 04:50:22",108,"Sakshi Chauhan",100100000107,108,"Debit","RuPay","Active","Big Bazaar","Grocery","Kolkata","POS",18518.85,"Success"
1212,"2025-04-22 21:21:34",155,"Manish Pandey",100100000154,155,"Debit","Visa","Active","IRCTC","Travel","Lucknow","POS",36562.54,"Success"
1213,"2022-06-27 04:31:06",190,"Divya Kumar",100100000189,190,"Debit","Visa","Active","Flipkart","Shopping","Ahmedabad","POS",43312.10,"Success"
1214,"2023-03-18 09:52:41",169,"Rahul Pandey",100100000168,169,"Debit","RuPay","Active","HP Petrol Pump","Fuel","Jaipur","Contactless",36477.83,"Success"
1215,"2026-05-15 10:48:39",69,"Ritu Pandey",100100000245,246,"Credit","MasterCard","Active","Myntra","Fashion","Bengaluru","Online",40987.97,"Success"
1216,"2024-10-13 18:41:34",40,"Sneha Nair",100100000039,40,"Debit","Visa","Expired","Zomato","Food","Delhi","POS",42247.09,"Success"
1217,"2025-12-05 21:31:54",163,"Anjali Gupta",100100000212,213,"Debit","Visa","Active","Lifestyle","Fashion","Chennai","Online",20881.15,"Failed"
1218,"2024-01-13 21:08:04",73,"Karan Yadav",100100000072,73,"Debit","Visa","Active","Indian Oil","Fuel","Bengaluru","Online",49094.05,"Success"
1219,"2023-05-07 15:47:50",195,"Amit Agarwal",100100000279,280,"Credit","Visa","Active","Amazon India","Shopping","Delhi","POS",1753.64,"Success"
1220,"2025-11-09 13:05:39",150,"Ankit Verma",100100000149,150,"Debit","RuPay","Blocked","Dominos","Food","Mumbai","Contactless",39518.11,"Success"
1221,"2026-04-04 07:39:06",173,"Shreya Reddy",100100000172,173,"Debit","Visa","Lost","Swiggy","Food","Noida","Contactless",22767.38,"Success"
1222,"2022-10-06 20:42:09",196,"Manish Chauhan",100100000236,237,"Credit","Visa","Active","Zomato","Food","Delhi","Online",22373.67,"Success"
1223,"2022-08-06 03:04:13",121,"Manish Agarwal",100100000120,121,"Debit","Visa","Active","Dominos","Food","Chennai","Online",44744.38,"Success"
1224,"2023-06-19 01:17:22",18,"Vivek Verma",100100000239,240,"Credit","Visa","Active","DMart","Grocery","Noida","Online",24998.93,"Success"
1225,"2025-10-03 06:55:26",125,"Vivek Kumar",100100000124,125,"Debit","RuPay","Active","Amazon India","Shopping","Ahmedabad","Online",32732.94,"Success"
1226,"2025-08-21 11:01:22",73,"Karan Yadav",100100000226,227,"Credit","MasterCard","Active","Lifestyle","Fashion","Pune","POS",11386.20,"Success"
1227,"2023-08-26 22:34:01",197,"Rajesh Yadav",100100000223,224,"Credit","MasterCard","Active","Reliance Fresh","Grocery","Jaipur","Online",28491.89,"Success"
1228,"2026-02-20 19:55:20",107,"Nitin Chauhan",100100000106,107,"Debit","RuPay","Active","PVR Cinemas","Entertainment","Gurugram","POS",23583.73,"Success"
1229,"2023-03-11 11:57:51",9,"Rohit Chauhan",100100000008,9,"Debit","RuPay","Active","Dominos","Food","Hyderabad","Contactless",14863.04,"Success"
1230,"2023-03-07 04:42:03",176,"Rohit Sharma",100100000175,176,"Debit","RuPay","Active","HP Petrol Pump","Fuel","Kolkata","Contactless",32433.51,"Success"
1231,"2023-07-04 18:51:29",116,"Riya Sinha",100100000201,202,"Debit","RuPay","Expired","Myntra","Fashion","Chennai","POS",32679.54,"Success"
1232,"2022-04-19 01:24:28",76,"Harsh Kumar",100100000075,76,"Debit","RuPay","Active","Indian Oil","Fuel","Gurugram","Online",15775.48,"Success"
1233,"2026-01-28 22:12:00",80,"Arjun Patel",100100000079,80,"Debit","Visa","Active","Indian Oil","Fuel","Delhi","POS",30714.51,"Success"
1234,"2022-01-26 11:22:44",104,"Harsh Pandey",100100000103,104,"Debit","RuPay","Active","PVR Cinemas","Entertainment","Pune","Contactless",14560.30,"Success"
1235,"2022-01-22 05:19:39",131,"Divya Yadav",100100000130,131,"Debit","Visa","Active","DMart","Grocery","Delhi","Contactless",47060.11,"Success"
1236,"2024-03-17 12:33:03",25,"Riya Reddy",100100000024,25,"Debit","RuPay","Active","IRCTC","Travel","Lucknow","Contactless",35075.44,"Success"
1237,"2022-07-17 15:45:06",113,"Manish Yadav",100100000112,113,"Debit","Visa","Active","IRCTC","Travel","Kolkata","Contactless",49813.79,"Success"
1238,"2024-11-27 07:44:40",120,"Nidhi Agarwal",100100000119,120,"Debit","RuPay","Active","Zomato","Food","Hyderabad","Online",15614.19,"Success"
1239,"2023-11-25 19:48:10",155,"Manish Pandey",100100000154,155,"Debit","Visa","Active","Apollo Pharmacy","Healthcare","Delhi","POS",20478.33,"Success"
1240,"2024-05-25 00:27:35",184,"Asha Singh",100100000183,184,"Debit","Visa","Active","Dominos","Food","Delhi","Contactless",13402.69,"Success"
1241,"2026-03-12 11:10:48",62,"Ritu Yadav",100100000061,62,"Debit","Visa","Active","Dominos","Food","Noida","Contactless",26381.36,"Success"
1242,"2024-03-01 15:27:45",101,"Rohit Yadav",100100000100,101,"Debit","Visa","Active","Starbucks","Cafe","Delhi","POS",45879.01,"Success"
1243,"2025-02-03 19:57:43",13,"Nitin Yadav",100100000012,13,"Debit","RuPay","Active","DMart","Grocery","Delhi","POS",48604.76,"Success"
1244,"2023-12-10 10:04:52",56,"Vikas Reddy",100100000055,56,"Debit","RuPay","Active","Big Bazaar","Grocery","Jaipur","POS",29015.42,"Failed"
1245,"2026-05-10 14:27:12",168,"Meena Gupta",100100000167,168,"Debit","Visa","Active","Flipkart","Shopping","Pune","Contactless",26369.04,"Success"
1246,"2025-01-05 02:36:09",152,"Mohit Mishra",100100000151,152,"Debit","Visa","Active","Dominos","Food","Kolkata","Online",11780.41,"Success"
1247,"2023-10-22 08:45:10",41,"Vivek Patel",100100000040,41,"Debit","Visa","Active","Swiggy","Food","Mumbai","Online",1380.21,"Success"
1248,"2025-06-26 17:05:09",39,"Riya Reddy",100100000038,39,"Debit","RuPay","Active","Flipkart","Shopping","Kolkata","Contactless",23150.82,"Success"
1249,"2025-12-25 13:33:45",169,"Rahul Pandey",100100000168,169,"Debit","RuPay","Active","Flipkart","Shopping","Kolkata","Online",14482.40,"Success"
1250,"2024-07-31 02:59:33",152,"Mohit Mishra",100100000151,152,"Debit","Visa","Active","Dominos","Food","Lucknow","POS",4109.86,"Failed"
1251,"2024-10-05 12:49:20",103,"Vikas Nair",100100000102,103,"Debit","Visa","Active","Reliance Digital","Electronics","Chennai","Online",35144.77,"Success"
1252,"2023-05-07 19:16:38",111,"Shreya Singh",100100000110,111,"Debit","Visa","Active","Reliance Digital","Electronics","Chennai","Online",26762.85,"Reversed"
1253,"2025-10-28 14:39:19",182,"Komal Gupta",100100000181,182,"Debit","RuPay","Active","Reliance Digital","Electronics","Hyderabad","Contactless",46098.04,"Success"
1254,"2024-04-10 05:11:44",146,"Manish Agarwal",100100000231,232,"Credit","MasterCard","Active","Reliance Digital","Electronics","Delhi","Contactless",10689.13,"Success"
1255,"2023-08-20 06:13:00",126,"Rahul Kumar",100100000125,126,"Debit","Visa","Active","Apollo Pharmacy","Healthcare","Chennai","Contactless",36140.25,"Failed"
1256,"2023-04-28 22:14:31",122,"Ritu Pandey",100100000121,122,"Debit","Visa","Lost","Indian Oil","Fuel","Lucknow","POS",6366.39,"Success"
1257,"2022-11-11 07:23:41",155,"Manish Pandey",100100000154,155,"Debit","Visa","Active","Reliance Digital","Electronics","Jaipur","Contactless",4616.82,"Success"
1258,"2025-02-06 04:59:18",135,"Shreya Chauhan",100100000134,135,"Debit","Visa","Active","HP Petrol Pump","Fuel","Mumbai","Online",5779.59,"Reversed"
1259,"2024-01-24 08:27:09",196,"Manish Chauhan",100100000195,196,"Debit","Visa","Active","Swiggy","Food","Chennai","Online",28773.71,"Success"
1260,"2025-05-02 03:53:15",82,"Meena Gupta",100100000202,203,"Debit","Visa","Active","DMart","Grocery","Delhi","Contactless",9940.57,"Success"
1261,"2025-05-29 21:35:23",190,"Divya Kumar",100100000189,190,"Debit","Visa","Active","Myntra","Fashion","Kolkata","POS",40965.44,"Reversed"
1262,"2022-04-10 03:53:06",130,"Pooja Pandey",100100000129,130,"Debit","RuPay","Active","Amazon India","Shopping","Hyderabad","Contactless",24145.61,"Success"
1263,"2024-03-01 15:57:17",149,"Anjali Mishra",100100000270,271,"Credit","MasterCard","Active","Lifestyle","Fashion","Lucknow","POS",6480.57,"Success"
1264,"2024-06-14 01:14:46",103,"Vikas Nair",100100000102,103,"Debit","Visa","Active","Reliance Fresh","Grocery","Mumbai","POS",18324.99,"Success"
1265,"2024-10-15 14:52:30",178,"Arjun Kumar",100100000177,178,"Debit","Visa","Active","HP Petrol Pump","Fuel","Chennai","Contactless",3342.30,"Reversed"
1266,"2024-10-11 22:23:19",145,"Nidhi Nair",100100000144,145,"Debit","Visa","Active","Indian Oil","Fuel","Hyderabad","Contactless",17406.86,"Success"
1267,"2022-09-25 03:27:16",94,"Shreya Mishra",100100000274,275,"Credit","MasterCard","Active","Croma","Electronics","Lucknow","Online",35615.66,"Success"
1268,"2023-01-05 04:36:32",191,"Asha Sharma",100100000190,191,"Debit","RuPay","Active","Croma","Electronics","Bengaluru","POS",42832.87,"Failed"
1269,"2023-11-09 23:28:08",199,"Sneha Agarwal",100100000198,199,"Debit","RuPay","Expired","Big Bazaar","Grocery","Kolkata","Contactless",15368.34,"Failed"
1270,"2024-11-30 01:39:25",167,"Mohit Jain",100100000166,167,"Debit","RuPay","Active","Reliance Digital","Electronics","Delhi","Online",40780.90,"Success"
1271,"2024-11-04 08:10:15",92,"Ritu Chauhan",100100000091,92,"Debit","Visa","Active","Zomato","Food","Hyderabad","Contactless",9229.17,"Success"
1272,"2024-04-08 21:54:18",39,"Riya Reddy",100100000038,39,"Debit","RuPay","Active","Big Bazaar","Grocery","Pune","Online",35762.21,"Reversed"
1273,"2025-11-27 19:05:42",51,"Rohit Yadav",100100000262,263,"Credit","MasterCard","Active","Reliance Fresh","Grocery","Gurugram","Online",40584.56,"Success"
1274,"2023-01-24 00:15:48",128,"Riya Mishra",100100000127,128,"Debit","RuPay","Active","Reliance Digital","Electronics","Lucknow","Contactless",21278.89,"Success"
1275,"2026-01-18 08:42:44",151,"Pooja Patel",100100000150,151,"Debit","RuPay","Active","Reliance Digital","Electronics","Mumbai","Online",34544.84,"Success"
1276,"2024-08-11 14:39:00",190,"Divya Kumar",100100000189,190,"Debit","Visa","Active","Myntra","Fashion","Pune","Contactless",15555.89,"Success"
1277,"2025-02-13 19:58:42",18,"Vivek Verma",100100000239,240,"Credit","Visa","Active","Lifestyle","Fashion","Lucknow","Online",27359.65,"Failed"
1278,"2023-01-24 04:51:56",33,"Deepak Jain",100100000032,33,"Debit","RuPay","Active","DMart","Grocery","Noida","POS",46024.30,"Success"
1279,"2022-04-24 13:54:19",91,"Amit Chauhan",100100000090,91,"Debit","RuPay","Active","Flipkart","Shopping","Chennai","POS",17281.80,"Success"
1280,"2022-04-10 03:16:22",28,"Nitin Reddy",100100000027,28,"Debit","Visa","Active","Reliance Digital","Electronics","Chennai","POS",27495.51,"Reversed"
1281,"2023-09-22 02:12:50",28,"Nitin Reddy",100100000027,28,"Debit","Visa","Active","Myntra","Fashion","Kolkata","POS",6023.33,"Success"
1282,"2023-06-16 18:02:39",165,"Riya Kumar",100100000164,165,"Debit","RuPay","Active","Amazon India","Shopping","Jaipur","Online",19217.03,"Success"
1283,"2026-02-24 01:42:02",193,"Vikas Verma",100100000192,193,"Debit","RuPay","Active","Starbucks","Cafe","Jaipur","Contactless",32662.47,"Success"
1284,"2026-06-03 19:10:45",97,"Riya Kumar",100100000096,97,"Debit","RuPay","Active","Croma","Electronics","Mumbai","POS",18118.96,"Success"
1285,"2025-06-12 15:07:41",24,"Riya Patel",100100000023,24,"Debit","Visa","Active","HP Petrol Pump","Fuel","Gurugram","POS",45056.64,"Failed"
1286,"2026-05-18 04:26:24",7,"Neha Gupta",100100000006,7,"Debit","Visa","Active","HP Petrol Pump","Fuel","Hyderabad","POS",49843.98,"Success"
1287,"2024-04-26 02:14:18",119,"Meena Yadav",100100000118,119,"Debit","Visa","Active","Reliance Digital","Electronics","Ahmedabad","POS",385.76,"Success"
1288,"2025-06-07 05:17:01",119,"Meena Yadav",100100000118,119,"Debit","Visa","Active","Lifestyle","Fashion","Chennai","POS",25584.27,"Success"
1289,"2025-08-03 11:34:39",200,"Harsh Mishra",100100000225,226,"Credit","Visa","Active","DMart","Grocery","Chennai","Contactless",6853.26,"Success"
1290,"2022-06-06 21:29:13",113,"Manish Yadav",100100000112,113,"Debit","Visa","Active","Starbucks","Cafe","Hyderabad","Contactless",30881.02,"Success"
1291,"2023-06-19 18:42:08",157,"Meena Mishra",100100000156,157,"Debit","RuPay","Active","Swiggy","Food","Mumbai","Online",33105.46,"Success"
1292,"2023-03-26 08:55:15",140,"Arjun Sinha",100100000139,140,"Debit","Visa","Active","Dominos","Food","Mumbai","Online",39981.86,"Success"
1293,"2024-07-28 12:45:55",78,"Sneha Verma",100100000216,217,"Debit","Visa","Lost","Starbucks","Cafe","Chennai","POS",5107.67,"Success"
1294,"2024-12-12 23:51:22",39,"Riya Reddy",100100000038,39,"Debit","RuPay","Active","HP Petrol Pump","Fuel","Delhi","POS",44575.84,"Success"
1295,"2022-06-01 12:56:03",108,"Sakshi Chauhan",100100000107,108,"Debit","RuPay","Active","Croma","Electronics","Bengaluru","POS",40712.92,"Success"
1296,"2022-03-11 21:12:10",59,"Nitin Nair",100100000058,59,"Debit","RuPay","Active","Apollo Pharmacy","Healthcare","Pune","Contactless",5989.58,"Failed"
1297,"2024-10-20 19:44:36",191,"Asha Sharma",100100000190,191,"Debit","RuPay","Active","Dominos","Food","Noida","POS",30400.56,"Success"
1298,"2023-04-23 06:03:41",146,"Manish Agarwal",100100000145,146,"Debit","RuPay","Lost","Reliance Fresh","Grocery","Delhi","POS",30631.25,"Success"
1299,"2025-09-30 23:14:55",161,"Riya Singh",100100000253,254,"Credit","MasterCard","Active","Reliance Fresh","Grocery","Mumbai","Contactless",42807.69,"Reversed"
1300,"2023-12-26 17:12:36",54,"Meena Singh",100100000269,270,"Credit","MasterCard","Active","Indian Oil","Fuel","Lucknow","Online",18496.18,"Success"
1301,"2022-03-01 20:09:48",23,"Asha Agarwal",100100000022,23,"Debit","Visa","Blocked","Croma","Electronics","Delhi","Online",23227.75,"Success"
1302,"2024-03-04 21:21:36",151,"Pooja Patel",100100000150,151,"Debit","RuPay","Active","Flipkart","Shopping","Kolkata","Contactless",34674.68,"Success"
1303,"2026-02-13 23:58:06",73,"Karan Yadav",100100000226,227,"Credit","MasterCard","Active","Swiggy","Food","Gurugram","Online",4071.06,"Success"
1304,"2025-12-05 05:56:11",146,"Manish Agarwal",100100000231,232,"Credit","MasterCard","Active","Myntra","Fashion","Gurugram","POS",48179.76,"Reversed"
1305,"2022-05-09 13:39:48",104,"Harsh Pandey",100100000103,104,"Debit","RuPay","Active","Flipkart","Shopping","Pune","Online",41372.71,"Success"
1306,"2025-02-27 03:36:05",92,"Ritu Chauhan",100100000249,250,"Credit","MasterCard","Active","SBI ATM","ATM","Kolkata","ATM",49818.28,"Success"
1307,"2023-10-01 12:19:52",117,"Priya Patel",100100000215,216,"Debit","Visa","Active","PVR Cinemas","Entertainment","Hyderabad","POS",26197.66,"Success"
1308,"2024-10-21 01:20:46",114,"Harsh Reddy",100100000113,114,"Debit","Visa","Active","Amazon India","Shopping","Chennai","Contactless",34054.52,"Success"
1309,"2022-12-29 17:36:47",73,"Karan Yadav",100100000226,227,"Credit","MasterCard","Active","Swiggy","Food","Gurugram","Contactless",29367.85,"Success"
1310,"2022-05-11 08:24:14",111,"Shreya Singh",100100000110,111,"Debit","Visa","Active","Reliance Digital","Electronics","Lucknow","Contactless",21684.81,"Success"
1311,"2023-12-14 14:00:47",1,"Vivek Yadav",100100000000,1,"Debit","Visa","Active","Indian Oil","Fuel","Chennai","Contactless",6738.32,"Success"
1312,"2022-10-24 08:52:23",198,"Suresh Singh",100100000235,236,"Credit","MasterCard","Active","BookMyShow","Entertainment","Noida","Online",1910.85,"Success"
1313,"2026-01-23 01:06:50",17,"Komal Patel",100100000275,276,"Credit","MasterCard","Active","Amazon India","Shopping","Chennai","Contactless",38393.20,"Success"
1314,"2023-01-17 06:28:12",10,"Divya Patel",100100000009,10,"Debit","RuPay","Active","Reliance Fresh","Grocery","Hyderabad","POS",10375.38,"Success"
1315,"2022-04-13 00:05:36",14,"Sneha Nair",100100000013,14,"Debit","RuPay","Active","Flipkart","Shopping","Mumbai","Contactless",1023.24,"Success"
1316,"2022-11-03 05:24:42",136,"Priya Sharma",100100000256,257,"Credit","MasterCard","Active","Croma","Electronics","Delhi","Online",39588.75,"Success"
1317,"2024-11-17 13:11:36",125,"Vivek Kumar",100100000124,125,"Debit","RuPay","Active","Big Bazaar","Grocery","Jaipur","Online",45794.48,"Reversed"
1318,"2025-01-20 03:01:25",199,"Sneha Agarwal",100100000198,199,"Debit","RuPay","Expired","Lifestyle","Fashion","Kolkata","POS",3667.44,"Success"
1319,"2025-11-19 05:31:52",35,"Ankit Gupta",100100000034,35,"Debit","Visa","Active","Swiggy","Food","Pune","Online",39700.84,"Success"
1320,"2022-10-28 11:43:01",200,"Harsh Mishra",100100000199,200,"Debit","RuPay","Active","Lifestyle","Fashion","Bengaluru","POS",41179.53,"Success"
1321,"2025-09-30 03:53:23",78,"Sneha Verma",100100000077,78,"Debit","RuPay","Lost","Starbucks","Cafe","Delhi","POS",26699.43,"Success"
1322,"2022-08-23 19:53:58",193,"Vikas Verma",100100000203,204,"Debit","RuPay","Active","Flipkart","Shopping","Ahmedabad","POS",30443.31,"Success"
1323,"2022-06-27 17:55:34",147,"Nitin Jain",100100000146,147,"Debit","RuPay","Lost","PVR Cinemas","Entertainment","Kolkata","Contactless",48739.69,"Failed"
1324,"2024-05-04 13:10:14",2,"Neha Gupta",100100000001,2,"Debit","Visa","Active","Myntra","Fashion","Kolkata","Contactless",40941.53,"Success"
1325,"2024-06-24 00:48:24",136,"Priya Sharma",100100000256,257,"Credit","MasterCard","Active","Apollo Pharmacy","Healthcare","Ahmedabad","Contactless",30736.56,"Success"
1326,"2023-01-29 13:20:13",89,"Rahul Kumar",100100000088,89,"Debit","RuPay","Active","Myntra","Fashion","Ahmedabad","POS",9390.45,"Success"
1327,"2026-07-07 04:51:21",177,"Riya Verma",100100000176,177,"Debit","RuPay","Blocked","Reliance Digital","Electronics","Delhi","Online",34200.84,"Success"
1328,"2026-03-24 13:26:30",78,"Sneha Verma",100100000216,217,"Debit","Visa","Lost","Reliance Fresh","Grocery","Gurugram","POS",39448.05,"Success"
1329,"2023-06-11 20:58:41",89,"Rahul Kumar",100100000088,89,"Debit","RuPay","Active","Dominos","Food","Mumbai","Online",47911.87,"Success"
1330,"2025-11-05 11:34:11",53,"Arjun Jain",100100000052,53,"Debit","RuPay","Active","Indian Oil","Fuel","Chennai","POS",43829.08,"Success"
1331,"2022-11-16 13:33:36",114,"Harsh Reddy",100100000205,206,"Debit","RuPay","Active","Swiggy","Food","Ahmedabad","Online",43036.98,"Success"
1332,"2022-08-12 17:11:37",16,"Amit Verma",100100000015,16,"Debit","RuPay","Active","PVR Cinemas","Entertainment","Jaipur","POS",4315.61,"Success"
1333,"2024-07-22 17:01:52",114,"Harsh Reddy",100100000113,114,"Debit","Visa","Active","BookMyShow","Entertainment","Chennai","Online",3247.06,"Success"
1334,"2023-05-02 00:29:25",149,"Anjali Mishra",100100000148,149,"Debit","RuPay","Active","Flipkart","Shopping","Chennai","POS",11140.78,"Success"
1335,"2022-01-12 16:44:11",134,"Nitin Sharma",100100000200,201,"Debit","RuPay","Active","Apollo Pharmacy","Healthcare","Chennai","Contactless",44150.06,"Success"
1336,"2025-06-11 04:08:41",92,"Ritu Chauhan",100100000249,250,"Credit","MasterCard","Active","DMart","Grocery","Kolkata","Online",34076.92,"Success"
1337,"2023-07-11 06:16:06",32,"Ankit Reddy",100100000031,32,"Debit","Visa","Active","DMart","Grocery","Hyderabad","POS",32070.03,"Success"
1338,"2025-07-10 02:31:00",11,"Komal Pandey",100100000010,11,"Debit","Visa","Active","Big Bazaar","Grocery","Jaipur","Online",690.01,"Success"
1339,"2026-01-19 17:01:53",99,"Komal Jain",100100000098,99,"Debit","RuPay","Active","Indian Oil","Fuel","Ahmedabad","Contactless",35230.88,"Failed"
1340,"2023-12-23 21:16:34",146,"Manish Agarwal",100100000231,232,"Credit","MasterCard","Active","SBI ATM","ATM","Chennai","ATM",12516.64,"Success"
1341,"2025-07-23 11:35:49",178,"Arjun Kumar",100100000208,209,"Debit","RuPay","Active","SBI ATM","ATM","Lucknow","ATM",15576.53,"Success"
1342,"2024-07-31 20:25:31",125,"Vivek Kumar",100100000124,125,"Debit","RuPay","Active","Reliance Fresh","Grocery","Gurugram","Contactless",35977.28,"Success"
1343,"2022-08-26 19:02:01",22,"Asha Pandey",100100000021,22,"Debit","RuPay","Active","Big Bazaar","Grocery","Gurugram","Online",24169.71,"Success"
1344,"2025-10-03 10:42:40",5,"Amit Reddy",100100000004,5,"Debit","Visa","Active","Swiggy","Food","Bengaluru","Online",32546.93,"Success"
1345,"2023-08-19 03:49:47",1,"Vivek Yadav",100100000000,1,"Debit","Visa","Active","Apollo Pharmacy","Healthcare","Pune","Contactless",38801.86,"Success"
1346,"2023-10-16 13:24:43",70,"Asha Reddy",100100000069,70,"Debit","Visa","Active","Big Bazaar","Grocery","Pune","Contactless",9994.34,"Success"
1347,"2022-11-20 16:17:25",191,"Asha Sharma",100100000265,266,"Credit","Visa","Active","PVR Cinemas","Entertainment","Kolkata","POS",32242.62,"Success"
1348,"2025-01-17 18:28:56",107,"Nitin Chauhan",100100000209,210,"Debit","Visa","Active","Starbucks","Cafe","Bengaluru","Online",23915.45,"Success"
1349,"2026-04-29 18:45:08",175,"Pooja Jain",100100000174,175,"Debit","RuPay","Active","Reliance Digital","Electronics","Noida","Online",27668.80,"Success"
1350,"2024-03-06 11:38:22",79,"Vikas Agarwal",100100000078,79,"Debit","Visa","Active","HP Petrol Pump","Fuel","Mumbai","Online",46792.51,"Success"
1351,"2023-08-21 18:49:24",37,"Neha Pandey",100100000036,37,"Debit","RuPay","Active","Zomato","Food","Lucknow","POS",46241.23,"Success"
1352,"2022-11-07 10:58:57",58,"Kavita Sharma",100100000057,58,"Debit","Visa","Active","Indian Oil","Fuel","Delhi","POS",930.89,"Success"
1353,"2024-05-05 19:16:36",50,"Suresh Chauhan",100100000049,50,"Debit","Visa","Lost","SBI ATM","ATM","Kolkata","ATM",7519.86,"Success"
1354,"2023-12-22 18:33:02",115,"Nidhi Agarwal",100100000233,234,"Credit","Visa","Active","Apollo Pharmacy","Healthcare","Chennai","Online",18625.61,"Success"
1355,"2023-08-08 22:02:08",182,"Komal Gupta",100100000255,256,"Credit","MasterCard","Active","Indian Oil","Fuel","Pune","Contactless",49392.70,"Reversed"
1356,"2024-04-27 00:44:55",136,"Priya Sharma",100100000256,257,"Credit","MasterCard","Active","Myntra","Fashion","Pune","POS",1700.50,"Success"
1357,"2024-10-28 13:09:27",25,"Riya Reddy",100100000024,25,"Debit","RuPay","Active","Reliance Digital","Electronics","Bengaluru","POS",19892.98,"Success"
1358,"2023-06-01 04:15:21",80,"Arjun Patel",100100000079,80,"Debit","Visa","Active","Swiggy","Food","Pune","Contactless",17175.49,"Success"
1359,"2024-04-18 06:38:29",146,"Manish Agarwal",100100000145,146,"Debit","RuPay","Lost","Croma","Electronics","Kolkata","Online",18328.17,"Success"
1360,"2023-08-04 11:15:03",83,"Nitin Verma",100100000082,83,"Debit","RuPay","Active","Zomato","Food","Ahmedabad","POS",4034.04,"Success"
1361,"2025-07-02 08:00:29",155,"Manish Pandey",100100000154,155,"Debit","Visa","Active","Indian Oil","Fuel","Noida","POS",4082.58,"Success"
1362,"2022-07-17 20:16:23",186,"Neha Gupta",100100000185,186,"Debit","Visa","Active","Zomato","Food","Gurugram","POS",19409.02,"Success"
1363,"2026-02-25 01:01:37",12,"Vivek Mishra",100100000011,12,"Debit","Visa","Active","Lifestyle","Fashion","Lucknow","Online",38548.20,"Success"
1364,"2023-10-23 00:36:16",168,"Meena Gupta",100100000167,168,"Debit","Visa","Active","SBI ATM","ATM","Delhi","ATM",21666.63,"Success"
1365,"2026-05-19 23:48:13",82,"Meena Gupta",100100000202,203,"Debit","Visa","Active","Big Bazaar","Grocery","Jaipur","POS",26770.63,"Success"
1366,"2025-05-08 23:06:25",51,"Rohit Yadav",100100000050,51,"Debit","RuPay","Active","Lifestyle","Fashion","Jaipur","Contactless",22726.73,"Success"
1367,"2024-05-26 14:21:51",116,"Riya Sinha",100100000201,202,"Debit","RuPay","Expired","BookMyShow","Entertainment","Pune","Online",32754.05,"Success"
1368,"2022-02-07 05:12:19",199,"Sneha Agarwal",100100000198,199,"Debit","RuPay","Expired","BookMyShow","Entertainment","Delhi","Online",33904.74,"Success"
1369,"2023-08-11 05:12:31",75,"Neha Chauhan",100100000250,251,"Credit","Visa","Active","PVR Cinemas","Entertainment","Hyderabad","Online",42460.71,"Success"
1370,"2025-10-14 15:41:03",102,"Asha Sinha",100100000268,269,"Credit","Visa","Active","Lifestyle","Fashion","Delhi","Contactless",33696.42,"Success"
1371,"2024-09-19 19:18:17",106,"Arjun Nair",100100000232,233,"Credit","MasterCard","Expired","Apollo Pharmacy","Healthcare","Bengaluru","POS",41085.52,"Success"
1372,"2025-11-08 10:53:56",92,"Ritu Chauhan",100100000091,92,"Debit","Visa","Active","PVR Cinemas","Entertainment","Ahmedabad","Online",24473.14,"Success"
1373,"2024-07-10 12:27:47",163,"Anjali Gupta",100100000162,163,"Debit","Visa","Active","Myntra","Fashion","Bengaluru","Online",8892.39,"Success"
1374,"2024-11-09 02:57:13",5,"Amit Reddy",100100000234,235,"Credit","MasterCard","Active","Starbucks","Cafe","Hyderabad","Contactless",29027.88,"Success"
1375,"2023-07-12 07:22:26",101,"Rohit Yadav",100100000100,101,"Debit","Visa","Active","DMart","Grocery","Mumbai","Contactless",1839.92,"Reversed"
1376,"2026-05-30 16:59:01",88,"Arjun Kumar",100100000087,88,"Debit","Visa","Lost","Swiggy","Food","Noida","POS",28548.99,"Success"
1377,"2022-06-06 08:50:15",112,"Mohit Mishra",100100000111,112,"Debit","Visa","Active","Apollo Pharmacy","Healthcare","Noida","POS",19947.31,"Success"
1378,"2024-02-16 04:15:23",152,"Mohit Mishra",100100000151,152,"Debit","Visa","Active","Starbucks","Cafe","Chennai","POS",8138.50,"Success"
1379,"2024-12-29 12:47:24",175,"Pooja Jain",100100000174,175,"Debit","RuPay","Active","Flipkart","Shopping","Kolkata","Contactless",2501.60,"Success"
1380,"2024-01-28 11:21:56",163,"Anjali Gupta",100100000162,163,"Debit","Visa","Active","Reliance Fresh","Grocery","Delhi","Online",20920.98,"Success"
1381,"2022-09-21 01:08:22",94,"Shreya Mishra",100100000274,275,"Credit","MasterCard","Active","Dominos","Food","Pune","Contactless",15745.65,"Success"
1382,"2022-06-10 09:26:11",119,"Meena Yadav",100100000118,119,"Debit","Visa","Active","Starbucks","Cafe","Bengaluru","Contactless",48442.05,"Success"
1383,"2023-08-01 11:42:13",47,"Priya Sharma",100100000046,47,"Debit","Visa","Active","Flipkart","Shopping","Noida","Online",12718.30,"Success"
1384,"2023-04-18 05:58:10",159,"Kavita Singh",100100000158,159,"Debit","Visa","Active","DMart","Grocery","Delhi","POS",3740.38,"Success"
1385,"2024-12-11 01:04:36",157,"Meena Mishra",100100000156,157,"Debit","RuPay","Active","BookMyShow","Entertainment","Pune","Contactless",23677.40,"Success"
1386,"2024-08-11 05:31:51",192,"Deepak Reddy",100100000228,229,"Credit","Visa","Active","SBI ATM","ATM","Bengaluru","ATM",20107.01,"Success"
1387,"2023-01-25 22:54:38",82,"Meena Gupta",100100000202,203,"Debit","Visa","Active","HP Petrol Pump","Fuel","Pune","POS",29087.89,"Success"
1388,"2026-04-25 02:09:01",195,"Amit Agarwal",100100000279,280,"Credit","Visa","Active","IRCTC","Travel","Pune","Contactless",15780.56,"Success"
1389,"2026-03-11 20:19:24",114,"Harsh Reddy",100100000113,114,"Debit","Visa","Active","Reliance Digital","Electronics","Delhi","POS",29956.53,"Success"
1390,"2024-06-13 04:38:03",127,"Anjali Verma",100100000126,127,"Debit","Visa","Active","Zomato","Food","Ahmedabad","Contactless",26725.61,"Success"
1391,"2023-01-19 14:22:36",85,"Kavita Nair",100100000084,85,"Debit","Visa","Active","Myntra","Fashion","Lucknow","Online",18018.20,"Success"
1392,"2025-10-04 13:12:38",75,"Neha Chauhan",100100000074,75,"Debit","RuPay","Active","Apollo Pharmacy","Healthcare","Ahmedabad","Contactless",16107.27,"Success"
1393,"2024-09-19 10:58:08",192,"Deepak Reddy",100100000191,192,"Debit","Visa","Active","Amazon India","Shopping","Mumbai","Contactless",12566.41,"Success"
1394,"2022-03-20 21:19:56",71,"Sakshi Reddy",100100000070,71,"Debit","Visa","Active","Swiggy","Food","Gurugram","Online",24813.29,"Success"
1395,"2022-01-26 15:29:29",124,"Asha Sinha",100100000123,124,"Debit","RuPay","Active","DMart","Grocery","Chennai","POS",35033.76,"Success"
1396,"2024-06-30 19:51:51",45,"Vikas Patel",100100000044,45,"Debit","RuPay","Active","Zomato","Food","Chennai","Online",49587.87,"Success"
1397,"2025-05-18 04:15:56",17,"Komal Patel",100100000016,17,"Debit","Visa","Active","Lifestyle","Fashion","Jaipur","Contactless",21566.11,"Success"
1398,"2022-04-11 13:23:50",69,"Ritu Pandey",100100000245,246,"Credit","MasterCard","Active","Reliance Digital","Electronics","Gurugram","Contactless",44744.31,"Success"
1399,"2025-04-05 04:29:35",194,"Harsh Agarwal",100100000193,194,"Debit","RuPay","Active","Reliance Digital","Electronics","Noida","Contactless",25813.57,"Success"
1400,"2026-01-10 16:30:09",164,"Shreya Sinha",100100000163,164,"Debit","Visa","Active","Croma","Electronics","Lucknow","Online",31083.54,"Success"
1401,"2025-04-01 04:45:26",30,"Vikas Gupta",100100000221,222,"Credit","Visa","Active","Myntra","Fashion","Mumbai","Contactless",29547.64,"Success"
1402,"2022-06-25 08:15:27",187,"Karan Chauhan",100100000186,187,"Debit","RuPay","Active","Lifestyle","Fashion","Pune","POS",13625.90,"Reversed"
1403,"2025-12-12 09:30:34",162,"Asha Reddy",100100000161,162,"Debit","RuPay","Active","Lifestyle","Fashion","Ahmedabad","Contactless",21345.59,"Success"
1404,"2024-04-05 07:00:11",1,"Vivek Yadav",100100000000,1,"Debit","Visa","Active","Zomato","Food","Noida","Contactless",9943.39,"Success"
1405,"2025-10-06 23:28:53",108,"Sakshi Chauhan",100100000107,108,"Debit","RuPay","Active","Reliance Digital","Electronics","Mumbai","Online",4985.46,"Success"
1406,"2025-07-23 12:24:25",95,"Rahul Kumar",100100000241,242,"Credit","Visa","Expired","BookMyShow","Entertainment","Gurugram","Contactless",25329.04,"Success"
1407,"2025-04-28 20:33:57",197,"Rajesh Yadav",100100000196,197,"Debit","Visa","Active","Reliance Fresh","Grocery","Ahmedabad","POS",28868.39,"Success"
1408,"2025-01-26 18:26:22",178,"Arjun Kumar",100100000227,228,"Credit","Visa","Active","Reliance Digital","Electronics","Bengaluru","Contactless",3518.11,"Reversed"
1409,"2023-07-09 20:51:00",71,"Sakshi Reddy",100100000070,71,"Debit","Visa","Active","Big Bazaar","Grocery","Kolkata","Online",43183.81,"Success"
1410,"2024-05-22 08:12:29",66,"Harsh Sinha",100100000065,66,"Debit","Visa","Active","Dominos","Food","Delhi","POS",21716.08,"Success"
1411,"2023-09-07 06:54:08",19,"Vikas Yadav",100100000018,19,"Debit","Visa","Active","Lifestyle","Fashion","Mumbai","POS",45064.72,"Success"
1412,"2022-01-01 04:50:28",29,"Mohit Yadav",100100000028,29,"Debit","Visa","Active","Reliance Fresh","Grocery","Ahmedabad","Contactless",23607.95,"Success"
1413,"2025-09-10 21:07:45",136,"Priya Sharma",100100000135,136,"Debit","RuPay","Active","Reliance Fresh","Grocery","Mumbai","Contactless",32442.26,"Success"
1414,"2023-09-26 03:12:58",157,"Meena Mishra",100100000156,157,"Debit","RuPay","Active","Reliance Digital","Electronics","Noida","Online",24848.33,"Reversed"
1415,"2022-12-25 02:41:47",186,"Neha Gupta",100100000185,186,"Debit","Visa","Active","Swiggy","Food","Hyderabad","POS",48583.37,"Success"
1416,"2023-07-22 01:05:07",42,"Pooja Gupta",100100000267,268,"Credit","Visa","Active","Amazon India","Shopping","Pune","Online",21655.21,"Success"
1417,"2023-11-10 23:19:59",115,"Nidhi Agarwal",100100000114,115,"Debit","RuPay","Lost","DMart","Grocery","Jaipur","Online",1977.95,"Success"
1418,"2022-07-13 13:30:37",84,"Karan Patel",100100000083,84,"Debit","Visa","Active","Indian Oil","Fuel","Gurugram","POS",13641.71,"Success"
1419,"2023-10-22 07:00:07",50,"Suresh Chauhan",100100000251,252,"Credit","MasterCard","Active","Apollo Pharmacy","Healthcare","Ahmedabad","Contactless",21361.93,"Success"
1420,"2024-03-01 23:02:15",111,"Shreya Singh",100100000110,111,"Debit","Visa","Active","Swiggy","Food","Mumbai","Contactless",37894.66,"Success"
1421,"2024-01-12 00:52:15",82,"Meena Gupta",100100000202,203,"Debit","Visa","Active","Big Bazaar","Grocery","Chennai","Contactless",31397.58,"Success"
1422,"2023-05-06 21:14:18",124,"Asha Sinha",100100000214,215,"Debit","Visa","Active","Reliance Digital","Electronics","Pune","Online",11798.24,"Success"
1423,"2022-09-16 06:56:16",182,"Komal Gupta",100100000255,256,"Credit","MasterCard","Active","Flipkart","Shopping","Gurugram","Online",22800.06,"Success"
1424,"2025-07-04 06:43:03",191,"Asha Sharma",100100000190,191,"Debit","RuPay","Active","Lifestyle","Fashion","Ahmedabad","Online",14273.29,"Success"
1425,"2025-04-23 07:32:34",183,"Neha Nair",100100000182,183,"Debit","RuPay","Active","BookMyShow","Entertainment","Lucknow","Online",32602.03,"Success"
1426,"2022-04-03 04:33:39",62,"Ritu Yadav",100100000061,62,"Debit","Visa","Active","SBI ATM","ATM","Pune","ATM",14332.08,"Reversed"
1427,"2024-05-23 21:15:15",150,"Ankit Verma",100100000149,150,"Debit","RuPay","Blocked","Lifestyle","Fashion","Mumbai","POS",46237.45,"Success"
1428,"2022-07-29 08:44:39",53,"Arjun Jain",100100000052,53,"Debit","RuPay","Active","Reliance Digital","Electronics","Ahmedabad","Contactless",40892.03,"Success"
1429,"2022-01-09 12:25:43",115,"Nidhi Agarwal",100100000233,234,"Credit","Visa","Active","Zomato","Food","Gurugram","Contactless",43781.41,"Success"
1430,"2025-08-04 08:29:57",59,"Nitin Nair",100100000058,59,"Debit","RuPay","Active","Myntra","Fashion","Hyderabad","Contactless",20060.83,"Success"
1431,"2023-12-13 01:45:15",178,"Arjun Kumar",100100000227,228,"Credit","Visa","Active","BookMyShow","Entertainment","Jaipur","Online",5764.30,"Success"
1432,"2023-03-18 05:34:52",71,"Sakshi Reddy",100100000070,71,"Debit","Visa","Active","Dominos","Food","Hyderabad","Contactless",30443.09,"Success"
1433,"2023-01-23 20:00:20",152,"Mohit Mishra",100100000151,152,"Debit","Visa","Active","DMart","Grocery","Kolkata","Online",18508.18,"Success"
1434,"2025-12-19 13:39:44",152,"Mohit Mishra",100100000151,152,"Debit","Visa","Active","Apollo Pharmacy","Healthcare","Chennai","Contactless",40738.09,"Success"
1435,"2022-10-19 01:23:16",111,"Shreya Singh",100100000110,111,"Debit","Visa","Active","Lifestyle","Fashion","Chennai","Contactless",8721.23,"Success"
1436,"2025-02-05 19:17:27",121,"Manish Agarwal",100100000120,121,"Debit","Visa","Active","Flipkart","Shopping","Noida","Online",44772.46,"Success"
1437,"2022-10-16 02:48:39",177,"Riya Verma",100100000176,177,"Debit","RuPay","Blocked","Reliance Fresh","Grocery","Bengaluru","Contactless",48639.41,"Success"
1438,"2023-09-23 00:39:00",129,"Priya Gupta",100100000128,129,"Debit","Visa","Active","SBI ATM","ATM","Chennai","ATM",46409.75,"Success"
1439,"2025-07-18 19:34:37",45,"Vikas Patel",100100000044,45,"Debit","RuPay","Active","IRCTC","Travel","Bengaluru","Contactless",4742.11,"Failed"
1440,"2023-04-13 15:45:40",86,"Komal Verma",100100000085,86,"Debit","Visa","Active","PVR Cinemas","Entertainment","Hyderabad","Online",44086.96,"Success"
1441,"2026-04-13 21:21:14",167,"Mohit Jain",100100000230,231,"Credit","Visa","Blocked","Indian Oil","Fuel","Ahmedabad","POS",8281.64,"Success"
1442,"2023-10-03 21:59:11",121,"Manish Agarwal",100100000120,121,"Debit","Visa","Active","Apollo Pharmacy","Healthcare","Jaipur","Contactless",47333.61,"Success"
1443,"2025-12-22 20:22:49",96,"Manish Yadav",100100000095,96,"Debit","Visa","Active","Amazon India","Shopping","Bengaluru","Online",10594.02,"Success"
1444,"2023-11-12 20:12:26",51,"Rohit Yadav",100100000050,51,"Debit","RuPay","Active","Swiggy","Food","Chennai","Contactless",21785.19,"Success"
1445,"2026-03-14 14:14:18",160,"Arjun Chauhan",100100000159,160,"Debit","Visa","Active","BookMyShow","Entertainment","Lucknow","Contactless",7182.33,"Success"
1446,"2023-08-15 01:59:31",131,"Divya Yadav",100100000258,259,"Credit","Visa","Active","Zomato","Food","Delhi","Contactless",41197.61,"Failed"
1447,"2025-06-24 18:20:55",120,"Nidhi Agarwal",100100000119,120,"Debit","RuPay","Active","Dominos","Food","Kolkata","Contactless",33073.14,"Success"
1448,"2023-09-13 13:50:30",160,"Arjun Chauhan",100100000159,160,"Debit","Visa","Active","Starbucks","Cafe","Chennai","Online",46861.71,"Success"
1449,"2024-12-12 01:21:46",117,"Priya Patel",100100000215,216,"Debit","Visa","Active","Big Bazaar","Grocery","Mumbai","POS",20577.64,"Success"
1450,"2023-05-09 11:32:48",47,"Priya Sharma",100100000046,47,"Debit","Visa","Active","Croma","Electronics","Hyderabad","Contactless",1910.41,"Success"
1451,"2023-03-15 20:07:57",107,"Nitin Chauhan",100100000209,210,"Debit","Visa","Active","Indian Oil","Fuel","Bengaluru","POS",8731.85,"Success"
1452,"2026-02-06 05:43:25",7,"Neha Gupta",100100000006,7,"Debit","Visa","Active","BookMyShow","Entertainment","Lucknow","Contactless",16382.05,"Success"
1453,"2022-01-09 16:51:53",73,"Karan Yadav",100100000072,73,"Debit","Visa","Active","Indian Oil","Fuel","Mumbai","Contactless",34056.24,"Failed"
1454,"2025-12-21 22:46:05",67,"Pooja Kumar",100100000066,67,"Debit","RuPay","Active","PVR Cinemas","Entertainment","Lucknow","Online",32712.84,"Success"
1455,"2024-07-09 08:24:49",140,"Arjun Sinha",100100000139,140,"Debit","Visa","Active","Starbucks","Cafe","Pune","Contactless",39857.00,"Success"
1456,"2023-11-16 16:49:13",55,"Vikas Kumar",100100000054,55,"Debit","Visa","Active","Dominos","Food","Chennai","Contactless",35399.32,"Success"
1457,"2026-01-21 15:04:42",108,"Sakshi Chauhan",100100000107,108,"Debit","RuPay","Active","Flipkart","Shopping","Ahmedabad","Online",28244.97,"Success"
1458,"2022-06-30 03:43:28",42,"Pooja Gupta",100100000267,268,"Credit","Visa","Active","PVR Cinemas","Entertainment","Pune","Online",37041.75,"Success"
1459,"2022-07-26 06:36:11",121,"Manish Agarwal",100100000120,121,"Debit","Visa","Active","DMart","Grocery","Hyderabad","POS",48977.75,"Success"
1460,"2023-01-14 02:54:11",50,"Suresh Chauhan",100100000049,50,"Debit","Visa","Lost","IRCTC","Travel","Jaipur","POS",22949.63,"Success"
1461,"2023-10-29 09:17:00",47,"Priya Sharma",100100000046,47,"Debit","Visa","Active","Reliance Digital","Electronics","Pune","Contactless",27597.81,"Success"
1462,"2024-09-10 01:09:06",96,"Manish Yadav",100100000095,96,"Debit","Visa","Active","IRCTC","Travel","Bengaluru","Contactless",44511.74,"Success"
1463,"2022-01-25 11:57:31",165,"Riya Kumar",100100000164,165,"Debit","RuPay","Active","SBI ATM","ATM","Chennai","ATM",21423.15,"Success"
1464,"2022-02-20 00:13:27",149,"Anjali Mishra",100100000148,149,"Debit","RuPay","Active","IRCTC","Travel","Hyderabad","Online",44008.23,"Success"
1465,"2025-09-01 02:49:10",56,"Vikas Reddy",100100000055,56,"Debit","RuPay","Active","BookMyShow","Entertainment","Mumbai","POS",2935.85,"Success"
1466,"2024-02-23 00:16:42",181,"Arjun Singh",100100000180,181,"Debit","RuPay","Active","IRCTC","Travel","Ahmedabad","POS",22221.00,"Success"
1467,"2025-11-13 06:12:37",143,"Rohit Mishra",100100000277,278,"Credit","Visa","Active","Croma","Electronics","Hyderabad","Online",21771.50,"Success"
1468,"2024-04-01 04:17:56",42,"Pooja Gupta",100100000267,268,"Credit","Visa","Active","Zomato","Food","Lucknow","Contactless",30303.09,"Success"
1469,"2023-12-01 07:28:17",159,"Kavita Singh",100100000158,159,"Debit","Visa","Active","Reliance Digital","Electronics","Noida","POS",36750.05,"Success"
1470,"2024-06-19 20:17:45",84,"Karan Patel",100100000083,84,"Debit","Visa","Active","Flipkart","Shopping","Pune","Online",35048.06,"Success"
1471,"2025-08-03 22:58:56",179,"Ritu Mishra",100100000260,261,"Credit","MasterCard","Active","BookMyShow","Entertainment","Kolkata","POS",18975.99,"Success"
1472,"2024-12-29 10:46:04",199,"Sneha Agarwal",100100000198,199,"Debit","RuPay","Expired","Reliance Digital","Electronics","Mumbai","Online",26857.65,"Success"
1473,"2022-10-25 04:29:12",82,"Meena Gupta",100100000202,203,"Debit","Visa","Active","Dominos","Food","Gurugram","Online",5232.55,"Success"
1474,"2022-12-27 21:02:53",19,"Vikas Yadav",100100000018,19,"Debit","Visa","Active","Dominos","Food","Mumbai","Contactless",21672.53,"Success"
1475,"2024-04-10 09:57:08",108,"Sakshi Chauhan",100100000107,108,"Debit","RuPay","Active","DMart","Grocery","Bengaluru","Online",47067.57,"Success"
1476,"2023-11-07 20:28:48",170,"Manish Verma",100100000271,272,"Credit","Visa","Active","Swiggy","Food","Mumbai","Online",108.14,"Success"
1477,"2024-05-24 02:51:28",144,"Rahul Mishra",100100000143,144,"Debit","RuPay","Active","Amazon India","Shopping","Delhi","POS",34080.27,"Success"
1478,"2026-03-30 02:09:36",134,"Nitin Sharma",100100000133,134,"Debit","Visa","Active","BookMyShow","Entertainment","Pune","Online",5524.77,"Failed"
1479,"2023-02-05 17:13:13",55,"Vikas Kumar",100100000054,55,"Debit","Visa","Active","Croma","Electronics","Hyderabad","POS",8742.71,"Success"
1480,"2023-12-24 18:24:59",97,"Riya Kumar",100100000096,97,"Debit","RuPay","Active","Flipkart","Shopping","Kolkata","POS",30805.03,"Success"
1481,"2026-03-05 23:48:06",44,"Meena Reddy",100100000043,44,"Debit","Visa","Active","Reliance Digital","Electronics","Gurugram","POS",33129.13,"Success"
1482,"2022-11-30 17:46:09",113,"Manish Yadav",100100000112,113,"Debit","Visa","Active","Apollo Pharmacy","Healthcare","Ahmedabad","Online",43238.98,"Success"
1483,"2022-11-26 07:59:59",94,"Shreya Mishra",100100000093,94,"Debit","Visa","Active","Amazon India","Shopping","Gurugram","Contactless",136.15,"Success"
1484,"2023-07-17 19:04:41",195,"Amit Agarwal",100100000194,195,"Debit","RuPay","Blocked","BookMyShow","Entertainment","Jaipur","Online",2037.53,"Failed"
1485,"2025-12-05 06:01:28",160,"Arjun Chauhan",100100000159,160,"Debit","Visa","Active","DMart","Grocery","Lucknow","Contactless",1560.04,"Success"
1486,"2025-10-07 10:17:57",116,"Riya Sinha",100100000201,202,"Debit","RuPay","Expired","BookMyShow","Entertainment","Jaipur","Contactless",43334.90,"Success"
1487,"2023-06-19 17:55:13",37,"Neha Pandey",100100000036,37,"Debit","RuPay","Active","Flipkart","Shopping","Ahmedabad","Contactless",33098.22,"Success"
1488,"2023-08-03 01:58:27",94,"Shreya Mishra",100100000264,265,"Credit","MasterCard","Active","Zomato","Food","Hyderabad","POS",48874.85,"Success"
1489,"2022-06-22 05:21:51",30,"Vikas Gupta",100100000029,30,"Debit","Visa","Active","Flipkart","Shopping","Mumbai","Contactless",5233.18,"Success"
1490,"2022-03-01 11:23:26",51,"Rohit Yadav",100100000206,207,"Debit","RuPay","Active","Dominos","Food","Gurugram","Contactless",8468.58,"Reversed"
1491,"2024-01-20 01:58:54",54,"Meena Singh",100100000269,270,"Credit","MasterCard","Active","Starbucks","Cafe","Pune","POS",9394.32,"Success"
1492,"2024-07-25 13:33:13",136,"Priya Sharma",100100000256,257,"Credit","MasterCard","Active","SBI ATM","ATM","Delhi","ATM",5299.03,"Success"
1493,"2022-02-06 12:15:50",85,"Kavita Nair",100100000084,85,"Debit","Visa","Active","HP Petrol Pump","Fuel","Noida","Online",1630.25,"Success"
1494,"2024-09-22 01:20:28",49,"Amit Sinha",100100000048,49,"Debit","Visa","Blocked","Zomato","Food","Lucknow","POS",37161.22,"Success"
1495,"2025-09-02 12:08:03",58,"Kavita Sharma",100100000057,58,"Debit","Visa","Active","Big Bazaar","Grocery","Jaipur","POS",44265.40,"Success"
1496,"2023-08-16 07:45:25",77,"Anjali Mishra",100100000243,244,"Credit","Visa","Active","SBI ATM","ATM","Mumbai","ATM",31520.53,"Success"
1497,"2022-08-19 14:11:10",46,"Priya Mishra",100100000222,223,"Credit","Visa","Active","HP Petrol Pump","Fuel","Jaipur","Online",45520.43,"Success"
1498,"2022-09-07 11:15:30",69,"Ritu Pandey",100100000245,246,"Credit","MasterCard","Active","Reliance Digital","Electronics","Delhi","POS",34128.36,"Success"
1499,"2024-06-25 22:41:24",150,"Ankit Verma",100100000149,150,"Debit","RuPay","Blocked","Swiggy","Food","Mumbai","Contactless",42003.59,"Success"
1500,"2026-03-04 20:48:27",6,"Meena Singh",100100000005,6,"Debit","Visa","Expired","Reliance Digital","Electronics","Lucknow","Contactless",20981.20,"Success"
1501,"2026-03-21 22:41:39",104,"Harsh Pandey",100100000103,104,"Debit","RuPay","Active","Big Bazaar","Grocery","Delhi","POS",48447.66,"Success"
1502,"2026-06-15 14:40:43",30,"Vikas Gupta",100100000029,30,"Debit","Visa","Active","Apollo Pharmacy","Healthcare","Hyderabad","POS",21925.54,"Success"
1503,"2024-05-27 15:18:50",151,"Pooja Patel",100100000150,151,"Debit","RuPay","Active","Swiggy","Food","Jaipur","Contactless",26080.93,"Success"
1504,"2023-01-07 17:18:12",68,"Vikas Patel",100100000067,68,"Debit","Visa","Active","Dominos","Food","Ahmedabad","POS",37664.57,"Success"
1505,"2024-07-12 23:21:06",145,"Nidhi Nair",100100000144,145,"Debit","Visa","Active","Reliance Fresh","Grocery","Pune","Contactless",6922.36,"Success"
1506,"2023-05-26 05:00:30",175,"Pooja Jain",100100000174,175,"Debit","RuPay","Active","Indian Oil","Fuel","Pune","Contactless",36526.97,"Success"
1507,"2023-08-13 14:34:57",56,"Vikas Reddy",100100000055,56,"Debit","RuPay","Active","Reliance Digital","Electronics","Delhi","POS",37855.39,"Success"
1508,"2023-10-24 21:29:44",158,"Suresh Verma",100100000157,158,"Debit","Visa","Active","Reliance Fresh","Grocery","Delhi","POS",36458.21,"Success"
1509,"2022-02-06 19:09:21",177,"Riya Verma",100100000176,177,"Debit","RuPay","Blocked","Amazon India","Shopping","Delhi","Online",34733.56,"Success"
1510,"2022-11-03 06:03:10",195,"Amit Agarwal",100100000194,195,"Debit","RuPay","Blocked","HP Petrol Pump","Fuel","Kolkata","Online",30355.31,"Success"
1511,"2025-08-31 08:27:29",27,"Sakshi Sinha",100100000026,27,"Debit","RuPay","Active","Starbucks","Cafe","Bengaluru","Online",41935.44,"Success"
1512,"2025-12-14 18:47:51",177,"Riya Verma",100100000176,177,"Debit","RuPay","Blocked","Amazon India","Shopping","Mumbai","Contactless",27074.28,"Success"
1513,"2022-04-26 20:23:00",103,"Vikas Nair",100100000102,103,"Debit","Visa","Active","Myntra","Fashion","Delhi","Online",43291.06,"Success"
1514,"2023-05-19 13:27:44",163,"Anjali Gupta",100100000162,163,"Debit","Visa","Active","Reliance Fresh","Grocery","Ahmedabad","Online",39142.86,"Success"
1515,"2023-04-09 07:35:09",53,"Arjun Jain",100100000052,53,"Debit","RuPay","Active","Apollo Pharmacy","Healthcare","Ahmedabad","Contactless",32592.60,"Success"
1516,"2022-08-08 20:58:25",133,"Priya Patel",100100000132,133,"Debit","RuPay","Active","HP Petrol Pump","Fuel","Mumbai","POS",25022.72,"Success"
1517,"2022-12-21 06:33:17",25,"Riya Reddy",100100000024,25,"Debit","RuPay","Active","DMart","Grocery","Bengaluru","POS",39321.89,"Success"
1518,"2025-10-11 19:19:44",137,"Priya Pandey",100100000246,247,"Credit","MasterCard","Active","Myntra","Fashion","Chennai","Contactless",35930.44,"Success"
1519,"2022-04-02 02:07:32",99,"Komal Jain",100100000098,99,"Debit","RuPay","Active","Lifestyle","Fashion","Lucknow","Online",2568.96,"Success"
1520,"2025-01-29 02:38:40",133,"Priya Patel",100100000132,133,"Debit","RuPay","Active","IRCTC","Travel","Hyderabad","Online",20080.80,"Success"
1521,"2023-10-23 03:38:53",200,"Harsh Mishra",100100000225,226,"Credit","Visa","Active","Flipkart","Shopping","Chennai","Contactless",43580.86,"Success"
1522,"2025-05-02 07:27:32",143,"Rohit Mishra",100100000142,143,"Debit","Visa","Active","Myntra","Fashion","Jaipur","POS",20680.27,"Success"
1523,"2025-11-24 19:24:02",28,"Nitin Reddy",100100000027,28,"Debit","Visa","Active","Flipkart","Shopping","Bengaluru","Online",19944.52,"Success"
1524,"2025-06-17 12:43:23",117,"Priya Patel",100100000215,216,"Debit","Visa","Active","Myntra","Fashion","Lucknow","POS",5723.74,"Success"
1525,"2025-05-23 23:06:36",20,"Karan Sinha",100100000019,20,"Debit","Visa","Blocked","PVR Cinemas","Entertainment","Pune","POS",4068.28,"Success"
1526,"2023-05-04 13:31:47",153,"Mohit Sinha",100100000152,153,"Debit","Visa","Active","BookMyShow","Entertainment","Jaipur","POS",47930.53,"Success"
1527,"2026-01-29 15:43:24",24,"Riya Patel",100100000023,24,"Debit","Visa","Active","Big Bazaar","Grocery","Mumbai","POS",14345.71,"Success"
1528,"2022-04-01 16:26:42",162,"Asha Reddy",100100000161,162,"Debit","RuPay","Active","Indian Oil","Fuel","Hyderabad","Online",19440.82,"Success"
1529,"2024-01-01 12:35:57",191,"Asha Sharma",100100000265,266,"Credit","Visa","Active","SBI ATM","ATM","Kolkata","ATM",6575.38,"Failed"
1530,"2022-10-31 18:34:05",184,"Asha Singh",100100000183,184,"Debit","Visa","Active","Indian Oil","Fuel","Delhi","POS",42359.97,"Success"
1531,"2023-06-26 20:01:15",195,"Amit Agarwal",100100000279,280,"Credit","Visa","Active","SBI ATM","ATM","Lucknow","ATM",40909.94,"Reversed"
1532,"2022-08-11 02:26:04",106,"Arjun Nair",100100000105,106,"Debit","RuPay","Active","Myntra","Fashion","Gurugram","POS",15374.15,"Success"
1533,"2024-05-09 02:38:00",174,"Meena Verma",100100000173,174,"Debit","RuPay","Active","Swiggy","Food","Bengaluru","POS",39102.64,"Success"
1534,"2022-08-24 01:18:36",120,"Nidhi Agarwal",100100000119,120,"Debit","RuPay","Active","Reliance Digital","Electronics","Lucknow","Contactless",11751.85,"Success"
1535,"2024-12-19 20:31:59",50,"Suresh Chauhan",100100000218,219,"Debit","Visa","Active","Lifestyle","Fashion","Pune","Online",47184.30,"Success"
1536,"2025-05-07 13:55:51",54,"Meena Singh",100100000053,54,"Debit","RuPay","Active","Lifestyle","Fashion","Ahmedabad","Contactless",32225.48,"Success"
1537,"2023-05-16 13:19:47",129,"Priya Gupta",100100000128,129,"Debit","Visa","Active","Starbucks","Cafe","Lucknow","Contactless",47727.90,"Success"
1538,"2025-06-13 03:40:41",49,"Amit Sinha",100100000048,49,"Debit","Visa","Blocked","HP Petrol Pump","Fuel","Delhi","Online",27928.56,"Success"
1539,"2025-01-12 21:02:33",185,"Rahul Kumar",100100000184,185,"Debit","RuPay","Expired","BookMyShow","Entertainment","Bengaluru","Contactless",5799.92,"Success"
1540,"2022-09-26 13:04:40",183,"Neha Nair",100100000182,183,"Debit","RuPay","Active","BookMyShow","Entertainment","Kolkata","Contactless",46143.86,"Success"
1541,"2025-02-22 10:37:21",3,"Amit Kumar",100100000002,3,"Debit","RuPay","Active","Lifestyle","Fashion","Delhi","POS",29335.54,"Failed"
1542,"2022-08-10 10:01:23",29,"Mohit Yadav",100100000028,29,"Debit","Visa","Active","Zomato","Food","Jaipur","Online",28376.42,"Success"
1543,"2024-10-08 08:32:11",180,"Divya Mishra",100100000179,180,"Debit","RuPay","Active","Indian Oil","Fuel","Jaipur","Contactless",35737.25,"Success"
1544,"2022-06-18 17:40:05",71,"Sakshi Reddy",100100000070,71,"Debit","Visa","Active","Zomato","Food","Delhi","POS",9275.81,"Success"
1545,"2022-03-08 11:45:19",78,"Sneha Verma",100100000077,78,"Debit","RuPay","Lost","Lifestyle","Fashion","Pune","Contactless",43166.07,"Reversed"
1546,"2022-06-26 14:29:49",176,"Rohit Sharma",100100000175,176,"Debit","RuPay","Active","Croma","Electronics","Lucknow","POS",37627.16,"Success"
1547,"2026-03-09 09:16:33",158,"Suresh Verma",100100000157,158,"Debit","Visa","Active","Starbucks","Cafe","Gurugram","POS",37434.40,"Success"
1548,"2024-04-08 11:52:02",47,"Priya Sharma",100100000046,47,"Debit","Visa","Active","Amazon India","Shopping","Hyderabad","Online",37070.01,"Success"
1549,"2024-09-12 12:47:00",54,"Meena Singh",100100000053,54,"Debit","RuPay","Active","Croma","Electronics","Delhi","Online",45081.80,"Success"
1550,"2024-07-11 17:24:42",83,"Nitin Verma",100100000082,83,"Debit","RuPay","Active","Starbucks","Cafe","Ahmedabad","Online",40465.95,"Success"
1551,"2023-11-18 19:03:52",192,"Deepak Reddy",100100000191,192,"Debit","Visa","Active","Flipkart","Shopping","Noida","POS",37518.78,"Success"
1552,"2022-12-10 22:06:25",198,"Suresh Singh",100100000235,236,"Credit","MasterCard","Active","Myntra","Fashion","Gurugram","Online",16409.45,"Success"
1553,"2023-11-15 17:12:00",178,"Arjun Kumar",100100000177,178,"Debit","Visa","Active","Swiggy","Food","Ahmedabad","Online",40860.47,"Success"
1554,"2022-03-17 11:11:19",55,"Vikas Kumar",100100000229,230,"Credit","MasterCard","Active","Flipkart","Shopping","Bengaluru","Contactless",37608.96,"Success"
1555,"2024-04-16 13:45:58",163,"Anjali Gupta",100100000212,213,"Debit","Visa","Active","Swiggy","Food","Lucknow","Online",43166.19,"Success"
1556,"2022-10-01 13:41:56",158,"Suresh Verma",100100000157,158,"Debit","Visa","Active","Croma","Electronics","Kolkata","POS",25092.16,"Success"
1557,"2025-01-04 12:41:04",102,"Asha Sinha",100100000101,102,"Debit","Visa","Active","Flipkart","Shopping","Lucknow","Online",782.83,"Success"
1558,"2023-12-20 01:53:53",45,"Vikas Patel",100100000044,45,"Debit","RuPay","Active","Zomato","Food","Jaipur","Contactless",6289.98,"Success"
1559,"2023-04-16 06:02:38",182,"Komal Gupta",100100000181,182,"Debit","RuPay","Active","Swiggy","Food","Kolkata","Online",38526.44,"Success"
1560,"2023-03-22 13:03:19",149,"Anjali Mishra",100100000270,271,"Credit","MasterCard","Active","Reliance Fresh","Grocery","Gurugram","POS",1189.86,"Success"
1561,"2022-09-12 08:49:01",42,"Pooja Gupta",100100000211,212,"Debit","RuPay","Active","Reliance Fresh","Grocery","Lucknow","Online",20969.93,"Success"
1562,"2023-04-30 19:25:32",154,"Vikas Sharma",100100000153,154,"Debit","Visa","Active","Croma","Electronics","Bengaluru","Online",2685.66,"Success"
1563,"2024-11-30 07:04:56",19,"Vikas Yadav",100100000018,19,"Debit","Visa","Active","IRCTC","Travel","Lucknow","POS",17468.62,"Success"
1564,"2024-03-28 01:07:54",24,"Riya Patel",100100000023,24,"Debit","Visa","Active","Zomato","Food","Jaipur","Online",22732.54,"Success"
1565,"2024-11-12 16:30:56",97,"Riya Kumar",100100000096,97,"Debit","RuPay","Active","Big Bazaar","Grocery","Bengaluru","Online",40158.43,"Failed"
1566,"2022-02-07 19:31:21",181,"Arjun Singh",100100000180,181,"Debit","RuPay","Active","Lifestyle","Fashion","Pune","Online",9451.18,"Success"
1567,"2024-12-08 19:12:55",100,"Pooja Mishra",100100000099,100,"Debit","Visa","Active","Amazon India","Shopping","Hyderabad","Online",33947.75,"Success"
1568,"2025-01-16 23:46:17",139,"Neha Pandey",100100000138,139,"Debit","Visa","Expired","IRCTC","Travel","Chennai","Contactless",38119.85,"Success"
1569,"2023-02-26 01:54:00",50,"Suresh Chauhan",100100000251,252,"Credit","MasterCard","Active","Amazon India","Shopping","Hyderabad","POS",8627.88,"Success"
1570,"2025-01-11 11:38:51",65,"Amit Sharma",100100000064,65,"Debit","Visa","Active","IRCTC","Travel","Chennai","POS",10647.25,"Success"
1571,"2023-07-17 11:31:21",169,"Rahul Pandey",100100000168,169,"Debit","RuPay","Active","PVR Cinemas","Entertainment","Chennai","Contactless",7896.20,"Success"
1572,"2025-09-19 22:50:32",119,"Meena Yadav",100100000118,119,"Debit","Visa","Active","SBI ATM","ATM","Gurugram","ATM",26109.57,"Success"
1573,"2024-08-11 17:12:28",33,"Deepak Jain",100100000032,33,"Debit","RuPay","Active","Flipkart","Shopping","Noida","Online",8784.43,"Success"
1574,"2023-02-25 07:27:40",124,"Asha Sinha",100100000123,124,"Debit","RuPay","Active","BookMyShow","Entertainment","Chennai","POS",5324.40,"Success"
1575,"2024-11-03 15:05:39",45,"Vikas Patel",100100000044,45,"Debit","RuPay","Active","IRCTC","Travel","Pune","Online",19330.06,"Success"
1576,"2023-12-13 02:56:05",133,"Priya Patel",100100000132,133,"Debit","RuPay","Active","Dominos","Food","Pune","Contactless",41243.02,"Success"
1577,"2024-02-18 20:33:05",117,"Priya Patel",100100000116,117,"Debit","RuPay","Active","SBI ATM","ATM","Ahmedabad","ATM",4154.21,"Success"
1578,"2024-07-24 17:12:00",134,"Nitin Sharma",100100000200,201,"Debit","RuPay","Active","SBI ATM","ATM","Bengaluru","ATM",11029.25,"Success"
1579,"2022-02-22 16:00:34",171,"Vikas Patel",100100000263,264,"Credit","MasterCard","Expired","Zomato","Food","Jaipur","Contactless",20022.23,"Success"
1580,"2024-05-05 03:17:10",124,"Asha Sinha",100100000214,215,"Debit","Visa","Active","DMart","Grocery","Lucknow","POS",18017.82,"Success"
1581,"2025-08-02 12:38:40",68,"Vikas Patel",100100000067,68,"Debit","Visa","Active","Dominos","Food","Noida","Online",24232.33,"Success"
1582,"2023-06-21 07:50:07",107,"Nitin Chauhan",100100000106,107,"Debit","RuPay","Active","IRCTC","Travel","Bengaluru","POS",1822.68,"Success"
1583,"2026-05-20 15:28:43",83,"Nitin Verma",100100000082,83,"Debit","RuPay","Active","Apollo Pharmacy","Healthcare","Mumbai","POS",11182.84,"Success"
1584,"2022-11-08 13:20:16",188,"Nitin Jain",100100000266,267,"Credit","MasterCard","Active","Reliance Digital","Electronics","Hyderabad","POS",22299.66,"Success"
1585,"2024-04-21 00:44:13",136,"Priya Sharma",100100000256,257,"Credit","MasterCard","Active","PVR Cinemas","Entertainment","Noida","POS",35343.24,"Success"
1586,"2024-07-24 11:06:08",185,"Rahul Kumar",100100000184,185,"Debit","RuPay","Expired","Myntra","Fashion","Hyderabad","Contactless",24791.93,"Success"
1587,"2026-05-09 04:48:53",47,"Priya Sharma",100100000046,47,"Debit","Visa","Active","PVR Cinemas","Entertainment","Noida","POS",22296.84,"Success"
1588,"2026-07-05 07:53:56",127,"Anjali Verma",100100000126,127,"Debit","Visa","Active","Myntra","Fashion","Hyderabad","Online",32048.95,"Success"
1589,"2026-02-08 10:56:59",114,"Harsh Reddy",100100000205,206,"Debit","RuPay","Active","Reliance Digital","Electronics","Mumbai","Contactless",37885.96,"Success"
1590,"2022-09-20 12:37:44",180,"Divya Mishra",100100000179,180,"Debit","RuPay","Active","IRCTC","Travel","Hyderabad","Online",34508.20,"Success"
1591,"2025-07-14 21:35:24",129,"Priya Gupta",100100000128,129,"Debit","Visa","Active","BookMyShow","Entertainment","Pune","Contactless",15237.26,"Success"
1592,"2025-09-03 11:40:41",174,"Meena Verma",100100000173,174,"Debit","RuPay","Active","Big Bazaar","Grocery","Hyderabad","Online",25813.90,"Success"
1593,"2022-02-08 21:57:45",170,"Manish Verma",100100000271,272,"Credit","Visa","Active","Reliance Digital","Electronics","Chennai","Contactless",40233.10,"Success"
1594,"2025-12-29 23:36:17",79,"Vikas Agarwal",100100000078,79,"Debit","Visa","Active","HP Petrol Pump","Fuel","Pune","Online",47044.14,"Success"
1595,"2023-09-06 08:15:48",121,"Manish Agarwal",100100000120,121,"Debit","Visa","Active","HP Petrol Pump","Fuel","Bengaluru","Contactless",35029.29,"Success"
1596,"2023-01-15 05:38:43",196,"Manish Chauhan",100100000195,196,"Debit","Visa","Active","DMart","Grocery","Pune","Contactless",9436.76,"Success"
1597,"2023-09-07 07:44:55",108,"Sakshi Chauhan",100100000107,108,"Debit","RuPay","Active","Starbucks","Cafe","Mumbai","Contactless",8448.64,"Success"
1598,"2022-05-21 10:59:43",185,"Rahul Kumar",100100000184,185,"Debit","RuPay","Expired","Lifestyle","Fashion","Noida","Online",39850.08,"Success"
1599,"2026-05-15 20:33:54",108,"Sakshi Chauhan",100100000107,108,"Debit","RuPay","Active","Swiggy","Food","Bengaluru","Online",19112.16,"Success"
1600,"2023-11-12 13:57:59",47,"Priya Sharma",100100000219,220,"Debit","Visa","Active","Big Bazaar","Grocery","Jaipur","POS",17192.93,"Success"
1601,"2024-05-07 10:54:29",136,"Priya Sharma",100100000135,136,"Debit","RuPay","Active","Swiggy","Food","Hyderabad","Online",23559.98,"Success"
1602,"2025-05-19 04:20:15",81,"Karan Reddy",100100000080,81,"Debit","RuPay","Active","Flipkart","Shopping","Jaipur","Online",17917.80,"Success"
1603,"2022-06-06 14:53:41",38,"Neha Patel",100100000037,38,"Debit","RuPay","Active","Reliance Digital","Electronics","Pune","Contactless",3001.93,"Success"
1604,"2025-11-04 23:22:44",94,"Shreya Mishra",100100000274,275,"Credit","MasterCard","Active","Swiggy","Food","Gurugram","Contactless",33848.68,"Success"
1605,"2024-10-07 21:08:09",85,"Kavita Nair",100100000084,85,"Debit","Visa","Active","Flipkart","Shopping","Pune","POS",25974.32,"Success"
1606,"2023-12-26 12:30:55",88,"Arjun Kumar",100100000273,274,"Credit","MasterCard","Active","Reliance Digital","Electronics","Hyderabad","Contactless",37861.69,"Success"
1607,"2024-02-03 02:32:53",83,"Nitin Verma",100100000082,83,"Debit","RuPay","Active","Myntra","Fashion","Noida","Online",21779.13,"Success"
1608,"2026-02-28 02:57:41",115,"Nidhi Agarwal",100100000114,115,"Debit","RuPay","Lost","BookMyShow","Entertainment","Chennai","Online",36496.43,"Success"
1609,"2024-10-20 18:28:29",171,"Vikas Patel",100100000263,264,"Credit","MasterCard","Expired","PVR Cinemas","Entertainment","Bengaluru","POS",5589.67,"Success"
1610,"2025-07-30 08:26:57",6,"Meena Singh",100100000005,6,"Debit","Visa","Expired","SBI ATM","ATM","Jaipur","ATM",38415.82,"Success"
1611,"2024-05-08 09:34:08",185,"Rahul Kumar",100100000207,208,"Debit","RuPay","Active","SBI ATM","ATM","Delhi","ATM",27298.28,"Success"
1612,"2022-01-16 21:50:06",171,"Vikas Patel",100100000170,171,"Debit","RuPay","Active","Apollo Pharmacy","Healthcare","Hyderabad","Contactless",12616.17,"Success"
1613,"2022-01-19 02:58:47",163,"Anjali Gupta",100100000162,163,"Debit","Visa","Active","SBI ATM","ATM","Hyderabad","ATM",47579.98,"Success"
1614,"2026-03-23 19:43:48",189,"Rajesh Pandey",100100000188,189,"Debit","RuPay","Lost","Reliance Fresh","Grocery","Jaipur","Online",49136.42,"Success"
1615,"2023-02-27 19:35:37",41,"Vivek Patel",100100000040,41,"Debit","Visa","Active","Flipkart","Shopping","Gurugram","Contactless",27189.63,"Success"
1616,"2024-05-28 17:55:05",146,"Manish Agarwal",100100000231,232,"Credit","MasterCard","Active","Reliance Digital","Electronics","Chennai","Contactless",40676.72,"Success"
1617,"2026-03-27 09:52:20",170,"Manish Verma",100100000271,272,"Credit","Visa","Active","Reliance Digital","Electronics","Noida","Online",6520.12,"Success"
1618,"2026-04-03 19:41:43",51,"Rohit Yadav",100100000206,207,"Debit","RuPay","Active","Reliance Digital","Electronics","Lucknow","Online",21182.30,"Success"
1619,"2022-10-23 05:13:01",136,"Priya Sharma",100100000256,257,"Credit","MasterCard","Active","Swiggy","Food","Lucknow","Contactless",3900.49,"Success"
1620,"2022-08-21 15:53:23",10,"Divya Patel",100100000009,10,"Debit","RuPay","Active","SBI ATM","ATM","Chennai","ATM",6473.55,"Success"
1621,"2025-06-02 17:01:23",21,"Anjali Yadav",100100000020,21,"Debit","RuPay","Active","DMart","Grocery","Delhi","POS",32897.98,"Success"
1622,"2024-07-29 23:29:48",180,"Divya Mishra",100100000179,180,"Debit","RuPay","Active","Dominos","Food","Bengaluru","POS",21151.14,"Success"
1623,"2025-08-05 09:07:17",54,"Meena Singh",100100000269,270,"Credit","MasterCard","Active","DMart","Grocery","Ahmedabad","Contactless",21537.78,"Success"
1624,"2024-07-23 06:11:09",107,"Nitin Chauhan",100100000209,210,"Debit","Visa","Active","Indian Oil","Fuel","Jaipur","Contactless",39616.46,"Success"
1625,"2024-01-19 22:25:31",21,"Anjali Yadav",100100000020,21,"Debit","RuPay","Active","SBI ATM","ATM","Chennai","ATM",30256.92,"Success"
1626,"2022-11-24 03:09:57",21,"Anjali Yadav",100100000020,21,"Debit","RuPay","Active","Apollo Pharmacy","Healthcare","Jaipur","POS",14180.34,"Success"
1627,"2023-06-29 18:11:53",47,"Priya Sharma",100100000259,260,"Credit","MasterCard","Expired","Dominos","Food","Jaipur","POS",9182.57,"Success"
1628,"2024-11-14 05:14:47",48,"Divya Yadav",100100000047,48,"Debit","RuPay","Active","Amazon India","Shopping","Hyderabad","Contactless",3246.61,"Success"
1629,"2024-05-05 05:17:28",15,"Riya Yadav",100100000014,15,"Debit","RuPay","Active","Amazon India","Shopping","Chennai","POS",13182.68,"Success"
1630,"2026-04-22 15:39:35",155,"Manish Pandey",100100000154,155,"Debit","Visa","Active","Swiggy","Food","Lucknow","Online",21155.59,"Success"
1631,"2023-01-02 20:10:44",191,"Asha Sharma",100100000190,191,"Debit","RuPay","Active","Lifestyle","Fashion","Bengaluru","Online",43788.76,"Success"
1632,"2025-10-27 17:51:07",5,"Amit Reddy",100100000234,235,"Credit","MasterCard","Active","BookMyShow","Entertainment","Delhi","Online",47430.45,"Success"
1633,"2022-03-19 14:05:08",149,"Anjali Mishra",100100000270,271,"Credit","MasterCard","Active","Apollo Pharmacy","Healthcare","Delhi","POS",35700.20,"Success"
1634,"2023-04-23 05:42:48",8,"Neha Gupta",100100000007,8,"Debit","RuPay","Active","DMart","Grocery","Ahmedabad","Online",13845.03,"Success"
1635,"2025-06-01 02:50:58",124,"Asha Sinha",100100000123,124,"Debit","RuPay","Active","Zomato","Food","Jaipur","Online",1883.82,"Success"
1636,"2025-01-31 02:55:53",50,"Suresh Chauhan",100100000218,219,"Debit","Visa","Active","BookMyShow","Entertainment","Chennai","POS",8100.46,"Success"
1637,"2023-08-12 16:43:51",133,"Priya Patel",100100000132,133,"Debit","RuPay","Active","Myntra","Fashion","Chennai","POS",37285.42,"Success"
1638,"2022-02-27 03:21:26",181,"Arjun Singh",100100000180,181,"Debit","RuPay","Active","IRCTC","Travel","Bengaluru","Contactless",25730.77,"Success"
1639,"2022-07-29 06:05:25",61,"Sakshi Pandey",100100000224,225,"Credit","MasterCard","Active","Flipkart","Shopping","Jaipur","Contactless",4203.24,"Success"
1640,"2025-01-15 23:29:17",183,"Neha Nair",100100000182,183,"Debit","RuPay","Active","IRCTC","Travel","Hyderabad","POS",22684.23,"Success"
1641,"2024-06-12 05:54:06",21,"Anjali Yadav",100100000020,21,"Debit","RuPay","Active","BookMyShow","Entertainment","Chennai","Contactless",45211.33,"Success"
1642,"2022-12-05 11:37:26",97,"Riya Kumar",100100000096,97,"Debit","RuPay","Active","HP Petrol Pump","Fuel","Mumbai","Contactless",44937.48,"Success"
1643,"2023-10-27 18:31:22",77,"Anjali Mishra",100100000243,244,"Credit","Visa","Active","Apollo Pharmacy","Healthcare","Mumbai","Contactless",4886.19,"Success"
1644,"2025-01-23 13:48:21",23,"Asha Agarwal",100100000022,23,"Debit","Visa","Blocked","Myntra","Fashion","Mumbai","POS",43709.57,"Success"
1645,"2023-08-05 02:26:22",29,"Mohit Yadav",100100000028,29,"Debit","Visa","Active","HP Petrol Pump","Fuel","Gurugram","Contactless",9743.91,"Reversed"
1646,"2022-06-05 10:15:07",152,"Mohit Mishra",100100000151,152,"Debit","Visa","Active","Croma","Electronics","Mumbai","Contactless",32815.27,"Success"
1647,"2026-03-08 02:29:35",131,"Divya Yadav",100100000130,131,"Debit","Visa","Active","Big Bazaar","Grocery","Gurugram","Online",29039.10,"Success"
1648,"2024-06-16 22:34:01",137,"Priya Pandey",100100000246,247,"Credit","MasterCard","Active","Croma","Electronics","Bengaluru","POS",42090.31,"Success"
1649,"2026-03-13 23:15:19",5,"Amit Reddy",100100000234,235,"Credit","MasterCard","Active","Lifestyle","Fashion","Jaipur","Online",45433.81,"Success"
1650,"2022-01-13 09:43:51",107,"Nitin Chauhan",100100000209,210,"Debit","Visa","Active","Flipkart","Shopping","Ahmedabad","Contactless",41970.54,"Success"
1651,"2024-05-03 00:30:05",189,"Rajesh Pandey",100100000254,255,"Credit","MasterCard","Active","IRCTC","Travel","Pune","Online",2666.10,"Success"
1652,"2022-03-07 04:29:55",197,"Rajesh Yadav",100100000223,224,"Credit","MasterCard","Active","Myntra","Fashion","Jaipur","Online",43880.48,"Reversed"
1653,"2023-06-10 23:42:10",198,"Suresh Singh",100100000235,236,"Credit","MasterCard","Active","Myntra","Fashion","Kolkata","Contactless",43117.42,"Success"
1654,"2023-08-04 15:56:48",27,"Sakshi Sinha",100100000026,27,"Debit","RuPay","Active","DMart","Grocery","Bengaluru","POS",26310.11,"Success"
1655,"2024-03-26 18:58:29",90,"Sakshi Jain",100100000089,90,"Debit","Visa","Active","Dominos","Food","Ahmedabad","Contactless",28029.17,"Success"
1656,"2023-04-01 15:02:25",158,"Suresh Verma",100100000157,158,"Debit","Visa","Active","HP Petrol Pump","Fuel","Bengaluru","Contactless",3176.02,"Success"
1657,"2023-10-01 10:00:19",198,"Suresh Singh",100100000235,236,"Credit","MasterCard","Active","Apollo Pharmacy","Healthcare","Kolkata","Online",37473.00,"Success"
1658,"2025-11-18 19:44:58",153,"Mohit Sinha",100100000152,153,"Debit","Visa","Active","Big Bazaar","Grocery","Bengaluru","Contactless",2385.54,"Success"
1659,"2023-07-21 19:01:12",45,"Vikas Patel",100100000044,45,"Debit","RuPay","Active","Starbucks","Cafe","Gurugram","Contactless",46665.06,"Success"
1660,"2022-02-17 18:51:22",193,"Vikas Verma",100100000242,243,"Credit","MasterCard","Active","IRCTC","Travel","Jaipur","POS",20936.69,"Success"
1661,"2022-05-22 05:38:08",93,"Arjun Sinha",100100000092,93,"Debit","RuPay","Blocked","Reliance Digital","Electronics","Chennai","Online",26538.03,"Success"
1662,"2023-07-18 12:22:17",81,"Karan Reddy",100100000080,81,"Debit","RuPay","Active","Reliance Digital","Electronics","Lucknow","POS",22146.49,"Success"
1663,"2025-02-22 00:57:02",178,"Arjun Kumar",100100000208,209,"Debit","RuPay","Active","Zomato","Food","Noida","POS",20485.74,"Success"
1664,"2022-04-12 12:23:23",179,"Ritu Mishra",100100000260,261,"Credit","MasterCard","Active","Reliance Digital","Electronics","Pune","Contactless",42622.05,"Success"
1665,"2023-11-10 17:28:05",26,"Rahul Patel",100100000025,26,"Debit","RuPay","Lost","Reliance Fresh","Grocery","Noida","POS",5150.48,"Success"
1666,"2025-02-17 16:59:17",185,"Rahul Kumar",100100000207,208,"Debit","RuPay","Active","BookMyShow","Entertainment","Pune","Contactless",9866.41,"Success"
1667,"2022-03-16 06:29:01",193,"Vikas Verma",100100000192,193,"Debit","RuPay","Active","Lifestyle","Fashion","Chennai","Online",34702.94,"Success"
1668,"2022-11-19 07:07:57",114,"Harsh Reddy",100100000205,206,"Debit","RuPay","Active","Starbucks","Cafe","Delhi","POS",27085.32,"Success"
1669,"2025-06-08 21:33:07",150,"Ankit Verma",100100000149,150,"Debit","RuPay","Blocked","Lifestyle","Fashion","Pune","Online",7830.88,"Success"
1670,"2023-04-21 11:17:57",151,"Pooja Patel",100100000150,151,"Debit","RuPay","Active","Amazon India","Shopping","Hyderabad","Contactless",15737.44,"Success"
1671,"2024-08-19 05:54:12",55,"Vikas Kumar",100100000054,55,"Debit","Visa","Active","Indian Oil","Fuel","Pune","Contactless",8199.79,"Success"
1672,"2025-09-11 16:57:18",127,"Anjali Verma",100100000126,127,"Debit","Visa","Active","Dominos","Food","Mumbai","Contactless",42752.69,"Success"
1673,"2024-01-22 03:46:28",92,"Ritu Chauhan",100100000249,250,"Credit","MasterCard","Active","Starbucks","Cafe","Pune","Online",14061.29,"Success"
1674,"2022-12-10 15:35:47",81,"Karan Reddy",100100000080,81,"Debit","RuPay","Active","Indian Oil","Fuel","Noida","POS",23338.97,"Success"
1675,"2023-01-09 16:06:14",69,"Ritu Pandey",100100000068,69,"Debit","Visa","Active","HP Petrol Pump","Fuel","Bengaluru","Contactless",14302.97,"Success"
1676,"2023-10-17 00:54:11",118,"Sneha Singh",100100000117,118,"Debit","RuPay","Active","PVR Cinemas","Entertainment","Kolkata","Contactless",28978.04,"Success"
1677,"2022-06-29 19:33:15",89,"Rahul Kumar",100100000088,89,"Debit","RuPay","Active","BookMyShow","Entertainment","Bengaluru","POS",7567.35,"Success"
1678,"2025-12-10 01:07:56",137,"Priya Pandey",100100000246,247,"Credit","MasterCard","Active","Zomato","Food","Chennai","Online",33525.33,"Success"
1679,"2023-06-19 03:46:59",19,"Vikas Yadav",100100000018,19,"Debit","Visa","Active","Indian Oil","Fuel","Pune","POS",41006.68,"Success"
1680,"2025-12-13 08:43:50",25,"Riya Reddy",100100000024,25,"Debit","RuPay","Active","Apollo Pharmacy","Healthcare","Mumbai","Online",41795.92,"Success"
1681,"2022-01-16 20:35:21",55,"Vikas Kumar",100100000261,262,"Credit","Visa","Active","Reliance Digital","Electronics","Kolkata","POS",24626.49,"Success"
1682,"2025-06-09 03:01:07",37,"Neha Pandey",100100000036,37,"Debit","RuPay","Active","SBI ATM","ATM","Delhi","ATM",37855.66,"Success"
1683,"2023-06-10 16:50:19",120,"Nidhi Agarwal",100100000119,120,"Debit","RuPay","Active","PVR Cinemas","Entertainment","Kolkata","POS",19110.77,"Success"
1684,"2023-01-01 09:38:14",85,"Kavita Nair",100100000084,85,"Debit","Visa","Active","Amazon India","Shopping","Gurugram","Online",4341.82,"Success"
1685,"2024-08-25 11:14:25",85,"Kavita Nair",100100000084,85,"Debit","Visa","Active","Reliance Digital","Electronics","Lucknow","Contactless",29789.95,"Success"
1686,"2024-07-03 22:36:10",50,"Suresh Chauhan",100100000218,219,"Debit","Visa","Active","HP Petrol Pump","Fuel","Kolkata","POS",22382.48,"Success"
1687,"2022-02-10 00:02:49",34,"Rahul Sharma",100100000033,34,"Debit","Visa","Active","Starbucks","Cafe","Pune","Online",5261.03,"Success"
1688,"2024-05-27 05:45:05",25,"Riya Reddy",100100000024,25,"Debit","RuPay","Active","Croma","Electronics","Chennai","Contactless",10318.92,"Success"
1689,"2025-04-13 08:37:28",129,"Priya Gupta",100100000128,129,"Debit","Visa","Active","PVR Cinemas","Entertainment","Mumbai","Online",31517.08,"Failed"
1690,"2023-10-23 19:06:49",37,"Neha Pandey",100100000036,37,"Debit","RuPay","Active","Lifestyle","Fashion","Lucknow","Contactless",19361.64,"Success"
1691,"2026-05-23 05:59:01",68,"Vikas Patel",100100000067,68,"Debit","Visa","Active","SBI ATM","ATM","Jaipur","ATM",7147.45,"Success"
1692,"2024-06-03 08:18:52",75,"Neha Chauhan",100100000250,251,"Credit","Visa","Active","Myntra","Fashion","Kolkata","POS",1752.75,"Success"
1693,"2024-12-29 05:27:30",134,"Nitin Sharma",100100000133,134,"Debit","Visa","Active","Apollo Pharmacy","Healthcare","Mumbai","POS",155.03,"Failed"
1694,"2025-06-18 06:08:48",114,"Harsh Reddy",100100000113,114,"Debit","Visa","Active","Reliance Fresh","Grocery","Gurugram","Contactless",28559.13,"Success"
1695,"2026-05-19 03:40:39",171,"Vikas Patel",100100000170,171,"Debit","RuPay","Active","DMart","Grocery","Delhi","Online",26713.07,"Success"
1696,"2025-05-29 14:53:00",56,"Vikas Reddy",100100000055,56,"Debit","RuPay","Active","PVR Cinemas","Entertainment","Ahmedabad","POS",49881.52,"Success"
1697,"2025-12-01 23:42:36",42,"Pooja Gupta",100100000267,268,"Credit","Visa","Active","Dominos","Food","Pune","Online",29329.77,"Success"
1698,"2025-11-30 20:48:13",182,"Komal Gupta",100100000181,182,"Debit","RuPay","Active","DMart","Grocery","Mumbai","POS",43878.02,"Success"
1699,"2023-06-16 05:46:53",162,"Asha Reddy",100100000161,162,"Debit","RuPay","Active","Zomato","Food","Delhi","Online",29922.68,"Success"
1700,"2026-02-01 22:40:27",165,"Riya Kumar",100100000164,165,"Debit","RuPay","Active","Dominos","Food","Delhi","Online",15133.07,"Success"
1701,"2022-05-21 05:51:43",156,"Shreya Yadav",100100000155,156,"Debit","Visa","Expired","Big Bazaar","Grocery","Noida","Online",40142.94,"Success"
1702,"2022-11-15 12:31:37",48,"Divya Yadav",100100000047,48,"Debit","RuPay","Active","Zomato","Food","Gurugram","Contactless",22942.92,"Success"
1703,"2024-06-15 17:18:38",46,"Priya Mishra",100100000045,46,"Debit","RuPay","Active","Flipkart","Shopping","Pune","Contactless",4425.34,"Success"
1704,"2024-08-14 22:04:16",50,"Suresh Chauhan",100100000049,50,"Debit","Visa","Lost","Reliance Fresh","Grocery","Delhi","Contactless",9235.94,"Success"
1705,"2023-06-08 17:11:54",67,"Pooja Kumar",100100000066,67,"Debit","RuPay","Active","Swiggy","Food","Jaipur","POS",649.41,"Success"
1706,"2023-09-03 00:31:32",15,"Riya Yadav",100100000014,15,"Debit","RuPay","Active","Reliance Fresh","Grocery","Kolkata","Online",43511.53,"Success"
1707,"2024-02-10 13:44:52",63,"Rajesh Kumar",100100000062,63,"Debit","RuPay","Active","HP Petrol Pump","Fuel","Noida","Online",249.42,"Success"
1708,"2023-11-22 10:17:18",196,"Manish Chauhan",100100000195,196,"Debit","Visa","Active","IRCTC","Travel","Hyderabad","Online",40094.74,"Success"
1709,"2022-12-25 15:18:16",100,"Pooja Mishra",100100000099,100,"Debit","Visa","Active","PVR Cinemas","Entertainment","Mumbai","POS",26407.52,"Success"
1710,"2022-02-13 02:25:18",188,"Nitin Jain",100100000187,188,"Debit","Visa","Active","Reliance Digital","Electronics","Mumbai","Online",18196.51,"Success"
1711,"2026-02-25 07:56:02",58,"Kavita Sharma",100100000057,58,"Debit","Visa","Active","Starbucks","Cafe","Mumbai","Online",24492.00,"Success"
1712,"2022-03-15 04:41:04",88,"Arjun Kumar",100100000273,274,"Credit","MasterCard","Active","Swiggy","Food","Mumbai","Online",3117.34,"Success"
1713,"2024-03-27 07:23:36",51,"Rohit Yadav",100100000206,207,"Debit","RuPay","Active","Dominos","Food","Ahmedabad","Online",25229.62,"Success"
1714,"2022-05-03 03:07:50",182,"Komal Gupta",100100000181,182,"Debit","RuPay","Active","Croma","Electronics","Delhi","Online",30311.35,"Success"
1715,"2026-01-23 13:18:36",17,"Komal Patel",100100000016,17,"Debit","Visa","Active","Lifestyle","Fashion","Jaipur","POS",36947.68,"Success"
1716,"2024-03-28 16:16:07",161,"Riya Singh",100100000253,254,"Credit","MasterCard","Active","Big Bazaar","Grocery","Delhi","Contactless",38678.19,"Success"
1717,"2024-01-12 11:50:52",8,"Neha Gupta",100100000007,8,"Debit","RuPay","Active","Indian Oil","Fuel","Lucknow","Contactless",41603.73,"Success"
1718,"2024-12-14 02:13:20",134,"Nitin Sharma",100100000133,134,"Debit","Visa","Active","PVR Cinemas","Entertainment","Pune","Online",7452.86,"Failed"
1719,"2025-04-09 01:41:18",191,"Asha Sharma",100100000248,249,"Credit","Visa","Active","PVR Cinemas","Entertainment","Gurugram","Online",2432.15,"Success"
1720,"2022-10-28 18:04:42",136,"Priya Sharma",100100000256,257,"Credit","MasterCard","Active","Big Bazaar","Grocery","Pune","Contactless",16380.02,"Success"
1721,"2025-03-19 13:51:02",73,"Karan Yadav",100100000226,227,"Credit","MasterCard","Active","Starbucks","Cafe","Ahmedabad","Online",21707.02,"Success"
1722,"2024-05-23 15:13:30",79,"Vikas Agarwal",100100000078,79,"Debit","Visa","Active","IRCTC","Travel","Pune","Contactless",8558.85,"Success"
1723,"2022-12-25 13:18:12",46,"Priya Mishra",100100000222,223,"Credit","Visa","Active","Croma","Electronics","Chennai","Online",46635.52,"Success"
1724,"2025-12-25 10:35:19",167,"Mohit Jain",100100000166,167,"Debit","RuPay","Active","IRCTC","Travel","Hyderabad","POS",23021.40,"Success"
1725,"2023-05-17 21:01:41",190,"Divya Kumar",100100000189,190,"Debit","Visa","Active","Amazon India","Shopping","Pune","Online",17849.75,"Success"
1726,"2026-01-15 20:27:15",82,"Meena Gupta",100100000202,203,"Debit","Visa","Active","Big Bazaar","Grocery","Delhi","Online",7301.42,"Success"
1727,"2026-06-14 00:05:50",95,"Rahul Kumar",100100000094,95,"Debit","Visa","Blocked","SBI ATM","ATM","Hyderabad","ATM",23926.79,"Success"
1728,"2024-11-01 21:29:32",165,"Riya Kumar",100100000164,165,"Debit","RuPay","Active","Reliance Fresh","Grocery","Hyderabad","Online",28353.30,"Success"
1729,"2024-02-06 19:05:44",195,"Amit Agarwal",100100000194,195,"Debit","RuPay","Blocked","BookMyShow","Entertainment","Noida","POS",46458.61,"Success"
1730,"2023-10-08 07:04:27",95,"Rahul Kumar",100100000094,95,"Debit","Visa","Blocked","Reliance Fresh","Grocery","Jaipur","Contactless",4243.69,"Success"
1731,"2023-09-25 13:34:58",136,"Priya Sharma",100100000135,136,"Debit","RuPay","Active","Croma","Electronics","Noida","Online",11298.66,"Success"
1732,"2022-11-15 21:16:18",8,"Neha Gupta",100100000007,8,"Debit","RuPay","Active","IRCTC","Travel","Kolkata","Online",37865.62,"Success"
1733,"2024-01-08 21:27:33",194,"Harsh Agarwal",100100000257,258,"Credit","Visa","Active","HP Petrol Pump","Fuel","Mumbai","POS",41309.64,"Success"
1734,"2022-01-02 15:25:49",136,"Priya Sharma",100100000135,136,"Debit","RuPay","Active","Reliance Digital","Electronics","Hyderabad","POS",29134.30,"Failed"
1735,"2024-01-29 08:54:34",124,"Asha Sinha",100100000214,215,"Debit","Visa","Active","Swiggy","Food","Bengaluru","Online",13360.51,"Success"
1736,"2024-08-23 03:22:16",143,"Rohit Mishra",100100000142,143,"Debit","Visa","Active","Dominos","Food","Hyderabad","Contactless",28174.34,"Reversed"
1737,"2022-06-11 14:33:40",197,"Rajesh Yadav",100100000196,197,"Debit","Visa","Active","Reliance Digital","Electronics","Hyderabad","POS",36351.75,"Success"
1738,"2026-05-03 01:44:34",157,"Meena Mishra",100100000156,157,"Debit","RuPay","Active","HP Petrol Pump","Fuel","Bengaluru","POS",24055.84,"Failed"
1739,"2023-03-19 06:02:48",5,"Amit Reddy",100100000004,5,"Debit","Visa","Active","Croma","Electronics","Lucknow","Contactless",32858.17,"Success"
1740,"2026-03-11 00:15:29",47,"Priya Sharma",100100000219,220,"Debit","Visa","Active","Amazon India","Shopping","Lucknow","Contactless",12294.16,"Success"
1741,"2023-08-09 01:41:27",164,"Shreya Sinha",100100000163,164,"Debit","Visa","Active","Big Bazaar","Grocery","Jaipur","Contactless",8198.28,"Success"
1742,"2023-08-22 01:12:43",86,"Komal Verma",100100000085,86,"Debit","Visa","Active","Indian Oil","Fuel","Pune","POS",11637.22,"Success"
1743,"2026-01-11 21:42:31",60,"Rahul Sinha",100100000059,60,"Debit","Visa","Active","Zomato","Food","Ahmedabad","Contactless",30329.46,"Success"
1744,"2023-09-29 00:48:42",123,"Neha Patel",100100000122,123,"Debit","RuPay","Active","BookMyShow","Entertainment","Lucknow","Online",9586.90,"Success"
1745,"2024-06-19 23:26:28",76,"Harsh Kumar",100100000075,76,"Debit","RuPay","Active","Reliance Digital","Electronics","Bengaluru","Contactless",42428.41,"Success"
1746,"2024-05-02 11:35:42",124,"Asha Sinha",100100000123,124,"Debit","RuPay","Active","IRCTC","Travel","Bengaluru","POS",32968.99,"Reversed"
1747,"2024-06-05 15:47:40",35,"Ankit Gupta",100100000034,35,"Debit","Visa","Active","BookMyShow","Entertainment","Ahmedabad","Online",2836.67,"Success"
1748,"2022-11-29 23:41:43",21,"Anjali Yadav",100100000020,21,"Debit","RuPay","Active","Amazon India","Shopping","Chennai","POS",48155.01,"Success"
1749,"2023-02-25 04:08:22",55,"Vikas Kumar",100100000054,55,"Debit","Visa","Active","Flipkart","Shopping","Hyderabad","Contactless",43672.44,"Success"
1750,"2026-03-13 13:56:30",84,"Karan Patel",100100000083,84,"Debit","Visa","Active","Swiggy","Food","Chennai","POS",39743.53,"Success"
1751,"2022-09-01 06:29:50",47,"Priya Sharma",100100000219,220,"Debit","Visa","Active","Flipkart","Shopping","Gurugram","POS",34194.78,"Success"
1752,"2022-05-19 13:33:50",29,"Mohit Yadav",100100000028,29,"Debit","Visa","Active","IRCTC","Travel","Lucknow","Online",9292.17,"Success"
1753,"2026-03-29 06:09:40",94,"Shreya Mishra",100100000093,94,"Debit","Visa","Active","Dominos","Food","Mumbai","Contactless",42765.73,"Success"
1754,"2023-08-27 04:25:27",97,"Riya Kumar",100100000096,97,"Debit","RuPay","Active","Indian Oil","Fuel","Ahmedabad","Online",9355.04,"Success"
1755,"2024-05-17 22:06:37",148,"Harsh Sharma",100100000147,148,"Debit","RuPay","Active","Dominos","Food","Jaipur","POS",42222.27,"Success"
1756,"2022-05-19 23:02:38",18,"Vivek Verma",100100000017,18,"Debit","Visa","Lost","Croma","Electronics","Jaipur","Contactless",16962.88,"Success"
1757,"2025-02-20 06:50:15",185,"Rahul Kumar",100100000207,208,"Debit","RuPay","Active","Reliance Digital","Electronics","Pune","POS",9154.80,"Success"
1758,"2025-07-25 20:28:49",80,"Arjun Patel",100100000079,80,"Debit","Visa","Active","Flipkart","Shopping","Delhi","Contactless",14944.38,"Success"
1759,"2026-05-26 23:37:27",24,"Riya Patel",100100000023,24,"Debit","Visa","Active","Starbucks","Cafe","Gurugram","POS",6240.64,"Success"
1760,"2026-01-17 08:05:52",114,"Harsh Reddy",100100000113,114,"Debit","Visa","Active","Croma","Electronics","Bengaluru","Contactless",32188.73,"Success"
1761,"2026-03-22 18:57:59",51,"Rohit Yadav",100100000262,263,"Credit","MasterCard","Active","BookMyShow","Entertainment","Chennai","Contactless",22894.82,"Success"
1762,"2023-11-06 09:00:07",185,"Rahul Kumar",100100000184,185,"Debit","RuPay","Expired","HP Petrol Pump","Fuel","Jaipur","Online",15705.99,"Success"
1763,"2026-02-15 20:47:49",45,"Vikas Patel",100100000044,45,"Debit","RuPay","Active","Starbucks","Cafe","Gurugram","POS",49500.58,"Success"
1764,"2026-07-01 17:15:42",20,"Karan Sinha",100100000019,20,"Debit","Visa","Blocked","DMart","Grocery","Kolkata","POS",2858.46,"Success"
1765,"2024-10-24 05:29:59",163,"Anjali Gupta",100100000162,163,"Debit","Visa","Active","IRCTC","Travel","Jaipur","Contactless",10683.16,"Success"
1766,"2025-01-14 08:44:22",95,"Rahul Kumar",100100000241,242,"Credit","Visa","Expired","Flipkart","Shopping","Mumbai","Contactless",30597.56,"Success"
1767,"2022-04-26 06:16:04",198,"Suresh Singh",100100000197,198,"Debit","RuPay","Active","PVR Cinemas","Entertainment","Chennai","Contactless",34775.44,"Reversed"
1768,"2023-05-07 15:45:00",109,"Kavita Jain",100100000108,109,"Debit","Visa","Active","Zomato","Food","Ahmedabad","Contactless",22560.71,"Success"
1769,"2022-07-16 06:57:15",198,"Suresh Singh",100100000235,236,"Credit","MasterCard","Active","Flipkart","Shopping","Jaipur","POS",12946.70,"Failed"
1770,"2024-09-05 03:07:46",42,"Pooja Gupta",100100000041,42,"Debit","RuPay","Active","Lifestyle","Fashion","Ahmedabad","Online",28389.31,"Success"
1771,"2024-12-23 10:31:49",30,"Vikas Gupta",100100000221,222,"Credit","Visa","Active","Amazon India","Shopping","Delhi","Online",35833.10,"Success"
1772,"2023-02-25 04:43:21",1,"Vivek Yadav",100100000000,1,"Debit","Visa","Active","Apollo Pharmacy","Healthcare","Noida","Contactless",48153.70,"Success"
1773,"2025-11-18 18:14:59",18,"Vivek Verma",100100000017,18,"Debit","Visa","Lost","Starbucks","Cafe","Jaipur","Contactless",14049.41,"Success"
1774,"2026-02-27 14:27:14",100,"Pooja Mishra",100100000099,100,"Debit","Visa","Active","Apollo Pharmacy","Healthcare","Hyderabad","Contactless",47664.24,"Success"
1775,"2025-01-09 02:39:58",176,"Rohit Sharma",100100000175,176,"Debit","RuPay","Active","DMart","Grocery","Ahmedabad","Online",24705.68,"Success"
1776,"2023-05-09 02:16:23",72,"Anjali Singh",100100000217,218,"Debit","Visa","Active","BookMyShow","Entertainment","Lucknow","Online",13254.67,"Success"
1777,"2025-11-21 03:15:35",140,"Arjun Sinha",100100000139,140,"Debit","Visa","Active","BookMyShow","Entertainment","Jaipur","Online",8865.64,"Success"
1778,"2024-05-02 20:18:45",5,"Amit Reddy",100100000004,5,"Debit","Visa","Active","Myntra","Fashion","Jaipur","Online",35527.83,"Success"
1779,"2023-05-21 12:30:59",9,"Rohit Chauhan",100100000008,9,"Debit","RuPay","Active","IRCTC","Travel","Kolkata","Contactless",14455.90,"Reversed"
1780,"2024-03-08 10:45:35",29,"Mohit Yadav",100100000028,29,"Debit","Visa","Active","Flipkart","Shopping","Bengaluru","Contactless",37509.34,"Success"
1781,"2025-12-11 07:51:42",76,"Harsh Kumar",100100000075,76,"Debit","RuPay","Active","Apollo Pharmacy","Healthcare","Delhi","Online",40157.88,"Success"
1782,"2022-08-27 03:54:10",46,"Priya Mishra",100100000222,223,"Credit","Visa","Active","HP Petrol Pump","Fuel","Kolkata","Online",37941.69,"Success"
1783,"2022-04-10 06:42:45",147,"Nitin Jain",100100000146,147,"Debit","RuPay","Lost","Starbucks","Cafe","Lucknow","Contactless",8499.75,"Success"
1784,"2026-05-13 00:36:18",38,"Neha Patel",100100000037,38,"Debit","RuPay","Active","IRCTC","Travel","Lucknow","Contactless",20775.24,"Success"
1785,"2026-03-21 00:06:51",165,"Riya Kumar",100100000164,165,"Debit","RuPay","Active","SBI ATM","ATM","Jaipur","ATM",22271.20,"Success"
1786,"2025-11-17 18:43:12",55,"Vikas Kumar",100100000054,55,"Debit","Visa","Active","BookMyShow","Entertainment","Kolkata","Online",29209.19,"Success"
1787,"2023-08-07 12:33:41",64,"Riya Singh",100100000063,64,"Debit","RuPay","Active","Reliance Fresh","Grocery","Delhi","Online",26550.19,"Success"
1788,"2025-03-19 19:55:19",54,"Meena Singh",100100000053,54,"Debit","RuPay","Active","Reliance Digital","Electronics","Pune","Contactless",48100.96,"Success"
1789,"2025-07-19 11:52:30",143,"Rohit Mishra",100100000142,143,"Debit","Visa","Active","Big Bazaar","Grocery","Pune","POS",46460.42,"Success"
1790,"2023-08-18 04:59:56",162,"Asha Reddy",100100000161,162,"Debit","RuPay","Active","DMart","Grocery","Mumbai","POS",41289.29,"Success"
1791,"2024-06-09 05:02:43",3,"Amit Kumar",100100000240,241,"Credit","MasterCard","Active","Dominos","Food","Lucknow","Contactless",35753.10,"Success"
1792,"2022-08-18 10:56:43",62,"Ritu Yadav",100100000061,62,"Debit","Visa","Active","Lifestyle","Fashion","Gurugram","Online",25027.39,"Success"
1793,"2023-05-29 14:34:08",35,"Ankit Gupta",100100000034,35,"Debit","Visa","Active","Lifestyle","Fashion","Hyderabad","POS",6668.24,"Success"
1794,"2024-05-04 23:24:20",97,"Riya Kumar",100100000096,97,"Debit","RuPay","Active","IRCTC","Travel","Bengaluru","Contactless",21639.26,"Failed"
1795,"2023-01-08 15:06:14",143,"Rohit Mishra",100100000277,278,"Credit","Visa","Active","Swiggy","Food","Delhi","POS",27924.56,"Success"
1796,"2024-01-15 08:31:01",74,"Rahul Kumar",100100000073,74,"Debit","Visa","Active","Dominos","Food","Hyderabad","Online",33488.71,"Success"
1797,"2026-01-05 06:09:23",61,"Sakshi Pandey",100100000060,61,"Debit","Visa","Active","Reliance Digital","Electronics","Gurugram","POS",17722.66,"Success"
1798,"2022-08-13 15:54:39",179,"Ritu Mishra",100100000178,179,"Debit","Visa","Active","PVR Cinemas","Entertainment","Kolkata","POS",19117.34,"Success"
1799,"2023-04-21 02:32:57",144,"Rahul Mishra",100100000143,144,"Debit","RuPay","Active","Reliance Digital","Electronics","Lucknow","POS",7349.69,"Success"
1800,"2024-03-16 06:20:09",107,"Nitin Chauhan",100100000106,107,"Debit","RuPay","Active","Flipkart","Shopping","Gurugram","Online",40303.18,"Success"
1801,"2022-12-17 02:31:27",81,"Karan Reddy",100100000080,81,"Debit","RuPay","Active","Dominos","Food","Bengaluru","POS",24181.13,"Success"
1802,"2022-07-08 22:17:51",120,"Nidhi Agarwal",100100000119,120,"Debit","RuPay","Active","PVR Cinemas","Entertainment","Kolkata","POS",13501.32,"Success"
1803,"2025-06-16 14:43:51",102,"Asha Sinha",100100000101,102,"Debit","Visa","Active","Flipkart","Shopping","Ahmedabad","Online",38380.12,"Success"
1804,"2023-08-20 16:50:40",43,"Shreya Singh",100100000042,43,"Debit","RuPay","Active","Reliance Digital","Electronics","Noida","POS",11542.10,"Success"
1805,"2024-07-09 00:23:11",33,"Deepak Jain",100100000032,33,"Debit","RuPay","Active","Flipkart","Shopping","Lucknow","POS",49833.55,"Success"
1806,"2025-07-17 08:18:24",140,"Arjun Sinha",100100000139,140,"Debit","Visa","Active","Lifestyle","Fashion","Mumbai","Online",43395.77,"Success"
1807,"2024-12-11 11:37:09",196,"Manish Chauhan",100100000236,237,"Credit","Visa","Active","Croma","Electronics","Pune","Contactless",45980.79,"Success"
1808,"2022-12-03 16:03:12",178,"Arjun Kumar",100100000208,209,"Debit","RuPay","Active","DMart","Grocery","Jaipur","Contactless",41624.46,"Success"
1809,"2022-05-23 01:50:30",98,"Suresh Sharma",100100000097,98,"Debit","RuPay","Active","Apollo Pharmacy","Healthcare","Ahmedabad","POS",32698.82,"Success"
1810,"2022-01-07 21:51:51",58,"Kavita Sharma",100100000057,58,"Debit","Visa","Active","PVR Cinemas","Entertainment","Kolkata","POS",44586.47,"Success"
1811,"2023-05-12 23:57:38",183,"Neha Nair",100100000182,183,"Debit","RuPay","Active","SBI ATM","ATM","Gurugram","ATM",24280.70,"Success"
1812,"2024-12-14 22:41:21",6,"Meena Singh",100100000005,6,"Debit","Visa","Expired","SBI ATM","ATM","Noida","ATM",29109.21,"Failed"
1813,"2024-12-04 13:38:28",184,"Asha Singh",100100000183,184,"Debit","Visa","Active","Reliance Digital","Electronics","Ahmedabad","Contactless",26600.14,"Success"
1814,"2022-02-02 09:00:07",157,"Meena Mishra",100100000156,157,"Debit","RuPay","Active","Reliance Fresh","Grocery","Kolkata","Online",45801.97,"Failed"
1815,"2023-06-30 18:13:21",84,"Karan Patel",100100000083,84,"Debit","Visa","Active","Reliance Fresh","Grocery","Lucknow","Online",10772.31,"Success"
1816,"2025-08-18 03:59:03",156,"Shreya Yadav",100100000272,273,"Credit","Visa","Active","HP Petrol Pump","Fuel","Bengaluru","Contactless",17079.36,"Success"
1817,"2024-12-04 15:52:50",115,"Nidhi Agarwal",100100000233,234,"Credit","Visa","Active","SBI ATM","ATM","Lucknow","ATM",29608.01,"Success"
1818,"2024-05-02 19:36:35",72,"Anjali Singh",100100000071,72,"Debit","RuPay","Lost","Myntra","Fashion","Pune","Contactless",26882.32,"Success"
1819,"2024-12-16 15:02:42",121,"Manish Agarwal",100100000120,121,"Debit","Visa","Active","BookMyShow","Entertainment","Noida","Online",44793.68,"Success"
1820,"2024-06-01 16:48:34",154,"Vikas Sharma",100100000153,154,"Debit","Visa","Active","Apollo Pharmacy","Healthcare","Kolkata","Contactless",44418.63,"Success"
1821,"2024-06-03 12:47:56",140,"Arjun Sinha",100100000139,140,"Debit","Visa","Active","Starbucks","Cafe","Kolkata","Online",24203.25,"Success"
1822,"2025-12-03 16:22:18",152,"Mohit Mishra",100100000151,152,"Debit","Visa","Active","Big Bazaar","Grocery","Gurugram","POS",9460.78,"Success"
1823,"2024-10-07 12:48:50",5,"Amit Reddy",100100000004,5,"Debit","Visa","Active","PVR Cinemas","Entertainment","Ahmedabad","Online",11775.70,"Success"
1824,"2023-04-14 17:16:26",86,"Komal Verma",100100000085,86,"Debit","Visa","Active","Lifestyle","Fashion","Bengaluru","Online",38722.79,"Success"
1825,"2025-02-21 16:26:58",46,"Priya Mishra",100100000222,223,"Credit","Visa","Active","Starbucks","Cafe","Mumbai","Contactless",37343.97,"Success"
1826,"2023-08-18 15:32:08",183,"Neha Nair",100100000182,183,"Debit","RuPay","Active","Starbucks","Cafe","Mumbai","Contactless",25763.87,"Success"
1827,"2024-06-30 07:39:23",199,"Sneha Agarwal",100100000198,199,"Debit","RuPay","Expired","Big Bazaar","Grocery","Bengaluru","Contactless",43554.53,"Success"
1828,"2025-05-30 04:46:41",165,"Riya Kumar",100100000164,165,"Debit","RuPay","Active","Dominos","Food","Bengaluru","Contactless",36536.99,"Success"
1829,"2024-07-11 17:41:30",64,"Riya Singh",100100000063,64,"Debit","RuPay","Active","HP Petrol Pump","Fuel","Noida","POS",25180.74,"Success"
1830,"2022-07-24 13:18:59",117,"Priya Patel",100100000215,216,"Debit","Visa","Active","Amazon India","Shopping","Pune","POS",13343.07,"Success"
1831,"2022-08-27 23:17:40",130,"Pooja Pandey",100100000129,130,"Debit","RuPay","Active","Zomato","Food","Noida","POS",39623.75,"Success"
1832,"2024-11-20 00:53:10",187,"Karan Chauhan",100100000186,187,"Debit","RuPay","Active","DMart","Grocery","Lucknow","POS",17850.69,"Success"
1833,"2022-08-26 13:32:12",39,"Riya Reddy",100100000038,39,"Debit","RuPay","Active","Flipkart","Shopping","Lucknow","Online",22612.03,"Success"
1834,"2025-04-08 03:41:51",82,"Meena Gupta",100100000202,203,"Debit","Visa","Active","IRCTC","Travel","Gurugram","Contactless",46012.58,"Success"
1835,"2025-07-13 10:54:17",178,"Arjun Kumar",100100000208,209,"Debit","RuPay","Active","Apollo Pharmacy","Healthcare","Gurugram","POS",14931.34,"Success"
1836,"2022-10-17 12:36:13",178,"Arjun Kumar",100100000227,228,"Credit","Visa","Active","Indian Oil","Fuel","Noida","Online",49200.01,"Success"
1837,"2024-04-16 21:39:39",50,"Suresh Chauhan",100100000218,219,"Debit","Visa","Active","Swiggy","Food","Jaipur","Online",41080.01,"Success"
1838,"2023-09-15 09:25:02",61,"Sakshi Pandey",100100000224,225,"Credit","MasterCard","Active","Dominos","Food","Pune","Contactless",7199.10,"Success"
1839,"2022-06-28 08:05:12",102,"Asha Sinha",100100000268,269,"Credit","Visa","Active","SBI ATM","ATM","Chennai","ATM",9700.17,"Success"
1840,"2025-12-28 16:49:09",12,"Vivek Mishra",100100000011,12,"Debit","Visa","Active","Starbucks","Cafe","Kolkata","Online",48139.00,"Success"
1841,"2024-09-20 02:55:25",80,"Arjun Patel",100100000079,80,"Debit","Visa","Active","HP Petrol Pump","Fuel","Kolkata","POS",20127.91,"Success"
1842,"2023-08-22 04:01:53",64,"Riya Singh",100100000063,64,"Debit","RuPay","Active","DMart","Grocery","Lucknow","Contactless",48273.77,"Success"
1843,"2022-11-03 02:03:35",117,"Priya Patel",100100000116,117,"Debit","RuPay","Active","PVR Cinemas","Entertainment","Lucknow","Contactless",27796.80,"Success"
1844,"2025-10-12 01:12:41",183,"Neha Nair",100100000182,183,"Debit","RuPay","Active","BookMyShow","Entertainment","Kolkata","Contactless",26590.28,"Success"
1845,"2024-01-25 14:45:20",28,"Nitin Reddy",100100000027,28,"Debit","Visa","Active","Reliance Fresh","Grocery","Pune","Contactless",49972.38,"Success"
1846,"2024-01-27 14:31:35",147,"Nitin Jain",100100000146,147,"Debit","RuPay","Lost","Apollo Pharmacy","Healthcare","Kolkata","Contactless",41313.21,"Success"
1847,"2023-10-20 14:10:07",42,"Pooja Gupta",100100000211,212,"Debit","RuPay","Active","Indian Oil","Fuel","Gurugram","Online",40825.51,"Success"
1848,"2022-05-09 10:39:42",71,"Sakshi Reddy",100100000070,71,"Debit","Visa","Active","HP Petrol Pump","Fuel","Delhi","Contactless",43630.80,"Success"
1849,"2026-05-12 07:44:46",160,"Arjun Chauhan",100100000159,160,"Debit","Visa","Active","IRCTC","Travel","Jaipur","Online",46717.24,"Success"
1850,"2023-06-07 12:08:50",185,"Rahul Kumar",100100000184,185,"Debit","RuPay","Expired","Apollo Pharmacy","Healthcare","Noida","POS",44331.09,"Success"
1851,"2023-03-31 00:04:34",44,"Meena Reddy",100100000043,44,"Debit","Visa","Active","Croma","Electronics","Kolkata","Online",5442.22,"Success"
1852,"2024-08-25 12:27:13",94,"Shreya Mishra",100100000264,265,"Credit","MasterCard","Active","SBI ATM","ATM","Gurugram","ATM",12300.49,"Success"
1853,"2022-01-11 05:12:09",199,"Sneha Agarwal",100100000198,199,"Debit","RuPay","Expired","Reliance Digital","Electronics","Lucknow","POS",19942.02,"Success"
1854,"2025-01-28 07:48:15",127,"Anjali Verma",100100000126,127,"Debit","Visa","Active","Apollo Pharmacy","Healthcare","Mumbai","POS",28767.09,"Success"
1855,"2022-05-09 22:45:50",20,"Karan Sinha",100100000019,20,"Debit","Visa","Blocked","DMart","Grocery","Pune","Online",35775.61,"Success"
1856,"2025-04-28 01:56:12",1,"Vivek Yadav",100100000000,1,"Debit","Visa","Active","Big Bazaar","Grocery","Delhi","Online",29566.22,"Success"
1857,"2023-03-01 14:28:14",80,"Arjun Patel",100100000079,80,"Debit","Visa","Active","Big Bazaar","Grocery","Noida","POS",18022.01,"Success"
1858,"2025-06-18 08:20:56",161,"Riya Singh",100100000253,254,"Credit","MasterCard","Active","Amazon India","Shopping","Jaipur","Contactless",23355.31,"Success"
1859,"2025-07-08 18:10:57",17,"Komal Patel",100100000016,17,"Debit","Visa","Active","Indian Oil","Fuel","Hyderabad","Online",37040.57,"Success"
1860,"2023-12-30 12:06:12",171,"Vikas Patel",100100000263,264,"Credit","MasterCard","Expired","BookMyShow","Entertainment","Gurugram","Contactless",30180.90,"Failed"
1861,"2025-11-15 08:18:13",151,"Pooja Patel",100100000150,151,"Debit","RuPay","Active","HP Petrol Pump","Fuel","Pune","Contactless",11967.31,"Success"
1862,"2023-06-30 17:37:23",168,"Meena Gupta",100100000167,168,"Debit","Visa","Active","IRCTC","Travel","Noida","POS",16935.87,"Success"
1863,"2025-08-07 12:19:42",109,"Kavita Jain",100100000108,109,"Debit","Visa","Active","PVR Cinemas","Entertainment","Hyderabad","Online",45805.33,"Success"
1864,"2022-08-28 04:50:03",175,"Pooja Jain",100100000174,175,"Debit","RuPay","Active","Dominos","Food","Gurugram","POS",27468.10,"Success"
1865,"2026-03-10 05:29:48",95,"Rahul Kumar",100100000241,242,"Credit","Visa","Expired","Amazon India","Shopping","Ahmedabad","Online",23320.36,"Failed"
1866,"2023-02-14 23:07:35",77,"Anjali Mishra",100100000243,244,"Credit","Visa","Active","DMart","Grocery","Kolkata","Contactless",47512.03,"Success"
1867,"2023-10-13 11:11:25",167,"Mohit Jain",100100000166,167,"Debit","RuPay","Active","Zomato","Food","Delhi","Online",35157.36,"Success"
1868,"2024-06-09 07:25:00",86,"Komal Verma",100100000276,277,"Credit","Visa","Active","Reliance Fresh","Grocery","Noida","Online",36288.89,"Success"
1869,"2026-06-14 21:18:28",103,"Vikas Nair",100100000102,103,"Debit","Visa","Active","PVR Cinemas","Entertainment","Noida","POS",14495.11,"Success"
1870,"2026-04-28 21:15:42",75,"Neha Chauhan",100100000074,75,"Debit","RuPay","Active","IRCTC","Travel","Ahmedabad","Online",39370.02,"Success"
1871,"2024-05-12 02:18:27",105,"Mohit Agarwal",100100000104,105,"Debit","Visa","Active","Swiggy","Food","Kolkata","POS",13182.75,"Reversed"
1872,"2023-02-09 02:37:56",154,"Vikas Sharma",100100000153,154,"Debit","Visa","Active","Reliance Fresh","Grocery","Bengaluru","POS",8777.78,"Success"
1873,"2025-06-07 00:33:33",187,"Karan Chauhan",100100000186,187,"Debit","RuPay","Active","Reliance Digital","Electronics","Bengaluru","Contactless",15591.39,"Success"
1874,"2022-12-16 15:05:23",115,"Nidhi Agarwal",100100000233,234,"Credit","Visa","Active","HP Petrol Pump","Fuel","Mumbai","Online",19309.11,"Success"
1875,"2022-07-08 12:14:06",63,"Rajesh Kumar",100100000062,63,"Debit","RuPay","Active","Starbucks","Cafe","Bengaluru","POS",32055.15,"Success"
1876,"2026-06-30 18:57:31",178,"Arjun Kumar",100100000177,178,"Debit","Visa","Active","Apollo Pharmacy","Healthcare","Delhi","Contactless",26922.93,"Success"
1877,"2026-02-26 06:29:43",87,"Rajesh Agarwal",100100000086,87,"Debit","RuPay","Active","Lifestyle","Fashion","Lucknow","Online",45224.27,"Success"
1878,"2026-06-27 11:22:34",200,"Harsh Mishra",100100000225,226,"Credit","Visa","Active","Swiggy","Food","Kolkata","Contactless",16799.33,"Success"
1879,"2023-03-31 21:23:00",2,"Neha Gupta",100100000001,2,"Debit","Visa","Active","SBI ATM","ATM","Noida","ATM",23019.36,"Success"
1880,"2022-06-22 03:09:17",39,"Riya Reddy",100100000038,39,"Debit","RuPay","Active","Myntra","Fashion","Hyderabad","Contactless",19003.56,"Success"
1881,"2025-08-16 04:12:05",73,"Karan Yadav",100100000226,227,"Credit","MasterCard","Active","Apollo Pharmacy","Healthcare","Hyderabad","POS",11058.69,"Success"
1882,"2023-01-20 00:03:16",87,"Rajesh Agarwal",100100000086,87,"Debit","RuPay","Active","SBI ATM","ATM","Noida","ATM",15307.06,"Success"
1883,"2022-01-27 19:59:46",54,"Meena Singh",100100000269,270,"Credit","MasterCard","Active","SBI ATM","ATM","Kolkata","ATM",45998.48,"Success"
1884,"2026-06-13 03:29:26",173,"Shreya Reddy",100100000172,173,"Debit","Visa","Lost","DMart","Grocery","Gurugram","POS",30033.45,"Success"
1885,"2025-07-06 05:21:28",130,"Pooja Pandey",100100000129,130,"Debit","RuPay","Active","Reliance Fresh","Grocery","Chennai","Contactless",18101.15,"Success"
1886,"2024-01-03 09:24:29",113,"Manish Yadav",100100000238,239,"Credit","MasterCard","Active","HP Petrol Pump","Fuel","Chennai","POS",36924.87,"Success"
1887,"2022-01-29 23:59:59",158,"Suresh Verma",100100000157,158,"Debit","Visa","Active","Dominos","Food","Pune","POS",26793.46,"Success"
1888,"2025-01-15 19:24:13",17,"Komal Patel",100100000275,276,"Credit","MasterCard","Active","Dominos","Food","Gurugram","Online",2432.59,"Success"
1889,"2024-01-14 22:18:21",43,"Shreya Singh",100100000042,43,"Debit","RuPay","Active","DMart","Grocery","Delhi","POS",36913.47,"Success"
1890,"2025-03-18 16:22:54",14,"Sneha Nair",100100000013,14,"Debit","RuPay","Active","IRCTC","Travel","Kolkata","POS",45228.39,"Success"
1891,"2024-02-28 21:56:04",111,"Shreya Singh",100100000110,111,"Debit","Visa","Active","SBI ATM","ATM","Lucknow","ATM",42008.17,"Success"
1892,"2022-01-23 19:14:40",90,"Sakshi Jain",100100000089,90,"Debit","Visa","Active","Reliance Digital","Electronics","Bengaluru","Contactless",37156.23,"Success"
1893,"2024-02-23 16:56:20",88,"Arjun Kumar",100100000087,88,"Debit","Visa","Lost","Swiggy","Food","Bengaluru","Online",4561.75,"Success"
1894,"2023-01-20 15:41:06",154,"Vikas Sharma",100100000153,154,"Debit","Visa","Active","Amazon India","Shopping","Gurugram","Contactless",16221.72,"Success"
1895,"2023-02-05 16:40:22",131,"Divya Yadav",100100000258,259,"Credit","Visa","Active","Myntra","Fashion","Delhi","POS",25371.67,"Success"
1896,"2025-08-18 19:44:11",189,"Rajesh Pandey",100100000254,255,"Credit","MasterCard","Active","Flipkart","Shopping","Lucknow","POS",25691.76,"Success"
1897,"2024-03-14 14:59:46",194,"Harsh Agarwal",100100000257,258,"Credit","Visa","Active","Reliance Fresh","Grocery","Chennai","Contactless",3166.85,"Success"
1898,"2024-03-14 12:32:38",51,"Rohit Yadav",100100000262,263,"Credit","MasterCard","Active","Zomato","Food","Gurugram","Online",34060.89,"Success"
1899,"2023-02-07 15:02:25",133,"Priya Patel",100100000132,133,"Debit","RuPay","Active","Apollo Pharmacy","Healthcare","Kolkata","POS",1009.31,"Success"
1900,"2022-12-13 14:16:34",155,"Manish Pandey",100100000154,155,"Debit","Visa","Active","Dominos","Food","Delhi","POS",17905.23,"Success"
1901,"2024-01-02 15:57:51",25,"Riya Reddy",100100000024,25,"Debit","RuPay","Active","Reliance Fresh","Grocery","Gurugram","Online",23867.29,"Success"
1902,"2024-08-13 21:53:02",134,"Nitin Sharma",100100000200,201,"Debit","RuPay","Active","DMart","Grocery","Delhi","Contactless",25190.54,"Success"
1903,"2025-05-22 06:00:23",54,"Meena Singh",100100000269,270,"Credit","MasterCard","Active","Starbucks","Cafe","Delhi","POS",38652.06,"Success"
1904,"2022-01-16 22:31:43",80,"Arjun Patel",100100000079,80,"Debit","Visa","Active","Croma","Electronics","Pune","Contactless",49750.46,"Reversed"
1905,"2025-04-23 12:09:25",11,"Komal Pandey",100100000010,11,"Debit","Visa","Active","PVR Cinemas","Entertainment","Hyderabad","Contactless",36848.74,"Success"
1906,"2026-05-07 04:17:14",82,"Meena Gupta",100100000202,203,"Debit","Visa","Active","Croma","Electronics","Bengaluru","Online",36745.65,"Success"
1907,"2026-03-18 03:44:56",105,"Mohit Agarwal",100100000104,105,"Debit","Visa","Active","IRCTC","Travel","Jaipur","Contactless",41637.78,"Success"
1908,"2024-11-08 19:31:40",115,"Nidhi Agarwal",100100000233,234,"Credit","Visa","Active","Amazon India","Shopping","Lucknow","Online",37527.43,"Failed"
1909,"2024-09-26 17:30:32",167,"Mohit Jain",100100000230,231,"Credit","Visa","Blocked","BookMyShow","Entertainment","Bengaluru","Online",32107.05,"Success"
1910,"2022-06-29 07:49:42",193,"Vikas Verma",100100000203,204,"Debit","RuPay","Active","SBI ATM","ATM","Bengaluru","ATM",29632.38,"Success"
1911,"2025-09-16 10:22:54",96,"Manish Yadav",100100000095,96,"Debit","Visa","Active","Big Bazaar","Grocery","Noida","Online",26998.87,"Success"
1912,"2024-04-01 21:19:03",72,"Anjali Singh",100100000217,218,"Debit","Visa","Active","SBI ATM","ATM","Chennai","ATM",13622.33,"Success"
1913,"2023-01-06 19:45:21",69,"Ritu Pandey",100100000245,246,"Credit","MasterCard","Active","Amazon India","Shopping","Kolkata","Contactless",8034.37,"Success"
1914,"2025-04-07 11:51:08",115,"Nidhi Agarwal",100100000233,234,"Credit","Visa","Active","BookMyShow","Entertainment","Bengaluru","POS",3219.88,"Success"
1915,"2024-06-05 17:14:07",116,"Riya Sinha",100100000201,202,"Debit","RuPay","Expired","Swiggy","Food","Mumbai","Online",34383.08,"Success"
1916,"2024-02-24 16:03:57",192,"Deepak Reddy",100100000228,229,"Credit","Visa","Active","Apollo Pharmacy","Healthcare","Mumbai","Contactless",9686.65,"Success"
1917,"2024-01-19 14:36:44",143,"Rohit Mishra",100100000252,253,"Credit","MasterCard","Active","Reliance Fresh","Grocery","Chennai","POS",19378.60,"Success"
1918,"2024-01-18 15:29:03",113,"Manish Yadav",100100000112,113,"Debit","Visa","Active","IRCTC","Travel","Lucknow","POS",45644.69,"Success"
1919,"2025-10-17 07:49:39",102,"Asha Sinha",100100000268,269,"Credit","Visa","Active","Zomato","Food","Bengaluru","Contactless",21679.34,"Success"
1920,"2025-12-01 10:09:14",138,"Sakshi Chauhan",100100000137,138,"Debit","RuPay","Active","Starbucks","Cafe","Chennai","Online",32029.50,"Success"
1921,"2026-07-07 19:38:48",50,"Suresh Chauhan",100100000218,219,"Debit","Visa","Active","Myntra","Fashion","Chennai","Online",16069.34,"Success"
1922,"2022-11-18 17:44:33",33,"Deepak Jain",100100000210,211,"Debit","RuPay","Active","PVR Cinemas","Entertainment","Noida","Contactless",19680.55,"Success"
1923,"2023-06-16 12:04:42",138,"Sakshi Chauhan",100100000137,138,"Debit","RuPay","Active","PVR Cinemas","Entertainment","Gurugram","Contactless",11398.99,"Success"
1924,"2025-12-01 23:15:04",64,"Riya Singh",100100000063,64,"Debit","RuPay","Active","DMart","Grocery","Noida","Online",10207.73,"Failed"
1925,"2023-07-20 10:46:01",8,"Neha Gupta",100100000007,8,"Debit","RuPay","Active","Croma","Electronics","Noida","Online",26693.70,"Success"
1926,"2024-09-15 04:24:08",57,"Divya Chauhan",100100000056,57,"Debit","Visa","Active","Dominos","Food","Noida","POS",37794.95,"Success"
1927,"2025-10-06 00:07:49",188,"Nitin Jain",100100000187,188,"Debit","Visa","Active","Amazon India","Shopping","Ahmedabad","Contactless",41527.44,"Failed"
1928,"2022-06-15 17:28:07",190,"Divya Kumar",100100000189,190,"Debit","Visa","Active","IRCTC","Travel","Mumbai","Contactless",39843.01,"Success"
1929,"2023-07-23 16:08:46",88,"Arjun Kumar",100100000273,274,"Credit","MasterCard","Active","Apollo Pharmacy","Healthcare","Ahmedabad","Contactless",21175.51,"Success"
1930,"2023-06-03 03:26:52",183,"Neha Nair",100100000182,183,"Debit","RuPay","Active","Reliance Digital","Electronics","Ahmedabad","Online",30855.83,"Success"
1931,"2024-05-18 13:27:47",128,"Riya Mishra",100100000127,128,"Debit","RuPay","Active","SBI ATM","ATM","Jaipur","ATM",6116.42,"Success"
1932,"2024-02-01 07:23:30",111,"Shreya Singh",100100000204,205,"Debit","RuPay","Active","PVR Cinemas","Entertainment","Noida","Contactless",5749.66,"Success"
1933,"2024-10-26 10:02:13",179,"Ritu Mishra",100100000260,261,"Credit","MasterCard","Active","BookMyShow","Entertainment","Jaipur","Contactless",960.31,"Success"
1934,"2023-07-18 08:18:54",52,"Harsh Mishra",100100000051,52,"Debit","Visa","Active","Reliance Fresh","Grocery","Delhi","Online",30887.82,"Reversed"
1935,"2022-06-19 08:38:56",69,"Ritu Pandey",100100000068,69,"Debit","Visa","Active","Big Bazaar","Grocery","Hyderabad","Contactless",12979.76,"Success"
1936,"2023-05-10 07:11:03",178,"Arjun Kumar",100100000208,209,"Debit","RuPay","Active","SBI ATM","ATM","Bengaluru","ATM",1610.90,"Success"
1937,"2026-01-22 12:20:49",139,"Neha Pandey",100100000138,139,"Debit","Visa","Expired","Apollo Pharmacy","Healthcare","Chennai","Contactless",21196.30,"Failed"
1938,"2026-02-03 00:59:26",71,"Sakshi Reddy",100100000070,71,"Debit","Visa","Active","Dominos","Food","Gurugram","POS",49272.73,"Reversed"
1939,"2023-03-30 03:53:40",136,"Priya Sharma",100100000256,257,"Credit","MasterCard","Active","Lifestyle","Fashion","Gurugram","Contactless",31927.68,"Success"
1940,"2025-06-23 02:29:54",158,"Suresh Verma",100100000157,158,"Debit","Visa","Active","Zomato","Food","Delhi","Online",6594.81,"Success"
1941,"2024-09-23 14:33:11",92,"Ritu Chauhan",100100000091,92,"Debit","Visa","Active","Amazon India","Shopping","Jaipur","Online",3930.10,"Success"
1942,"2026-04-22 00:17:15",105,"Mohit Agarwal",100100000104,105,"Debit","Visa","Active","BookMyShow","Entertainment","Kolkata","Online",19184.03,"Success"
1943,"2022-09-24 23:34:09",50,"Suresh Chauhan",100100000218,219,"Debit","Visa","Active","Indian Oil","Fuel","Delhi","POS",3787.95,"Success"
1944,"2025-07-16 18:00:03",134,"Nitin Sharma",100100000200,201,"Debit","RuPay","Active","Croma","Electronics","Hyderabad","Contactless",10300.13,"Success"
1945,"2025-07-21 04:57:08",153,"Mohit Sinha",100100000152,153,"Debit","Visa","Active","Starbucks","Cafe","Delhi","Online",42689.95,"Success"
1946,"2023-08-03 10:41:17",124,"Asha Sinha",100100000123,124,"Debit","RuPay","Active","Dominos","Food","Kolkata","Contactless",40396.33,"Success"
1947,"2022-06-20 22:49:49",107,"Nitin Chauhan",100100000106,107,"Debit","RuPay","Active","SBI ATM","ATM","Noida","ATM",2537.83,"Success"
1948,"2023-05-14 19:01:01",77,"Anjali Mishra",100100000076,77,"Debit","Visa","Active","BookMyShow","Entertainment","Gurugram","Online",42872.72,"Success"
1949,"2025-04-08 19:28:08",183,"Neha Nair",100100000182,183,"Debit","RuPay","Active","SBI ATM","ATM","Bengaluru","ATM",3218.81,"Success"
1950,"2025-05-01 09:02:11",18,"Vivek Verma",100100000239,240,"Credit","Visa","Active","Myntra","Fashion","Delhi","Online",5098.06,"Success"
1951,"2022-05-26 17:33:22",60,"Rahul Sinha",100100000059,60,"Debit","Visa","Active","Reliance Digital","Electronics","Kolkata","Online",37291.08,"Success"
1952,"2022-05-07 19:03:02",87,"Rajesh Agarwal",100100000086,87,"Debit","RuPay","Active","Flipkart","Shopping","Ahmedabad","Contactless",14173.98,"Success"
1953,"2025-10-13 08:22:54",30,"Vikas Gupta",100100000221,222,"Credit","Visa","Active","Myntra","Fashion","Mumbai","Online",34232.79,"Success"
1954,"2026-05-27 01:59:14",30,"Vikas Gupta",100100000029,30,"Debit","Visa","Active","HP Petrol Pump","Fuel","Chennai","Online",33578.13,"Success"
1955,"2025-12-05 01:27:43",129,"Priya Gupta",100100000128,129,"Debit","Visa","Active","Starbucks","Cafe","Gurugram","Contactless",9631.61,"Success"
1956,"2022-12-15 23:06:09",117,"Priya Patel",100100000215,216,"Debit","Visa","Active","Swiggy","Food","Kolkata","Online",10280.92,"Success"
1957,"2025-09-17 14:53:14",88,"Arjun Kumar",100100000273,274,"Credit","MasterCard","Active","Amazon India","Shopping","Bengaluru","Contactless",4480.30,"Success"
1958,"2022-08-29 19:52:47",61,"Sakshi Pandey",100100000224,225,"Credit","MasterCard","Active","Swiggy","Food","Mumbai","Contactless",21994.29,"Success"
1959,"2026-05-20 08:27:27",5,"Amit Reddy",100100000004,5,"Debit","Visa","Active","Reliance Fresh","Grocery","Chennai","Contactless",37851.04,"Success"
1960,"2026-03-12 19:42:18",143,"Rohit Mishra",100100000252,253,"Credit","MasterCard","Active","Starbucks","Cafe","Ahmedabad","POS",12239.01,"Success"
1961,"2024-03-24 19:12:21",152,"Mohit Mishra",100100000151,152,"Debit","Visa","Active","Zomato","Food","Delhi","Contactless",788.54,"Success"
1962,"2024-12-22 04:53:41",150,"Ankit Verma",100100000149,150,"Debit","RuPay","Blocked","Reliance Fresh","Grocery","Gurugram","Contactless",19894.56,"Success"
1963,"2022-12-19 16:28:48",54,"Meena Singh",100100000053,54,"Debit","RuPay","Active","Amazon India","Shopping","Ahmedabad","Online",29344.17,"Success"
1964,"2024-02-14 12:08:19",171,"Vikas Patel",100100000170,171,"Debit","RuPay","Active","Swiggy","Food","Noida","POS",40175.17,"Success"
1965,"2025-06-09 04:06:09",23,"Asha Agarwal",100100000022,23,"Debit","Visa","Blocked","PVR Cinemas","Entertainment","Ahmedabad","POS",29274.10,"Success"
1966,"2022-01-04 15:00:34",19,"Vikas Yadav",100100000018,19,"Debit","Visa","Active","Indian Oil","Fuel","Lucknow","POS",31393.67,"Success"
1967,"2026-05-07 02:47:26",123,"Neha Patel",100100000122,123,"Debit","RuPay","Active","Amazon India","Shopping","Gurugram","POS",48768.00,"Success"
1968,"2023-09-13 08:57:05",71,"Sakshi Reddy",100100000070,71,"Debit","Visa","Active","DMart","Grocery","Hyderabad","Online",23773.11,"Success"
1969,"2023-11-03 12:11:08",18,"Vivek Verma",100100000239,240,"Credit","Visa","Active","BookMyShow","Entertainment","Chennai","Online",38604.68,"Success"
1970,"2023-03-09 16:03:43",193,"Vikas Verma",100100000203,204,"Debit","RuPay","Active","Starbucks","Cafe","Lucknow","Online",13244.95,"Success"
1971,"2023-03-15 01:12:12",6,"Meena Singh",100100000005,6,"Debit","Visa","Expired","Starbucks","Cafe","Hyderabad","POS",48068.09,"Success"
1972,"2023-03-28 01:35:55",115,"Nidhi Agarwal",100100000114,115,"Debit","RuPay","Lost","Swiggy","Food","Pune","Online",35900.80,"Success"
1973,"2024-09-20 19:26:50",97,"Riya Kumar",100100000096,97,"Debit","RuPay","Active","HP Petrol Pump","Fuel","Mumbai","POS",3141.98,"Success"
1974,"2022-10-26 16:33:34",147,"Nitin Jain",100100000146,147,"Debit","RuPay","Lost","Zomato","Food","Pune","POS",6275.80,"Success"
1975,"2023-08-12 05:31:39",54,"Meena Singh",100100000053,54,"Debit","RuPay","Active","PVR Cinemas","Entertainment","Mumbai","Contactless",31384.81,"Failed"
1976,"2025-05-28 12:37:50",164,"Shreya Sinha",100100000163,164,"Debit","Visa","Active","Indian Oil","Fuel","Hyderabad","Online",43349.50,"Success"
1977,"2025-04-14 22:01:26",167,"Mohit Jain",100100000230,231,"Credit","Visa","Blocked","Apollo Pharmacy","Healthcare","Lucknow","Online",24073.10,"Success"
1978,"2024-08-26 20:47:19",195,"Amit Agarwal",100100000194,195,"Debit","RuPay","Blocked","Flipkart","Shopping","Gurugram","POS",40488.31,"Success"
1979,"2022-07-21 12:54:59",117,"Priya Patel",100100000215,216,"Debit","Visa","Active","Lifestyle","Fashion","Ahmedabad","Online",33053.72,"Success"
1980,"2024-06-08 15:09:16",72,"Anjali Singh",100100000217,218,"Debit","Visa","Active","Big Bazaar","Grocery","Kolkata","Contactless",39552.26,"Success"
1981,"2025-10-29 20:24:36",25,"Riya Reddy",100100000024,25,"Debit","RuPay","Active","Lifestyle","Fashion","Jaipur","POS",12144.36,"Failed"
1982,"2022-03-01 21:41:40",40,"Sneha Nair",100100000039,40,"Debit","Visa","Expired","DMart","Grocery","Gurugram","Online",43629.77,"Success"
1983,"2022-11-28 17:52:32",60,"Rahul Sinha",100100000059,60,"Debit","Visa","Active","Zomato","Food","Noida","POS",13349.47,"Success"
1984,"2023-09-01 09:14:09",100,"Pooja Mishra",100100000099,100,"Debit","Visa","Active","Croma","Electronics","Chennai","Contactless",14215.16,"Success"
1985,"2024-02-28 20:01:54",63,"Rajesh Kumar",100100000062,63,"Debit","RuPay","Active","IRCTC","Travel","Hyderabad","POS",27536.10,"Success"
1986,"2023-09-08 19:27:32",73,"Karan Yadav",100100000226,227,"Credit","MasterCard","Active","Apollo Pharmacy","Healthcare","Gurugram","POS",46575.55,"Failed"
1987,"2024-03-29 07:02:18",53,"Arjun Jain",100100000052,53,"Debit","RuPay","Active","Starbucks","Cafe","Gurugram","POS",18344.62,"Success"
1988,"2026-01-23 21:57:29",163,"Anjali Gupta",100100000212,213,"Debit","Visa","Active","DMart","Grocery","Delhi","Contactless",7034.82,"Success"
1989,"2022-02-12 07:06:27",162,"Asha Reddy",100100000161,162,"Debit","RuPay","Active","SBI ATM","ATM","Noida","ATM",17603.76,"Success"
1990,"2022-09-06 06:44:00",137,"Priya Pandey",100100000246,247,"Credit","MasterCard","Active","BookMyShow","Entertainment","Delhi","Contactless",33674.75,"Success"
1991,"2022-01-27 09:49:04",104,"Harsh Pandey",100100000103,104,"Debit","RuPay","Active","HP Petrol Pump","Fuel","Kolkata","POS",31574.67,"Success"
1992,"2022-08-02 04:45:03",193,"Vikas Verma",100100000242,243,"Credit","MasterCard","Active","HP Petrol Pump","Fuel","Bengaluru","Contactless",14947.95,"Success"
1993,"2025-01-22 06:21:20",72,"Anjali Singh",100100000071,72,"Debit","RuPay","Lost","Flipkart","Shopping","Bengaluru","Contactless",6627.53,"Success"
1994,"2024-07-13 00:43:32",6,"Meena Singh",100100000005,6,"Debit","Visa","Expired","Lifestyle","Fashion","Lucknow","Online",20980.59,"Success"
1995,"2026-02-21 15:29:34",180,"Divya Mishra",100100000179,180,"Debit","RuPay","Active","Starbucks","Cafe","Jaipur","POS",15656.09,"Success"
1996,"2022-09-01 23:53:17",188,"Nitin Jain",100100000266,267,"Credit","MasterCard","Active","Big Bazaar","Grocery","Chennai","Contactless",28596.16,"Success"
1997,"2022-03-29 15:00:32",79,"Vikas Agarwal",100100000078,79,"Debit","Visa","Active","Croma","Electronics","Chennai","Online",1374.80,"Success"
1998,"2023-02-13 20:50:37",135,"Shreya Chauhan",100100000134,135,"Debit","Visa","Active","Reliance Fresh","Grocery","Jaipur","Online",8270.53,"Failed"
1999,"2026-06-07 16:11:22",125,"Vivek Kumar",100100000124,125,"Debit","RuPay","Active","Swiggy","Food","Hyderabad","Contactless",14009.14,"Success"
2000,"2025-06-18 14:19:34",99,"Komal Jain",100100000098,99,"Debit","RuPay","Active","Indian Oil","Fuel","Lucknow","Online",38611.33,"Success"
2001,"2024-04-04 12:37:43",90,"Sakshi Jain",100100000089,90,"Debit","Visa","Active","Big Bazaar","Grocery","Hyderabad","Contactless",23279.22,"Failed"
2002,"2022-06-07 01:11:05",167,"Mohit Jain",100100000230,231,"Credit","Visa","Blocked","Big Bazaar","Grocery","Noida","Contactless",42300.44,"Success"
2003,"2025-11-01 20:06:08",30,"Vikas Gupta",100100000221,222,"Credit","Visa","Active","Reliance Digital","Electronics","Noida","POS",35843.51,"Success"
2004,"2023-11-15 04:33:13",146,"Manish Agarwal",100100000231,232,"Credit","MasterCard","Active","Dominos","Food","Hyderabad","Contactless",3212.67,"Success"
2005,"2025-05-15 10:33:25",165,"Riya Kumar",100100000164,165,"Debit","RuPay","Active","Amazon India","Shopping","Hyderabad","Contactless",43576.21,"Success"
2006,"2024-08-31 09:17:42",49,"Amit Sinha",100100000048,49,"Debit","Visa","Blocked","IRCTC","Travel","Noida","Contactless",33389.64,"Success"
2007,"2022-07-27 09:32:31",182,"Komal Gupta",100100000255,256,"Credit","MasterCard","Active","Amazon India","Shopping","Mumbai","Online",19826.28,"Success"
2008,"2026-06-22 01:28:08",140,"Arjun Sinha",100100000139,140,"Debit","Visa","Active","PVR Cinemas","Entertainment","Chennai","POS",17675.74,"Success"
2009,"2025-03-27 19:15:37",82,"Meena Gupta",100100000081,82,"Debit","RuPay","Active","Swiggy","Food","Jaipur","Contactless",11554.75,"Success"
2010,"2025-04-08 19:36:07",111,"Shreya Singh",100100000110,111,"Debit","Visa","Active","HP Petrol Pump","Fuel","Gurugram","Online",31738.90,"Success"
2011,"2023-05-15 03:33:05",47,"Priya Sharma",100100000219,220,"Debit","Visa","Active","Flipkart","Shopping","Bengaluru","Contactless",33041.59,"Failed"
2012,"2026-05-12 12:58:11",18,"Vivek Verma",100100000239,240,"Credit","Visa","Active","Swiggy","Food","Gurugram","POS",45863.95,"Success"
2013,"2025-11-02 06:41:58",107,"Nitin Chauhan",100100000106,107,"Debit","RuPay","Active","SBI ATM","ATM","Gurugram","ATM",42302.91,"Success"
2014,"2022-07-02 19:42:49",126,"Rahul Kumar",100100000125,126,"Debit","Visa","Active","Croma","Electronics","Hyderabad","Contactless",33180.63,"Success"
2015,"2026-03-03 17:06:23",164,"Shreya Sinha",100100000163,164,"Debit","Visa","Active","Indian Oil","Fuel","Kolkata","Contactless",41534.00,"Success"
2016,"2024-04-03 14:56:34",51,"Rohit Yadav",100100000050,51,"Debit","RuPay","Active","Dominos","Food","Lucknow","Online",35026.10,"Success"
2017,"2023-10-06 06:59:17",157,"Meena Mishra",100100000156,157,"Debit","RuPay","Active","Myntra","Fashion","Ahmedabad","Contactless",32033.84,"Success"
2018,"2024-02-01 10:41:50",41,"Vivek Patel",100100000040,41,"Debit","Visa","Active","PVR Cinemas","Entertainment","Ahmedabad","Contactless",28656.73,"Success"
2019,"2025-05-13 22:01:18",156,"Shreya Yadav",100100000272,273,"Credit","Visa","Active","Lifestyle","Fashion","Delhi","Contactless",29592.47,"Success"
2020,"2025-04-25 10:33:14",82,"Meena Gupta",100100000081,82,"Debit","RuPay","Active","Dominos","Food","Lucknow","Online",11064.26,"Success"
2021,"2026-04-21 05:59:35",137,"Priya Pandey",100100000136,137,"Debit","Visa","Active","Flipkart","Shopping","Hyderabad","POS",6423.98,"Success"
2022,"2025-01-03 01:42:11",75,"Neha Chauhan",100100000250,251,"Credit","Visa","Active","Reliance Digital","Electronics","Pune","Online",178.64,"Success"
2023,"2022-02-14 02:18:18",108,"Sakshi Chauhan",100100000107,108,"Debit","RuPay","Active","Swiggy","Food","Noida","POS",22209.34,"Success"
2024,"2026-06-22 05:47:21",95,"Rahul Kumar",100100000241,242,"Credit","Visa","Expired","Swiggy","Food","Noida","POS",38140.00,"Success"
2025,"2026-04-12 04:23:11",157,"Meena Mishra",100100000156,157,"Debit","RuPay","Active","DMart","Grocery","Lucknow","Contactless",42222.56,"Success"
2026,"2022-06-14 02:14:29",106,"Arjun Nair",100100000232,233,"Credit","MasterCard","Expired","Lifestyle","Fashion","Pune","Online",26284.89,"Success"
2027,"2024-12-22 22:39:59",86,"Komal Verma",100100000276,277,"Credit","Visa","Active","Flipkart","Shopping","Ahmedabad","Contactless",23799.51,"Success"
2028,"2025-07-16 02:11:49",141,"Rohit Patel",100100000140,141,"Debit","Visa","Active","Zomato","Food","Gurugram","Online",38279.41,"Success"
2029,"2022-08-02 10:22:27",114,"Harsh Reddy",100100000205,206,"Debit","RuPay","Active","Swiggy","Food","Mumbai","Online",22838.23,"Success"
2030,"2025-08-12 21:52:53",78,"Sneha Verma",100100000216,217,"Debit","Visa","Lost","BookMyShow","Entertainment","Gurugram","Online",48203.40,"Success"
2031,"2023-11-24 11:46:47",187,"Karan Chauhan",100100000186,187,"Debit","RuPay","Active","BookMyShow","Entertainment","Noida","POS",40839.26,"Success"
2032,"2025-11-06 18:16:28",29,"Mohit Yadav",100100000028,29,"Debit","Visa","Active","Reliance Fresh","Grocery","Gurugram","Contactless",23196.76,"Success"
2033,"2025-06-18 23:03:49",132,"Karan Chauhan",100100000131,132,"Debit","RuPay","Active","PVR Cinemas","Entertainment","Bengaluru","Online",36032.67,"Success"
2034,"2023-07-06 03:11:02",124,"Asha Sinha",100100000214,215,"Debit","Visa","Active","Lifestyle","Fashion","Bengaluru","Contactless",12402.73,"Success"
2035,"2024-06-28 18:17:26",136,"Priya Sharma",100100000135,136,"Debit","RuPay","Active","Dominos","Food","Ahmedabad","Online",29075.69,"Success"
2036,"2026-02-27 05:24:01",188,"Nitin Jain",100100000266,267,"Credit","MasterCard","Active","Swiggy","Food","Noida","Online",13114.51,"Success"
2037,"2025-12-29 09:59:43",141,"Rohit Patel",100100000140,141,"Debit","Visa","Active","BookMyShow","Entertainment","Bengaluru","Contactless",22692.21,"Success"
2038,"2022-10-19 03:03:52",73,"Karan Yadav",100100000072,73,"Debit","Visa","Active","Zomato","Food","Bengaluru","Contactless",28849.73,"Success"
2039,"2023-01-10 21:33:34",141,"Rohit Patel",100100000140,141,"Debit","Visa","Active","IRCTC","Travel","Hyderabad","POS",42924.28,"Success"
2040,"2024-02-06 17:08:59",81,"Karan Reddy",100100000080,81,"Debit","RuPay","Active","Dominos","Food","Noida","POS",44157.56,"Success"
2041,"2025-11-22 07:55:32",85,"Kavita Nair",100100000084,85,"Debit","Visa","Active","PVR Cinemas","Entertainment","Bengaluru","Contactless",33951.63,"Success"
2042,"2022-01-20 22:13:08",78,"Sneha Verma",100100000077,78,"Debit","RuPay","Lost","Lifestyle","Fashion","Mumbai","POS",15104.81,"Success"
2043,"2024-01-03 20:57:29",195,"Amit Agarwal",100100000194,195,"Debit","RuPay","Blocked","Big Bazaar","Grocery","Noida","POS",33000.58,"Success"
2044,"2023-10-18 20:14:53",50,"Suresh Chauhan",100100000049,50,"Debit","Visa","Lost","BookMyShow","Entertainment","Bengaluru","POS",26376.59,"Success"
2045,"2022-05-24 13:02:57",98,"Suresh Sharma",100100000097,98,"Debit","RuPay","Active","BookMyShow","Entertainment","Jaipur","POS",27373.53,"Failed"
2046,"2024-05-03 01:56:45",9,"Rohit Chauhan",100100000008,9,"Debit","RuPay","Active","SBI ATM","ATM","Noida","ATM",44651.58,"Success"
2047,"2026-03-17 18:26:09",151,"Pooja Patel",100100000150,151,"Debit","RuPay","Active","SBI ATM","ATM","Delhi","ATM",34049.56,"Success"
2048,"2026-07-08 13:27:28",198,"Suresh Singh",100100000197,198,"Debit","RuPay","Active","Indian Oil","Fuel","Bengaluru","Online",3197.44,"Success"
2049,"2026-03-08 15:12:23",182,"Komal Gupta",100100000181,182,"Debit","RuPay","Active","Amazon India","Shopping","Chennai","Contactless",17968.86,"Success"
2050,"2025-02-28 06:15:52",137,"Priya Pandey",100100000246,247,"Credit","MasterCard","Active","Lifestyle","Fashion","Lucknow","Contactless",6979.17,"Success"
2051,"2022-01-13 09:10:29",160,"Arjun Chauhan",100100000159,160,"Debit","Visa","Active","PVR Cinemas","Entertainment","Lucknow","Online",11514.28,"Success"
2052,"2022-08-01 22:00:45",61,"Sakshi Pandey",100100000224,225,"Credit","MasterCard","Active","Dominos","Food","Jaipur","POS",18048.75,"Success"
2053,"2022-02-03 14:47:49",143,"Rohit Mishra",100100000277,278,"Credit","Visa","Active","Swiggy","Food","Jaipur","Contactless",47221.34,"Success"
2054,"2024-01-14 04:48:32",19,"Vikas Yadav",100100000018,19,"Debit","Visa","Active","Indian Oil","Fuel","Hyderabad","POS",25194.59,"Failed"
2055,"2024-08-03 23:50:28",195,"Amit Agarwal",100100000279,280,"Credit","Visa","Active","Indian Oil","Fuel","Noida","POS",10035.52,"Success"
2056,"2023-12-15 15:52:39",41,"Vivek Patel",100100000040,41,"Debit","Visa","Active","Apollo Pharmacy","Healthcare","Chennai","Online",29955.77,"Success"
2057,"2022-11-11 05:26:53",170,"Manish Verma",100100000169,170,"Debit","Visa","Active","Myntra","Fashion","Gurugram","POS",14279.83,"Success"
2058,"2025-11-24 21:53:04",117,"Priya Patel",100100000215,216,"Debit","Visa","Active","Dominos","Food","Bengaluru","POS",30679.93,"Success"
2059,"2022-09-22 13:31:04",51,"Rohit Yadav",100100000262,263,"Credit","MasterCard","Active","Flipkart","Shopping","Gurugram","Contactless",13612.64,"Success"
2060,"2023-05-20 03:44:59",120,"Nidhi Agarwal",100100000119,120,"Debit","RuPay","Active","Swiggy","Food","Hyderabad","Online",21859.63,"Success"
2061,"2024-01-03 16:34:38",98,"Suresh Sharma",100100000097,98,"Debit","RuPay","Active","Reliance Fresh","Grocery","Gurugram","Online",45949.90,"Success"
2062,"2022-08-13 14:10:20",8,"Neha Gupta",100100000007,8,"Debit","RuPay","Active","BookMyShow","Entertainment","Gurugram","Online",39313.25,"Success"
2063,"2022-05-07 05:03:45",82,"Meena Gupta",100100000081,82,"Debit","RuPay","Active","Reliance Fresh","Grocery","Lucknow","Contactless",517.99,"Success"
2064,"2024-02-18 18:27:22",194,"Harsh Agarwal",100100000193,194,"Debit","RuPay","Active","DMart","Grocery","Lucknow","Online",33136.70,"Success"
2065,"2024-02-07 02:51:46",74,"Rahul Kumar",100100000073,74,"Debit","Visa","Active","Apollo Pharmacy","Healthcare","Kolkata","POS",7097.42,"Success"
2066,"2023-02-17 09:52:09",147,"Nitin Jain",100100000146,147,"Debit","RuPay","Lost","Indian Oil","Fuel","Kolkata","POS",4566.31,"Success"
2067,"2024-07-25 21:39:00",188,"Nitin Jain",100100000187,188,"Debit","Visa","Active","Dominos","Food","Noida","POS",37637.10,"Failed"
2068,"2023-12-27 10:35:37",89,"Rahul Kumar",100100000088,89,"Debit","RuPay","Active","Amazon India","Shopping","Hyderabad","Contactless",2966.65,"Success"
2069,"2023-10-05 21:27:14",173,"Shreya Reddy",100100000172,173,"Debit","Visa","Lost","Zomato","Food","Bengaluru","POS",28831.79,"Success"
2070,"2025-03-26 19:38:00",178,"Arjun Kumar",100100000208,209,"Debit","RuPay","Active","HP Petrol Pump","Fuel","Noida","POS",7810.11,"Success"
2071,"2026-01-20 12:28:05",194,"Harsh Agarwal",100100000193,194,"Debit","RuPay","Active","SBI ATM","ATM","Chennai","ATM",2832.17,"Success"
2072,"2025-04-08 23:15:45",87,"Rajesh Agarwal",100100000086,87,"Debit","RuPay","Active","BookMyShow","Entertainment","Pune","Online",43775.09,"Reversed"
2073,"2022-01-31 04:23:58",60,"Rahul Sinha",100100000059,60,"Debit","Visa","Active","Dominos","Food","Hyderabad","Online",21034.93,"Success"
2074,"2023-05-19 15:36:22",94,"Shreya Mishra",100100000274,275,"Credit","MasterCard","Active","Zomato","Food","Kolkata","Online",15723.88,"Success"
2075,"2022-12-31 07:39:13",27,"Sakshi Sinha",100100000026,27,"Debit","RuPay","Active","SBI ATM","ATM","Mumbai","ATM",40927.73,"Success"
2076,"2023-06-20 09:05:36",159,"Kavita Singh",100100000158,159,"Debit","Visa","Active","Swiggy","Food","Kolkata","POS",25969.97,"Success"
2077,"2022-05-02 14:21:15",151,"Pooja Patel",100100000150,151,"Debit","RuPay","Active","Big Bazaar","Grocery","Delhi","POS",68.14,"Success"
2078,"2022-03-04 12:02:05",73,"Karan Yadav",100100000072,73,"Debit","Visa","Active","SBI ATM","ATM","Ahmedabad","ATM",37344.33,"Success"
2079,"2026-04-17 08:24:49",182,"Komal Gupta",100100000255,256,"Credit","MasterCard","Active","IRCTC","Travel","Noida","POS",43383.67,"Failed"
2080,"2022-12-01 08:05:26",137,"Priya Pandey",100100000246,247,"Credit","MasterCard","Active","Zomato","Food","Pune","Contactless",25352.70,"Success"
2081,"2024-05-04 17:09:32",135,"Shreya Chauhan",100100000134,135,"Debit","Visa","Active","Big Bazaar","Grocery","Mumbai","POS",49117.40,"Success"
2082,"2023-10-21 00:19:31",153,"Mohit Sinha",100100000152,153,"Debit","Visa","Active","Reliance Fresh","Grocery","Ahmedabad","Contactless",38415.92,"Success"
2083,"2024-08-11 18:48:53",119,"Meena Yadav",100100000118,119,"Debit","Visa","Active","Indian Oil","Fuel","Delhi","Contactless",24398.42,"Failed"
2084,"2025-10-24 09:36:00",156,"Shreya Yadav",100100000272,273,"Credit","Visa","Active","Reliance Digital","Electronics","Pune","Contactless",34518.57,"Success"
2085,"2025-10-29 22:12:18",200,"Harsh Mishra",100100000199,200,"Debit","RuPay","Active","IRCTC","Travel","Lucknow","Online",25021.49,"Success"
2086,"2026-03-31 03:20:21",46,"Priya Mishra",100100000222,223,"Credit","Visa","Active","Indian Oil","Fuel","Mumbai","Contactless",8413.62,"Success"
2087,"2026-03-08 09:06:43",179,"Ritu Mishra",100100000178,179,"Debit","Visa","Active","Zomato","Food","Mumbai","Online",35457.83,"Success"
2088,"2025-12-04 03:28:34",42,"Pooja Gupta",100100000211,212,"Debit","RuPay","Active","Amazon India","Shopping","Gurugram","Online",42903.43,"Success"
2089,"2024-07-28 13:24:36",40,"Sneha Nair",100100000039,40,"Debit","Visa","Expired","Croma","Electronics","Delhi","Online",48904.15,"Success"
2090,"2023-04-14 10:11:00",183,"Neha Nair",100100000182,183,"Debit","RuPay","Active","Zomato","Food","Chennai","POS",24217.79,"Success"
2091,"2023-10-27 12:26:52",78,"Sneha Verma",100100000077,78,"Debit","RuPay","Lost","SBI ATM","ATM","Hyderabad","ATM",21451.92,"Success"
2092,"2024-02-07 08:41:59",191,"Asha Sharma",100100000265,266,"Credit","Visa","Active","Reliance Fresh","Grocery","Kolkata","POS",34717.94,"Success"
2093,"2024-10-18 11:44:40",85,"Kavita Nair",100100000084,85,"Debit","Visa","Active","DMart","Grocery","Chennai","POS",15088.17,"Failed"
2094,"2023-06-28 12:46:53",171,"Vikas Patel",100100000263,264,"Credit","MasterCard","Expired","Croma","Electronics","Ahmedabad","POS",47122.33,"Success"
2095,"2026-05-21 09:04:03",107,"Nitin Chauhan",100100000106,107,"Debit","RuPay","Active","Starbucks","Cafe","Delhi","Online",34912.78,"Success"
2096,"2025-04-21 20:01:05",51,"Rohit Yadav",100100000206,207,"Debit","RuPay","Active","Zomato","Food","Bengaluru","Online",40951.58,"Success"
2097,"2025-01-15 12:45:28",42,"Pooja Gupta",100100000211,212,"Debit","RuPay","Active","Starbucks","Cafe","Kolkata","POS",13425.40,"Failed"
2098,"2023-09-27 04:12:36",156,"Shreya Yadav",100100000272,273,"Credit","Visa","Active","BookMyShow","Entertainment","Hyderabad","Online",47106.43,"Success"
2099,"2024-10-03 16:47:59",8,"Neha Gupta",100100000007,8,"Debit","RuPay","Active","DMart","Grocery","Jaipur","Contactless",9234.99,"Success"
2100,"2024-04-24 04:32:02",49,"Amit Sinha",100100000048,49,"Debit","Visa","Blocked","Apollo Pharmacy","Healthcare","Pune","POS",17040.09,"Success"
2101,"2022-02-03 13:55:18",55,"Vikas Kumar",100100000054,55,"Debit","Visa","Active","Apollo Pharmacy","Healthcare","Lucknow","Contactless",5296.45,"Success"
2102,"2024-03-23 20:53:08",177,"Riya Verma",100100000176,177,"Debit","RuPay","Blocked","DMart","Grocery","Jaipur","Online",20512.19,"Success"
2103,"2022-05-03 15:28:51",114,"Harsh Reddy",100100000205,206,"Debit","RuPay","Active","BookMyShow","Entertainment","Noida","POS",3181.89,"Success"
2104,"2022-06-03 00:32:04",198,"Suresh Singh",100100000235,236,"Credit","MasterCard","Active","HP Petrol Pump","Fuel","Mumbai","POS",13998.33,"Success"
2105,"2023-02-08 19:52:34",146,"Manish Agarwal",100100000145,146,"Debit","RuPay","Lost","Big Bazaar","Grocery","Kolkata","POS",15611.56,"Success"
2106,"2024-07-30 20:53:40",143,"Rohit Mishra",100100000252,253,"Credit","MasterCard","Active","Reliance Digital","Electronics","Noida","POS",15368.11,"Success"
2107,"2025-09-19 03:53:30",38,"Neha Patel",100100000037,38,"Debit","RuPay","Active","Zomato","Food","Delhi","Contactless",1504.67,"Success"
2108,"2022-08-21 10:02:52",26,"Rahul Patel",100100000025,26,"Debit","RuPay","Lost","Swiggy","Food","Lucknow","Contactless",31812.11,"Success"
2109,"2025-06-29 22:17:54",77,"Anjali Mishra",100100000243,244,"Credit","Visa","Active","Myntra","Fashion","Gurugram","Contactless",48716.22,"Success"
2110,"2022-08-28 17:21:42",106,"Arjun Nair",100100000232,233,"Credit","MasterCard","Expired","Lifestyle","Fashion","Delhi","POS",34932.62,"Success"
2111,"2022-09-26 05:13:22",134,"Nitin Sharma",100100000200,201,"Debit","RuPay","Active","Reliance Fresh","Grocery","Gurugram","Online",19324.84,"Success"
2112,"2022-10-24 01:42:50",41,"Vivek Patel",100100000040,41,"Debit","Visa","Active","IRCTC","Travel","Chennai","Online",8954.50,"Success"
2113,"2024-04-24 10:26:45",134,"Nitin Sharma",100100000133,134,"Debit","Visa","Active","Dominos","Food","Lucknow","POS",4571.54,"Success"
2114,"2023-11-25 05:05:44",143,"Rohit Mishra",100100000252,253,"Credit","MasterCard","Active","Amazon India","Shopping","Delhi","Contactless",18327.39,"Success"
2115,"2025-09-08 23:35:25",124,"Asha Sinha",100100000214,215,"Debit","Visa","Active","IRCTC","Travel","Kolkata","Contactless",32148.94,"Reversed"
2116,"2025-05-22 09:02:40",100,"Pooja Mishra",100100000099,100,"Debit","Visa","Active","Amazon India","Shopping","Kolkata","Online",30855.49,"Success"
2117,"2024-02-06 15:47:50",149,"Anjali Mishra",100100000270,271,"Credit","MasterCard","Active","Croma","Electronics","Gurugram","Online",24831.55,"Success"
2118,"2022-07-28 19:05:49",163,"Anjali Gupta",100100000212,213,"Debit","Visa","Active","HP Petrol Pump","Fuel","Gurugram","Contactless",24176.41,"Success"
2119,"2022-06-02 17:46:40",46,"Priya Mishra",100100000045,46,"Debit","RuPay","Active","Croma","Electronics","Noida","Online",36465.56,"Success"
2120,"2026-01-07 15:21:26",13,"Nitin Yadav",100100000012,13,"Debit","RuPay","Active","BookMyShow","Entertainment","Lucknow","Online",45597.93,"Success"
2121,"2023-01-09 15:32:41",149,"Anjali Mishra",100100000270,271,"Credit","MasterCard","Active","Lifestyle","Fashion","Ahmedabad","Online",27465.33,"Success"
2122,"2022-02-10 12:54:26",124,"Asha Sinha",100100000123,124,"Debit","RuPay","Active","Croma","Electronics","Mumbai","Contactless",9940.61,"Success"
2123,"2024-07-25 03:38:36",19,"Vikas Yadav",100100000018,19,"Debit","Visa","Active","Big Bazaar","Grocery","Lucknow","Contactless",47451.37,"Success"
2124,"2024-06-10 06:41:15",16,"Amit Verma",100100000015,16,"Debit","RuPay","Active","Big Bazaar","Grocery","Mumbai","POS",932.92,"Success"
2125,"2024-09-10 17:10:29",90,"Sakshi Jain",100100000089,90,"Debit","Visa","Active","BookMyShow","Entertainment","Ahmedabad","Contactless",36320.17,"Reversed"
2126,"2025-05-13 12:25:18",50,"Suresh Chauhan",100100000251,252,"Credit","MasterCard","Active","Reliance Digital","Electronics","Ahmedabad","Online",34920.46,"Success"
2127,"2022-01-11 04:00:28",30,"Vikas Gupta",100100000221,222,"Credit","Visa","Active","Reliance Fresh","Grocery","Kolkata","Online",29370.30,"Failed"
2128,"2026-04-06 20:48:21",176,"Rohit Sharma",100100000175,176,"Debit","RuPay","Active","Lifestyle","Fashion","Bengaluru","Online",2870.19,"Success"
2129,"2025-01-21 00:58:48",18,"Vivek Verma",100100000017,18,"Debit","Visa","Lost","Starbucks","Cafe","Pune","POS",40619.50,"Success"
2130,"2022-04-26 16:31:40",83,"Nitin Verma",100100000082,83,"Debit","RuPay","Active","HP Petrol Pump","Fuel","Pune","Online",25626.46,"Success"
2131,"2024-09-05 13:41:52",50,"Suresh Chauhan",100100000251,252,"Credit","MasterCard","Active","Zomato","Food","Mumbai","Online",5316.49,"Success"
2132,"2024-09-09 11:02:22",11,"Komal Pandey",100100000010,11,"Debit","Visa","Active","Reliance Fresh","Grocery","Kolkata","Contactless",45200.55,"Success"
2133,"2025-12-10 08:16:30",31,"Suresh Verma",100100000030,31,"Debit","Visa","Active","Zomato","Food","Kolkata","Contactless",1270.82,"Success"
2134,"2024-01-07 15:53:55",21,"Anjali Yadav",100100000020,21,"Debit","RuPay","Active","Reliance Fresh","Grocery","Jaipur","Contactless",30564.75,"Success"
2135,"2024-01-26 06:42:44",109,"Kavita Jain",100100000108,109,"Debit","Visa","Active","Apollo Pharmacy","Healthcare","Pune","Contactless",7728.79,"Success"
2136,"2024-06-26 02:38:23",179,"Ritu Mishra",100100000260,261,"Credit","MasterCard","Active","Swiggy","Food","Kolkata","Contactless",33612.28,"Success"
2137,"2023-11-01 16:57:43",143,"Rohit Mishra",100100000277,278,"Credit","Visa","Active","BookMyShow","Entertainment","Chennai","POS",16547.03,"Success"
2138,"2026-05-30 19:58:27",169,"Rahul Pandey",100100000168,169,"Debit","RuPay","Active","Dominos","Food","Noida","POS",42713.10,"Failed"
2139,"2022-02-17 00:42:18",34,"Rahul Sharma",100100000033,34,"Debit","Visa","Active","IRCTC","Travel","Hyderabad","POS",39410.07,"Success"
2140,"2022-12-26 04:43:49",99,"Komal Jain",100100000098,99,"Debit","RuPay","Active","HP Petrol Pump","Fuel","Kolkata","POS",35695.55,"Success"
2141,"2023-01-13 11:54:31",144,"Rahul Mishra",100100000143,144,"Debit","RuPay","Active","Amazon India","Shopping","Mumbai","Online",48804.99,"Success"
2142,"2023-11-10 05:12:52",136,"Priya Sharma",100100000135,136,"Debit","RuPay","Active","Amazon India","Shopping","Lucknow","Online",4997.40,"Success"
2143,"2022-11-11 21:22:43",5,"Amit Reddy",100100000004,5,"Debit","Visa","Active","Lifestyle","Fashion","Delhi","Online",21760.92,"Success"
2144,"2026-03-31 11:09:23",58,"Kavita Sharma",100100000057,58,"Debit","Visa","Active","HP Petrol Pump","Fuel","Lucknow","Online",5223.73,"Success"
2145,"2025-10-18 07:50:07",170,"Manish Verma",100100000271,272,"Credit","Visa","Active","Flipkart","Shopping","Mumbai","Online",8141.89,"Success"
2146,"2025-11-29 12:27:07",127,"Anjali Verma",100100000126,127,"Debit","Visa","Active","BookMyShow","Entertainment","Hyderabad","Online",29448.83,"Success"
2147,"2025-06-11 04:28:08",75,"Neha Chauhan",100100000250,251,"Credit","Visa","Active","Reliance Fresh","Grocery","Lucknow","POS",13023.65,"Success"
2148,"2023-02-11 22:07:25",137,"Priya Pandey",100100000136,137,"Debit","Visa","Active","Indian Oil","Fuel","Gurugram","POS",25713.20,"Success"
2149,"2026-05-02 14:34:33",13,"Nitin Yadav",100100000012,13,"Debit","RuPay","Active","Reliance Digital","Electronics","Bengaluru","Contactless",5136.32,"Success"
2150,"2022-05-29 08:14:31",56,"Vikas Reddy",100100000055,56,"Debit","RuPay","Active","Zomato","Food","Chennai","Online",3603.93,"Success"
2151,"2026-02-13 12:39:22",104,"Harsh Pandey",100100000103,104,"Debit","RuPay","Active","Zomato","Food","Kolkata","POS",15522.10,"Success"
2152,"2025-11-22 23:17:51",179,"Ritu Mishra",100100000260,261,"Credit","MasterCard","Active","BookMyShow","Entertainment","Mumbai","POS",22435.17,"Success"
2153,"2026-01-12 04:44:40",129,"Priya Gupta",100100000128,129,"Debit","Visa","Active","Reliance Digital","Electronics","Jaipur","Online",47466.61,"Success"
2154,"2026-02-08 11:10:12",3,"Amit Kumar",100100000240,241,"Credit","MasterCard","Active","DMart","Grocery","Chennai","Contactless",33326.47,"Success"
2155,"2026-02-03 11:04:35",186,"Neha Gupta",100100000185,186,"Debit","Visa","Active","Swiggy","Food","Lucknow","Contactless",32021.17,"Success"
2156,"2024-12-13 00:42:46",108,"Sakshi Chauhan",100100000107,108,"Debit","RuPay","Active","PVR Cinemas","Entertainment","Kolkata","Contactless",48587.10,"Success"
2157,"2024-12-26 12:21:00",191,"Asha Sharma",100100000248,249,"Credit","Visa","Active","HP Petrol Pump","Fuel","Jaipur","POS",36018.95,"Success"
2158,"2025-04-06 07:54:49",78,"Sneha Verma",100100000077,78,"Debit","RuPay","Lost","Zomato","Food","Chennai","Contactless",30949.18,"Success"
2159,"2023-08-27 11:32:36",94,"Shreya Mishra",100100000264,265,"Credit","MasterCard","Active","HP Petrol Pump","Fuel","Mumbai","Contactless",712.28,"Success"
2160,"2024-06-28 23:03:25",138,"Sakshi Chauhan",100100000247,248,"Credit","MasterCard","Active","Apollo Pharmacy","Healthcare","Mumbai","Online",36820.28,"Success"
2161,"2025-12-14 23:05:21",21,"Anjali Yadav",100100000020,21,"Debit","RuPay","Active","Swiggy","Food","Ahmedabad","Online",44505.76,"Success"
2162,"2025-09-26 09:52:32",48,"Divya Yadav",100100000047,48,"Debit","RuPay","Active","Apollo Pharmacy","Healthcare","Ahmedabad","Contactless",37594.94,"Success"
2163,"2022-01-06 08:22:31",185,"Rahul Kumar",100100000184,185,"Debit","RuPay","Expired","HP Petrol Pump","Fuel","Ahmedabad","Contactless",28599.18,"Success"
2164,"2023-02-11 08:02:06",51,"Rohit Yadav",100100000050,51,"Debit","RuPay","Active","Reliance Digital","Electronics","Ahmedabad","POS",34198.16,"Success"
2165,"2023-07-05 04:55:16",108,"Sakshi Chauhan",100100000107,108,"Debit","RuPay","Active","Reliance Digital","Electronics","Chennai","POS",35026.36,"Failed"
2166,"2023-02-17 21:25:56",102,"Asha Sinha",100100000101,102,"Debit","Visa","Active","Zomato","Food","Delhi","Contactless",40758.36,"Success"
2167,"2025-06-07 12:40:12",77,"Anjali Mishra",100100000237,238,"Credit","Visa","Active","Apollo Pharmacy","Healthcare","Mumbai","POS",20201.06,"Success"
2168,"2024-07-24 18:37:22",30,"Vikas Gupta",100100000029,30,"Debit","Visa","Active","Dominos","Food","Pune","Contactless",38771.83,"Success"
2169,"2026-04-25 16:02:39",120,"Nidhi Agarwal",100100000119,120,"Debit","RuPay","Active","SBI ATM","ATM","Pune","ATM",24508.16,"Success"
2170,"2024-09-17 08:44:13",59,"Nitin Nair",100100000058,59,"Debit","RuPay","Active","Big Bazaar","Grocery","Hyderabad","POS",11614.41,"Success"
2171,"2022-08-03 07:28:36",131,"Divya Yadav",100100000258,259,"Credit","Visa","Active","Croma","Electronics","Hyderabad","Online",28465.48,"Success"
2172,"2026-06-29 13:24:44",173,"Shreya Reddy",100100000172,173,"Debit","Visa","Lost","DMart","Grocery","Jaipur","POS",14517.20,"Success"
2173,"2024-08-18 16:40:41",114,"Harsh Reddy",100100000113,114,"Debit","Visa","Active","Lifestyle","Fashion","Kolkata","POS",39285.54,"Success"
2174,"2026-02-02 04:42:48",82,"Meena Gupta",100100000202,203,"Debit","Visa","Active","Zomato","Food","Lucknow","POS",29843.34,"Success"
2175,"2026-02-22 04:27:01",48,"Divya Yadav",100100000047,48,"Debit","RuPay","Active","Big Bazaar","Grocery","Delhi","Contactless",10012.42,"Success"
2176,"2024-08-27 00:10:03",165,"Riya Kumar",100100000164,165,"Debit","RuPay","Active","IRCTC","Travel","Delhi","Online",31811.86,"Success"
2177,"2023-10-28 03:58:59",95,"Rahul Kumar",100100000094,95,"Debit","Visa","Blocked","DMart","Grocery","Lucknow","Contactless",13980.02,"Success"
2178,"2026-01-12 17:10:04",149,"Anjali Mishra",100100000148,149,"Debit","RuPay","Active","Reliance Digital","Electronics","Mumbai","Online",34650.55,"Success"
2179,"2026-04-01 15:23:13",177,"Riya Verma",100100000176,177,"Debit","RuPay","Blocked","Reliance Digital","Electronics","Kolkata","Online",34103.60,"Success"
2180,"2023-10-14 09:37:13",142,"Rahul Sinha",100100000141,142,"Debit","Visa","Active","PVR Cinemas","Entertainment","Delhi","Contactless",2049.10,"Success"
2181,"2024-02-06 11:25:28",114,"Harsh Reddy",100100000205,206,"Debit","RuPay","Active","Indian Oil","Fuel","Noida","POS",3974.64,"Success"
2182,"2025-12-26 15:49:15",166,"Riya Singh",100100000165,166,"Debit","RuPay","Active","PVR Cinemas","Entertainment","Mumbai","Online",22675.30,"Success"
2183,"2023-05-03 13:35:28",200,"Harsh Mishra",100100000225,226,"Credit","Visa","Active","Apollo Pharmacy","Healthcare","Delhi","Contactless",45082.12,"Success"
2184,"2025-10-14 08:35:59",48,"Divya Yadav",100100000047,48,"Debit","RuPay","Active","PVR Cinemas","Entertainment","Gurugram","Contactless",34020.11,"Success"
2185,"2022-12-17 17:31:35",46,"Priya Mishra",100100000045,46,"Debit","RuPay","Active","Big Bazaar","Grocery","Noida","Contactless",322.27,"Success"
2186,"2022-08-15 04:51:15",164,"Shreya Sinha",100100000163,164,"Debit","Visa","Active","Swiggy","Food","Noida","POS",42228.51,"Success"
2187,"2023-08-31 19:16:52",94,"Shreya Mishra",100100000264,265,"Credit","MasterCard","Active","Myntra","Fashion","Mumbai","Contactless",13506.19,"Success"
2188,"2023-12-03 17:38:17",88,"Arjun Kumar",100100000273,274,"Credit","MasterCard","Active","Indian Oil","Fuel","Ahmedabad","Contactless",40246.36,"Failed"
2189,"2022-09-11 11:54:05",107,"Nitin Chauhan",100100000209,210,"Debit","Visa","Active","IRCTC","Travel","Mumbai","Contactless",2150.52,"Success"
2190,"2024-09-20 01:09:40",82,"Meena Gupta",100100000202,203,"Debit","Visa","Active","DMart","Grocery","Mumbai","POS",5593.82,"Reversed"
2191,"2025-11-21 10:28:53",4,"Ankit Chauhan",100100000003,4,"Debit","Visa","Active","Big Bazaar","Grocery","Pune","POS",38103.12,"Success"
2192,"2024-07-23 17:59:39",133,"Priya Patel",100100000132,133,"Debit","RuPay","Active","Reliance Fresh","Grocery","Jaipur","Online",13952.22,"Success"
2193,"2022-03-22 21:43:15",174,"Meena Verma",100100000173,174,"Debit","RuPay","Active","Zomato","Food","Gurugram","Contactless",4675.86,"Success"
2194,"2022-07-01 02:21:15",1,"Vivek Yadav",100100000000,1,"Debit","Visa","Active","BookMyShow","Entertainment","Jaipur","Online",47489.95,"Success"
2195,"2025-08-13 06:25:40",138,"Sakshi Chauhan",100100000137,138,"Debit","RuPay","Active","Myntra","Fashion","Lucknow","Contactless",4597.21,"Success"
2196,"2023-12-18 03:46:55",195,"Amit Agarwal",100100000194,195,"Debit","RuPay","Blocked","Flipkart","Shopping","Lucknow","Online",23662.66,"Success"
2197,"2024-06-18 21:57:58",90,"Sakshi Jain",100100000089,90,"Debit","Visa","Active","Reliance Digital","Electronics","Chennai","Online",26254.51,"Success"
2198,"2024-04-04 19:11:20",143,"Rohit Mishra",100100000252,253,"Credit","MasterCard","Active","Dominos","Food","Gurugram","Online",33945.30,"Success"
2199,"2025-12-24 03:35:28",160,"Arjun Chauhan",100100000159,160,"Debit","Visa","Active","Flipkart","Shopping","Jaipur","Contactless",15803.53,"Success"
2200,"2022-01-18 17:52:41",23,"Asha Agarwal",100100000022,23,"Debit","Visa","Blocked","Big Bazaar","Grocery","Noida","POS",16074.82,"Success"
2201,"2025-12-26 10:18:25",32,"Ankit Reddy",100100000031,32,"Debit","Visa","Active","Amazon India","Shopping","Bengaluru","Contactless",4816.68,"Success"
2202,"2022-02-02 07:04:00",77,"Anjali Mishra",100100000237,238,"Credit","Visa","Active","Big Bazaar","Grocery","Kolkata","POS",25525.24,"Success"
2203,"2025-01-21 20:15:51",68,"Vikas Patel",100100000067,68,"Debit","Visa","Active","Swiggy","Food","Lucknow","Contactless",25953.75,"Success"
2204,"2025-05-17 14:42:32",73,"Karan Yadav",100100000072,73,"Debit","Visa","Active","Apollo Pharmacy","Healthcare","Ahmedabad","Contactless",37091.40,"Success"
2205,"2025-06-12 21:53:43",5,"Amit Reddy",100100000004,5,"Debit","Visa","Active","Flipkart","Shopping","Ahmedabad","Contactless",37571.53,"Success"
2206,"2024-09-08 21:58:48",51,"Rohit Yadav",100100000262,263,"Credit","MasterCard","Active","Croma","Electronics","Bengaluru","Contactless",27025.01,"Success"
2207,"2024-07-11 08:06:49",165,"Riya Kumar",100100000164,165,"Debit","RuPay","Active","Swiggy","Food","Noida","POS",33698.35,"Success"
2208,"2024-07-19 00:54:38",109,"Kavita Jain",100100000108,109,"Debit","Visa","Active","Swiggy","Food","Jaipur","Online",8563.18,"Success"
2209,"2023-01-15 01:41:14",60,"Rahul Sinha",100100000059,60,"Debit","Visa","Active","SBI ATM","ATM","Gurugram","ATM",4668.54,"Success"
2210,"2024-11-05 14:34:44",50,"Suresh Chauhan",100100000251,252,"Credit","MasterCard","Active","Apollo Pharmacy","Healthcare","Ahmedabad","Contactless",46707.44,"Success"
2211,"2025-09-22 00:25:53",60,"Rahul Sinha",100100000059,60,"Debit","Visa","Active","BookMyShow","Entertainment","Pune","Contactless",19375.85,"Success"
2212,"2022-01-20 13:18:52",71,"Sakshi Reddy",100100000070,71,"Debit","Visa","Active","HP Petrol Pump","Fuel","Kolkata","POS",34422.89,"Success"
2213,"2022-05-02 04:02:44",116,"Riya Sinha",100100000201,202,"Debit","RuPay","Expired","Dominos","Food","Jaipur","POS",1516.86,"Success"
2214,"2023-02-23 04:20:56",112,"Mohit Mishra",100100000111,112,"Debit","Visa","Active","Croma","Electronics","Mumbai","Contactless",12079.46,"Success"
2215,"2024-09-27 00:45:07",195,"Amit Agarwal",100100000194,195,"Debit","RuPay","Blocked","Myntra","Fashion","Delhi","Online",35441.64,"Success"
2216,"2025-03-16 16:18:53",23,"Asha Agarwal",100100000022,23,"Debit","Visa","Blocked","Apollo Pharmacy","Healthcare","Lucknow","Online",27927.80,"Success"
2217,"2024-06-05 13:20:24",71,"Sakshi Reddy",100100000070,71,"Debit","Visa","Active","HP Petrol Pump","Fuel","Mumbai","Contactless",18937.20,"Success"
2218,"2023-12-24 23:57:31",55,"Vikas Kumar",100100000261,262,"Credit","Visa","Active","Reliance Digital","Electronics","Ahmedabad","POS",29634.23,"Success"
2219,"2023-04-01 07:59:42",140,"Arjun Sinha",100100000139,140,"Debit","Visa","Active","Croma","Electronics","Pune","Contactless",15217.99,"Success"
2220,"2024-12-14 04:12:34",75,"Neha Chauhan",100100000250,251,"Credit","Visa","Active","Big Bazaar","Grocery","Ahmedabad","Contactless",33523.74,"Success"
2221,"2026-07-07 14:37:17",75,"Neha Chauhan",100100000074,75,"Debit","RuPay","Active","Croma","Electronics","Bengaluru","Contactless",26900.21,"Success"
2222,"2024-10-10 23:44:47",103,"Vikas Nair",100100000102,103,"Debit","Visa","Active","DMart","Grocery","Mumbai","Contactless",45825.65,"Success"
2223,"2024-03-24 00:45:57",181,"Arjun Singh",100100000180,181,"Debit","RuPay","Active","DMart","Grocery","Jaipur","POS",17884.64,"Success"
2224,"2025-01-14 09:07:11",142,"Rahul Sinha",100100000141,142,"Debit","Visa","Active","BookMyShow","Entertainment","Jaipur","Online",37589.81,"Success"
2225,"2023-04-25 00:47:51",195,"Amit Agarwal",100100000194,195,"Debit","RuPay","Blocked","Starbucks","Cafe","Ahmedabad","Online",3619.94,"Failed"
2226,"2023-10-27 14:33:42",160,"Arjun Chauhan",100100000159,160,"Debit","Visa","Active","Starbucks","Cafe","Noida","Contactless",28550.33,"Success"
2227,"2023-12-06 14:36:01",78,"Sneha Verma",100100000077,78,"Debit","RuPay","Lost","Starbucks","Cafe","Delhi","Contactless",2171.69,"Success"
2228,"2025-05-22 09:36:52",181,"Arjun Singh",100100000180,181,"Debit","RuPay","Active","Flipkart","Shopping","Lucknow","Contactless",34521.75,"Success"
2229,"2022-09-27 05:30:03",51,"Rohit Yadav",100100000206,207,"Debit","RuPay","Active","IRCTC","Travel","Delhi","POS",18695.07,"Success"
2230,"2024-05-16 21:44:16",91,"Amit Chauhan",100100000090,91,"Debit","RuPay","Active","Indian Oil","Fuel","Noida","Contactless",15628.33,"Success"
2231,"2023-11-02 09:19:58",196,"Manish Chauhan",100100000236,237,"Credit","Visa","Active","Dominos","Food","Chennai","POS",10353.05,"Success"
2232,"2025-04-04 03:41:54",115,"Nidhi Agarwal",100100000233,234,"Credit","Visa","Active","Apollo Pharmacy","Healthcare","Hyderabad","POS",29165.33,"Failed"
2233,"2024-01-18 00:23:06",119,"Meena Yadav",100100000118,119,"Debit","Visa","Active","Amazon India","Shopping","Noida","Online",7039.81,"Success"
2234,"2024-03-02 12:13:21",191,"Asha Sharma",100100000265,266,"Credit","Visa","Active","PVR Cinemas","Entertainment","Ahmedabad","Contactless",23835.78,"Success"
2235,"2022-05-27 15:24:09",95,"Rahul Kumar",100100000094,95,"Debit","Visa","Blocked","Dominos","Food","Hyderabad","POS",39687.23,"Failed"
2236,"2025-07-27 13:00:08",47,"Priya Sharma",100100000046,47,"Debit","Visa","Active","Flipkart","Shopping","Mumbai","POS",18484.99,"Success"
2237,"2022-11-22 22:47:36",61,"Sakshi Pandey",100100000224,225,"Credit","MasterCard","Active","Starbucks","Cafe","Bengaluru","Contactless",38721.73,"Success"
2238,"2026-04-25 11:39:22",121,"Manish Agarwal",100100000120,121,"Debit","Visa","Active","Amazon India","Shopping","Kolkata","POS",14668.65,"Success"
2239,"2024-05-22 15:20:16",185,"Rahul Kumar",100100000207,208,"Debit","RuPay","Active","Myntra","Fashion","Bengaluru","Contactless",31026.19,"Success"
2240,"2024-09-01 12:06:34",33,"Deepak Jain",100100000210,211,"Debit","RuPay","Active","IRCTC","Travel","Pune","Contactless",4839.36,"Success"
2241,"2026-04-02 17:35:41",193,"Vikas Verma",100100000192,193,"Debit","RuPay","Active","Lifestyle","Fashion","Delhi","POS",40759.70,"Success"
2242,"2024-11-11 23:13:44",1,"Vivek Yadav",100100000000,1,"Debit","Visa","Active","Reliance Fresh","Grocery","Pune","POS",9675.12,"Success"
2243,"2024-08-01 20:39:53",110,"Rajesh Gupta",100100000109,110,"Debit","Visa","Active","Dominos","Food","Kolkata","Contactless",19234.75,"Success"
2244,"2023-11-01 19:07:13",112,"Mohit Mishra",100100000111,112,"Debit","Visa","Active","IRCTC","Travel","Noida","Contactless",2389.90,"Success"
2245,"2023-12-10 12:35:28",135,"Shreya Chauhan",100100000134,135,"Debit","Visa","Active","IRCTC","Travel","Pune","POS",28969.38,"Success"
2246,"2023-11-07 05:38:31",98,"Suresh Sharma",100100000097,98,"Debit","RuPay","Active","Croma","Electronics","Pune","Contactless",9971.48,"Success"
2247,"2024-06-20 20:08:12",96,"Manish Yadav",100100000095,96,"Debit","Visa","Active","PVR Cinemas","Entertainment","Lucknow","Contactless",15285.96,"Success"
2248,"2024-09-10 09:59:13",45,"Vikas Patel",100100000044,45,"Debit","RuPay","Active","Starbucks","Cafe","Pune","POS",20498.42,"Success"
2249,"2022-03-18 02:54:24",84,"Karan Patel",100100000083,84,"Debit","Visa","Active","IRCTC","Travel","Mumbai","Online",30451.40,"Success"
2250,"2024-01-11 08:14:47",3,"Amit Kumar",100100000002,3,"Debit","RuPay","Active","HP Petrol Pump","Fuel","Bengaluru","Contactless",19070.07,"Success"
2251,"2024-09-03 13:25:01",57,"Divya Chauhan",100100000056,57,"Debit","Visa","Active","BookMyShow","Entertainment","Bengaluru","Online",7203.29,"Success"
2252,"2022-11-19 05:05:32",77,"Anjali Mishra",100100000243,244,"Credit","Visa","Active","Big Bazaar","Grocery","Noida","Contactless",26467.46,"Success"
2253,"2023-11-20 12:53:26",133,"Priya Patel",100100000132,133,"Debit","RuPay","Active","Flipkart","Shopping","Delhi","Online",8801.41,"Success"
2254,"2024-09-17 19:49:57",5,"Amit Reddy",100100000234,235,"Credit","MasterCard","Active","Croma","Electronics","Gurugram","POS",38764.14,"Success"
2255,"2022-05-28 05:54:31",191,"Asha Sharma",100100000190,191,"Debit","RuPay","Active","Zomato","Food","Kolkata","Online",22839.36,"Success"
2256,"2022-06-15 23:50:34",113,"Manish Yadav",100100000238,239,"Credit","MasterCard","Active","Amazon India","Shopping","Lucknow","POS",18508.93,"Success"
2257,"2023-02-06 14:58:42",193,"Vikas Verma",100100000192,193,"Debit","RuPay","Active","SBI ATM","ATM","Hyderabad","ATM",35215.39,"Success"
2258,"2022-05-22 01:04:42",183,"Neha Nair",100100000182,183,"Debit","RuPay","Active","Indian Oil","Fuel","Jaipur","POS",24468.64,"Success"
2259,"2025-10-27 23:18:58",135,"Shreya Chauhan",100100000134,135,"Debit","Visa","Active","Starbucks","Cafe","Kolkata","Online",8405.78,"Success"
2260,"2025-09-26 07:51:29",157,"Meena Mishra",100100000156,157,"Debit","RuPay","Active","Reliance Fresh","Grocery","Pune","POS",18092.56,"Success"
2261,"2023-07-26 12:39:55",132,"Karan Chauhan",100100000131,132,"Debit","RuPay","Active","Reliance Digital","Electronics","Bengaluru","Online",18166.61,"Success"
2262,"2023-07-20 12:42:25",86,"Komal Verma",100100000085,86,"Debit","Visa","Active","Big Bazaar","Grocery","Ahmedabad","Online",43803.03,"Success"
2263,"2026-06-10 18:26:36",146,"Manish Agarwal",100100000231,232,"Credit","MasterCard","Active","DMart","Grocery","Lucknow","Online",6000.66,"Success"
2264,"2024-01-25 22:54:41",125,"Vivek Kumar",100100000124,125,"Debit","RuPay","Active","IRCTC","Travel","Delhi","Contactless",28635.94,"Success"
2265,"2022-03-01 16:28:45",1,"Vivek Yadav",100100000000,1,"Debit","Visa","Active","HP Petrol Pump","Fuel","Kolkata","POS",27001.06,"Success"
2266,"2025-06-02 12:37:15",33,"Deepak Jain",100100000032,33,"Debit","RuPay","Active","IRCTC","Travel","Pune","POS",16061.34,"Success"
2267,"2022-01-30 11:07:44",174,"Meena Verma",100100000173,174,"Debit","RuPay","Active","Myntra","Fashion","Chennai","Online",46545.26,"Failed"
2268,"2023-01-23 13:10:48",105,"Mohit Agarwal",100100000104,105,"Debit","Visa","Active","DMart","Grocery","Mumbai","Contactless",564.97,"Success"
2269,"2024-01-05 04:04:00",134,"Nitin Sharma",100100000133,134,"Debit","Visa","Active","Apollo Pharmacy","Healthcare","Kolkata","Contactless",7425.69,"Failed"
2270,"2025-04-23 15:25:41",86,"Komal Verma",100100000085,86,"Debit","Visa","Active","Starbucks","Cafe","Chennai","Contactless",19830.19,"Success"
2271,"2023-10-04 05:35:19",62,"Ritu Yadav",100100000061,62,"Debit","Visa","Active","Amazon India","Shopping","Jaipur","POS",10510.20,"Success"
2272,"2022-07-04 21:00:20",175,"Pooja Jain",100100000174,175,"Debit","RuPay","Active","Big Bazaar","Grocery","Lucknow","Online",9538.44,"Success"
2273,"2022-09-04 04:33:25",1,"Vivek Yadav",100100000000,1,"Debit","Visa","Active","Lifestyle","Fashion","Bengaluru","Contactless",32070.12,"Success"
2274,"2024-01-07 09:52:29",159,"Kavita Singh",100100000158,159,"Debit","Visa","Active","Starbucks","Cafe","Noida","Contactless",28037.38,"Success"
2275,"2025-04-10 11:06:27",177,"Riya Verma",100100000176,177,"Debit","RuPay","Blocked","Reliance Digital","Electronics","Ahmedabad","POS",32079.78,"Success"
2276,"2024-06-09 18:56:19",178,"Arjun Kumar",100100000177,178,"Debit","Visa","Active","PVR Cinemas","Entertainment","Hyderabad","Contactless",14972.30,"Success"
2277,"2025-07-01 03:33:08",183,"Neha Nair",100100000244,245,"Credit","MasterCard","Active","BookMyShow","Entertainment","Bengaluru","POS",29143.02,"Success"
2278,"2022-09-05 00:26:57",75,"Neha Chauhan",100100000074,75,"Debit","RuPay","Active","Starbucks","Cafe","Chennai","Online",16692.67,"Success"
2279,"2026-04-23 00:17:06",134,"Nitin Sharma",100100000133,134,"Debit","Visa","Active","Reliance Fresh","Grocery","Ahmedabad","POS",14190.60,"Success"
2280,"2025-06-10 02:30:10",115,"Nidhi Agarwal",100100000114,115,"Debit","RuPay","Lost","Croma","Electronics","Lucknow","Contactless",24622.67,"Success"
2281,"2022-04-19 22:52:23",78,"Sneha Verma",100100000077,78,"Debit","RuPay","Lost","Croma","Electronics","Delhi","Online",40678.36,"Success"
2282,"2025-03-12 23:10:28",136,"Priya Sharma",100100000256,257,"Credit","MasterCard","Active","Starbucks","Cafe","Hyderabad","Online",7548.83,"Success"
2283,"2023-11-25 13:48:51",80,"Arjun Patel",100100000079,80,"Debit","Visa","Active","Indian Oil","Fuel","Delhi","Contactless",41244.20,"Success"
2284,"2025-03-06 17:24:50",41,"Vivek Patel",100100000040,41,"Debit","Visa","Active","Flipkart","Shopping","Lucknow","POS",43667.20,"Success"
2285,"2022-11-19 18:16:10",95,"Rahul Kumar",100100000241,242,"Credit","Visa","Expired","DMart","Grocery","Bengaluru","POS",29715.86,"Success"
2286,"2023-11-04 11:11:24",185,"Rahul Kumar",100100000207,208,"Debit","RuPay","Active","Indian Oil","Fuel","Chennai","POS",40245.38,"Failed"
2287,"2025-08-17 00:44:59",144,"Rahul Mishra",100100000143,144,"Debit","RuPay","Active","Reliance Digital","Electronics","Noida","POS",6299.43,"Success"
2288,"2023-07-27 08:30:56",166,"Riya Singh",100100000165,166,"Debit","RuPay","Active","Croma","Electronics","Hyderabad","POS",6892.33,"Success"
2289,"2022-02-28 18:37:13",60,"Rahul Sinha",100100000059,60,"Debit","Visa","Active","SBI ATM","ATM","Hyderabad","ATM",1628.24,"Success"
2290,"2024-10-20 00:24:59",136,"Priya Sharma",100100000256,257,"Credit","MasterCard","Active","Myntra","Fashion","Ahmedabad","POS",19970.22,"Success"
2291,"2026-02-18 17:39:37",143,"Rohit Mishra",100100000277,278,"Credit","Visa","Active","Zomato","Food","Pune","Online",44246.92,"Success"
2292,"2022-04-20 09:26:05",110,"Rajesh Gupta",100100000109,110,"Debit","Visa","Active","Amazon India","Shopping","Kolkata","POS",37583.76,"Success"
2293,"2026-05-18 05:12:55",37,"Neha Pandey",100100000036,37,"Debit","RuPay","Active","Swiggy","Food","Ahmedabad","Contactless",45319.03,"Failed"
2294,"2022-10-27 04:39:30",10,"Divya Patel",100100000009,10,"Debit","RuPay","Active","HP Petrol Pump","Fuel","Jaipur","POS",27058.15,"Success"
2295,"2023-09-24 07:30:30",182,"Komal Gupta",100100000181,182,"Debit","RuPay","Active","Reliance Fresh","Grocery","Hyderabad","Online",21315.13,"Success"
2296,"2023-07-24 21:43:35",128,"Riya Mishra",100100000127,128,"Debit","RuPay","Active","BookMyShow","Entertainment","Mumbai","Online",32553.37,"Success"
2297,"2023-08-28 01:47:59",50,"Suresh Chauhan",100100000251,252,"Credit","MasterCard","Active","Flipkart","Shopping","Gurugram","Online",31640.50,"Success"
2298,"2025-03-27 09:57:12",42,"Pooja Gupta",100100000041,42,"Debit","RuPay","Active","Swiggy","Food","Noida","Contactless",10838.44,"Success"
2299,"2023-01-11 11:37:07",50,"Suresh Chauhan",100100000049,50,"Debit","Visa","Lost","Swiggy","Food","Jaipur","Online",4704.10,"Success"
2300,"2026-03-20 13:31:48",68,"Vikas Patel",100100000067,68,"Debit","Visa","Active","Big Bazaar","Grocery","Delhi","Contactless",12893.22,"Success"
2301,"2022-09-27 10:35:14",23,"Asha Agarwal",100100000022,23,"Debit","Visa","Blocked","Reliance Digital","Electronics","Gurugram","POS",49916.67,"Success"
2302,"2023-11-29 10:36:12",156,"Shreya Yadav",100100000272,273,"Credit","Visa","Active","Reliance Fresh","Grocery","Lucknow","Contactless",38088.70,"Success"
2303,"2024-01-19 21:39:34",178,"Arjun Kumar",100100000208,209,"Debit","RuPay","Active","Starbucks","Cafe","Jaipur","Online",39569.89,"Success"
2304,"2023-04-21 03:05:15",185,"Rahul Kumar",100100000184,185,"Debit","RuPay","Expired","Starbucks","Cafe","Delhi","Contactless",25038.60,"Success"
2305,"2023-08-26 20:21:34",113,"Manish Yadav",100100000238,239,"Credit","MasterCard","Active","Croma","Electronics","Kolkata","POS",15908.84,"Success"
2306,"2024-09-03 21:02:14",145,"Nidhi Nair",100100000144,145,"Debit","Visa","Active","Reliance Digital","Electronics","Hyderabad","POS",34042.09,"Failed"
2307,"2026-02-22 17:18:24",21,"Anjali Yadav",100100000020,21,"Debit","RuPay","Active","Myntra","Fashion","Kolkata","Online",11911.52,"Success"
2308,"2022-01-27 23:15:49",125,"Vivek Kumar",100100000124,125,"Debit","RuPay","Active","Zomato","Food","Noida","POS",471.62,"Success"
2309,"2023-07-27 14:05:07",181,"Arjun Singh",100100000180,181,"Debit","RuPay","Active","Myntra","Fashion","Gurugram","POS",42691.66,"Success"
2310,"2022-01-20 09:55:03",178,"Arjun Kumar",100100000208,209,"Debit","RuPay","Active","DMart","Grocery","Delhi","POS",7710.74,"Success"
2311,"2025-07-11 14:50:41",159,"Kavita Singh",100100000158,159,"Debit","Visa","Active","Dominos","Food","Chennai","Contactless",24775.19,"Success"
2312,"2025-07-08 09:57:36",51,"Rohit Yadav",100100000262,263,"Credit","MasterCard","Active","Lifestyle","Fashion","Kolkata","Contactless",8742.35,"Success"
2313,"2024-08-28 20:26:24",124,"Asha Sinha",100100000214,215,"Debit","Visa","Active","Indian Oil","Fuel","Ahmedabad","Online",12385.84,"Success"
2314,"2022-08-19 07:12:41",172,"Komal Patel",100100000171,172,"Debit","Visa","Active","Swiggy","Food","Bengaluru","Online",14024.92,"Success"
2315,"2022-06-06 13:54:35",105,"Mohit Agarwal",100100000104,105,"Debit","Visa","Active","Lifestyle","Fashion","Gurugram","POS",49628.36,"Reversed"
2316,"2023-04-07 09:38:24",130,"Pooja Pandey",100100000129,130,"Debit","RuPay","Active","Amazon India","Shopping","Gurugram","Online",9232.55,"Success"
2317,"2022-06-23 16:41:30",179,"Ritu Mishra",100100000178,179,"Debit","Visa","Active","IRCTC","Travel","Hyderabad","Online",35813.23,"Success"
2318,"2026-04-26 05:17:15",47,"Priya Sharma",100100000259,260,"Credit","MasterCard","Expired","Swiggy","Food","Ahmedabad","Online",21886.20,"Success"
2319,"2026-05-12 23:08:14",170,"Manish Verma",100100000271,272,"Credit","Visa","Active","Indian Oil","Fuel","Chennai","Online",9826.98,"Success"
2320,"2025-02-02 02:30:41",21,"Anjali Yadav",100100000020,21,"Debit","RuPay","Active","Myntra","Fashion","Pune","Online",45637.31,"Success"
2321,"2025-05-12 15:31:01",33,"Deepak Jain",100100000210,211,"Debit","RuPay","Active","Big Bazaar","Grocery","Delhi","POS",8103.14,"Success"
2322,"2022-11-01 08:24:52",46,"Priya Mishra",100100000045,46,"Debit","RuPay","Active","Reliance Digital","Electronics","Pune","Online",31076.10,"Success"
2323,"2022-06-26 07:46:31",149,"Anjali Mishra",100100000270,271,"Credit","MasterCard","Active","Indian Oil","Fuel","Delhi","Online",36049.44,"Success"
2324,"2025-11-01 10:11:35",143,"Rohit Mishra",100100000252,253,"Credit","MasterCard","Active","PVR Cinemas","Entertainment","Hyderabad","POS",28984.18,"Success"
2325,"2025-01-30 16:00:52",66,"Harsh Sinha",100100000065,66,"Debit","Visa","Active","Starbucks","Cafe","Jaipur","Contactless",8613.17,"Success"
2326,"2025-08-28 04:36:46",173,"Shreya Reddy",100100000172,173,"Debit","Visa","Lost","Dominos","Food","Pune","Contactless",17447.75,"Success"
2327,"2024-11-30 16:21:44",118,"Sneha Singh",100100000117,118,"Debit","RuPay","Active","Flipkart","Shopping","Gurugram","Contactless",43977.41,"Success"
2328,"2025-08-12 03:10:27",35,"Ankit Gupta",100100000034,35,"Debit","Visa","Active","BookMyShow","Entertainment","Hyderabad","Online",12438.99,"Success"
2329,"2025-12-10 09:30:03",108,"Sakshi Chauhan",100100000107,108,"Debit","RuPay","Active","Croma","Electronics","Lucknow","Contactless",5674.13,"Success"
2330,"2025-03-23 04:17:09",116,"Riya Sinha",100100000115,116,"Debit","RuPay","Active","Apollo Pharmacy","Healthcare","Mumbai","Contactless",22576.84,"Failed"
2331,"2025-08-14 23:49:22",33,"Deepak Jain",100100000210,211,"Debit","RuPay","Active","DMart","Grocery","Mumbai","Contactless",38703.67,"Success"
2332,"2022-08-05 11:25:04",188,"Nitin Jain",100100000187,188,"Debit","Visa","Active","Reliance Digital","Electronics","Ahmedabad","Contactless",47389.58,"Success"
2333,"2023-11-05 07:59:49",178,"Arjun Kumar",100100000227,228,"Credit","Visa","Active","Croma","Electronics","Pune","Contactless",22571.71,"Success"
2334,"2024-01-30 01:01:01",143,"Rohit Mishra",100100000142,143,"Debit","Visa","Active","PVR Cinemas","Entertainment","Kolkata","Contactless",24608.25,"Success"
2335,"2025-03-01 06:22:46",110,"Rajesh Gupta",100100000109,110,"Debit","Visa","Active","HP Petrol Pump","Fuel","Ahmedabad","POS",30200.56,"Success"
2336,"2022-07-21 13:45:48",18,"Vivek Verma",100100000239,240,"Credit","Visa","Active","DMart","Grocery","Bengaluru","POS",607.25,"Success"
2337,"2022-11-13 11:44:13",5,"Amit Reddy",100100000004,5,"Debit","Visa","Active","DMart","Grocery","Ahmedabad","POS",42884.70,"Success"
2338,"2026-05-30 02:07:42",194,"Harsh Agarwal",100100000193,194,"Debit","RuPay","Active","Reliance Digital","Electronics","Pune","POS",40973.25,"Success"
2339,"2022-02-16 16:51:19",54,"Meena Singh",100100000269,270,"Credit","MasterCard","Active","Reliance Digital","Electronics","Ahmedabad","Online",5738.61,"Success"
2340,"2023-06-23 17:21:31",112,"Mohit Mishra",100100000111,112,"Debit","Visa","Active","PVR Cinemas","Entertainment","Chennai","POS",46637.99,"Success"
2341,"2022-10-01 17:37:10",68,"Vikas Patel",100100000067,68,"Debit","Visa","Active","Indian Oil","Fuel","Kolkata","Online",33641.11,"Success"
2342,"2026-01-15 05:47:48",186,"Neha Gupta",100100000185,186,"Debit","Visa","Active","PVR Cinemas","Entertainment","Jaipur","Online",20738.89,"Success"
2343,"2023-09-15 22:55:26",191,"Asha Sharma",100100000248,249,"Credit","Visa","Active","Apollo Pharmacy","Healthcare","Jaipur","Online",24386.64,"Success"
2344,"2026-01-13 19:09:28",110,"Rajesh Gupta",100100000109,110,"Debit","Visa","Active","Reliance Digital","Electronics","Lucknow","Contactless",39422.27,"Success"
2345,"2023-05-04 13:18:35",200,"Harsh Mishra",100100000199,200,"Debit","RuPay","Active","BookMyShow","Entertainment","Mumbai","POS",46174.26,"Success"
2346,"2022-05-10 16:43:35",111,"Shreya Singh",100100000204,205,"Debit","RuPay","Active","SBI ATM","ATM","Noida","ATM",13657.27,"Success"
2347,"2025-07-22 22:15:53",32,"Ankit Reddy",100100000031,32,"Debit","Visa","Active","Starbucks","Cafe","Gurugram","Online",40149.69,"Success"
2348,"2023-06-18 11:55:03",72,"Anjali Singh",100100000217,218,"Debit","Visa","Active","Reliance Digital","Electronics","Bengaluru","Contactless",44660.09,"Success"
2349,"2022-08-13 20:23:37",149,"Anjali Mishra",100100000270,271,"Credit","MasterCard","Active","Starbucks","Cafe","Mumbai","Contactless",19654.50,"Success"
2350,"2025-10-14 20:22:30",44,"Meena Reddy",100100000043,44,"Debit","Visa","Active","Lifestyle","Fashion","Bengaluru","Contactless",1710.55,"Success"
2351,"2025-05-31 16:28:20",200,"Harsh Mishra",100100000199,200,"Debit","RuPay","Active","Flipkart","Shopping","Ahmedabad","Contactless",21970.23,"Success"
2352,"2024-02-07 17:21:34",55,"Vikas Kumar",100100000054,55,"Debit","Visa","Active","BookMyShow","Entertainment","Mumbai","Online",39946.84,"Success"
2353,"2025-07-08 11:18:49",70,"Asha Reddy",100100000069,70,"Debit","Visa","Active","DMart","Grocery","Bengaluru","POS",23520.80,"Success"
2354,"2024-04-07 18:04:45",51,"Rohit Yadav",100100000206,207,"Debit","RuPay","Active","PVR Cinemas","Entertainment","Gurugram","Online",3114.41,"Success"
2355,"2024-12-17 02:53:04",37,"Neha Pandey",100100000036,37,"Debit","RuPay","Active","DMart","Grocery","Kolkata","POS",40629.74,"Reversed"
2356,"2022-03-12 21:33:28",11,"Komal Pandey",100100000010,11,"Debit","Visa","Active","Flipkart","Shopping","Hyderabad","POS",28599.61,"Success"
2357,"2025-09-30 11:55:10",42,"Pooja Gupta",100100000267,268,"Credit","Visa","Active","Myntra","Fashion","Gurugram","Contactless",23314.06,"Success"
2358,"2025-07-21 00:20:21",36,"Sakshi Agarwal",100100000035,36,"Debit","Visa","Active","Swiggy","Food","Noida","Online",23286.54,"Success"
2359,"2025-09-18 10:00:06",77,"Anjali Mishra",100100000076,77,"Debit","Visa","Active","IRCTC","Travel","Pune","POS",42967.02,"Success"
2360,"2024-04-23 23:52:48",14,"Sneha Nair",100100000013,14,"Debit","RuPay","Active","Starbucks","Cafe","Kolkata","Online",48978.32,"Success"
2361,"2023-07-09 11:31:40",111,"Shreya Singh",100100000220,221,"Credit","Visa","Active","Lifestyle","Fashion","Delhi","POS",30252.24,"Success"
2362,"2024-02-11 21:39:20",178,"Arjun Kumar",100100000208,209,"Debit","RuPay","Active","SBI ATM","ATM","Mumbai","ATM",45965.29,"Success"
2363,"2025-02-24 03:46:46",50,"Suresh Chauhan",100100000218,219,"Debit","Visa","Active","Big Bazaar","Grocery","Hyderabad","Contactless",30502.37,"Success"
2364,"2023-11-03 23:11:30",79,"Vikas Agarwal",100100000078,79,"Debit","Visa","Active","Indian Oil","Fuel","Bengaluru","POS",6656.01,"Success"
2365,"2026-06-17 13:09:14",136,"Priya Sharma",100100000256,257,"Credit","MasterCard","Active","Zomato","Food","Noida","Contactless",38652.85,"Failed"
2366,"2022-12-27 12:13:02",130,"Pooja Pandey",100100000129,130,"Debit","RuPay","Active","Reliance Digital","Electronics","Jaipur","Contactless",6784.85,"Success"
2367,"2026-04-19 23:58:50",100,"Pooja Mishra",100100000099,100,"Debit","Visa","Active","Starbucks","Cafe","Lucknow","POS",36026.19,"Success"
2368,"2023-03-01 11:58:11",183,"Neha Nair",100100000182,183,"Debit","RuPay","Active","Lifestyle","Fashion","Jaipur","Contactless",8344.80,"Failed"
2369,"2023-01-27 04:58:14",191,"Asha Sharma",100100000248,249,"Credit","Visa","Active","BookMyShow","Entertainment","Gurugram","POS",43835.71,"Success"
2370,"2026-02-13 17:17:07",106,"Arjun Nair",100100000105,106,"Debit","RuPay","Active","Croma","Electronics","Hyderabad","POS",48396.09,"Failed"
2371,"2026-05-21 09:12:49",195,"Amit Agarwal",100100000194,195,"Debit","RuPay","Blocked","Starbucks","Cafe","Hyderabad","Contactless",2780.02,"Success"
2372,"2025-09-27 00:39:25",134,"Nitin Sharma",100100000133,134,"Debit","Visa","Active","Dominos","Food","Lucknow","Contactless",47585.41,"Success"
2373,"2023-11-26 11:57:54",93,"Arjun Sinha",100100000092,93,"Debit","RuPay","Blocked","Apollo Pharmacy","Healthcare","Ahmedabad","Contactless",19549.12,"Success"
2374,"2024-11-24 23:21:38",180,"Divya Mishra",100100000179,180,"Debit","RuPay","Active","Reliance Digital","Electronics","Mumbai","Online",40908.61,"Success"
2375,"2026-04-23 19:32:45",20,"Karan Sinha",100100000019,20,"Debit","Visa","Blocked","PVR Cinemas","Entertainment","Chennai","Contactless",37396.25,"Success"
2376,"2023-07-25 04:03:51",25,"Riya Reddy",100100000024,25,"Debit","RuPay","Active","Apollo Pharmacy","Healthcare","Kolkata","Online",35419.12,"Success"
2377,"2023-05-04 22:16:43",143,"Rohit Mishra",100100000252,253,"Credit","MasterCard","Active","Apollo Pharmacy","Healthcare","Delhi","Contactless",28347.36,"Success"
2378,"2022-03-29 01:27:13",50,"Suresh Chauhan",100100000218,219,"Debit","Visa","Active","Reliance Fresh","Grocery","Ahmedabad","Contactless",20694.55,"Success"
2379,"2025-01-25 05:07:05",61,"Sakshi Pandey",100100000224,225,"Credit","MasterCard","Active","Indian Oil","Fuel","Chennai","Contactless",17345.50,"Success"
2380,"2026-04-13 08:09:54",180,"Divya Mishra",100100000179,180,"Debit","RuPay","Active","Indian Oil","Fuel","Ahmedabad","Online",46360.24,"Success"
2381,"2022-07-02 05:50:49",28,"Nitin Reddy",100100000027,28,"Debit","Visa","Active","DMart","Grocery","Jaipur","POS",2173.90,"Success"
2382,"2022-10-16 10:16:07",193,"Vikas Verma",100100000192,193,"Debit","RuPay","Active","SBI ATM","ATM","Delhi","ATM",21227.84,"Success"
2383,"2022-02-27 16:47:44",123,"Neha Patel",100100000122,123,"Debit","RuPay","Active","Reliance Digital","Electronics","Gurugram","POS",13041.64,"Success"
2384,"2024-01-19 11:05:15",135,"Shreya Chauhan",100100000134,135,"Debit","Visa","Active","SBI ATM","ATM","Kolkata","ATM",9886.39,"Success"
2385,"2024-01-28 08:52:29",149,"Anjali Mishra",100100000270,271,"Credit","MasterCard","Active","Lifestyle","Fashion","Hyderabad","Online",46181.99,"Success"
2386,"2022-07-25 23:57:26",116,"Riya Sinha",100100000115,116,"Debit","RuPay","Active","Myntra","Fashion","Pune","POS",18081.07,"Success"
2387,"2022-03-04 12:40:52",27,"Sakshi Sinha",100100000026,27,"Debit","RuPay","Active","Reliance Digital","Electronics","Hyderabad","Online",14964.78,"Success"
2388,"2025-06-10 12:08:59",196,"Manish Chauhan",100100000195,196,"Debit","Visa","Active","Flipkart","Shopping","Chennai","Online",44516.98,"Success"
2389,"2022-05-20 15:55:07",82,"Meena Gupta",100100000202,203,"Debit","Visa","Active","BookMyShow","Entertainment","Chennai","Online",11046.11,"Success"
2390,"2025-06-14 09:34:09",141,"Rohit Patel",100100000140,141,"Debit","Visa","Active","Swiggy","Food","Gurugram","Online",10982.03,"Success"
2391,"2024-07-01 16:57:12",145,"Nidhi Nair",100100000144,145,"Debit","Visa","Active","Apollo Pharmacy","Healthcare","Mumbai","POS",19450.60,"Success"
2392,"2025-05-29 16:09:12",183,"Neha Nair",100100000244,245,"Credit","MasterCard","Active","IRCTC","Travel","Ahmedabad","Contactless",10106.60,"Success"
2393,"2023-08-21 20:04:22",188,"Nitin Jain",100100000187,188,"Debit","Visa","Active","Myntra","Fashion","Pune","Contactless",35733.28,"Success"
2394,"2026-03-14 10:12:35",44,"Meena Reddy",100100000043,44,"Debit","Visa","Active","Swiggy","Food","Pune","Contactless",8860.13,"Success"
2395,"2022-08-15 04:06:33",17,"Komal Patel",100100000016,17,"Debit","Visa","Active","Indian Oil","Fuel","Bengaluru","POS",14489.53,"Success"
2396,"2023-06-30 17:33:45",125,"Vivek Kumar",100100000124,125,"Debit","RuPay","Active","Reliance Digital","Electronics","Bengaluru","POS",16648.02,"Success"
2397,"2023-06-13 02:54:50",161,"Riya Singh",100100000160,161,"Debit","Visa","Active","DMart","Grocery","Bengaluru","POS",5369.64,"Success"
2398,"2024-06-22 16:36:38",12,"Vivek Mishra",100100000011,12,"Debit","Visa","Active","HP Petrol Pump","Fuel","Mumbai","Online",12651.02,"Success"
2399,"2025-05-06 15:06:43",117,"Priya Patel",100100000215,216,"Debit","Visa","Active","Zomato","Food","Noida","Online",48885.18,"Success"
2400,"2026-03-11 06:32:01",191,"Asha Sharma",100100000248,249,"Credit","Visa","Active","Reliance Digital","Electronics","Mumbai","Contactless",38996.77,"Success"
2401,"2022-08-08 08:12:28",134,"Nitin Sharma",100100000133,134,"Debit","Visa","Active","Big Bazaar","Grocery","Bengaluru","Online",46123.14,"Success"
2402,"2026-06-06 13:56:39",69,"Ritu Pandey",100100000068,69,"Debit","Visa","Active","Flipkart","Shopping","Noida","POS",39882.44,"Success"
2403,"2023-05-03 21:36:36",9,"Rohit Chauhan",100100000008,9,"Debit","RuPay","Active","BookMyShow","Entertainment","Jaipur","POS",42899.54,"Success"
2404,"2023-05-30 04:04:24",182,"Komal Gupta",100100000255,256,"Credit","MasterCard","Active","Swiggy","Food","Gurugram","Online",4686.48,"Success"
2405,"2024-04-30 22:32:15",77,"Anjali Mishra",100100000237,238,"Credit","Visa","Active","Lifestyle","Fashion","Pune","Contactless",7601.33,"Success"
2406,"2023-02-18 07:54:09",178,"Arjun Kumar",100100000208,209,"Debit","RuPay","Active","HP Petrol Pump","Fuel","Pune","POS",20200.77,"Success"
2407,"2025-11-17 22:36:17",193,"Vikas Verma",100100000192,193,"Debit","RuPay","Active","Myntra","Fashion","Jaipur","Contactless",9016.75,"Success"
2408,"2024-07-03 00:15:39",117,"Priya Patel",100100000116,117,"Debit","RuPay","Active","PVR Cinemas","Entertainment","Pune","Contactless",44059.61,"Success"
2409,"2023-01-08 16:42:23",94,"Shreya Mishra",100100000093,94,"Debit","Visa","Active","Flipkart","Shopping","Delhi","Contactless",4844.44,"Success"
2410,"2022-08-02 15:14:20",88,"Arjun Kumar",100100000087,88,"Debit","Visa","Lost","IRCTC","Travel","Jaipur","POS",24068.76,"Success"
2411,"2026-01-15 07:32:59",147,"Nitin Jain",100100000146,147,"Debit","RuPay","Lost","Croma","Electronics","Jaipur","Online",37183.02,"Success"
2412,"2026-01-17 18:33:57",71,"Sakshi Reddy",100100000070,71,"Debit","Visa","Active","Myntra","Fashion","Kolkata","Contactless",21250.44,"Success"
2413,"2026-04-30 08:52:43",167,"Mohit Jain",100100000166,167,"Debit","RuPay","Active","Starbucks","Cafe","Delhi","Contactless",21659.05,"Success"
2414,"2022-04-08 23:50:22",163,"Anjali Gupta",100100000212,213,"Debit","Visa","Active","PVR Cinemas","Entertainment","Jaipur","POS",48274.98,"Success"
2415,"2024-10-10 22:57:32",106,"Arjun Nair",100100000105,106,"Debit","RuPay","Active","BookMyShow","Entertainment","Chennai","Online",38792.01,"Success"
2416,"2022-06-10 18:22:14",104,"Harsh Pandey",100100000103,104,"Debit","RuPay","Active","Reliance Fresh","Grocery","Delhi","Online",17292.41,"Success"
2417,"2023-05-29 02:34:57",194,"Harsh Agarwal",100100000193,194,"Debit","RuPay","Active","Swiggy","Food","Gurugram","Contactless",12947.23,"Success"
2418,"2022-11-01 04:17:25",176,"Rohit Sharma",100100000175,176,"Debit","RuPay","Active","Reliance Fresh","Grocery","Pune","POS",45502.91,"Success"
2419,"2026-01-29 23:10:14",97,"Riya Kumar",100100000096,97,"Debit","RuPay","Active","Lifestyle","Fashion","Ahmedabad","Contactless",4335.46,"Success"
2420,"2024-04-10 06:50:34",130,"Pooja Pandey",100100000129,130,"Debit","RuPay","Active","Amazon India","Shopping","Mumbai","Online",41500.93,"Failed"
2421,"2022-07-24 23:46:13",200,"Harsh Mishra",100100000225,226,"Credit","Visa","Active","Zomato","Food","Pune","Online",41636.17,"Failed"
2422,"2022-08-14 09:31:08",134,"Nitin Sharma",100100000133,134,"Debit","Visa","Active","Big Bazaar","Grocery","Ahmedabad","POS",32859.33,"Success"
2423,"2022-06-04 18:32:58",3,"Amit Kumar",100100000002,3,"Debit","RuPay","Active","Apollo Pharmacy","Healthcare","Jaipur","Online",12081.18,"Success"
2424,"2026-04-05 10:22:27",133,"Priya Patel",100100000132,133,"Debit","RuPay","Active","Amazon India","Shopping","Bengaluru","Online",15411.81,"Success"
2425,"2023-05-19 15:34:46",117,"Priya Patel",100100000116,117,"Debit","RuPay","Active","Reliance Digital","Electronics","Kolkata","Contactless",44764.45,"Success"
2426,"2023-01-28 04:58:50",29,"Mohit Yadav",100100000028,29,"Debit","Visa","Active","Zomato","Food","Bengaluru","Online",12582.97,"Success"
2427,"2024-10-05 12:07:52",77,"Anjali Mishra",100100000237,238,"Credit","Visa","Active","Big Bazaar","Grocery","Kolkata","POS",49866.68,"Success"
2428,"2023-08-02 16:10:18",8,"Neha Gupta",100100000007,8,"Debit","RuPay","Active","Flipkart","Shopping","Kolkata","POS",34445.13,"Success"
2429,"2024-02-19 02:16:04",105,"Mohit Agarwal",100100000104,105,"Debit","Visa","Active","Lifestyle","Fashion","Chennai","Contactless",37100.99,"Success"
2430,"2023-09-30 19:22:38",33,"Deepak Jain",100100000210,211,"Debit","RuPay","Active","Indian Oil","Fuel","Bengaluru","POS",35315.64,"Success"
2431,"2022-10-07 17:44:26",4,"Ankit Chauhan",100100000003,4,"Debit","Visa","Active","Zomato","Food","Bengaluru","Contactless",18582.76,"Success"
2432,"2026-01-18 11:38:18",138,"Sakshi Chauhan",100100000247,248,"Credit","MasterCard","Active","Starbucks","Cafe","Bengaluru","POS",22651.11,"Success"
2433,"2025-07-10 07:11:48",46,"Priya Mishra",100100000222,223,"Credit","Visa","Active","Reliance Fresh","Grocery","Pune","Online",23938.45,"Success"
2434,"2023-08-13 00:59:35",32,"Ankit Reddy",100100000031,32,"Debit","Visa","Active","Dominos","Food","Chennai","POS",6769.09,"Reversed"
2435,"2022-05-27 19:19:10",51,"Rohit Yadav",100100000262,263,"Credit","MasterCard","Active","Swiggy","Food","Hyderabad","POS",35621.14,"Success"
2436,"2022-06-16 10:25:11",197,"Rajesh Yadav",100100000223,224,"Credit","MasterCard","Active","Dominos","Food","Lucknow","Contactless",44370.11,"Success"
2437,"2026-01-10 22:44:24",143,"Rohit Mishra",100100000252,253,"Credit","MasterCard","Active","SBI ATM","ATM","Chennai","ATM",20122.65,"Success"
2438,"2025-10-03 12:47:21",84,"Karan Patel",100100000083,84,"Debit","Visa","Active","Swiggy","Food","Kolkata","POS",324.32,"Success"
2439,"2025-01-10 20:15:40",7,"Neha Gupta",100100000006,7,"Debit","Visa","Active","Croma","Electronics","Ahmedabad","POS",38632.60,"Success"
2440,"2022-07-11 03:07:27",198,"Suresh Singh",100100000235,236,"Credit","MasterCard","Active","PVR Cinemas","Entertainment","Jaipur","Online",39061.14,"Success"
2441,"2022-05-10 01:22:08",84,"Karan Patel",100100000083,84,"Debit","Visa","Active","IRCTC","Travel","Hyderabad","Contactless",15622.93,"Success"
2442,"2023-01-09 04:47:57",7,"Neha Gupta",100100000006,7,"Debit","Visa","Active","IRCTC","Travel","Chennai","Contactless",40477.63,"Success"
2443,"2025-01-29 21:24:27",183,"Neha Nair",100100000182,183,"Debit","RuPay","Active","Indian Oil","Fuel","Lucknow","POS",28811.07,"Success"
2444,"2026-05-30 19:28:52",50,"Suresh Chauhan",100100000049,50,"Debit","Visa","Lost","Croma","Electronics","Lucknow","Online",3510.37,"Success"
2445,"2023-02-24 03:56:42",130,"Pooja Pandey",100100000129,130,"Debit","RuPay","Active","HP Petrol Pump","Fuel","Jaipur","POS",23058.08,"Success"
2446,"2025-03-05 17:38:44",139,"Neha Pandey",100100000138,139,"Debit","Visa","Expired","Croma","Electronics","Bengaluru","Online",13370.17,"Success"
2447,"2024-11-23 04:30:58",192,"Deepak Reddy",100100000228,229,"Credit","Visa","Active","SBI ATM","ATM","Kolkata","ATM",44402.47,"Success"
2448,"2022-04-16 15:55:22",144,"Rahul Mishra",100100000143,144,"Debit","RuPay","Active","Reliance Fresh","Grocery","Hyderabad","Contactless",24132.78,"Reversed"
2449,"2025-11-09 06:22:14",165,"Riya Kumar",100100000164,165,"Debit","RuPay","Active","Dominos","Food","Kolkata","Contactless",48712.42,"Success"
2450,"2022-01-14 15:04:43",21,"Anjali Yadav",100100000020,21,"Debit","RuPay","Active","IRCTC","Travel","Noida","Contactless",1425.81,"Success"
2451,"2022-10-03 07:46:44",18,"Vivek Verma",100100000239,240,"Credit","Visa","Active","Zomato","Food","Bengaluru","Contactless",208.43,"Success"
2452,"2022-08-16 13:45:43",165,"Riya Kumar",100100000164,165,"Debit","RuPay","Active","Croma","Electronics","Bengaluru","Contactless",35057.04,"Success"
2453,"2025-12-09 13:05:18",95,"Rahul Kumar",100100000241,242,"Credit","Visa","Expired","SBI ATM","ATM","Chennai","ATM",26683.77,"Success"
2454,"2026-03-25 02:05:11",20,"Karan Sinha",100100000019,20,"Debit","Visa","Blocked","IRCTC","Travel","Ahmedabad","Online",8022.27,"Success"
2455,"2026-02-12 23:54:35",197,"Rajesh Yadav",100100000223,224,"Credit","MasterCard","Active","Croma","Electronics","Hyderabad","Contactless",24917.45,"Success"
2456,"2022-07-30 17:34:43",199,"Sneha Agarwal",100100000198,199,"Debit","RuPay","Expired","Lifestyle","Fashion","Chennai","Contactless",48352.19,"Failed"
2457,"2024-03-06 08:54:33",72,"Anjali Singh",100100000217,218,"Debit","Visa","Active","IRCTC","Travel","Chennai","POS",47826.94,"Success"
2458,"2025-10-01 02:04:19",37,"Neha Pandey",100100000036,37,"Debit","RuPay","Active","Myntra","Fashion","Kolkata","Online",6737.39,"Success"
2459,"2024-10-01 11:22:21",165,"Riya Kumar",100100000164,165,"Debit","RuPay","Active","Apollo Pharmacy","Healthcare","Gurugram","POS",12272.04,"Success"
2460,"2023-04-06 21:30:19",99,"Komal Jain",100100000098,99,"Debit","RuPay","Active","Myntra","Fashion","Gurugram","Online",29350.99,"Success"
2461,"2024-04-05 11:40:06",136,"Priya Sharma",100100000135,136,"Debit","RuPay","Active","SBI ATM","ATM","Mumbai","ATM",8882.07,"Success"
2462,"2026-03-16 14:23:56",95,"Rahul Kumar",100100000241,242,"Credit","Visa","Expired","BookMyShow","Entertainment","Pune","Contactless",38261.67,"Success"
2463,"2026-03-28 12:11:57",111,"Shreya Singh",100100000220,221,"Credit","Visa","Active","Dominos","Food","Delhi","Contactless",18662.57,"Success"
2464,"2022-02-11 19:16:22",189,"Rajesh Pandey",100100000254,255,"Credit","MasterCard","Active","Lifestyle","Fashion","Gurugram","Contactless",45266.22,"Success"
2465,"2026-03-02 10:17:51",174,"Meena Verma",100100000173,174,"Debit","RuPay","Active","Big Bazaar","Grocery","Jaipur","Online",8845.81,"Success"
2466,"2024-01-17 09:43:17",54,"Meena Singh",100100000053,54,"Debit","RuPay","Active","Dominos","Food","Bengaluru","Online",11548.40,"Success"
2467,"2025-08-30 18:38:02",176,"Rohit Sharma",100100000175,176,"Debit","RuPay","Active","Croma","Electronics","Kolkata","Contactless",1123.14,"Success"
2468,"2025-05-15 20:45:08",192,"Deepak Reddy",100100000228,229,"Credit","Visa","Active","Reliance Digital","Electronics","Pune","Online",36623.01,"Failed"
2469,"2023-09-01 18:31:46",148,"Harsh Sharma",100100000147,148,"Debit","RuPay","Active","Big Bazaar","Grocery","Bengaluru","Contactless",29047.36,"Failed"
2470,"2026-02-08 19:42:37",94,"Shreya Mishra",100100000093,94,"Debit","Visa","Active","Big Bazaar","Grocery","Ahmedabad","Online",21389.03,"Success"
2471,"2025-07-06 15:52:27",92,"Ritu Chauhan",100100000091,92,"Debit","Visa","Active","HP Petrol Pump","Fuel","Kolkata","Online",47247.19,"Success"
2472,"2023-09-07 06:12:10",117,"Priya Patel",100100000215,216,"Debit","Visa","Active","BookMyShow","Entertainment","Hyderabad","POS",15743.17,"Success"
2473,"2025-01-26 04:03:58",189,"Rajesh Pandey",100100000254,255,"Credit","MasterCard","Active","IRCTC","Travel","Hyderabad","Contactless",7947.05,"Success"
2474,"2023-10-02 12:02:38",33,"Deepak Jain",100100000210,211,"Debit","RuPay","Active","Swiggy","Food","Lucknow","POS",36608.37,"Success"
2475,"2022-01-29 17:56:45",146,"Manish Agarwal",100100000231,232,"Credit","MasterCard","Active","Dominos","Food","Kolkata","POS",27947.26,"Success"
2476,"2022-02-21 21:25:51",88,"Arjun Kumar",100100000273,274,"Credit","MasterCard","Active","Reliance Fresh","Grocery","Kolkata","Contactless",37602.19,"Success"
2477,"2024-12-01 22:54:22",47,"Priya Sharma",100100000219,220,"Debit","Visa","Active","Apollo Pharmacy","Healthcare","Bengaluru","Contactless",35569.98,"Failed"
2478,"2026-06-27 01:29:15",50,"Suresh Chauhan",100100000251,252,"Credit","MasterCard","Active","Lifestyle","Fashion","Jaipur","Contactless",44213.15,"Success"
2479,"2024-02-07 08:39:15",186,"Neha Gupta",100100000185,186,"Debit","Visa","Active","PVR Cinemas","Entertainment","Mumbai","Online",5936.12,"Success"
2480,"2024-03-01 19:49:47",140,"Arjun Sinha",100100000139,140,"Debit","Visa","Active","PVR Cinemas","Entertainment","Gurugram","Contactless",3538.11,"Reversed"
2481,"2026-05-23 01:41:03",86,"Komal Verma",100100000276,277,"Credit","Visa","Active","BookMyShow","Entertainment","Pune","POS",6998.62,"Success"
2482,"2022-08-12 09:16:46",195,"Amit Agarwal",100100000279,280,"Credit","Visa","Active","Myntra","Fashion","Pune","Online",13408.46,"Success"
2483,"2025-12-08 06:54:43",27,"Sakshi Sinha",100100000026,27,"Debit","RuPay","Active","Swiggy","Food","Kolkata","POS",19721.53,"Success"
2484,"2023-05-12 17:35:59",137,"Priya Pandey",100100000246,247,"Credit","MasterCard","Active","Dominos","Food","Ahmedabad","Online",1642.33,"Success"
2485,"2025-05-04 05:23:14",117,"Priya Patel",100100000215,216,"Debit","Visa","Active","Reliance Digital","Electronics","Noida","Online",261.25,"Success"
2486,"2023-08-11 03:24:10",197,"Rajesh Yadav",100100000223,224,"Credit","MasterCard","Active","Starbucks","Cafe","Lucknow","Contactless",23619.86,"Success"
2487,"2024-01-08 02:02:53",137,"Priya Pandey",100100000136,137,"Debit","Visa","Active","Myntra","Fashion","Bengaluru","Contactless",856.44,"Success"
2488,"2026-04-24 12:37:00",142,"Rahul Sinha",100100000141,142,"Debit","Visa","Active","Amazon India","Shopping","Kolkata","Online",18459.96,"Success"
2489,"2023-10-28 13:27:57",2,"Neha Gupta",100100000001,2,"Debit","Visa","Active","Reliance Digital","Electronics","Chennai","Contactless",38866.07,"Success"
2490,"2022-06-28 00:10:05",188,"Nitin Jain",100100000187,188,"Debit","Visa","Active","DMart","Grocery","Pune","Online",47927.53,"Success"
2491,"2023-04-21 12:52:44",86,"Komal Verma",100100000276,277,"Credit","Visa","Active","Flipkart","Shopping","Noida","POS",29239.30,"Success"
2492,"2025-02-19 19:30:03",194,"Harsh Agarwal",100100000193,194,"Debit","RuPay","Active","Starbucks","Cafe","Delhi","Contactless",34192.12,"Success"
2493,"2024-01-08 12:47:38",165,"Riya Kumar",100100000164,165,"Debit","RuPay","Active","Starbucks","Cafe","Noida","POS",37657.93,"Success"
2494,"2022-07-02 19:32:42",129,"Priya Gupta",100100000128,129,"Debit","Visa","Active","Croma","Electronics","Jaipur","POS",34233.84,"Success"
2495,"2023-02-28 18:58:59",173,"Shreya Reddy",100100000172,173,"Debit","Visa","Lost","Reliance Digital","Electronics","Gurugram","Online",12606.16,"Success"
2496,"2025-06-30 15:33:55",13,"Nitin Yadav",100100000012,13,"Debit","RuPay","Active","Apollo Pharmacy","Healthcare","Kolkata","Contactless",23793.32,"Success"
2497,"2026-01-24 02:12:10",113,"Manish Yadav",100100000238,239,"Credit","MasterCard","Active","PVR Cinemas","Entertainment","Ahmedabad","Contactless",19481.06,"Success"
2498,"2025-04-05 09:56:10",183,"Neha Nair",100100000182,183,"Debit","RuPay","Active","Lifestyle","Fashion","Bengaluru","Online",11803.68,"Success"
2499,"2022-11-22 17:29:17",168,"Meena Gupta",100100000167,168,"Debit","Visa","Active","Big Bazaar","Grocery","Jaipur","Online",7868.49,"Success"
2500,"2023-11-06 02:00:02",95,"Rahul Kumar",100100000094,95,"Debit","Visa","Blocked","Amazon India","Shopping","Lucknow","Contactless",31465.94,"Success"
2501,"2022-11-26 13:12:37",47,"Priya Sharma",100100000219,220,"Debit","Visa","Active","Big Bazaar","Grocery","Jaipur","POS",12024.65,"Failed"
2502,"2024-05-21 06:41:41",123,"Neha Patel",100100000122,123,"Debit","RuPay","Active","Dominos","Food","Kolkata","POS",35779.11,"Success"
2503,"2023-07-10 02:23:55",41,"Vivek Patel",100100000040,41,"Debit","Visa","Active","DMart","Grocery","Hyderabad","POS",18852.17,"Success"
2504,"2023-01-14 05:47:50",126,"Rahul Kumar",100100000125,126,"Debit","Visa","Active","HP Petrol Pump","Fuel","Delhi","Contactless",47724.64,"Success"
2505,"2025-03-10 20:41:41",192,"Deepak Reddy",100100000191,192,"Debit","Visa","Active","HP Petrol Pump","Fuel","Lucknow","POS",6724.86,"Success"
2506,"2026-06-17 06:35:57",86,"Komal Verma",100100000085,86,"Debit","Visa","Active","Reliance Fresh","Grocery","Chennai","Contactless",13449.79,"Success"
2507,"2022-05-22 03:55:20",95,"Rahul Kumar",100100000094,95,"Debit","Visa","Blocked","Reliance Digital","Electronics","Ahmedabad","POS",1840.84,"Success"
2508,"2024-05-16 09:44:59",78,"Sneha Verma",100100000216,217,"Debit","Visa","Lost","Reliance Fresh","Grocery","Kolkata","Contactless",41651.41,"Success"
2509,"2022-08-10 08:59:07",75,"Neha Chauhan",100100000250,251,"Credit","Visa","Active","PVR Cinemas","Entertainment","Jaipur","Online",16118.06,"Failed"
2510,"2023-11-10 16:58:40",77,"Anjali Mishra",100100000076,77,"Debit","Visa","Active","Apollo Pharmacy","Healthcare","Noida","POS",30068.86,"Success"
2511,"2023-10-28 16:41:12",5,"Amit Reddy",100100000234,235,"Credit","MasterCard","Active","DMart","Grocery","Lucknow","Online",47261.35,"Success"
2512,"2024-07-10 11:02:20",86,"Komal Verma",100100000276,277,"Credit","Visa","Active","Zomato","Food","Chennai","Contactless",17317.96,"Success"
2513,"2023-10-04 10:06:04",75,"Neha Chauhan",100100000074,75,"Debit","RuPay","Active","HP Petrol Pump","Fuel","Mumbai","Contactless",19538.66,"Success"
2514,"2022-05-11 14:36:05",33,"Deepak Jain",100100000210,211,"Debit","RuPay","Active","Croma","Electronics","Gurugram","Online",32971.36,"Success"
2515,"2024-09-22 01:43:18",100,"Pooja Mishra",100100000099,100,"Debit","Visa","Active","Myntra","Fashion","Chennai","Contactless",28374.82,"Success"
2516,"2025-05-15 02:41:34",78,"Sneha Verma",100100000216,217,"Debit","Visa","Lost","IRCTC","Travel","Chennai","Contactless",18579.72,"Success"
2517,"2024-01-05 19:58:11",185,"Rahul Kumar",100100000184,185,"Debit","RuPay","Expired","DMart","Grocery","Bengaluru","POS",34063.46,"Success"
2518,"2024-05-03 09:06:57",57,"Divya Chauhan",100100000056,57,"Debit","Visa","Active","HP Petrol Pump","Fuel","Ahmedabad","POS",31736.47,"Success"
2519,"2022-03-05 02:00:01",16,"Amit Verma",100100000015,16,"Debit","RuPay","Active","Reliance Fresh","Grocery","Hyderabad","Contactless",41980.54,"Success"
2520,"2022-02-03 19:15:03",42,"Pooja Gupta",100100000211,212,"Debit","RuPay","Active","Zomato","Food","Delhi","Contactless",34140.50,"Success"
2521,"2023-07-12 13:18:36",171,"Vikas Patel",100100000170,171,"Debit","RuPay","Active","HP Petrol Pump","Fuel","Mumbai","POS",26689.02,"Success"
2522,"2024-09-07 02:08:13",116,"Riya Sinha",100100000115,116,"Debit","RuPay","Active","Amazon India","Shopping","Delhi","POS",2287.65,"Success"
2523,"2024-10-03 18:57:06",127,"Anjali Verma",100100000126,127,"Debit","Visa","Active","Myntra","Fashion","Mumbai","POS",25209.47,"Success"
2524,"2023-03-31 12:30:11",26,"Rahul Patel",100100000025,26,"Debit","RuPay","Lost","Starbucks","Cafe","Mumbai","Online",25142.08,"Success"
2525,"2023-09-29 10:41:59",92,"Ritu Chauhan",100100000091,92,"Debit","Visa","Active","HP Petrol Pump","Fuel","Kolkata","Online",16801.51,"Success"
2526,"2022-08-09 18:07:00",152,"Mohit Mishra",100100000151,152,"Debit","Visa","Active","PVR Cinemas","Entertainment","Lucknow","Contactless",28815.64,"Success"
2527,"2023-11-18 18:49:54",114,"Harsh Reddy",100100000205,206,"Debit","RuPay","Active","SBI ATM","ATM","Lucknow","ATM",46812.31,"Success"
2528,"2025-03-12 17:16:14",84,"Karan Patel",100100000083,84,"Debit","Visa","Active","BookMyShow","Entertainment","Noida","POS",24697.08,"Success"
2529,"2024-04-07 20:42:10",109,"Kavita Jain",100100000108,109,"Debit","Visa","Active","Big Bazaar","Grocery","Hyderabad","Contactless",3549.89,"Success"
2530,"2025-03-09 00:35:33",132,"Karan Chauhan",100100000131,132,"Debit","RuPay","Active","Apollo Pharmacy","Healthcare","Lucknow","POS",37677.43,"Success"
2531,"2024-11-11 23:15:17",69,"Ritu Pandey",100100000245,246,"Credit","MasterCard","Active","Zomato","Food","Lucknow","Contactless",37632.60,"Success"
2532,"2025-06-09 09:19:12",192,"Deepak Reddy",100100000228,229,"Credit","Visa","Active","DMart","Grocery","Noida","Online",29545.84,"Success"
2533,"2023-03-27 05:10:04",15,"Riya Yadav",100100000014,15,"Debit","RuPay","Active","Swiggy","Food","Delhi","POS",10621.60,"Success"
2534,"2023-01-27 15:06:55",157,"Meena Mishra",100100000156,157,"Debit","RuPay","Active","Reliance Digital","Electronics","Jaipur","Online",506.04,"Success"
2535,"2023-06-29 06:45:14",187,"Karan Chauhan",100100000186,187,"Debit","RuPay","Active","Croma","Electronics","Pune","Contactless",27725.47,"Success"
2536,"2022-01-12 12:45:10",73,"Karan Yadav",100100000072,73,"Debit","Visa","Active","BookMyShow","Entertainment","Lucknow","Online",3184.27,"Failed"
2537,"2022-04-14 10:07:21",122,"Ritu Pandey",100100000121,122,"Debit","Visa","Lost","Starbucks","Cafe","Gurugram","Online",18455.16,"Success"
2538,"2023-11-26 01:32:10",117,"Priya Patel",100100000215,216,"Debit","Visa","Active","Amazon India","Shopping","Kolkata","Contactless",14469.47,"Success"
2539,"2025-01-05 22:09:32",81,"Karan Reddy",100100000080,81,"Debit","RuPay","Active","Croma","Electronics","Mumbai","Online",20494.89,"Success"
2540,"2022-06-30 15:24:18",78,"Sneha Verma",100100000077,78,"Debit","RuPay","Lost","Croma","Electronics","Bengaluru","POS",12953.15,"Success"
2541,"2023-04-05 20:03:24",198,"Suresh Singh",100100000197,198,"Debit","RuPay","Active","Reliance Digital","Electronics","Chennai","Online",48226.90,"Success"
2542,"2022-06-12 21:00:38",82,"Meena Gupta",100100000081,82,"Debit","RuPay","Active","PVR Cinemas","Entertainment","Gurugram","Contactless",18084.27,"Success"
2543,"2025-02-26 01:04:27",89,"Rahul Kumar",100100000088,89,"Debit","RuPay","Active","Croma","Electronics","Pune","Online",14679.87,"Success"
2544,"2026-01-12 23:34:59",84,"Karan Patel",100100000083,84,"Debit","Visa","Active","Zomato","Food","Noida","Contactless",19471.97,"Success"
2545,"2024-07-27 16:20:39",61,"Sakshi Pandey",100100000060,61,"Debit","Visa","Active","Big Bazaar","Grocery","Lucknow","Online",21119.87,"Success"
2546,"2025-11-06 01:34:42",49,"Amit Sinha",100100000048,49,"Debit","Visa","Blocked","Amazon India","Shopping","Pune","POS",15204.21,"Success"
2547,"2022-05-18 19:50:39",7,"Neha Gupta",100100000006,7,"Debit","Visa","Active","Amazon India","Shopping","Noida","POS",20669.22,"Success"
2548,"2024-06-01 13:18:33",111,"Shreya Singh",100100000204,205,"Debit","RuPay","Active","IRCTC","Travel","Lucknow","Contactless",12561.23,"Success"
2549,"2025-08-10 00:12:21",174,"Meena Verma",100100000173,174,"Debit","RuPay","Active","Zomato","Food","Lucknow","Online",42475.15,"Success"
2550,"2026-01-17 17:40:17",132,"Karan Chauhan",100100000131,132,"Debit","RuPay","Active","Big Bazaar","Grocery","Pune","POS",21578.70,"Success"
2551,"2026-01-10 14:40:35",162,"Asha Reddy",100100000161,162,"Debit","RuPay","Active","BookMyShow","Entertainment","Pune","POS",42135.29,"Success"
2552,"2024-10-27 00:34:09",185,"Rahul Kumar",100100000184,185,"Debit","RuPay","Expired","Dominos","Food","Kolkata","Online",880.63,"Success"
2553,"2024-08-22 15:10:05",195,"Amit Agarwal",100100000279,280,"Credit","Visa","Active","Zomato","Food","Noida","POS",48697.35,"Success"
2554,"2023-08-10 06:12:06",4,"Ankit Chauhan",100100000003,4,"Debit","Visa","Active","Myntra","Fashion","Pune","POS",15754.13,"Success"
2555,"2025-11-12 12:45:25",169,"Rahul Pandey",100100000168,169,"Debit","RuPay","Active","Amazon India","Shopping","Bengaluru","Contactless",49369.51,"Success"
2556,"2025-09-25 01:06:43",134,"Nitin Sharma",100100000200,201,"Debit","RuPay","Active","Croma","Electronics","Delhi","Online",29841.17,"Success"
2557,"2023-02-21 15:56:21",163,"Anjali Gupta",100100000212,213,"Debit","Visa","Active","Big Bazaar","Grocery","Kolkata","POS",49582.65,"Success"
2558,"2025-05-09 07:42:44",54,"Meena Singh",100100000053,54,"Debit","RuPay","Active","PVR Cinemas","Entertainment","Bengaluru","POS",16351.45,"Success"
2559,"2025-02-24 01:45:55",55,"Vikas Kumar",100100000261,262,"Credit","Visa","Active","Dominos","Food","Gurugram","Online",9714.64,"Success"
2560,"2023-08-21 11:45:23",11,"Komal Pandey",100100000010,11,"Debit","Visa","Active","Starbucks","Cafe","Ahmedabad","Contactless",5874.58,"Success"
2561,"2025-05-01 06:33:16",162,"Asha Reddy",100100000161,162,"Debit","RuPay","Active","DMart","Grocery","Hyderabad","Contactless",31039.77,"Success"
2562,"2024-03-20 08:45:53",156,"Shreya Yadav",100100000155,156,"Debit","Visa","Expired","IRCTC","Travel","Jaipur","POS",42202.00,"Success"
2563,"2025-02-09 12:24:37",176,"Rohit Sharma",100100000213,214,"Debit","Visa","Active","PVR Cinemas","Entertainment","Pune","Online",21324.15,"Success"
2564,"2022-02-09 21:00:54",145,"Nidhi Nair",100100000144,145,"Debit","Visa","Active","HP Petrol Pump","Fuel","Mumbai","Contactless",37381.61,"Success"
2565,"2024-01-31 19:00:05",82,"Meena Gupta",100100000202,203,"Debit","Visa","Active","Big Bazaar","Grocery","Gurugram","Online",2712.97,"Success"
2566,"2025-09-09 22:26:05",163,"Anjali Gupta",100100000212,213,"Debit","Visa","Active","Reliance Digital","Electronics","Jaipur","Online",48238.69,"Success"
2567,"2022-09-28 21:30:32",55,"Vikas Kumar",100100000054,55,"Debit","Visa","Active","Indian Oil","Fuel","Hyderabad","Contactless",15857.66,"Success"
2568,"2022-02-14 21:33:45",92,"Ritu Chauhan",100100000249,250,"Credit","MasterCard","Active","Zomato","Food","Delhi","Online",6574.11,"Success"
2569,"2025-01-27 18:22:03",16,"Amit Verma",100100000015,16,"Debit","RuPay","Active","IRCTC","Travel","Jaipur","POS",13285.85,"Reversed"
2570,"2024-06-15 15:01:59",168,"Meena Gupta",100100000167,168,"Debit","Visa","Active","Indian Oil","Fuel","Noida","Contactless",19297.74,"Success"
2571,"2023-07-28 03:52:41",87,"Rajesh Agarwal",100100000086,87,"Debit","RuPay","Active","Zomato","Food","Gurugram","Online",15426.20,"Success"
2572,"2025-12-29 17:40:32",178,"Arjun Kumar",100100000227,228,"Credit","Visa","Active","Big Bazaar","Grocery","Hyderabad","POS",8976.21,"Success"
2573,"2022-07-03 19:33:34",132,"Karan Chauhan",100100000131,132,"Debit","RuPay","Active","Reliance Digital","Electronics","Gurugram","POS",12123.88,"Success"
2574,"2024-08-17 22:38:54",67,"Pooja Kumar",100100000066,67,"Debit","RuPay","Active","Amazon India","Shopping","Lucknow","POS",20001.17,"Success"
2575,"2026-06-06 21:46:15",117,"Priya Patel",100100000215,216,"Debit","Visa","Active","Lifestyle","Fashion","Bengaluru","Online",9654.74,"Success"
2576,"2025-04-21 18:09:24",142,"Rahul Sinha",100100000141,142,"Debit","Visa","Active","Zomato","Food","Gurugram","Contactless",28977.27,"Success"
2577,"2024-11-01 01:39:37",149,"Anjali Mishra",100100000270,271,"Credit","MasterCard","Active","Croma","Electronics","Gurugram","Online",31861.46,"Success"
2578,"2022-09-24 14:28:40",1,"Vivek Yadav",100100000000,1,"Debit","Visa","Active","Myntra","Fashion","Chennai","Online",39270.65,"Reversed"
2579,"2026-01-20 18:35:25",76,"Harsh Kumar",100100000075,76,"Debit","RuPay","Active","Starbucks","Cafe","Chennai","POS",12288.65,"Success"
2580,"2022-07-27 03:07:01",199,"Sneha Agarwal",100100000198,199,"Debit","RuPay","Expired","Big Bazaar","Grocery","Kolkata","POS",16846.65,"Success"
2581,"2025-11-12 16:44:14",15,"Riya Yadav",100100000014,15,"Debit","RuPay","Active","Indian Oil","Fuel","Gurugram","Online",47555.37,"Success"
2582,"2026-06-09 16:04:59",77,"Anjali Mishra",100100000237,238,"Credit","Visa","Active","Swiggy","Food","Hyderabad","Contactless",12638.79,"Success"
2583,"2022-10-11 19:02:06",187,"Karan Chauhan",100100000186,187,"Debit","RuPay","Active","Reliance Digital","Electronics","Ahmedabad","POS",24269.74,"Success"
2584,"2022-03-19 02:17:57",175,"Pooja Jain",100100000174,175,"Debit","RuPay","Active","DMart","Grocery","Lucknow","Online",6155.73,"Success"
2585,"2022-06-21 10:13:59",179,"Ritu Mishra",100100000260,261,"Credit","MasterCard","Active","SBI ATM","ATM","Delhi","ATM",3697.73,"Success"
2586,"2026-01-13 15:11:30",115,"Nidhi Agarwal",100100000114,115,"Debit","RuPay","Lost","PVR Cinemas","Entertainment","Noida","Online",28468.77,"Success"
2587,"2025-08-13 04:44:28",5,"Amit Reddy",100100000004,5,"Debit","Visa","Active","Dominos","Food","Ahmedabad","Contactless",11231.95,"Success"
2588,"2022-09-28 01:01:44",51,"Rohit Yadav",100100000206,207,"Debit","RuPay","Active","Reliance Digital","Electronics","Hyderabad","Online",7056.29,"Success"
2589,"2022-07-30 00:46:31",26,"Rahul Patel",100100000025,26,"Debit","RuPay","Lost","Lifestyle","Fashion","Pune","Online",6440.13,"Success"
2590,"2025-09-10 00:02:06",5,"Amit Reddy",100100000004,5,"Debit","Visa","Active","Croma","Electronics","Lucknow","Online",43907.65,"Success"
2591,"2023-09-04 21:02:45",66,"Harsh Sinha",100100000065,66,"Debit","Visa","Active","Amazon India","Shopping","Pune","Contactless",40365.30,"Success"
2592,"2026-02-26 04:18:43",136,"Priya Sharma",100100000256,257,"Credit","MasterCard","Active","Dominos","Food","Chennai","POS",4317.69,"Success"
2593,"2022-09-13 20:20:52",106,"Arjun Nair",100100000105,106,"Debit","RuPay","Active","Apollo Pharmacy","Healthcare","Kolkata","POS",16732.79,"Success"
2594,"2024-10-07 18:50:37",171,"Vikas Patel",100100000170,171,"Debit","RuPay","Active","Indian Oil","Fuel","Noida","Online",30753.72,"Success"
2595,"2022-08-05 21:05:19",87,"Rajesh Agarwal",100100000086,87,"Debit","RuPay","Active","Flipkart","Shopping","Jaipur","Contactless",48931.64,"Success"
2596,"2024-01-19 03:30:02",180,"Divya Mishra",100100000179,180,"Debit","RuPay","Active","PVR Cinemas","Entertainment","Jaipur","POS",1378.66,"Success"
2597,"2025-03-20 22:10:07",69,"Ritu Pandey",100100000245,246,"Credit","MasterCard","Active","SBI ATM","ATM","Noida","ATM",3097.15,"Failed"
2598,"2025-12-30 23:22:20",120,"Nidhi Agarwal",100100000119,120,"Debit","RuPay","Active","PVR Cinemas","Entertainment","Ahmedabad","Contactless",47277.55,"Success"
2599,"2023-07-30 00:09:17",42,"Pooja Gupta",100100000211,212,"Debit","RuPay","Active","BookMyShow","Entertainment","Lucknow","Online",3136.17,"Success"
2600,"2025-08-25 07:13:15",146,"Manish Agarwal",100100000231,232,"Credit","MasterCard","Active","Zomato","Food","Ahmedabad","Contactless",156.62,"Success"
2601,"2023-12-12 15:58:26",68,"Vikas Patel",100100000067,68,"Debit","Visa","Active","Reliance Fresh","Grocery","Mumbai","POS",15676.49,"Success"
2602,"2026-02-21 18:34:39",154,"Vikas Sharma",100100000153,154,"Debit","Visa","Active","Amazon India","Shopping","Noida","Online",29908.55,"Success"
2603,"2024-02-24 13:41:28",69,"Ritu Pandey",100100000245,246,"Credit","MasterCard","Active","DMart","Grocery","Delhi","Online",41829.04,"Reversed"
2604,"2024-05-27 02:51:45",116,"Riya Sinha",100100000201,202,"Debit","RuPay","Expired","Swiggy","Food","Delhi","Contactless",45467.11,"Success"
2605,"2025-06-10 04:08:39",164,"Shreya Sinha",100100000163,164,"Debit","Visa","Active","PVR Cinemas","Entertainment","Hyderabad","Contactless",49282.00,"Success"
2606,"2022-11-20 14:41:33",143,"Rohit Mishra",100100000277,278,"Credit","Visa","Active","Apollo Pharmacy","Healthcare","Lucknow","Contactless",46944.22,"Success"
2607,"2022-08-06 04:22:31",18,"Vivek Verma",100100000017,18,"Debit","Visa","Lost","Amazon India","Shopping","Gurugram","Online",27264.58,"Success"
2608,"2025-11-03 02:45:05",117,"Priya Patel",100100000215,216,"Debit","Visa","Active","HP Petrol Pump","Fuel","Pune","POS",12462.09,"Success"
2609,"2023-04-10 11:49:29",40,"Sneha Nair",100100000039,40,"Debit","Visa","Expired","Dominos","Food","Noida","POS",42633.42,"Success"
2610,"2026-03-10 17:21:02",42,"Pooja Gupta",100100000267,268,"Credit","Visa","Active","Flipkart","Shopping","Kolkata","Online",11187.62,"Success"
2611,"2025-07-30 22:49:10",46,"Priya Mishra",100100000222,223,"Credit","Visa","Active","Reliance Fresh","Grocery","Hyderabad","Online",3319.19,"Success"
2612,"2026-01-02 14:36:25",14,"Sneha Nair",100100000013,14,"Debit","RuPay","Active","Dominos","Food","Mumbai","POS",176.74,"Success"
2613,"2022-04-12 14:49:31",200,"Harsh Mishra",100100000225,226,"Credit","Visa","Active","Flipkart","Shopping","Ahmedabad","Online",47714.13,"Success"
2614,"2022-05-31 03:44:07",198,"Suresh Singh",100100000235,236,"Credit","MasterCard","Active","Flipkart","Shopping","Bengaluru","Contactless",39894.38,"Success"
2615,"2022-12-28 04:48:41",61,"Sakshi Pandey",100100000060,61,"Debit","Visa","Active","BookMyShow","Entertainment","Noida","Contactless",21755.00,"Success"
2616,"2023-12-22 04:48:24",68,"Vikas Patel",100100000067,68,"Debit","Visa","Active","Flipkart","Shopping","Gurugram","POS",24047.44,"Success"
2617,"2026-03-27 10:58:05",16,"Amit Verma",100100000015,16,"Debit","RuPay","Active","Zomato","Food","Delhi","Contactless",5121.13,"Success"
2618,"2023-02-09 16:59:27",111,"Shreya Singh",100100000220,221,"Credit","Visa","Active","IRCTC","Travel","Lucknow","Online",1578.13,"Success"
2619,"2025-06-17 07:33:06",25,"Riya Reddy",100100000024,25,"Debit","RuPay","Active","Starbucks","Cafe","Kolkata","Contactless",19153.19,"Success"
2620,"2024-12-14 16:26:29",96,"Manish Yadav",100100000095,96,"Debit","Visa","Active","Starbucks","Cafe","Chennai","Contactless",24744.30,"Success"
2621,"2024-05-07 23:58:09",17,"Komal Patel",100100000275,276,"Credit","MasterCard","Active","Reliance Fresh","Grocery","Ahmedabad","POS",10530.58,"Success"
2622,"2023-06-20 19:13:04",154,"Vikas Sharma",100100000153,154,"Debit","Visa","Active","PVR Cinemas","Entertainment","Hyderabad","Online",2457.61,"Success"
2623,"2023-09-17 06:29:00",162,"Asha Reddy",100100000161,162,"Debit","RuPay","Active","Myntra","Fashion","Pune","Contactless",22117.77,"Success"
2624,"2025-10-08 05:09:55",77,"Anjali Mishra",100100000243,244,"Credit","Visa","Active","Indian Oil","Fuel","Pune","POS",44421.25,"Success"
2625,"2025-10-26 19:48:12",88,"Arjun Kumar",100100000273,274,"Credit","MasterCard","Active","Amazon India","Shopping","Mumbai","POS",16063.24,"Success"
2626,"2026-05-13 03:04:15",164,"Shreya Sinha",100100000163,164,"Debit","Visa","Active","Flipkart","Shopping","Hyderabad","Online",46800.55,"Reversed"
2627,"2024-02-21 11:37:35",33,"Deepak Jain",100100000032,33,"Debit","RuPay","Active","PVR Cinemas","Entertainment","Noida","POS",13095.30,"Success"
2628,"2025-06-21 06:04:58",49,"Amit Sinha",100100000048,49,"Debit","Visa","Blocked","Lifestyle","Fashion","Ahmedabad","POS",29142.82,"Reversed"
2629,"2024-08-30 09:32:34",49,"Amit Sinha",100100000048,49,"Debit","Visa","Blocked","Amazon India","Shopping","Hyderabad","Contactless",45545.48,"Success"
2630,"2024-04-17 20:59:11",143,"Rohit Mishra",100100000252,253,"Credit","MasterCard","Active","Lifestyle","Fashion","Hyderabad","Contactless",15455.30,"Success"
2631,"2022-05-14 10:22:31",119,"Meena Yadav",100100000118,119,"Debit","Visa","Active","Amazon India","Shopping","Ahmedabad","POS",46855.85,"Success"
2632,"2025-02-10 06:35:28",1,"Vivek Yadav",100100000000,1,"Debit","Visa","Active","Flipkart","Shopping","Lucknow","Online",49669.70,"Success"
2633,"2022-01-30 15:19:31",118,"Sneha Singh",100100000117,118,"Debit","RuPay","Active","Starbucks","Cafe","Delhi","POS",20224.05,"Success"
2634,"2024-01-06 12:55:08",61,"Sakshi Pandey",100100000060,61,"Debit","Visa","Active","Swiggy","Food","Kolkata","Contactless",47394.60,"Success"
2635,"2024-02-24 06:31:20",10,"Divya Patel",100100000009,10,"Debit","RuPay","Active","Zomato","Food","Chennai","Online",7665.33,"Success"
2636,"2024-11-29 21:35:39",98,"Suresh Sharma",100100000097,98,"Debit","RuPay","Active","Flipkart","Shopping","Chennai","POS",1119.29,"Success"
2637,"2022-10-07 13:06:14",74,"Rahul Kumar",100100000073,74,"Debit","Visa","Active","DMart","Grocery","Lucknow","Contactless",9080.41,"Success"
2638,"2026-03-26 06:44:50",69,"Ritu Pandey",100100000068,69,"Debit","Visa","Active","Flipkart","Shopping","Hyderabad","Online",28121.44,"Success"
2639,"2023-08-13 22:21:04",112,"Mohit Mishra",100100000111,112,"Debit","Visa","Active","Croma","Electronics","Pune","POS",21707.11,"Success"
2640,"2026-06-19 21:22:23",162,"Asha Reddy",100100000161,162,"Debit","RuPay","Active","Amazon India","Shopping","Hyderabad","POS",43061.40,"Success"
2641,"2026-04-03 08:43:07",139,"Neha Pandey",100100000138,139,"Debit","Visa","Expired","IRCTC","Travel","Kolkata","Online",28280.75,"Success"
2642,"2024-09-15 08:12:22",165,"Riya Kumar",100100000164,165,"Debit","RuPay","Active","IRCTC","Travel","Jaipur","Contactless",20845.19,"Success"
2643,"2022-04-10 16:43:42",161,"Riya Singh",100100000160,161,"Debit","Visa","Active","PVR Cinemas","Entertainment","Pune","POS",31196.59,"Success"
2644,"2025-07-15 10:13:07",149,"Anjali Mishra",100100000148,149,"Debit","RuPay","Active","Lifestyle","Fashion","Delhi","Online",33104.92,"Success"
2645,"2023-05-15 10:47:23",167,"Mohit Jain",100100000230,231,"Credit","Visa","Blocked","Reliance Fresh","Grocery","Ahmedabad","Contactless",2948.79,"Success"
2646,"2024-05-03 05:26:33",2,"Neha Gupta",100100000001,2,"Debit","Visa","Active","Swiggy","Food","Ahmedabad","Online",39842.27,"Reversed"
2647,"2023-07-04 02:27:33",169,"Rahul Pandey",100100000168,169,"Debit","RuPay","Active","Reliance Fresh","Grocery","Chennai","POS",38219.51,"Success"
2648,"2026-03-20 02:59:43",107,"Nitin Chauhan",100100000209,210,"Debit","Visa","Active","Reliance Digital","Electronics","Gurugram","Online",31231.23,"Success"
2649,"2026-06-16 11:04:48",59,"Nitin Nair",100100000058,59,"Debit","RuPay","Active","SBI ATM","ATM","Noida","ATM",33278.69,"Success"
2650,"2024-07-31 23:16:19",104,"Harsh Pandey",100100000103,104,"Debit","RuPay","Active","Zomato","Food","Hyderabad","Online",20231.92,"Reversed"
2651,"2022-04-15 19:07:10",136,"Priya Sharma",100100000135,136,"Debit","RuPay","Active","Zomato","Food","Delhi","Online",43491.36,"Success"
2652,"2024-01-28 00:22:42",127,"Anjali Verma",100100000126,127,"Debit","Visa","Active","SBI ATM","ATM","Ahmedabad","ATM",40800.71,"Success"
2653,"2023-08-16 23:39:44",138,"Sakshi Chauhan",100100000247,248,"Credit","MasterCard","Active","BookMyShow","Entertainment","Noida","Online",2851.71,"Success"
2654,"2022-07-22 21:51:30",14,"Sneha Nair",100100000013,14,"Debit","RuPay","Active","BookMyShow","Entertainment","Mumbai","Contactless",34014.29,"Reversed"
2655,"2022-12-19 20:28:08",195,"Amit Agarwal",100100000279,280,"Credit","Visa","Active","Zomato","Food","Mumbai","POS",39026.55,"Success"
2656,"2026-04-14 12:34:36",186,"Neha Gupta",100100000185,186,"Debit","Visa","Active","Myntra","Fashion","Hyderabad","Online",41972.25,"Success"
2657,"2022-05-21 01:26:37",33,"Deepak Jain",100100000032,33,"Debit","RuPay","Active","Myntra","Fashion","Chennai","Contactless",1870.60,"Success"
2658,"2024-05-03 07:15:18",23,"Asha Agarwal",100100000022,23,"Debit","Visa","Blocked","Flipkart","Shopping","Hyderabad","Online",32650.90,"Success"
2659,"2025-08-31 13:59:08",178,"Arjun Kumar",100100000177,178,"Debit","Visa","Active","IRCTC","Travel","Gurugram","POS",36384.51,"Success"
2660,"2023-11-27 13:22:58",194,"Harsh Agarwal",100100000257,258,"Credit","Visa","Active","Apollo Pharmacy","Healthcare","Kolkata","Online",22854.85,"Success"
2661,"2023-01-13 23:34:24",55,"Vikas Kumar",100100000229,230,"Credit","MasterCard","Active","HP Petrol Pump","Fuel","Noida","Contactless",8794.16,"Success"
2662,"2022-03-07 16:42:38",99,"Komal Jain",100100000098,99,"Debit","RuPay","Active","BookMyShow","Entertainment","Jaipur","Online",29147.90,"Success"
2663,"2026-04-17 10:25:13",32,"Ankit Reddy",100100000031,32,"Debit","Visa","Active","IRCTC","Travel","Gurugram","POS",27410.77,"Success"
2664,"2026-03-19 07:21:14",18,"Vivek Verma",100100000017,18,"Debit","Visa","Lost","Zomato","Food","Gurugram","POS",40287.99,"Success"
2665,"2024-08-20 06:41:01",124,"Asha Sinha",100100000123,124,"Debit","RuPay","Active","Myntra","Fashion","Jaipur","POS",46197.39,"Success"
2666,"2026-05-18 06:12:35",11,"Komal Pandey",100100000010,11,"Debit","Visa","Active","IRCTC","Travel","Pune","Contactless",17668.05,"Success"
2667,"2022-05-11 15:56:21",6,"Meena Singh",100100000005,6,"Debit","Visa","Expired","BookMyShow","Entertainment","Kolkata","POS",17646.64,"Success"
2668,"2023-11-15 05:46:49",142,"Rahul Sinha",100100000141,142,"Debit","Visa","Active","Apollo Pharmacy","Healthcare","Chennai","Online",36015.34,"Success"
2669,"2023-03-29 10:26:30",29,"Mohit Yadav",100100000028,29,"Debit","Visa","Active","Myntra","Fashion","Ahmedabad","POS",44871.69,"Success"
2670,"2024-02-26 17:58:56",197,"Rajesh Yadav",100100000223,224,"Credit","MasterCard","Active","Amazon India","Shopping","Jaipur","Contactless",20237.92,"Success"
2671,"2022-11-01 14:12:20",72,"Anjali Singh",100100000071,72,"Debit","RuPay","Lost","Indian Oil","Fuel","Noida","POS",11060.63,"Success"
2672,"2022-12-26 21:43:32",149,"Anjali Mishra",100100000270,271,"Credit","MasterCard","Active","DMart","Grocery","Bengaluru","Online",6110.40,"Success"
2673,"2025-03-26 14:52:38",142,"Rahul Sinha",100100000141,142,"Debit","Visa","Active","Zomato","Food","Noida","POS",28853.39,"Success"
2674,"2024-05-09 02:30:07",121,"Manish Agarwal",100100000120,121,"Debit","Visa","Active","Indian Oil","Fuel","Pune","POS",8024.86,"Success"
2675,"2025-05-21 20:02:03",85,"Kavita Nair",100100000084,85,"Debit","Visa","Active","Reliance Fresh","Grocery","Mumbai","Contactless",13601.60,"Success"
2676,"2023-06-13 01:42:44",36,"Sakshi Agarwal",100100000035,36,"Debit","Visa","Active","DMart","Grocery","Bengaluru","POS",28549.24,"Success"
2677,"2025-12-31 07:03:35",192,"Deepak Reddy",100100000191,192,"Debit","Visa","Active","Apollo Pharmacy","Healthcare","Noida","POS",11189.68,"Failed"
2678,"2023-07-21 18:24:52",93,"Arjun Sinha",100100000092,93,"Debit","RuPay","Blocked","Reliance Fresh","Grocery","Kolkata","Online",3729.99,"Success"
2679,"2023-02-05 04:49:14",124,"Asha Sinha",100100000214,215,"Debit","Visa","Active","Apollo Pharmacy","Healthcare","Pune","POS",36870.22,"Success"
2680,"2024-03-23 20:32:23",164,"Shreya Sinha",100100000163,164,"Debit","Visa","Active","Amazon India","Shopping","Pune","POS",11836.06,"Failed"
2681,"2022-06-24 07:23:11",124,"Asha Sinha",100100000123,124,"Debit","RuPay","Active","Dominos","Food","Ahmedabad","Contactless",44087.88,"Success"
2682,"2025-09-05 05:07:13",132,"Karan Chauhan",100100000131,132,"Debit","RuPay","Active","SBI ATM","ATM","Bengaluru","ATM",3762.87,"Failed"
2683,"2026-01-19 04:14:49",116,"Riya Sinha",100100000115,116,"Debit","RuPay","Active","Big Bazaar","Grocery","Jaipur","Contactless",34530.79,"Success"
2684,"2024-01-15 21:39:27",12,"Vivek Mishra",100100000011,12,"Debit","Visa","Active","Amazon India","Shopping","Jaipur","POS",8916.14,"Reversed"
2685,"2026-06-07 19:41:24",79,"Vikas Agarwal",100100000078,79,"Debit","Visa","Active","BookMyShow","Entertainment","Bengaluru","Contactless",20677.49,"Success"
2686,"2023-07-18 13:15:31",48,"Divya Yadav",100100000047,48,"Debit","RuPay","Active","SBI ATM","ATM","Hyderabad","ATM",35602.45,"Success"
2687,"2025-04-07 07:47:49",114,"Harsh Reddy",100100000205,206,"Debit","RuPay","Active","PVR Cinemas","Entertainment","Bengaluru","POS",3851.61,"Failed"
2688,"2025-09-17 11:06:53",167,"Mohit Jain",100100000230,231,"Credit","Visa","Blocked","Zomato","Food","Jaipur","Online",13997.06,"Success"
2689,"2022-04-17 07:05:48",69,"Ritu Pandey",100100000245,246,"Credit","MasterCard","Active","PVR Cinemas","Entertainment","Ahmedabad","POS",29762.89,"Success"
2690,"2023-11-18 04:56:12",46,"Priya Mishra",100100000222,223,"Credit","Visa","Active","SBI ATM","ATM","Bengaluru","ATM",42324.89,"Success"
2691,"2023-06-14 04:14:13",193,"Vikas Verma",100100000192,193,"Debit","RuPay","Active","SBI ATM","ATM","Delhi","ATM",30212.49,"Success"
2692,"2025-10-08 14:42:33",178,"Arjun Kumar",100100000208,209,"Debit","RuPay","Active","Croma","Electronics","Chennai","Contactless",47375.88,"Success"
2693,"2023-11-17 06:18:25",24,"Riya Patel",100100000023,24,"Debit","Visa","Active","SBI ATM","ATM","Hyderabad","ATM",1776.34,"Success"
2694,"2023-07-18 12:10:52",134,"Nitin Sharma",100100000200,201,"Debit","RuPay","Active","Myntra","Fashion","Bengaluru","Contactless",11548.62,"Success"
2695,"2023-02-10 02:51:22",86,"Komal Verma",100100000276,277,"Credit","Visa","Active","IRCTC","Travel","Lucknow","Contactless",38406.68,"Success"
2696,"2023-01-21 12:11:49",195,"Amit Agarwal",100100000279,280,"Credit","Visa","Active","Amazon India","Shopping","Gurugram","Online",40553.22,"Success"
2697,"2024-05-26 15:13:21",4,"Ankit Chauhan",100100000003,4,"Debit","Visa","Active","Reliance Digital","Electronics","Jaipur","POS",44994.29,"Success"
2698,"2022-05-15 23:53:41",82,"Meena Gupta",100100000081,82,"Debit","RuPay","Active","Apollo Pharmacy","Healthcare","Hyderabad","Online",45012.18,"Success"
2699,"2023-10-13 16:37:54",81,"Karan Reddy",100100000080,81,"Debit","RuPay","Active","Dominos","Food","Ahmedabad","Contactless",42923.91,"Success"
2700,"2025-12-21 16:29:21",86,"Komal Verma",100100000085,86,"Debit","Visa","Active","HP Petrol Pump","Fuel","Pune","Contactless",23678.18,"Success"
2701,"2023-03-25 21:35:30",105,"Mohit Agarwal",100100000104,105,"Debit","Visa","Active","Big Bazaar","Grocery","Delhi","Contactless",36782.15,"Success"
2702,"2023-01-07 13:36:57",95,"Rahul Kumar",100100000241,242,"Credit","Visa","Expired","BookMyShow","Entertainment","Lucknow","POS",33427.69,"Failed"
2703,"2025-01-21 10:49:25",186,"Neha Gupta",100100000185,186,"Debit","Visa","Active","Myntra","Fashion","Pune","POS",28926.44,"Success"
2704,"2022-02-27 03:31:09",77,"Anjali Mishra",100100000243,244,"Credit","Visa","Active","DMart","Grocery","Ahmedabad","Online",12475.52,"Success"
2705,"2022-01-24 18:20:36",106,"Arjun Nair",100100000105,106,"Debit","RuPay","Active","Zomato","Food","Kolkata","Online",10948.88,"Success"
2706,"2022-05-26 16:28:42",30,"Vikas Gupta",100100000221,222,"Credit","Visa","Active","Swiggy","Food","Kolkata","Contactless",48254.20,"Success"
2707,"2022-03-08 01:11:58",61,"Sakshi Pandey",100100000224,225,"Credit","MasterCard","Active","Dominos","Food","Mumbai","POS",8366.45,"Success"
2708,"2024-10-17 02:24:42",187,"Karan Chauhan",100100000186,187,"Debit","RuPay","Active","Amazon India","Shopping","Mumbai","Contactless",33162.73,"Success"
2709,"2024-09-25 20:54:43",71,"Sakshi Reddy",100100000070,71,"Debit","Visa","Active","Amazon India","Shopping","Gurugram","POS",16899.94,"Failed"
2710,"2024-04-14 02:44:08",144,"Rahul Mishra",100100000143,144,"Debit","RuPay","Active","PVR Cinemas","Entertainment","Mumbai","Contactless",579.79,"Success"
2711,"2022-02-19 20:32:02",75,"Neha Chauhan",100100000250,251,"Credit","Visa","Active","DMart","Grocery","Noida","Contactless",5731.73,"Success"
2712,"2024-12-03 13:14:30",167,"Mohit Jain",100100000166,167,"Debit","RuPay","Active","Reliance Fresh","Grocery","Kolkata","POS",35049.74,"Success"
2713,"2022-09-03 15:45:34",116,"Riya Sinha",100100000115,116,"Debit","RuPay","Active","Amazon India","Shopping","Pune","Contactless",24143.85,"Success"
2714,"2024-06-27 05:14:17",146,"Manish Agarwal",100100000145,146,"Debit","RuPay","Lost","HP Petrol Pump","Fuel","Noida","Online",11728.57,"Success"
2715,"2025-01-06 21:41:21",107,"Nitin Chauhan",100100000106,107,"Debit","RuPay","Active","Indian Oil","Fuel","Pune","Online",19361.14,"Success"
2716,"2023-02-19 05:54:49",77,"Anjali Mishra",100100000076,77,"Debit","Visa","Active","Amazon India","Shopping","Delhi","Contactless",22556.75,"Success"
2717,"2025-01-28 08:19:03",146,"Manish Agarwal",100100000145,146,"Debit","RuPay","Lost","Myntra","Fashion","Pune","Contactless",32619.64,"Success"
2718,"2023-10-16 11:32:05",186,"Neha Gupta",100100000185,186,"Debit","Visa","Active","Myntra","Fashion","Hyderabad","POS",4048.87,"Success"
2719,"2024-09-19 23:23:05",58,"Kavita Sharma",100100000057,58,"Debit","Visa","Active","Flipkart","Shopping","Jaipur","POS",6935.67,"Success"
2720,"2022-01-23 17:42:39",51,"Rohit Yadav",100100000050,51,"Debit","RuPay","Active","Croma","Electronics","Lucknow","Contactless",2141.93,"Success"
2721,"2023-12-02 03:10:39",42,"Pooja Gupta",100100000041,42,"Debit","RuPay","Active","DMart","Grocery","Kolkata","Contactless",13232.54,"Success"
2722,"2026-02-04 18:32:18",5,"Amit Reddy",100100000234,235,"Credit","MasterCard","Active","DMart","Grocery","Ahmedabad","Online",8567.96,"Success"
2723,"2022-07-26 11:54:04",77,"Anjali Mishra",100100000278,279,"Credit","MasterCard","Active","Amazon India","Shopping","Bengaluru","Online",26887.33,"Success"
2724,"2026-02-10 16:34:42",158,"Suresh Verma",100100000157,158,"Debit","Visa","Active","Starbucks","Cafe","Hyderabad","Contactless",30353.65,"Success"
2725,"2023-04-13 01:53:47",55,"Vikas Kumar",100100000229,230,"Credit","MasterCard","Active","HP Petrol Pump","Fuel","Ahmedabad","Online",35165.06,"Success"
2726,"2026-05-08 19:37:35",111,"Shreya Singh",100100000204,205,"Debit","RuPay","Active","Indian Oil","Fuel","Chennai","Contactless",2867.11,"Success"
2727,"2022-02-03 11:14:04",142,"Rahul Sinha",100100000141,142,"Debit","Visa","Active","Zomato","Food","Jaipur","POS",46311.79,"Success"
2728,"2025-02-03 11:50:43",29,"Mohit Yadav",100100000028,29,"Debit","Visa","Active","Reliance Fresh","Grocery","Jaipur","POS",4350.72,"Failed"
2729,"2022-02-16 20:00:15",157,"Meena Mishra",100100000156,157,"Debit","RuPay","Active","Starbucks","Cafe","Chennai","Online",12519.71,"Success"
2730,"2024-11-12 02:26:15",65,"Amit Sharma",100100000064,65,"Debit","Visa","Active","Apollo Pharmacy","Healthcare","Ahmedabad","POS",47424.80,"Success"
2731,"2024-04-24 13:52:49",191,"Asha Sharma",100100000248,249,"Credit","Visa","Active","Flipkart","Shopping","Chennai","Contactless",298.08,"Success"
2732,"2025-07-13 11:38:22",82,"Meena Gupta",100100000202,203,"Debit","Visa","Active","Amazon India","Shopping","Kolkata","Online",30774.25,"Success"
2733,"2025-01-11 13:46:29",193,"Vikas Verma",100100000242,243,"Credit","MasterCard","Active","PVR Cinemas","Entertainment","Noida","Contactless",32751.84,"Success"
2734,"2026-04-29 02:20:14",15,"Riya Yadav",100100000014,15,"Debit","RuPay","Active","HP Petrol Pump","Fuel","Delhi","Contactless",31381.87,"Success"
2735,"2026-03-30 06:27:55",3,"Amit Kumar",100100000240,241,"Credit","MasterCard","Active","Big Bazaar","Grocery","Noida","POS",14310.12,"Success"
2736,"2023-10-06 09:28:46",114,"Harsh Reddy",100100000113,114,"Debit","Visa","Active","Reliance Fresh","Grocery","Jaipur","Online",48508.71,"Success"
2737,"2022-05-23 16:15:12",107,"Nitin Chauhan",100100000106,107,"Debit","RuPay","Active","Reliance Fresh","Grocery","Gurugram","Online",26910.06,"Success"
2738,"2023-01-28 00:28:54",3,"Amit Kumar",100100000240,241,"Credit","MasterCard","Active","Myntra","Fashion","Bengaluru","POS",15641.80,"Success"
2739,"2025-07-30 07:06:39",90,"Sakshi Jain",100100000089,90,"Debit","Visa","Active","DMart","Grocery","Hyderabad","Contactless",30454.87,"Success"
2740,"2025-08-26 06:52:12",119,"Meena Yadav",100100000118,119,"Debit","Visa","Active","HP Petrol Pump","Fuel","Chennai","POS",32443.75,"Success"
2741,"2024-10-23 16:57:39",15,"Riya Yadav",100100000014,15,"Debit","RuPay","Active","Lifestyle","Fashion","Mumbai","Contactless",38617.38,"Success"
2742,"2025-06-19 14:03:57",27,"Sakshi Sinha",100100000026,27,"Debit","RuPay","Active","Swiggy","Food","Pune","Contactless",23898.27,"Success"
2743,"2024-11-15 04:45:50",129,"Priya Gupta",100100000128,129,"Debit","Visa","Active","Flipkart","Shopping","Mumbai","Contactless",46709.73,"Success"
2744,"2023-01-10 03:31:37",98,"Suresh Sharma",100100000097,98,"Debit","RuPay","Active","Swiggy","Food","Jaipur","Contactless",13204.96,"Success"
2745,"2023-10-14 05:03:15",97,"Riya Kumar",100100000096,97,"Debit","RuPay","Active","Swiggy","Food","Bengaluru","POS",26614.66,"Success"
2746,"2022-12-06 03:50:22",78,"Sneha Verma",100100000216,217,"Debit","Visa","Lost","Amazon India","Shopping","Gurugram","Contactless",41096.93,"Success"
2747,"2023-06-23 01:18:24",124,"Asha Sinha",100100000214,215,"Debit","Visa","Active","Reliance Digital","Electronics","Chennai","Contactless",31346.55,"Success"
2748,"2023-10-11 03:34:07",58,"Kavita Sharma",100100000057,58,"Debit","Visa","Active","Reliance Digital","Electronics","Gurugram","Contactless",24533.49,"Success"
2749,"2025-10-22 21:32:25",72,"Anjali Singh",100100000217,218,"Debit","Visa","Active","Flipkart","Shopping","Kolkata","Online",22735.80,"Reversed"
2750,"2023-11-29 03:49:16",193,"Vikas Verma",100100000192,193,"Debit","RuPay","Active","Indian Oil","Fuel","Kolkata","Online",13484.56,"Success"
2751,"2024-12-01 09:12:11",73,"Karan Yadav",100100000072,73,"Debit","Visa","Active","Croma","Electronics","Pune","Contactless",43755.08,"Success"
2752,"2025-09-17 12:56:57",168,"Meena Gupta",100100000167,168,"Debit","Visa","Active","Swiggy","Food","Mumbai","Contactless",47948.54,"Success"
2753,"2023-02-11 06:51:35",132,"Karan Chauhan",100100000131,132,"Debit","RuPay","Active","PVR Cinemas","Entertainment","Chennai","Contactless",16501.92,"Success"
2754,"2023-10-28 13:41:00",19,"Vikas Yadav",100100000018,19,"Debit","Visa","Active","Dominos","Food","Gurugram","Online",6364.48,"Success"
2755,"2026-01-11 04:59:25",118,"Sneha Singh",100100000117,118,"Debit","RuPay","Active","Reliance Fresh","Grocery","Ahmedabad","POS",15820.08,"Failed"
2756,"2025-04-12 18:10:44",45,"Vikas Patel",100100000044,45,"Debit","RuPay","Active","Croma","Electronics","Lucknow","POS",18481.20,"Success"
2757,"2024-04-19 03:09:01",94,"Shreya Mishra",100100000264,265,"Credit","MasterCard","Active","BookMyShow","Entertainment","Mumbai","POS",10299.62,"Success"
2834,"2023-10-11 06:52:03",51,"Rohit Yadav",100100000206,207,"Debit","RuPay","Active","SBI ATM","ATM","Bengaluru","ATM",32737.92,"Success"
2758,"2022-11-21 03:50:51",112,"Mohit Mishra",100100000111,112,"Debit","Visa","Active","Apollo Pharmacy","Healthcare","Bengaluru","Contactless",46788.86,"Success"
2759,"2025-10-03 05:23:58",107,"Nitin Chauhan",100100000106,107,"Debit","RuPay","Active","Swiggy","Food","Gurugram","Online",22923.74,"Success"
2760,"2023-11-28 20:04:50",41,"Vivek Patel",100100000040,41,"Debit","Visa","Active","Reliance Digital","Electronics","Mumbai","Online",38652.33,"Success"
2761,"2022-08-12 00:14:32",23,"Asha Agarwal",100100000022,23,"Debit","Visa","Blocked","BookMyShow","Entertainment","Bengaluru","Online",38036.92,"Success"
2762,"2025-10-30 02:20:50",48,"Divya Yadav",100100000047,48,"Debit","RuPay","Active","SBI ATM","ATM","Gurugram","ATM",12768.89,"Success"
2763,"2022-03-29 17:42:39",78,"Sneha Verma",100100000216,217,"Debit","Visa","Lost","Swiggy","Food","Gurugram","Online",49771.91,"Success"
2764,"2024-01-01 16:16:44",82,"Meena Gupta",100100000081,82,"Debit","RuPay","Active","Flipkart","Shopping","Lucknow","Contactless",35042.68,"Success"
2765,"2022-05-24 15:38:15",36,"Sakshi Agarwal",100100000035,36,"Debit","Visa","Active","Croma","Electronics","Kolkata","Online",25712.53,"Success"
2766,"2025-03-23 13:59:42",188,"Nitin Jain",100100000187,188,"Debit","Visa","Active","Dominos","Food","Ahmedabad","Contactless",41528.15,"Success"
2767,"2026-02-01 16:26:05",41,"Vivek Patel",100100000040,41,"Debit","Visa","Active","Myntra","Fashion","Ahmedabad","Contactless",45395.02,"Success"
2768,"2024-05-03 00:25:52",42,"Pooja Gupta",100100000041,42,"Debit","RuPay","Active","Flipkart","Shopping","Kolkata","POS",15787.76,"Success"
2769,"2022-07-11 15:00:51",77,"Anjali Mishra",100100000243,244,"Credit","Visa","Active","Flipkart","Shopping","Noida","Contactless",5851.86,"Success"
2770,"2022-05-25 14:53:25",51,"Rohit Yadav",100100000050,51,"Debit","RuPay","Active","Big Bazaar","Grocery","Ahmedabad","POS",29579.54,"Success"
2771,"2026-01-29 15:06:13",72,"Anjali Singh",100100000217,218,"Debit","Visa","Active","Croma","Electronics","Delhi","POS",18695.95,"Success"
2772,"2025-03-29 12:15:36",189,"Rajesh Pandey",100100000254,255,"Credit","MasterCard","Active","Zomato","Food","Noida","Contactless",37674.72,"Success"
2773,"2025-01-10 04:28:36",2,"Neha Gupta",100100000001,2,"Debit","Visa","Active","Myntra","Fashion","Noida","Contactless",47597.29,"Success"
2774,"2022-08-29 07:30:44",17,"Komal Patel",100100000275,276,"Credit","MasterCard","Active","Reliance Fresh","Grocery","Gurugram","POS",44054.04,"Success"
2775,"2022-10-13 20:29:55",192,"Deepak Reddy",100100000228,229,"Credit","Visa","Active","Reliance Fresh","Grocery","Pune","POS",19026.38,"Success"
2776,"2025-06-13 04:01:06",146,"Manish Agarwal",100100000145,146,"Debit","RuPay","Lost","Indian Oil","Fuel","Bengaluru","Contactless",41473.50,"Success"
2777,"2025-09-03 17:56:42",163,"Anjali Gupta",100100000212,213,"Debit","Visa","Active","Indian Oil","Fuel","Pune","POS",42242.35,"Success"
2778,"2022-03-16 05:36:42",25,"Riya Reddy",100100000024,25,"Debit","RuPay","Active","Starbucks","Cafe","Noida","Online",48274.24,"Success"
2779,"2022-12-08 03:21:34",193,"Vikas Verma",100100000203,204,"Debit","RuPay","Active","Lifestyle","Fashion","Delhi","POS",24978.14,"Success"
2780,"2024-04-01 17:21:03",157,"Meena Mishra",100100000156,157,"Debit","RuPay","Active","HP Petrol Pump","Fuel","Chennai","Contactless",43511.28,"Failed"
2781,"2024-01-12 04:51:54",5,"Amit Reddy",100100000004,5,"Debit","Visa","Active","Indian Oil","Fuel","Ahmedabad","Online",47325.14,"Success"
2782,"2024-03-05 13:30:14",31,"Suresh Verma",100100000030,31,"Debit","Visa","Active","Reliance Digital","Electronics","Mumbai","Contactless",6948.13,"Success"
2783,"2025-07-03 19:10:16",75,"Neha Chauhan",100100000074,75,"Debit","RuPay","Active","HP Petrol Pump","Fuel","Kolkata","Online",10867.26,"Success"
2784,"2025-01-16 23:25:15",14,"Sneha Nair",100100000013,14,"Debit","RuPay","Active","HP Petrol Pump","Fuel","Ahmedabad","Contactless",15571.97,"Success"
2785,"2022-06-20 04:49:55",181,"Arjun Singh",100100000180,181,"Debit","RuPay","Active","Amazon India","Shopping","Kolkata","Contactless",18412.78,"Success"
2786,"2022-07-27 08:19:02",174,"Meena Verma",100100000173,174,"Debit","RuPay","Active","BookMyShow","Entertainment","Chennai","POS",16602.56,"Failed"
2787,"2024-09-16 06:30:04",198,"Suresh Singh",100100000197,198,"Debit","RuPay","Active","Starbucks","Cafe","Pune","Contactless",26187.32,"Failed"
2788,"2023-01-17 11:40:29",75,"Neha Chauhan",100100000250,251,"Credit","Visa","Active","Apollo Pharmacy","Healthcare","Mumbai","POS",7988.64,"Success"
2789,"2022-04-06 02:00:30",145,"Nidhi Nair",100100000144,145,"Debit","Visa","Active","DMart","Grocery","Mumbai","Online",31342.81,"Success"
2790,"2022-11-13 23:58:57",55,"Vikas Kumar",100100000229,230,"Credit","MasterCard","Active","SBI ATM","ATM","Delhi","ATM",2880.88,"Success"
2791,"2022-07-25 21:09:20",132,"Karan Chauhan",100100000131,132,"Debit","RuPay","Active","Zomato","Food","Mumbai","POS",38155.27,"Success"
2792,"2025-11-27 06:14:38",55,"Vikas Kumar",100100000261,262,"Credit","Visa","Active","Reliance Fresh","Grocery","Ahmedabad","Online",45843.94,"Success"
2793,"2024-02-08 05:57:58",148,"Harsh Sharma",100100000147,148,"Debit","RuPay","Active","Reliance Digital","Electronics","Kolkata","Contactless",27382.29,"Success"
2794,"2024-06-03 02:03:15",188,"Nitin Jain",100100000266,267,"Credit","MasterCard","Active","Big Bazaar","Grocery","Kolkata","Contactless",27259.17,"Success"
2795,"2024-10-31 09:35:17",143,"Rohit Mishra",100100000252,253,"Credit","MasterCard","Active","Croma","Electronics","Bengaluru","Online",22345.21,"Success"
2796,"2026-05-26 09:08:26",68,"Vikas Patel",100100000067,68,"Debit","Visa","Active","Zomato","Food","Mumbai","Contactless",46028.07,"Success"
2797,"2026-01-27 08:11:45",92,"Ritu Chauhan",100100000249,250,"Credit","MasterCard","Active","IRCTC","Travel","Noida","POS",21412.63,"Success"
2798,"2024-07-12 04:03:19",111,"Shreya Singh",100100000220,221,"Credit","Visa","Active","SBI ATM","ATM","Jaipur","ATM",7238.28,"Success"
2799,"2025-12-24 03:51:51",138,"Sakshi Chauhan",100100000137,138,"Debit","RuPay","Active","Croma","Electronics","Jaipur","Contactless",2275.68,"Reversed"
2800,"2025-05-25 18:27:31",51,"Rohit Yadav",100100000050,51,"Debit","RuPay","Active","Starbucks","Cafe","Jaipur","Contactless",44003.83,"Success"
2801,"2022-12-13 03:38:27",58,"Kavita Sharma",100100000057,58,"Debit","Visa","Active","DMart","Grocery","Delhi","POS",6403.65,"Success"
2802,"2023-09-10 20:45:35",77,"Anjali Mishra",100100000278,279,"Credit","MasterCard","Active","Croma","Electronics","Mumbai","POS",26493.21,"Success"
2803,"2023-04-15 11:16:49",198,"Suresh Singh",100100000197,198,"Debit","RuPay","Active","Lifestyle","Fashion","Ahmedabad","Contactless",41999.55,"Success"
2804,"2025-09-14 10:44:33",167,"Mohit Jain",100100000166,167,"Debit","RuPay","Active","IRCTC","Travel","Gurugram","POS",48880.38,"Success"
2805,"2023-02-05 00:13:58",195,"Amit Agarwal",100100000194,195,"Debit","RuPay","Blocked","Reliance Digital","Electronics","Chennai","Online",28327.60,"Success"
2806,"2024-12-28 09:18:32",187,"Karan Chauhan",100100000186,187,"Debit","RuPay","Active","Big Bazaar","Grocery","Jaipur","POS",4186.89,"Success"
2807,"2024-03-16 20:37:47",77,"Anjali Mishra",100100000243,244,"Credit","Visa","Active","SBI ATM","ATM","Bengaluru","ATM",23879.18,"Success"
2808,"2025-09-25 21:28:34",98,"Suresh Sharma",100100000097,98,"Debit","RuPay","Active","Amazon India","Shopping","Hyderabad","Contactless",849.24,"Success"
2809,"2024-11-03 22:09:24",198,"Suresh Singh",100100000235,236,"Credit","MasterCard","Active","Reliance Digital","Electronics","Delhi","Contactless",7026.60,"Success"
2810,"2024-07-26 19:53:28",196,"Manish Chauhan",100100000195,196,"Debit","Visa","Active","Reliance Digital","Electronics","Kolkata","Contactless",27113.96,"Success"
2811,"2022-01-31 09:35:11",69,"Ritu Pandey",100100000245,246,"Credit","MasterCard","Active","Croma","Electronics","Jaipur","POS",25978.55,"Success"
2812,"2025-12-20 16:38:33",13,"Nitin Yadav",100100000012,13,"Debit","RuPay","Active","Amazon India","Shopping","Hyderabad","POS",19788.98,"Success"
2813,"2022-01-11 21:02:08",146,"Manish Agarwal",100100000145,146,"Debit","RuPay","Lost","IRCTC","Travel","Jaipur","Online",46807.97,"Success"
2814,"2023-08-31 09:07:08",109,"Kavita Jain",100100000108,109,"Debit","Visa","Active","DMart","Grocery","Ahmedabad","Contactless",10330.56,"Success"
2815,"2025-12-24 09:05:47",198,"Suresh Singh",100100000197,198,"Debit","RuPay","Active","Lifestyle","Fashion","Lucknow","Contactless",38374.45,"Success"
2816,"2023-04-19 13:30:27",46,"Priya Mishra",100100000222,223,"Credit","Visa","Active","Swiggy","Food","Jaipur","Contactless",46050.38,"Success"
2817,"2026-01-25 02:18:32",48,"Divya Yadav",100100000047,48,"Debit","RuPay","Active","Apollo Pharmacy","Healthcare","Noida","Contactless",22404.30,"Success"
2818,"2025-01-21 00:58:48",169,"Rahul Pandey",100100000168,169,"Debit","RuPay","Active","Flipkart","Shopping","Jaipur","POS",30443.72,"Success"
2819,"2025-04-27 04:23:02",143,"Rohit Mishra",100100000277,278,"Credit","Visa","Active","Big Bazaar","Grocery","Gurugram","Contactless",47959.18,"Success"
2820,"2025-12-30 00:17:07",194,"Harsh Agarwal",100100000257,258,"Credit","Visa","Active","Big Bazaar","Grocery","Noida","Contactless",18319.51,"Success"
2821,"2025-06-14 04:12:53",179,"Ritu Mishra",100100000178,179,"Debit","Visa","Active","HP Petrol Pump","Fuel","Hyderabad","Online",12310.03,"Success"
2822,"2025-05-29 15:25:10",176,"Rohit Sharma",100100000175,176,"Debit","RuPay","Active","Amazon India","Shopping","Noida","Contactless",17165.20,"Success"
2823,"2025-02-18 21:26:24",123,"Neha Patel",100100000122,123,"Debit","RuPay","Active","Croma","Electronics","Hyderabad","POS",31990.21,"Success"
2824,"2023-05-17 21:05:33",185,"Rahul Kumar",100100000184,185,"Debit","RuPay","Expired","Reliance Digital","Electronics","Mumbai","Online",16490.95,"Success"
2825,"2023-06-30 04:46:15",47,"Priya Sharma",100100000259,260,"Credit","MasterCard","Expired","SBI ATM","ATM","Lucknow","ATM",28270.65,"Success"
2826,"2025-07-06 22:50:57",102,"Asha Sinha",100100000268,269,"Credit","Visa","Active","Flipkart","Shopping","Gurugram","Online",5710.02,"Failed"
2827,"2022-12-07 01:44:36",191,"Asha Sharma",100100000190,191,"Debit","RuPay","Active","Reliance Fresh","Grocery","Chennai","POS",4221.69,"Success"
2828,"2024-03-08 14:49:24",177,"Riya Verma",100100000176,177,"Debit","RuPay","Blocked","Lifestyle","Fashion","Hyderabad","Contactless",20682.99,"Success"
2829,"2024-10-04 20:39:56",42,"Pooja Gupta",100100000267,268,"Credit","Visa","Active","Flipkart","Shopping","Jaipur","Contactless",46272.34,"Success"
2830,"2022-12-16 22:15:07",104,"Harsh Pandey",100100000103,104,"Debit","RuPay","Active","Big Bazaar","Grocery","Ahmedabad","POS",38067.90,"Success"
2831,"2023-10-05 15:34:13",55,"Vikas Kumar",100100000261,262,"Credit","Visa","Active","HP Petrol Pump","Fuel","Bengaluru","Online",20497.56,"Failed"
2832,"2023-02-06 16:30:54",78,"Sneha Verma",100100000216,217,"Debit","Visa","Lost","SBI ATM","ATM","Lucknow","ATM",39126.30,"Success"
2833,"2025-10-18 05:48:38",161,"Riya Singh",100100000160,161,"Debit","Visa","Active","PVR Cinemas","Entertainment","Kolkata","Online",44981.55,"Success"
2835,"2022-01-02 12:00:54",14,"Sneha Nair",100100000013,14,"Debit","RuPay","Active","Dominos","Food","Hyderabad","Online",22071.40,"Success"
2836,"2024-09-03 20:48:23",171,"Vikas Patel",100100000170,171,"Debit","RuPay","Active","BookMyShow","Entertainment","Mumbai","Online",23689.85,"Success"
2837,"2024-02-25 07:22:06",111,"Shreya Singh",100100000110,111,"Debit","Visa","Active","Zomato","Food","Pune","POS",19684.21,"Success"
2838,"2023-10-05 09:49:51",85,"Kavita Nair",100100000084,85,"Debit","Visa","Active","PVR Cinemas","Entertainment","Mumbai","Online",32426.01,"Success"
2839,"2026-03-02 21:39:57",186,"Neha Gupta",100100000185,186,"Debit","Visa","Active","Swiggy","Food","Mumbai","POS",31272.03,"Success"
2840,"2024-11-17 03:59:39",112,"Mohit Mishra",100100000111,112,"Debit","Visa","Active","Starbucks","Cafe","Ahmedabad","Contactless",25993.22,"Success"
2841,"2022-12-06 15:10:53",166,"Riya Singh",100100000165,166,"Debit","RuPay","Active","Flipkart","Shopping","Ahmedabad","Online",45075.39,"Success"
2842,"2024-05-06 18:29:04",167,"Mohit Jain",100100000166,167,"Debit","RuPay","Active","Reliance Fresh","Grocery","Jaipur","POS",41999.48,"Success"
2843,"2022-12-07 14:34:41",183,"Neha Nair",100100000244,245,"Credit","MasterCard","Active","Croma","Electronics","Pune","Contactless",47609.04,"Success"
2844,"2023-02-27 00:40:48",94,"Shreya Mishra",100100000274,275,"Credit","MasterCard","Active","Big Bazaar","Grocery","Ahmedabad","Online",9317.62,"Success"
2845,"2022-05-01 16:05:00",79,"Vikas Agarwal",100100000078,79,"Debit","Visa","Active","PVR Cinemas","Entertainment","Chennai","POS",19758.02,"Success"
2846,"2022-07-24 18:05:32",31,"Suresh Verma",100100000030,31,"Debit","Visa","Active","Big Bazaar","Grocery","Jaipur","Contactless",47238.30,"Success"
2847,"2025-03-13 12:21:23",163,"Anjali Gupta",100100000212,213,"Debit","Visa","Active","Croma","Electronics","Jaipur","POS",43547.35,"Failed"
2848,"2025-01-01 23:31:33",136,"Priya Sharma",100100000256,257,"Credit","MasterCard","Active","Indian Oil","Fuel","Bengaluru","Online",9049.17,"Success"
2849,"2024-05-03 17:57:54",72,"Anjali Singh",100100000217,218,"Debit","Visa","Active","PVR Cinemas","Entertainment","Ahmedabad","POS",45040.16,"Success"
2850,"2022-07-26 04:19:19",117,"Priya Patel",100100000116,117,"Debit","RuPay","Active","Starbucks","Cafe","Jaipur","Contactless",43558.55,"Success"
2851,"2024-08-27 15:32:34",92,"Ritu Chauhan",100100000091,92,"Debit","Visa","Active","Apollo Pharmacy","Healthcare","Kolkata","Contactless",43538.35,"Success"
2852,"2024-09-17 22:16:02",154,"Vikas Sharma",100100000153,154,"Debit","Visa","Active","Swiggy","Food","Pune","Contactless",45441.49,"Success"
2853,"2023-02-10 21:36:48",120,"Nidhi Agarwal",100100000119,120,"Debit","RuPay","Active","Reliance Fresh","Grocery","Gurugram","Contactless",40362.23,"Success"
2854,"2023-02-07 09:59:34",48,"Divya Yadav",100100000047,48,"Debit","RuPay","Active","Reliance Fresh","Grocery","Hyderabad","Contactless",18416.74,"Reversed"
2855,"2025-08-15 22:30:48",13,"Nitin Yadav",100100000012,13,"Debit","RuPay","Active","Reliance Fresh","Grocery","Lucknow","Online",42782.26,"Success"
2856,"2026-06-10 05:07:47",24,"Riya Patel",100100000023,24,"Debit","Visa","Active","PVR Cinemas","Entertainment","Gurugram","POS",14609.77,"Success"
2857,"2023-07-15 11:56:12",66,"Harsh Sinha",100100000065,66,"Debit","Visa","Active","Apollo Pharmacy","Healthcare","Delhi","Contactless",6520.16,"Success"
2858,"2025-02-17 17:18:41",54,"Meena Singh",100100000269,270,"Credit","MasterCard","Active","Reliance Digital","Electronics","Kolkata","Contactless",9351.10,"Reversed"
2859,"2025-01-05 14:43:28",197,"Rajesh Yadav",100100000223,224,"Credit","MasterCard","Active","Flipkart","Shopping","Hyderabad","POS",14133.13,"Success"
2860,"2026-01-08 05:17:18",55,"Vikas Kumar",100100000229,230,"Credit","MasterCard","Active","Big Bazaar","Grocery","Pune","Contactless",48501.91,"Success"
2861,"2022-02-11 23:46:11",183,"Neha Nair",100100000244,245,"Credit","MasterCard","Active","BookMyShow","Entertainment","Gurugram","Online",44468.93,"Success"
2862,"2023-03-10 18:15:45",181,"Arjun Singh",100100000180,181,"Debit","RuPay","Active","Amazon India","Shopping","Ahmedabad","POS",32084.78,"Success"
2863,"2024-11-13 06:05:16",102,"Asha Sinha",100100000268,269,"Credit","Visa","Active","Croma","Electronics","Lucknow","Online",3634.12,"Success"
2864,"2024-05-02 07:56:22",193,"Vikas Verma",100100000192,193,"Debit","RuPay","Active","Flipkart","Shopping","Noida","Contactless",27477.49,"Success"
2865,"2026-01-04 20:59:39",152,"Mohit Mishra",100100000151,152,"Debit","Visa","Active","Flipkart","Shopping","Lucknow","POS",33483.17,"Success"
2866,"2023-05-29 11:35:01",170,"Manish Verma",100100000169,170,"Debit","Visa","Active","Amazon India","Shopping","Hyderabad","POS",32433.95,"Success"
2867,"2023-03-19 07:36:19",185,"Rahul Kumar",100100000184,185,"Debit","RuPay","Expired","Apollo Pharmacy","Healthcare","Bengaluru","Contactless",43010.61,"Success"
2868,"2024-02-15 13:31:40",21,"Anjali Yadav",100100000020,21,"Debit","RuPay","Active","Dominos","Food","Jaipur","POS",13174.72,"Success"
2869,"2022-08-22 18:18:37",161,"Riya Singh",100100000160,161,"Debit","Visa","Active","Dominos","Food","Chennai","Contactless",8015.31,"Success"
2870,"2026-07-04 16:53:28",175,"Pooja Jain",100100000174,175,"Debit","RuPay","Active","Apollo Pharmacy","Healthcare","Bengaluru","POS",20431.62,"Success"
2871,"2026-04-29 09:39:27",163,"Anjali Gupta",100100000212,213,"Debit","Visa","Active","Flipkart","Shopping","Chennai","Contactless",47120.27,"Success"
2872,"2025-12-12 13:10:29",111,"Shreya Singh",100100000220,221,"Credit","Visa","Active","SBI ATM","ATM","Mumbai","ATM",45352.90,"Success"
2873,"2023-11-19 00:39:27",37,"Neha Pandey",100100000036,37,"Debit","RuPay","Active","Myntra","Fashion","Gurugram","Online",25410.26,"Success"
2874,"2024-10-24 20:52:05",69,"Ritu Pandey",100100000068,69,"Debit","Visa","Active","Amazon India","Shopping","Lucknow","POS",12546.36,"Success"
2875,"2026-04-11 01:09:25",51,"Rohit Yadav",100100000050,51,"Debit","RuPay","Active","IRCTC","Travel","Pune","Online",16400.81,"Success"
2876,"2022-03-15 13:32:13",60,"Rahul Sinha",100100000059,60,"Debit","Visa","Active","Apollo Pharmacy","Healthcare","Hyderabad","POS",15675.59,"Success"
2877,"2026-05-26 00:28:42",106,"Arjun Nair",100100000105,106,"Debit","RuPay","Active","BookMyShow","Entertainment","Bengaluru","Contactless",48507.08,"Success"
2878,"2025-10-26 15:27:33",73,"Karan Yadav",100100000226,227,"Credit","MasterCard","Active","BookMyShow","Entertainment","Chennai","Online",44744.27,"Success"
2879,"2026-02-07 18:55:44",82,"Meena Gupta",100100000081,82,"Debit","RuPay","Active","Indian Oil","Fuel","Pune","Online",5175.34,"Success"
2880,"2024-04-12 01:11:47",125,"Vivek Kumar",100100000124,125,"Debit","RuPay","Active","Dominos","Food","Noida","Contactless",21715.84,"Success"
2881,"2022-12-02 18:06:54",112,"Mohit Mishra",100100000111,112,"Debit","Visa","Active","Reliance Fresh","Grocery","Noida","Online",23368.83,"Success"
2882,"2024-07-16 19:26:01",175,"Pooja Jain",100100000174,175,"Debit","RuPay","Active","Starbucks","Cafe","Bengaluru","POS",41978.70,"Success"
2883,"2023-11-11 00:11:57",21,"Anjali Yadav",100100000020,21,"Debit","RuPay","Active","Myntra","Fashion","Delhi","Contactless",12011.33,"Success"
2884,"2022-01-06 14:54:23",170,"Manish Verma",100100000169,170,"Debit","Visa","Active","Dominos","Food","Lucknow","Online",5114.31,"Success"
2885,"2022-04-18 21:59:03",39,"Riya Reddy",100100000038,39,"Debit","RuPay","Active","Reliance Fresh","Grocery","Jaipur","Online",37773.98,"Success"
2886,"2025-11-11 08:33:51",71,"Sakshi Reddy",100100000070,71,"Debit","Visa","Active","Lifestyle","Fashion","Pune","Online",21271.34,"Success"
2887,"2022-10-23 19:09:44",194,"Harsh Agarwal",100100000257,258,"Credit","Visa","Active","Reliance Digital","Electronics","Lucknow","Contactless",22259.27,"Success"
2888,"2022-05-10 02:49:33",95,"Rahul Kumar",100100000094,95,"Debit","Visa","Blocked","Reliance Digital","Electronics","Pune","Contactless",31409.89,"Success"
2889,"2023-11-24 22:45:45",141,"Rohit Patel",100100000140,141,"Debit","Visa","Active","Apollo Pharmacy","Healthcare","Gurugram","POS",34417.73,"Success"
2890,"2024-02-25 07:21:42",150,"Ankit Verma",100100000149,150,"Debit","RuPay","Blocked","Flipkart","Shopping","Chennai","POS",17010.17,"Success"
2891,"2023-07-18 06:18:18",133,"Priya Patel",100100000132,133,"Debit","RuPay","Active","Reliance Fresh","Grocery","Jaipur","POS",16461.70,"Success"
2892,"2025-04-07 01:47:42",96,"Manish Yadav",100100000095,96,"Debit","Visa","Active","BookMyShow","Entertainment","Noida","Online",29512.54,"Success"
2893,"2022-01-31 19:12:04",86,"Komal Verma",100100000085,86,"Debit","Visa","Active","SBI ATM","ATM","Delhi","ATM",35033.41,"Success"
2894,"2024-07-02 13:38:16",92,"Ritu Chauhan",100100000091,92,"Debit","Visa","Active","Lifestyle","Fashion","Jaipur","POS",20954.83,"Success"
2895,"2022-03-05 17:29:08",77,"Anjali Mishra",100100000237,238,"Credit","Visa","Active","Starbucks","Cafe","Chennai","POS",9160.16,"Success"
2896,"2023-07-29 19:34:01",81,"Karan Reddy",100100000080,81,"Debit","RuPay","Active","BookMyShow","Entertainment","Hyderabad","Online",41812.61,"Success"
2897,"2025-12-31 16:13:36",22,"Asha Pandey",100100000021,22,"Debit","RuPay","Active","Croma","Electronics","Bengaluru","Contactless",31955.28,"Success"
2898,"2024-07-03 22:48:44",115,"Nidhi Agarwal",100100000114,115,"Debit","RuPay","Lost","Myntra","Fashion","Pune","POS",37857.33,"Success"
2899,"2026-04-24 13:12:57",145,"Nidhi Nair",100100000144,145,"Debit","Visa","Active","PVR Cinemas","Entertainment","Lucknow","Online",19903.82,"Success"
2900,"2022-04-09 08:51:36",49,"Amit Sinha",100100000048,49,"Debit","Visa","Blocked","Lifestyle","Fashion","Bengaluru","POS",31316.85,"Success"
2901,"2022-08-15 05:22:37",73,"Karan Yadav",100100000226,227,"Credit","MasterCard","Active","Lifestyle","Fashion","Chennai","Contactless",49653.23,"Success"
2902,"2025-12-24 15:50:22",102,"Asha Sinha",100100000101,102,"Debit","Visa","Active","BookMyShow","Entertainment","Bengaluru","Online",4352.69,"Success"
2903,"2023-05-21 06:26:50",129,"Priya Gupta",100100000128,129,"Debit","Visa","Active","Myntra","Fashion","Mumbai","POS",487.23,"Success"
2904,"2025-02-16 11:05:03",185,"Rahul Kumar",100100000207,208,"Debit","RuPay","Active","Apollo Pharmacy","Healthcare","Noida","POS",40917.97,"Success"
2905,"2023-04-19 13:11:24",194,"Harsh Agarwal",100100000257,258,"Credit","Visa","Active","PVR Cinemas","Entertainment","Noida","POS",23049.69,"Success"
2906,"2022-02-19 10:34:38",3,"Amit Kumar",100100000240,241,"Credit","MasterCard","Active","PVR Cinemas","Entertainment","Jaipur","Online",13579.87,"Success"
2907,"2024-02-29 15:34:32",78,"Sneha Verma",100100000216,217,"Debit","Visa","Lost","Amazon India","Shopping","Noida","Online",36617.78,"Success"
2908,"2023-05-09 03:10:59",77,"Anjali Mishra",100100000278,279,"Credit","MasterCard","Active","Reliance Fresh","Grocery","Kolkata","POS",34429.64,"Success"
2909,"2022-04-10 05:51:09",174,"Meena Verma",100100000173,174,"Debit","RuPay","Active","Reliance Digital","Electronics","Lucknow","POS",26105.65,"Success"
2910,"2024-05-21 08:46:02",149,"Anjali Mishra",100100000148,149,"Debit","RuPay","Active","Big Bazaar","Grocery","Noida","POS",28340.45,"Success"
2911,"2024-09-26 12:09:52",9,"Rohit Chauhan",100100000008,9,"Debit","RuPay","Active","PVR Cinemas","Entertainment","Jaipur","Contactless",31693.72,"Success"
2912,"2024-03-28 16:01:06",116,"Riya Sinha",100100000201,202,"Debit","RuPay","Expired","HP Petrol Pump","Fuel","Gurugram","Contactless",22894.33,"Success"
2913,"2025-04-15 03:53:23",73,"Karan Yadav",100100000072,73,"Debit","Visa","Active","SBI ATM","ATM","Bengaluru","ATM",48058.33,"Failed"
2914,"2025-09-17 22:02:33",143,"Rohit Mishra",100100000142,143,"Debit","Visa","Active","Apollo Pharmacy","Healthcare","Kolkata","POS",44076.29,"Success"
2915,"2022-10-09 20:46:20",40,"Sneha Nair",100100000039,40,"Debit","Visa","Expired","PVR Cinemas","Entertainment","Mumbai","Contactless",45117.85,"Success"
2916,"2024-06-02 07:25:38",110,"Rajesh Gupta",100100000109,110,"Debit","Visa","Active","Apollo Pharmacy","Healthcare","Bengaluru","POS",30490.44,"Success"
2917,"2024-03-28 05:27:30",155,"Manish Pandey",100100000154,155,"Debit","Visa","Active","PVR Cinemas","Entertainment","Delhi","POS",3421.80,"Success"
2918,"2024-03-04 03:19:11",4,"Ankit Chauhan",100100000003,4,"Debit","Visa","Active","Big Bazaar","Grocery","Lucknow","POS",21454.39,"Success"
2919,"2023-08-01 07:43:59",84,"Karan Patel",100100000083,84,"Debit","Visa","Active","SBI ATM","ATM","Noida","ATM",38182.87,"Success"
2920,"2024-02-09 11:56:44",67,"Pooja Kumar",100100000066,67,"Debit","RuPay","Active","Starbucks","Cafe","Gurugram","POS",43229.87,"Success"
2921,"2023-08-18 02:04:58",36,"Sakshi Agarwal",100100000035,36,"Debit","Visa","Active","Reliance Fresh","Grocery","Ahmedabad","Contactless",43419.56,"Success"
2922,"2022-06-21 04:48:06",90,"Sakshi Jain",100100000089,90,"Debit","Visa","Active","Apollo Pharmacy","Healthcare","Chennai","Contactless",19600.30,"Success"
2923,"2026-06-26 21:56:56",38,"Neha Patel",100100000037,38,"Debit","RuPay","Active","Zomato","Food","Noida","Contactless",17487.12,"Failed"
2924,"2024-08-24 03:26:36",173,"Shreya Reddy",100100000172,173,"Debit","Visa","Lost","DMart","Grocery","Kolkata","Contactless",25994.99,"Success"
2925,"2024-10-04 05:09:32",171,"Vikas Patel",100100000170,171,"Debit","RuPay","Active","Myntra","Fashion","Noida","Online",4467.41,"Success"
2926,"2024-07-29 03:17:04",134,"Nitin Sharma",100100000133,134,"Debit","Visa","Active","Reliance Digital","Electronics","Noida","Contactless",4554.11,"Success"
2927,"2026-05-04 23:28:24",156,"Shreya Yadav",100100000155,156,"Debit","Visa","Expired","Flipkart","Shopping","Bengaluru","Online",13586.32,"Success"
2928,"2024-08-16 17:30:07",12,"Vivek Mishra",100100000011,12,"Debit","Visa","Active","IRCTC","Travel","Kolkata","Online",40659.07,"Success"
2929,"2023-05-16 00:47:43",86,"Komal Verma",100100000276,277,"Credit","Visa","Active","Swiggy","Food","Chennai","POS",21041.96,"Success"
2930,"2025-09-05 11:06:21",139,"Neha Pandey",100100000138,139,"Debit","Visa","Expired","Indian Oil","Fuel","Jaipur","Online",36169.72,"Success"
2931,"2024-10-11 04:14:21",9,"Rohit Chauhan",100100000008,9,"Debit","RuPay","Active","Lifestyle","Fashion","Bengaluru","Online",44014.87,"Reversed"
2932,"2025-11-02 05:35:23",111,"Shreya Singh",100100000204,205,"Debit","RuPay","Active","Reliance Fresh","Grocery","Chennai","POS",49171.73,"Success"
2933,"2025-12-19 15:30:36",33,"Deepak Jain",100100000210,211,"Debit","RuPay","Active","Apollo Pharmacy","Healthcare","Kolkata","POS",48208.45,"Success"
2934,"2024-04-11 09:51:13",124,"Asha Sinha",100100000214,215,"Debit","Visa","Active","Indian Oil","Fuel","Pune","Online",10510.57,"Success"
2935,"2025-11-07 04:25:39",152,"Mohit Mishra",100100000151,152,"Debit","Visa","Active","Zomato","Food","Jaipur","POS",48226.92,"Success"
2936,"2024-02-29 12:27:24",87,"Rajesh Agarwal",100100000086,87,"Debit","RuPay","Active","Starbucks","Cafe","Ahmedabad","Online",2707.47,"Success"
2937,"2022-01-12 19:22:43",124,"Asha Sinha",100100000123,124,"Debit","RuPay","Active","Reliance Digital","Electronics","Noida","Contactless",49844.82,"Success"
2938,"2024-03-05 07:02:18",194,"Harsh Agarwal",100100000193,194,"Debit","RuPay","Active","BookMyShow","Entertainment","Bengaluru","Online",13687.16,"Success"
2939,"2022-07-07 09:20:09",49,"Amit Sinha",100100000048,49,"Debit","Visa","Blocked","Dominos","Food","Jaipur","Contactless",20696.03,"Success"
2940,"2025-06-16 05:14:33",97,"Riya Kumar",100100000096,97,"Debit","RuPay","Active","Starbucks","Cafe","Chennai","Online",29153.89,"Success"
2941,"2024-01-10 22:01:50",91,"Amit Chauhan",100100000090,91,"Debit","RuPay","Active","Swiggy","Food","Chennai","Online",47586.27,"Success"
2942,"2023-02-25 02:22:46",115,"Nidhi Agarwal",100100000114,115,"Debit","RuPay","Lost","Myntra","Fashion","Bengaluru","Online",35556.34,"Success"
2943,"2025-01-20 19:24:26",50,"Suresh Chauhan",100100000218,219,"Debit","Visa","Active","Swiggy","Food","Pune","POS",41529.41,"Success"
2944,"2025-10-13 00:36:37",121,"Manish Agarwal",100100000120,121,"Debit","Visa","Active","Flipkart","Shopping","Gurugram","POS",33963.12,"Success"
2945,"2023-05-20 11:52:23",107,"Nitin Chauhan",100100000106,107,"Debit","RuPay","Active","Croma","Electronics","Chennai","POS",48644.87,"Success"
2946,"2022-08-07 07:43:58",59,"Nitin Nair",100100000058,59,"Debit","RuPay","Active","Myntra","Fashion","Chennai","Contactless",12866.27,"Success"
2947,"2022-05-26 04:58:49",55,"Vikas Kumar",100100000054,55,"Debit","Visa","Active","HP Petrol Pump","Fuel","Lucknow","POS",4288.18,"Success"
2948,"2022-06-13 14:31:23",50,"Suresh Chauhan",100100000218,219,"Debit","Visa","Active","SBI ATM","ATM","Pune","ATM",45811.92,"Success"
2949,"2022-12-25 10:43:34",198,"Suresh Singh",100100000197,198,"Debit","RuPay","Active","Croma","Electronics","Chennai","POS",43373.39,"Success"
2950,"2022-04-05 22:33:46",112,"Mohit Mishra",100100000111,112,"Debit","Visa","Active","BookMyShow","Entertainment","Delhi","Contactless",22193.37,"Success"
2951,"2023-03-31 10:51:27",112,"Mohit Mishra",100100000111,112,"Debit","Visa","Active","Flipkart","Shopping","Hyderabad","POS",19630.69,"Success"
2952,"2025-04-25 16:03:56",114,"Harsh Reddy",100100000205,206,"Debit","RuPay","Active","Zomato","Food","Hyderabad","Online",33353.69,"Success"
2953,"2023-03-31 12:07:05",58,"Kavita Sharma",100100000057,58,"Debit","Visa","Active","Reliance Digital","Electronics","Gurugram","POS",40966.49,"Success"
2954,"2025-01-11 03:35:37",123,"Neha Patel",100100000122,123,"Debit","RuPay","Active","BookMyShow","Entertainment","Noida","Online",36209.90,"Success"
2955,"2023-07-29 01:00:31",188,"Nitin Jain",100100000187,188,"Debit","Visa","Active","Amazon India","Shopping","Kolkata","POS",39559.42,"Success"
2956,"2025-05-31 22:25:18",90,"Sakshi Jain",100100000089,90,"Debit","Visa","Active","HP Petrol Pump","Fuel","Kolkata","Contactless",25793.34,"Success"
2957,"2023-07-31 21:00:27",195,"Amit Agarwal",100100000279,280,"Credit","Visa","Active","Zomato","Food","Lucknow","Online",43341.35,"Success"
2958,"2024-12-22 00:50:11",122,"Ritu Pandey",100100000121,122,"Debit","Visa","Lost","HP Petrol Pump","Fuel","Pune","Online",26783.83,"Success"
2959,"2026-03-15 09:04:10",114,"Harsh Reddy",100100000113,114,"Debit","Visa","Active","Dominos","Food","Chennai","Online",10459.07,"Success"
2960,"2024-05-12 03:04:36",196,"Manish Chauhan",100100000195,196,"Debit","Visa","Active","Flipkart","Shopping","Kolkata","POS",19545.18,"Success"
2961,"2022-02-07 13:13:59",23,"Asha Agarwal",100100000022,23,"Debit","Visa","Blocked","HP Petrol Pump","Fuel","Chennai","Online",40147.13,"Success"
2962,"2023-06-23 07:09:28",191,"Asha Sharma",100100000265,266,"Credit","Visa","Active","BookMyShow","Entertainment","Gurugram","Online",32679.12,"Success"
2963,"2026-03-17 04:11:38",142,"Rahul Sinha",100100000141,142,"Debit","Visa","Active","Zomato","Food","Noida","Contactless",798.01,"Success"
2964,"2025-04-04 19:27:50",50,"Suresh Chauhan",100100000251,252,"Credit","MasterCard","Active","Dominos","Food","Lucknow","Online",45947.72,"Success"
2965,"2026-01-25 23:28:48",20,"Karan Sinha",100100000019,20,"Debit","Visa","Blocked","Reliance Digital","Electronics","Delhi","Contactless",41541.96,"Success"
2966,"2025-06-01 21:13:44",137,"Priya Pandey",100100000246,247,"Credit","MasterCard","Active","SBI ATM","ATM","Chennai","ATM",33945.05,"Failed"
2967,"2026-03-17 11:09:15",104,"Harsh Pandey",100100000103,104,"Debit","RuPay","Active","Starbucks","Cafe","Gurugram","Online",25181.79,"Success"
2968,"2024-10-07 23:48:37",160,"Arjun Chauhan",100100000159,160,"Debit","Visa","Active","Dominos","Food","Bengaluru","Contactless",16849.96,"Failed"
2969,"2025-05-11 19:09:21",189,"Rajesh Pandey",100100000254,255,"Credit","MasterCard","Active","Dominos","Food","Jaipur","Contactless",39462.32,"Success"
2970,"2025-02-02 02:41:36",194,"Harsh Agarwal",100100000257,258,"Credit","Visa","Active","Indian Oil","Fuel","Jaipur","Contactless",20619.01,"Success"
2971,"2024-02-16 20:16:20",124,"Asha Sinha",100100000123,124,"Debit","RuPay","Active","Apollo Pharmacy","Healthcare","Pune","POS",41898.58,"Success"
2972,"2024-08-18 05:11:10",196,"Manish Chauhan",100100000236,237,"Credit","Visa","Active","Lifestyle","Fashion","Hyderabad","POS",23357.65,"Success"
2973,"2025-04-06 19:51:41",111,"Shreya Singh",100100000220,221,"Credit","Visa","Active","Swiggy","Food","Mumbai","Online",964.56,"Success"
2974,"2026-02-25 06:38:09",197,"Rajesh Yadav",100100000196,197,"Debit","Visa","Active","Flipkart","Shopping","Kolkata","Online",19217.18,"Success"
2975,"2022-01-19 16:36:59",63,"Rajesh Kumar",100100000062,63,"Debit","RuPay","Active","Big Bazaar","Grocery","Kolkata","Online",35687.18,"Success"
2976,"2024-08-22 17:01:49",88,"Arjun Kumar",100100000087,88,"Debit","Visa","Lost","Amazon India","Shopping","Hyderabad","Contactless",45157.10,"Success"
2977,"2026-01-05 12:42:16",34,"Rahul Sharma",100100000033,34,"Debit","Visa","Active","Big Bazaar","Grocery","Gurugram","Contactless",40668.32,"Success"
2978,"2022-10-14 13:04:52",78,"Sneha Verma",100100000077,78,"Debit","RuPay","Lost","SBI ATM","ATM","Bengaluru","ATM",21334.41,"Success"
2979,"2022-09-19 06:28:25",189,"Rajesh Pandey",100100000254,255,"Credit","MasterCard","Active","BookMyShow","Entertainment","Bengaluru","POS",24786.19,"Success"
2980,"2022-01-30 10:27:06",26,"Rahul Patel",100100000025,26,"Debit","RuPay","Lost","Flipkart","Shopping","Jaipur","Online",1964.34,"Success"
2981,"2022-09-02 13:17:19",38,"Neha Patel",100100000037,38,"Debit","RuPay","Active","PVR Cinemas","Entertainment","Ahmedabad","Contactless",21648.64,"Success"
2982,"2023-07-02 20:10:51",133,"Priya Patel",100100000132,133,"Debit","RuPay","Active","Indian Oil","Fuel","Kolkata","Contactless",36770.56,"Failed"
2983,"2025-01-21 23:21:41",108,"Sakshi Chauhan",100100000107,108,"Debit","RuPay","Active","Apollo Pharmacy","Healthcare","Lucknow","Online",21914.69,"Success"
2984,"2023-12-20 21:05:21",50,"Suresh Chauhan",100100000218,219,"Debit","Visa","Active","Flipkart","Shopping","Kolkata","Contactless",35772.33,"Reversed"
2985,"2023-07-19 11:37:12",163,"Anjali Gupta",100100000212,213,"Debit","Visa","Active","IRCTC","Travel","Lucknow","Online",4058.88,"Success"
2986,"2026-07-01 01:13:20",161,"Riya Singh",100100000253,254,"Credit","MasterCard","Active","Swiggy","Food","Noida","Online",27376.25,"Success"
2987,"2022-03-20 11:21:08",107,"Nitin Chauhan",100100000106,107,"Debit","RuPay","Active","Reliance Fresh","Grocery","Bengaluru","Online",45471.21,"Success"
2988,"2025-06-16 16:59:46",134,"Nitin Sharma",100100000133,134,"Debit","Visa","Active","Apollo Pharmacy","Healthcare","Noida","Online",16871.52,"Failed"
2989,"2022-01-17 15:05:21",131,"Divya Yadav",100100000258,259,"Credit","Visa","Active","DMart","Grocery","Pune","POS",39200.93,"Success"
2990,"2023-08-30 17:12:28",38,"Neha Patel",100100000037,38,"Debit","RuPay","Active","Croma","Electronics","Hyderabad","Online",33128.07,"Success"
2991,"2024-08-06 00:57:18",61,"Sakshi Pandey",100100000060,61,"Debit","Visa","Active","Big Bazaar","Grocery","Delhi","Contactless",784.01,"Success"
2992,"2025-10-29 21:37:31",18,"Vivek Verma",100100000239,240,"Credit","Visa","Active","Reliance Fresh","Grocery","Ahmedabad","Online",16950.21,"Success"
2993,"2025-10-18 09:50:32",108,"Sakshi Chauhan",100100000107,108,"Debit","RuPay","Active","Reliance Digital","Electronics","Lucknow","POS",25385.82,"Success"
2994,"2023-11-10 20:22:28",132,"Karan Chauhan",100100000131,132,"Debit","RuPay","Active","Big Bazaar","Grocery","Lucknow","Online",7003.03,"Success"
2995,"2022-05-29 10:07:58",124,"Asha Sinha",100100000214,215,"Debit","Visa","Active","Swiggy","Food","Mumbai","Online",42845.68,"Success"
2996,"2023-11-19 03:37:37",192,"Deepak Reddy",100100000228,229,"Credit","Visa","Active","Amazon India","Shopping","Bengaluru","Contactless",469.03,"Success"
2997,"2026-06-19 22:31:01",178,"Arjun Kumar",100100000227,228,"Credit","Visa","Active","Reliance Digital","Electronics","Hyderabad","Online",26952.22,"Success"
2998,"2022-09-26 03:19:10",111,"Shreya Singh",100100000220,221,"Credit","Visa","Active","Big Bazaar","Grocery","Noida","Online",21365.96,"Success"
2999,"2024-05-13 21:11:07",176,"Rohit Sharma",100100000175,176,"Debit","RuPay","Active","Dominos","Food","Gurugram","POS",1688.81,"Success"
3000,"2023-12-07 19:14:11",53,"Arjun Jain",100100000052,53,"Debit","RuPay","Active","Indian Oil","Fuel","Chennai","POS",20418.78,"Success"
3001,"2024-03-31 00:30:13",191,"Asha Sharma",100100000190,191,"Debit","RuPay","Active","IRCTC","Travel","Pune","Online",17947.91,"Success"
3002,"2023-11-11 01:42:56",196,"Manish Chauhan",100100000195,196,"Debit","Visa","Active","IRCTC","Travel","Bengaluru","POS",6129.86,"Success"
3003,"2022-12-07 23:02:51",73,"Karan Yadav",100100000072,73,"Debit","Visa","Active","Flipkart","Shopping","Mumbai","Online",31484.84,"Success"
3004,"2026-02-24 02:46:33",108,"Sakshi Chauhan",100100000107,108,"Debit","RuPay","Active","BookMyShow","Entertainment","Ahmedabad","Online",27485.53,"Success"
3005,"2025-05-16 01:11:37",80,"Arjun Patel",100100000079,80,"Debit","Visa","Active","Lifestyle","Fashion","Delhi","Online",24254.19,"Success"
3006,"2024-07-10 16:30:52",5,"Amit Reddy",100100000004,5,"Debit","Visa","Active","HP Petrol Pump","Fuel","Pune","Online",38912.55,"Success"
3007,"2025-04-14 00:26:30",45,"Vikas Patel",100100000044,45,"Debit","RuPay","Active","SBI ATM","ATM","Chennai","ATM",17470.27,"Success"
3008,"2023-10-10 18:53:25",162,"Asha Reddy",100100000161,162,"Debit","RuPay","Active","Big Bazaar","Grocery","Lucknow","POS",28297.45,"Success"
3009,"2022-08-01 12:05:52",50,"Suresh Chauhan",100100000218,219,"Debit","Visa","Active","Amazon India","Shopping","Lucknow","Contactless",48955.69,"Success"
3010,"2022-04-22 06:45:50",147,"Nitin Jain",100100000146,147,"Debit","RuPay","Lost","Reliance Fresh","Grocery","Pune","Online",40482.83,"Success"
3011,"2023-03-15 10:57:51",108,"Sakshi Chauhan",100100000107,108,"Debit","RuPay","Active","Starbucks","Cafe","Ahmedabad","POS",36857.93,"Success"
3012,"2022-04-26 06:28:29",163,"Anjali Gupta",100100000212,213,"Debit","Visa","Active","Reliance Fresh","Grocery","Kolkata","Online",4114.93,"Success"
3013,"2025-04-11 09:56:43",91,"Amit Chauhan",100100000090,91,"Debit","RuPay","Active","SBI ATM","ATM","Lucknow","ATM",14727.09,"Success"
3014,"2023-11-03 07:34:37",160,"Arjun Chauhan",100100000159,160,"Debit","Visa","Active","Starbucks","Cafe","Jaipur","POS",30252.70,"Success"
3015,"2026-04-25 11:30:49",142,"Rahul Sinha",100100000141,142,"Debit","Visa","Active","Reliance Digital","Electronics","Kolkata","POS",34004.51,"Failed"
3016,"2024-03-23 16:31:21",36,"Sakshi Agarwal",100100000035,36,"Debit","Visa","Active","IRCTC","Travel","Chennai","POS",41966.63,"Success"
3017,"2023-08-28 14:42:23",134,"Nitin Sharma",100100000200,201,"Debit","RuPay","Active","SBI ATM","ATM","Jaipur","ATM",290.41,"Success"
3018,"2026-06-14 15:39:52",26,"Rahul Patel",100100000025,26,"Debit","RuPay","Lost","Myntra","Fashion","Noida","Online",7046.56,"Success"
3019,"2023-11-15 23:27:20",52,"Harsh Mishra",100100000051,52,"Debit","Visa","Active","DMart","Grocery","Bengaluru","POS",37018.96,"Success"
3020,"2025-10-24 17:25:18",181,"Arjun Singh",100100000180,181,"Debit","RuPay","Active","Big Bazaar","Grocery","Mumbai","POS",49873.32,"Success"
3021,"2026-01-21 11:33:15",176,"Rohit Sharma",100100000213,214,"Debit","Visa","Active","Big Bazaar","Grocery","Delhi","POS",1119.45,"Success"
3022,"2024-08-20 18:59:20",51,"Rohit Yadav",100100000050,51,"Debit","RuPay","Active","Reliance Digital","Electronics","Ahmedabad","POS",22362.47,"Success"
3023,"2024-03-12 23:51:30",155,"Manish Pandey",100100000154,155,"Debit","Visa","Active","Flipkart","Shopping","Bengaluru","Contactless",1938.84,"Success"
3024,"2025-09-02 07:43:06",178,"Arjun Kumar",100100000227,228,"Credit","Visa","Active","Dominos","Food","Bengaluru","Online",24132.67,"Success"
3025,"2025-06-25 16:18:09",77,"Anjali Mishra",100100000237,238,"Credit","Visa","Active","PVR Cinemas","Entertainment","Pune","POS",9783.54,"Success"
3026,"2024-10-20 23:58:54",33,"Deepak Jain",100100000032,33,"Debit","RuPay","Active","Myntra","Fashion","Bengaluru","Contactless",7678.16,"Success"
3027,"2023-09-23 04:00:03",120,"Nidhi Agarwal",100100000119,120,"Debit","RuPay","Active","Swiggy","Food","Ahmedabad","POS",30460.36,"Success"
3028,"2023-05-24 13:48:31",197,"Rajesh Yadav",100100000196,197,"Debit","Visa","Active","HP Petrol Pump","Fuel","Delhi","Online",4396.52,"Success"
3029,"2025-08-06 21:17:03",177,"Riya Verma",100100000176,177,"Debit","RuPay","Blocked","Amazon India","Shopping","Lucknow","POS",39501.66,"Success"
3030,"2024-10-31 13:41:48",157,"Meena Mishra",100100000156,157,"Debit","RuPay","Active","DMart","Grocery","Pune","POS",6463.96,"Success"
3031,"2026-06-28 22:32:38",187,"Karan Chauhan",100100000186,187,"Debit","RuPay","Active","Reliance Fresh","Grocery","Noida","Contactless",31550.29,"Success"
3032,"2024-10-23 08:04:05",107,"Nitin Chauhan",100100000106,107,"Debit","RuPay","Active","Myntra","Fashion","Noida","POS",2832.34,"Success"
3033,"2022-08-19 15:49:55",19,"Vikas Yadav",100100000018,19,"Debit","Visa","Active","Indian Oil","Fuel","Lucknow","Online",45759.09,"Success"
3034,"2024-06-28 11:12:35",44,"Meena Reddy",100100000043,44,"Debit","Visa","Active","Reliance Fresh","Grocery","Gurugram","Contactless",41311.48,"Success"
3035,"2022-01-25 19:16:31",27,"Sakshi Sinha",100100000026,27,"Debit","RuPay","Active","Indian Oil","Fuel","Pune","POS",11067.74,"Success"
3036,"2024-10-03 21:40:40",5,"Amit Reddy",100100000234,235,"Credit","MasterCard","Active","BookMyShow","Entertainment","Kolkata","Contactless",20858.70,"Success"
3037,"2025-08-08 15:50:12",56,"Vikas Reddy",100100000055,56,"Debit","RuPay","Active","Starbucks","Cafe","Ahmedabad","Contactless",45098.18,"Success"
3038,"2022-01-27 05:07:53",77,"Anjali Mishra",100100000278,279,"Credit","MasterCard","Active","IRCTC","Travel","Mumbai","Online",31363.89,"Success"
3039,"2022-07-13 17:27:28",21,"Anjali Yadav",100100000020,21,"Debit","RuPay","Active","Croma","Electronics","Lucknow","Online",18239.94,"Success"
3040,"2025-02-16 15:48:42",32,"Ankit Reddy",100100000031,32,"Debit","Visa","Active","IRCTC","Travel","Hyderabad","Online",43369.06,"Failed"
3041,"2023-10-26 16:26:37",47,"Priya Sharma",100100000259,260,"Credit","MasterCard","Expired","Myntra","Fashion","Pune","POS",35687.22,"Success"
3042,"2025-05-11 18:30:38",41,"Vivek Patel",100100000040,41,"Debit","Visa","Active","Reliance Fresh","Grocery","Bengaluru","POS",44149.51,"Success"
3043,"2024-08-14 09:26:48",88,"Arjun Kumar",100100000273,274,"Credit","MasterCard","Active","Reliance Fresh","Grocery","Bengaluru","Contactless",19391.19,"Success"
3044,"2026-05-19 22:56:09",169,"Rahul Pandey",100100000168,169,"Debit","RuPay","Active","Reliance Digital","Electronics","Ahmedabad","Online",29938.98,"Success"
3045,"2022-08-25 00:55:12",111,"Shreya Singh",100100000220,221,"Credit","Visa","Active","PVR Cinemas","Entertainment","Hyderabad","Online",49119.35,"Success"
3046,"2025-11-20 10:00:55",51,"Rohit Yadav",100100000050,51,"Debit","RuPay","Active","Dominos","Food","Chennai","Online",41183.23,"Success"
3047,"2024-07-17 08:27:39",94,"Shreya Mishra",100100000093,94,"Debit","Visa","Active","BookMyShow","Entertainment","Lucknow","Contactless",39056.78,"Success"
3048,"2025-06-28 11:09:20",60,"Rahul Sinha",100100000059,60,"Debit","Visa","Active","BookMyShow","Entertainment","Noida","POS",4385.61,"Success"
3049,"2025-01-11 12:54:32",165,"Riya Kumar",100100000164,165,"Debit","RuPay","Active","Amazon India","Shopping","Chennai","POS",36865.53,"Success"
3050,"2022-02-07 09:18:31",11,"Komal Pandey",100100000010,11,"Debit","Visa","Active","Myntra","Fashion","Jaipur","Online",15767.06,"Success"
3051,"2026-07-05 09:09:18",57,"Divya Chauhan",100100000056,57,"Debit","Visa","Active","Croma","Electronics","Noida","Online",44291.34,"Success"
3052,"2024-07-28 08:20:33",189,"Rajesh Pandey",100100000188,189,"Debit","RuPay","Lost","SBI ATM","ATM","Ahmedabad","ATM",31617.03,"Success"
3053,"2023-04-17 22:36:06",180,"Divya Mishra",100100000179,180,"Debit","RuPay","Active","Myntra","Fashion","Kolkata","Contactless",27562.32,"Success"
3054,"2023-10-05 14:29:31",32,"Ankit Reddy",100100000031,32,"Debit","Visa","Active","Big Bazaar","Grocery","Bengaluru","POS",45116.99,"Success"
3055,"2025-08-04 02:35:31",146,"Manish Agarwal",100100000145,146,"Debit","RuPay","Lost","Reliance Digital","Electronics","Mumbai","Contactless",28032.60,"Success"
3056,"2023-04-06 22:04:58",42,"Pooja Gupta",100100000211,212,"Debit","RuPay","Active","SBI ATM","ATM","Gurugram","ATM",40441.00,"Success"
3057,"2026-01-03 12:56:31",7,"Neha Gupta",100100000006,7,"Debit","Visa","Active","BookMyShow","Entertainment","Ahmedabad","Contactless",11720.73,"Success"
3058,"2024-08-08 06:42:55",114,"Harsh Reddy",100100000113,114,"Debit","Visa","Active","BookMyShow","Entertainment","Bengaluru","Online",12766.90,"Success"
3059,"2025-03-11 14:07:31",97,"Riya Kumar",100100000096,97,"Debit","RuPay","Active","Reliance Digital","Electronics","Mumbai","Contactless",28482.65,"Success"
3060,"2025-03-18 12:41:14",143,"Rohit Mishra",100100000277,278,"Credit","Visa","Active","Dominos","Food","Bengaluru","POS",43408.56,"Success"
3061,"2022-06-12 17:35:18",95,"Rahul Kumar",100100000094,95,"Debit","Visa","Blocked","Reliance Fresh","Grocery","Gurugram","Online",14245.67,"Success"
3062,"2024-01-04 15:51:38",194,"Harsh Agarwal",100100000193,194,"Debit","RuPay","Active","PVR Cinemas","Entertainment","Ahmedabad","Online",15416.00,"Success"
3063,"2022-09-29 12:08:19",44,"Meena Reddy",100100000043,44,"Debit","Visa","Active","Amazon India","Shopping","Kolkata","Contactless",9019.13,"Success"
3064,"2022-07-31 21:39:15",77,"Anjali Mishra",100100000237,238,"Credit","Visa","Active","Apollo Pharmacy","Healthcare","Gurugram","POS",45687.46,"Reversed"
3065,"2023-01-20 22:11:21",3,"Amit Kumar",100100000240,241,"Credit","MasterCard","Active","Amazon India","Shopping","Pune","Contactless",5261.20,"Success"
3066,"2025-02-19 05:30:38",158,"Suresh Verma",100100000157,158,"Debit","Visa","Active","Swiggy","Food","Pune","Contactless",45894.46,"Reversed"
3067,"2022-06-02 17:49:54",1,"Vivek Yadav",100100000000,1,"Debit","Visa","Active","Indian Oil","Fuel","Delhi","Contactless",19320.71,"Success"
3068,"2022-07-18 12:57:56",85,"Kavita Nair",100100000084,85,"Debit","Visa","Active","SBI ATM","ATM","Noida","ATM",36552.73,"Success"
3069,"2022-08-22 13:39:03",184,"Asha Singh",100100000183,184,"Debit","Visa","Active","Indian Oil","Fuel","Hyderabad","POS",42298.60,"Failed"
3070,"2022-04-20 16:18:51",47,"Priya Sharma",100100000259,260,"Credit","MasterCard","Expired","Apollo Pharmacy","Healthcare","Lucknow","Online",5445.79,"Success"
3071,"2022-04-01 02:00:14",195,"Amit Agarwal",100100000279,280,"Credit","Visa","Active","Dominos","Food","Mumbai","Contactless",32334.86,"Success"
3072,"2023-12-03 16:13:20",102,"Asha Sinha",100100000268,269,"Credit","Visa","Active","Reliance Digital","Electronics","Kolkata","Online",24790.51,"Success"
3073,"2024-07-07 11:46:55",168,"Meena Gupta",100100000167,168,"Debit","Visa","Active","IRCTC","Travel","Lucknow","Online",48367.36,"Success"
3074,"2024-03-09 03:34:51",167,"Mohit Jain",100100000166,167,"Debit","RuPay","Active","PVR Cinemas","Entertainment","Bengaluru","Contactless",31239.91,"Reversed"
3075,"2023-02-06 21:55:53",151,"Pooja Patel",100100000150,151,"Debit","RuPay","Active","DMart","Grocery","Gurugram","Contactless",45538.55,"Success"
3076,"2025-06-11 06:05:59",123,"Neha Patel",100100000122,123,"Debit","RuPay","Active","SBI ATM","ATM","Gurugram","ATM",20750.07,"Success"
3077,"2026-04-02 18:07:42",107,"Nitin Chauhan",100100000209,210,"Debit","Visa","Active","Amazon India","Shopping","Noida","Online",9617.20,"Success"
3078,"2026-02-13 05:01:27",155,"Manish Pandey",100100000154,155,"Debit","Visa","Active","PVR Cinemas","Entertainment","Chennai","Contactless",15962.28,"Success"
3079,"2023-03-28 09:08:07",156,"Shreya Yadav",100100000155,156,"Debit","Visa","Expired","Dominos","Food","Kolkata","Online",47440.07,"Failed"
3080,"2022-08-30 08:38:12",182,"Komal Gupta",100100000255,256,"Credit","MasterCard","Active","Lifestyle","Fashion","Gurugram","Contactless",9034.94,"Success"
3081,"2025-05-10 11:29:19",76,"Harsh Kumar",100100000075,76,"Debit","RuPay","Active","SBI ATM","ATM","Bengaluru","ATM",46238.38,"Success"
3082,"2024-06-25 02:58:00",41,"Vivek Patel",100100000040,41,"Debit","Visa","Active","Apollo Pharmacy","Healthcare","Jaipur","POS",23402.71,"Success"
3083,"2022-12-06 17:06:07",171,"Vikas Patel",100100000170,171,"Debit","RuPay","Active","DMart","Grocery","Delhi","Contactless",3153.88,"Success"
3084,"2026-03-31 03:28:33",92,"Ritu Chauhan",100100000091,92,"Debit","Visa","Active","Flipkart","Shopping","Ahmedabad","POS",23842.27,"Success"
3085,"2022-01-27 15:05:12",144,"Rahul Mishra",100100000143,144,"Debit","RuPay","Active","Indian Oil","Fuel","Ahmedabad","Online",3671.09,"Success"
3086,"2024-11-15 09:48:18",18,"Vivek Verma",100100000239,240,"Credit","Visa","Active","Zomato","Food","Delhi","POS",18743.77,"Success"
3087,"2023-03-25 14:06:26",33,"Deepak Jain",100100000210,211,"Debit","RuPay","Active","Amazon India","Shopping","Pune","POS",29526.87,"Failed"
3088,"2025-02-06 00:30:35",193,"Vikas Verma",100100000192,193,"Debit","RuPay","Active","Reliance Fresh","Grocery","Mumbai","Contactless",19237.30,"Success"
3089,"2023-02-04 17:12:39",100,"Pooja Mishra",100100000099,100,"Debit","Visa","Active","IRCTC","Travel","Kolkata","POS",43372.87,"Success"
3090,"2024-05-06 00:55:03",103,"Vikas Nair",100100000102,103,"Debit","Visa","Active","Indian Oil","Fuel","Pune","Online",27752.63,"Success"
3091,"2026-06-24 10:51:44",80,"Arjun Patel",100100000079,80,"Debit","Visa","Active","Reliance Fresh","Grocery","Bengaluru","Online",23620.75,"Success"
3092,"2025-12-23 07:09:42",193,"Vikas Verma",100100000203,204,"Debit","RuPay","Active","Apollo Pharmacy","Healthcare","Noida","Contactless",25347.00,"Success"
3093,"2024-05-30 04:52:08",86,"Komal Verma",100100000276,277,"Credit","Visa","Active","Big Bazaar","Grocery","Bengaluru","Online",13824.68,"Success"
3094,"2023-03-15 14:27:11",137,"Priya Pandey",100100000136,137,"Debit","Visa","Active","Flipkart","Shopping","Pune","POS",13519.66,"Success"
3095,"2023-12-27 23:53:37",51,"Rohit Yadav",100100000262,263,"Credit","MasterCard","Active","Reliance Fresh","Grocery","Bengaluru","POS",403.01,"Success"
3096,"2024-12-15 07:38:43",138,"Sakshi Chauhan",100100000247,248,"Credit","MasterCard","Active","Lifestyle","Fashion","Hyderabad","Contactless",40873.27,"Success"
3097,"2024-06-03 16:19:56",170,"Manish Verma",100100000271,272,"Credit","Visa","Active","Flipkart","Shopping","Delhi","Online",2077.49,"Success"
3098,"2025-11-24 03:01:30",27,"Sakshi Sinha",100100000026,27,"Debit","RuPay","Active","Dominos","Food","Pune","POS",16951.59,"Success"
3099,"2022-09-13 09:49:13",165,"Riya Kumar",100100000164,165,"Debit","RuPay","Active","Dominos","Food","Pune","Contactless",42403.39,"Success"
3100,"2024-03-02 18:33:47",57,"Divya Chauhan",100100000056,57,"Debit","Visa","Active","BookMyShow","Entertainment","Bengaluru","POS",38782.32,"Success"
3101,"2024-10-22 06:05:15",95,"Rahul Kumar",100100000241,242,"Credit","Visa","Expired","Croma","Electronics","Mumbai","Contactless",11096.76,"Success"
3102,"2022-05-15 14:50:58",62,"Ritu Yadav",100100000061,62,"Debit","Visa","Active","Flipkart","Shopping","Lucknow","Online",1083.29,"Success"
3103,"2025-10-31 14:56:12",176,"Rohit Sharma",100100000175,176,"Debit","RuPay","Active","Apollo Pharmacy","Healthcare","Hyderabad","POS",25240.94,"Failed"
3104,"2025-08-11 13:51:14",200,"Harsh Mishra",100100000199,200,"Debit","RuPay","Active","Dominos","Food","Kolkata","Online",16452.94,"Success"
3105,"2026-06-19 07:21:08",141,"Rohit Patel",100100000140,141,"Debit","Visa","Active","IRCTC","Travel","Hyderabad","POS",31247.01,"Success"
3106,"2025-01-19 16:50:30",163,"Anjali Gupta",100100000212,213,"Debit","Visa","Active","PVR Cinemas","Entertainment","Gurugram","Contactless",49188.16,"Success"
3107,"2025-07-08 06:58:46",191,"Asha Sharma",100100000265,266,"Credit","Visa","Active","IRCTC","Travel","Ahmedabad","Online",18590.65,"Failed"
3108,"2025-10-10 07:36:26",77,"Anjali Mishra",100100000243,244,"Credit","Visa","Active","Myntra","Fashion","Noida","Contactless",4149.01,"Success"
3109,"2022-10-31 05:52:31",87,"Rajesh Agarwal",100100000086,87,"Debit","RuPay","Active","Zomato","Food","Noida","POS",9166.43,"Success"
3110,"2025-05-20 07:33:24",171,"Vikas Patel",100100000170,171,"Debit","RuPay","Active","Starbucks","Cafe","Jaipur","Contactless",42092.93,"Success"
3111,"2023-03-04 05:41:16",138,"Sakshi Chauhan",100100000137,138,"Debit","RuPay","Active","Reliance Fresh","Grocery","Noida","Online",5922.32,"Success"
3112,"2022-12-14 06:39:34",185,"Rahul Kumar",100100000207,208,"Debit","RuPay","Active","PVR Cinemas","Entertainment","Bengaluru","Online",16312.06,"Success"
3113,"2026-01-30 22:40:06",134,"Nitin Sharma",100100000133,134,"Debit","Visa","Active","IRCTC","Travel","Kolkata","Contactless",18895.28,"Success"
3114,"2022-03-07 08:04:32",194,"Harsh Agarwal",100100000193,194,"Debit","RuPay","Active","Big Bazaar","Grocery","Ahmedabad","POS",40142.21,"Success"
3115,"2023-08-12 08:39:09",188,"Nitin Jain",100100000266,267,"Credit","MasterCard","Active","Dominos","Food","Bengaluru","Contactless",28381.43,"Success"
3116,"2026-03-12 13:37:16",15,"Riya Yadav",100100000014,15,"Debit","RuPay","Active","Amazon India","Shopping","Ahmedabad","Contactless",17313.16,"Success"
3117,"2023-11-20 07:15:41",9,"Rohit Chauhan",100100000008,9,"Debit","RuPay","Active","Starbucks","Cafe","Bengaluru","Online",42643.12,"Success"
3118,"2022-09-21 16:02:35",25,"Riya Reddy",100100000024,25,"Debit","RuPay","Active","Lifestyle","Fashion","Ahmedabad","Online",22300.59,"Success"
3119,"2025-09-02 21:32:24",149,"Anjali Mishra",100100000148,149,"Debit","RuPay","Active","Amazon India","Shopping","Delhi","Online",47192.74,"Success"
3120,"2024-02-11 18:59:24",76,"Harsh Kumar",100100000075,76,"Debit","RuPay","Active","Amazon India","Shopping","Delhi","Online",38458.12,"Success"
3121,"2024-06-25 16:20:48",48,"Divya Yadav",100100000047,48,"Debit","RuPay","Active","IRCTC","Travel","Hyderabad","Contactless",45472.14,"Success"
3122,"2025-02-27 18:28:55",151,"Pooja Patel",100100000150,151,"Debit","RuPay","Active","Reliance Fresh","Grocery","Chennai","Online",37210.32,"Failed"
3123,"2024-07-01 04:04:30",76,"Harsh Kumar",100100000075,76,"Debit","RuPay","Active","Apollo Pharmacy","Healthcare","Noida","Online",33497.17,"Success"
3124,"2023-10-24 11:05:19",194,"Harsh Agarwal",100100000193,194,"Debit","RuPay","Active","Reliance Fresh","Grocery","Noida","Contactless",20548.44,"Success"
3125,"2026-02-13 11:40:28",104,"Harsh Pandey",100100000103,104,"Debit","RuPay","Active","Zomato","Food","Delhi","Online",2374.92,"Success"
3126,"2023-09-26 13:53:49",16,"Amit Verma",100100000015,16,"Debit","RuPay","Active","Flipkart","Shopping","Hyderabad","Contactless",12239.83,"Success"
3127,"2024-08-24 10:20:02",115,"Nidhi Agarwal",100100000114,115,"Debit","RuPay","Lost","Reliance Digital","Electronics","Hyderabad","Online",20701.06,"Success"
3128,"2025-12-19 10:22:30",194,"Harsh Agarwal",100100000257,258,"Credit","Visa","Active","Reliance Fresh","Grocery","Jaipur","POS",39363.69,"Success"
3129,"2024-10-05 00:41:47",111,"Shreya Singh",100100000220,221,"Credit","Visa","Active","PVR Cinemas","Entertainment","Chennai","Contactless",29363.26,"Success"
3130,"2023-08-06 02:53:53",113,"Manish Yadav",100100000112,113,"Debit","Visa","Active","Swiggy","Food","Mumbai","Contactless",4456.42,"Success"
3131,"2026-02-13 11:43:06",176,"Rohit Sharma",100100000175,176,"Debit","RuPay","Active","Swiggy","Food","Pune","Online",41302.59,"Success"
3132,"2023-02-02 16:20:06",28,"Nitin Reddy",100100000027,28,"Debit","Visa","Active","Swiggy","Food","Mumbai","POS",30039.64,"Success"
3133,"2026-06-07 23:36:09",132,"Karan Chauhan",100100000131,132,"Debit","RuPay","Active","Amazon India","Shopping","Lucknow","Online",27213.70,"Success"
3134,"2022-07-26 23:54:09",42,"Pooja Gupta",100100000041,42,"Debit","RuPay","Active","Myntra","Fashion","Lucknow","Online",8019.17,"Success"
3135,"2025-09-01 22:50:36",83,"Nitin Verma",100100000082,83,"Debit","RuPay","Active","Flipkart","Shopping","Hyderabad","Online",30139.61,"Success"
3136,"2024-12-29 07:00:27",14,"Sneha Nair",100100000013,14,"Debit","RuPay","Active","Indian Oil","Fuel","Noida","Contactless",12541.89,"Success"
3137,"2022-02-27 23:47:50",34,"Rahul Sharma",100100000033,34,"Debit","Visa","Active","HP Petrol Pump","Fuel","Lucknow","Online",14240.76,"Success"
3138,"2024-08-24 23:03:32",178,"Arjun Kumar",100100000177,178,"Debit","Visa","Active","Lifestyle","Fashion","Kolkata","Online",3557.76,"Success"
3139,"2024-05-12 10:03:39",169,"Rahul Pandey",100100000168,169,"Debit","RuPay","Active","Flipkart","Shopping","Ahmedabad","POS",4582.77,"Success"
3140,"2023-09-23 03:33:01",187,"Karan Chauhan",100100000186,187,"Debit","RuPay","Active","Croma","Electronics","Noida","POS",7517.95,"Success"
3141,"2025-10-22 17:05:04",55,"Vikas Kumar",100100000229,230,"Credit","MasterCard","Active","PVR Cinemas","Entertainment","Jaipur","POS",46589.55,"Success"
3142,"2023-08-21 08:19:19",115,"Nidhi Agarwal",100100000233,234,"Credit","Visa","Active","Myntra","Fashion","Mumbai","Contactless",9575.69,"Success"
3143,"2024-07-04 02:33:37",135,"Shreya Chauhan",100100000134,135,"Debit","Visa","Active","Croma","Electronics","Hyderabad","Online",19214.39,"Success"
3144,"2023-12-29 19:15:17",200,"Harsh Mishra",100100000199,200,"Debit","RuPay","Active","Croma","Electronics","Jaipur","Contactless",6962.52,"Success"
3145,"2023-06-06 23:21:53",155,"Manish Pandey",100100000154,155,"Debit","Visa","Active","Croma","Electronics","Noida","POS",49029.54,"Success"
3146,"2026-01-04 05:12:19",146,"Manish Agarwal",100100000231,232,"Credit","MasterCard","Active","SBI ATM","ATM","Bengaluru","ATM",33851.47,"Failed"
3147,"2023-12-07 20:22:20",50,"Suresh Chauhan",100100000251,252,"Credit","MasterCard","Active","Flipkart","Shopping","Jaipur","POS",49499.99,"Success"
3148,"2026-01-15 16:01:14",178,"Arjun Kumar",100100000177,178,"Debit","Visa","Active","Amazon India","Shopping","Noida","Contactless",21845.96,"Success"
3149,"2022-11-08 00:07:42",156,"Shreya Yadav",100100000155,156,"Debit","Visa","Expired","Reliance Fresh","Grocery","Lucknow","Contactless",7635.20,"Success"
3150,"2026-02-19 10:51:47",200,"Harsh Mishra",100100000199,200,"Debit","RuPay","Active","Lifestyle","Fashion","Jaipur","POS",23850.83,"Success"
3151,"2023-06-23 01:28:00",143,"Rohit Mishra",100100000142,143,"Debit","Visa","Active","Big Bazaar","Grocery","Kolkata","Online",42130.27,"Success"
3152,"2026-05-10 08:27:51",90,"Sakshi Jain",100100000089,90,"Debit","Visa","Active","PVR Cinemas","Entertainment","Lucknow","Contactless",17152.56,"Success"
3153,"2025-01-03 02:33:41",115,"Nidhi Agarwal",100100000233,234,"Credit","Visa","Active","BookMyShow","Entertainment","Delhi","POS",6962.04,"Success"
3154,"2022-11-20 08:58:35",80,"Arjun Patel",100100000079,80,"Debit","Visa","Active","Dominos","Food","Hyderabad","Online",34323.32,"Success"
3155,"2024-03-19 14:57:29",89,"Rahul Kumar",100100000088,89,"Debit","RuPay","Active","Indian Oil","Fuel","Hyderabad","Contactless",41607.02,"Success"
3156,"2024-06-04 19:57:19",80,"Arjun Patel",100100000079,80,"Debit","Visa","Active","Big Bazaar","Grocery","Ahmedabad","Online",32150.97,"Success"
3157,"2024-06-22 22:58:38",198,"Suresh Singh",100100000235,236,"Credit","MasterCard","Active","PVR Cinemas","Entertainment","Chennai","POS",36799.29,"Success"
3158,"2022-07-09 06:08:36",3,"Amit Kumar",100100000002,3,"Debit","RuPay","Active","Reliance Fresh","Grocery","Mumbai","POS",19557.98,"Success"
3159,"2024-04-05 19:00:18",136,"Priya Sharma",100100000256,257,"Credit","MasterCard","Active","PVR Cinemas","Entertainment","Hyderabad","Online",25690.39,"Reversed"
3160,"2024-09-19 23:03:37",170,"Manish Verma",100100000169,170,"Debit","Visa","Active","Flipkart","Shopping","Gurugram","Online",20362.05,"Success"
3161,"2022-09-19 13:33:35",114,"Harsh Reddy",100100000113,114,"Debit","Visa","Active","Myntra","Fashion","Pune","POS",11622.74,"Success"
3162,"2026-05-08 14:12:21",101,"Rohit Yadav",100100000100,101,"Debit","Visa","Active","Croma","Electronics","Hyderabad","Online",41299.63,"Success"
3163,"2022-03-14 15:52:30",95,"Rahul Kumar",100100000094,95,"Debit","Visa","Blocked","Starbucks","Cafe","Hyderabad","POS",17512.13,"Success"
3164,"2026-02-26 08:52:37",122,"Ritu Pandey",100100000121,122,"Debit","Visa","Lost","IRCTC","Travel","Hyderabad","Online",42756.84,"Success"
3165,"2024-02-14 11:23:42",196,"Manish Chauhan",100100000236,237,"Credit","Visa","Active","Croma","Electronics","Kolkata","Contactless",25242.87,"Success"
3166,"2024-07-31 13:31:38",179,"Ritu Mishra",100100000260,261,"Credit","MasterCard","Active","SBI ATM","ATM","Pune","ATM",4667.64,"Success"
3167,"2024-07-05 14:31:12",69,"Ritu Pandey",100100000245,246,"Credit","MasterCard","Active","IRCTC","Travel","Noida","POS",259.04,"Success"
3168,"2025-08-16 04:37:33",133,"Priya Patel",100100000132,133,"Debit","RuPay","Active","Croma","Electronics","Kolkata","POS",30947.47,"Success"
3169,"2023-10-01 01:50:50",71,"Sakshi Reddy",100100000070,71,"Debit","Visa","Active","Lifestyle","Fashion","Bengaluru","POS",32152.98,"Success"
3170,"2022-07-02 23:21:15",5,"Amit Reddy",100100000234,235,"Credit","MasterCard","Active","Amazon India","Shopping","Mumbai","Contactless",27009.74,"Success"
3171,"2025-06-14 20:04:38",198,"Suresh Singh",100100000197,198,"Debit","RuPay","Active","SBI ATM","ATM","Pune","ATM",5554.39,"Success"
3172,"2025-12-21 15:03:52",194,"Harsh Agarwal",100100000193,194,"Debit","RuPay","Active","SBI ATM","ATM","Jaipur","ATM",2938.07,"Success"
3173,"2022-05-27 18:57:53",61,"Sakshi Pandey",100100000224,225,"Credit","MasterCard","Active","Reliance Fresh","Grocery","Delhi","Contactless",13614.77,"Success"
3174,"2024-02-18 11:14:26",101,"Rohit Yadav",100100000100,101,"Debit","Visa","Active","HP Petrol Pump","Fuel","Pune","Online",39322.97,"Success"
3175,"2022-07-26 14:46:16",195,"Amit Agarwal",100100000194,195,"Debit","RuPay","Blocked","Myntra","Fashion","Bengaluru","Online",24915.19,"Success"
3176,"2023-09-02 12:55:21",123,"Neha Patel",100100000122,123,"Debit","RuPay","Active","Dominos","Food","Pune","POS",38978.74,"Failed"
3177,"2026-03-16 05:46:53",18,"Vivek Verma",100100000239,240,"Credit","Visa","Active","Myntra","Fashion","Gurugram","POS",48395.61,"Success"
3178,"2024-07-25 10:56:22",161,"Riya Singh",100100000253,254,"Credit","MasterCard","Active","Dominos","Food","Bengaluru","Online",9636.76,"Success"
3179,"2026-03-17 02:19:02",145,"Nidhi Nair",100100000144,145,"Debit","Visa","Active","DMart","Grocery","Pune","Online",5680.42,"Success"
3180,"2023-05-02 05:44:34",10,"Divya Patel",100100000009,10,"Debit","RuPay","Active","Big Bazaar","Grocery","Gurugram","Contactless",4426.72,"Success"
3181,"2025-08-23 22:51:41",134,"Nitin Sharma",100100000133,134,"Debit","Visa","Active","Amazon India","Shopping","Kolkata","Online",20121.41,"Success"
3182,"2023-09-01 05:46:50",55,"Vikas Kumar",100100000261,262,"Credit","Visa","Active","Lifestyle","Fashion","Pune","Online",8994.69,"Success"
3183,"2022-02-05 01:53:17",124,"Asha Sinha",100100000123,124,"Debit","RuPay","Active","Reliance Fresh","Grocery","Lucknow","Online",20607.24,"Success"
3184,"2024-04-08 17:56:15",134,"Nitin Sharma",100100000133,134,"Debit","Visa","Active","Apollo Pharmacy","Healthcare","Ahmedabad","POS",41105.51,"Success"
3185,"2025-06-28 19:19:36",34,"Rahul Sharma",100100000033,34,"Debit","Visa","Active","Myntra","Fashion","Chennai","Contactless",41306.52,"Success"
3186,"2023-07-31 17:05:35",46,"Priya Mishra",100100000045,46,"Debit","RuPay","Active","Swiggy","Food","Ahmedabad","Online",15580.40,"Success"
3187,"2024-02-08 08:59:48",176,"Rohit Sharma",100100000213,214,"Debit","Visa","Active","DMart","Grocery","Jaipur","Online",11273.70,"Success"
3188,"2024-11-25 13:50:17",100,"Pooja Mishra",100100000099,100,"Debit","Visa","Active","Zomato","Food","Jaipur","POS",15015.19,"Success"
3189,"2022-04-14 16:18:25",77,"Anjali Mishra",100100000243,244,"Credit","Visa","Active","DMart","Grocery","Delhi","Online",38310.49,"Success"
3190,"2023-11-07 15:56:40",175,"Pooja Jain",100100000174,175,"Debit","RuPay","Active","Starbucks","Cafe","Pune","Online",9241.34,"Success"
3191,"2022-06-17 20:10:26",138,"Sakshi Chauhan",100100000137,138,"Debit","RuPay","Active","Myntra","Fashion","Lucknow","Contactless",40753.43,"Success"
3192,"2023-10-12 05:12:15",185,"Rahul Kumar",100100000184,185,"Debit","RuPay","Expired","Amazon India","Shopping","Hyderabad","Contactless",47031.66,"Success"
3193,"2023-02-11 13:41:38",66,"Harsh Sinha",100100000065,66,"Debit","Visa","Active","Apollo Pharmacy","Healthcare","Jaipur","POS",17860.47,"Success"
3194,"2023-10-27 01:29:48",187,"Karan Chauhan",100100000186,187,"Debit","RuPay","Active","SBI ATM","ATM","Gurugram","ATM",33655.79,"Success"
3195,"2024-08-04 11:24:56",77,"Anjali Mishra",100100000237,238,"Credit","Visa","Active","DMart","Grocery","Pune","POS",24784.25,"Success"
3196,"2023-08-01 14:13:42",161,"Riya Singh",100100000160,161,"Debit","Visa","Active","HP Petrol Pump","Fuel","Lucknow","Contactless",5617.01,"Success"
3197,"2025-05-10 21:41:54",96,"Manish Yadav",100100000095,96,"Debit","Visa","Active","Lifestyle","Fashion","Hyderabad","Online",41801.18,"Success"
3198,"2025-09-03 18:48:40",107,"Nitin Chauhan",100100000106,107,"Debit","RuPay","Active","Dominos","Food","Gurugram","Contactless",28130.61,"Success"
3199,"2023-04-24 05:47:07",77,"Anjali Mishra",100100000278,279,"Credit","MasterCard","Active","Croma","Electronics","Kolkata","Online",48216.02,"Success"
3200,"2023-11-26 11:32:30",113,"Manish Yadav",100100000238,239,"Credit","MasterCard","Active","Amazon India","Shopping","Ahmedabad","POS",45287.22,"Success"
3201,"2025-12-27 15:09:22",99,"Komal Jain",100100000098,99,"Debit","RuPay","Active","BookMyShow","Entertainment","Ahmedabad","Online",37650.04,"Reversed"
3202,"2024-12-13 11:38:49",76,"Harsh Kumar",100100000075,76,"Debit","RuPay","Active","Starbucks","Cafe","Pune","POS",11444.67,"Success"
3203,"2022-04-29 23:03:55",55,"Vikas Kumar",100100000261,262,"Credit","Visa","Active","IRCTC","Travel","Pune","Contactless",46663.09,"Success"
3204,"2022-11-10 15:16:14",63,"Rajesh Kumar",100100000062,63,"Debit","RuPay","Active","PVR Cinemas","Entertainment","Ahmedabad","Online",3180.27,"Success"
3205,"2023-12-19 23:04:03",114,"Harsh Reddy",100100000205,206,"Debit","RuPay","Active","Flipkart","Shopping","Ahmedabad","POS",14631.28,"Success"
3206,"2025-07-21 13:56:55",24,"Riya Patel",100100000023,24,"Debit","Visa","Active","Swiggy","Food","Gurugram","POS",19015.46,"Success"
3207,"2025-12-31 11:19:16",111,"Shreya Singh",100100000220,221,"Credit","Visa","Active","Indian Oil","Fuel","Bengaluru","POS",30163.82,"Success"
3208,"2026-05-16 02:06:31",3,"Amit Kumar",100100000002,3,"Debit","RuPay","Active","Reliance Fresh","Grocery","Kolkata","POS",36836.88,"Success"
3209,"2025-08-13 17:49:18",116,"Riya Sinha",100100000201,202,"Debit","RuPay","Expired","IRCTC","Travel","Pune","Online",9603.43,"Success"
3210,"2025-06-01 11:38:10",189,"Rajesh Pandey",100100000188,189,"Debit","RuPay","Lost","Amazon India","Shopping","Jaipur","Online",3233.66,"Success"
3211,"2024-04-01 19:57:09",138,"Sakshi Chauhan",100100000137,138,"Debit","RuPay","Active","Lifestyle","Fashion","Jaipur","POS",40214.85,"Failed"
3212,"2023-07-22 15:38:47",176,"Rohit Sharma",100100000213,214,"Debit","Visa","Active","PVR Cinemas","Entertainment","Mumbai","Contactless",40501.38,"Success"
3213,"2024-12-31 20:22:09",18,"Vivek Verma",100100000239,240,"Credit","Visa","Active","Amazon India","Shopping","Lucknow","POS",39976.75,"Success"
3214,"2023-06-15 04:29:44",83,"Nitin Verma",100100000082,83,"Debit","RuPay","Active","Zomato","Food","Lucknow","Online",29029.97,"Success"
3215,"2023-08-23 15:40:06",134,"Nitin Sharma",100100000133,134,"Debit","Visa","Active","SBI ATM","ATM","Jaipur","ATM",18132.23,"Success"
3216,"2025-12-03 05:42:43",111,"Shreya Singh",100100000204,205,"Debit","RuPay","Active","Zomato","Food","Hyderabad","POS",34647.26,"Success"
3217,"2024-09-13 21:35:21",153,"Mohit Sinha",100100000152,153,"Debit","Visa","Active","Zomato","Food","Jaipur","Contactless",21915.48,"Success"
3218,"2024-07-11 15:23:59",112,"Mohit Mishra",100100000111,112,"Debit","Visa","Active","BookMyShow","Entertainment","Hyderabad","Online",48973.18,"Success"
3219,"2024-08-07 06:30:59",156,"Shreya Yadav",100100000272,273,"Credit","Visa","Active","Lifestyle","Fashion","Hyderabad","Contactless",41325.54,"Success"
3220,"2025-11-11 00:22:03",23,"Asha Agarwal",100100000022,23,"Debit","Visa","Blocked","PVR Cinemas","Entertainment","Delhi","Contactless",9932.71,"Success"
3221,"2024-10-10 08:54:17",24,"Riya Patel",100100000023,24,"Debit","Visa","Active","Apollo Pharmacy","Healthcare","Pune","Contactless",49792.28,"Success"
3222,"2026-04-05 17:04:14",134,"Nitin Sharma",100100000133,134,"Debit","Visa","Active","Starbucks","Cafe","Lucknow","POS",40971.62,"Success"
3223,"2025-09-20 22:08:14",93,"Arjun Sinha",100100000092,93,"Debit","RuPay","Blocked","DMart","Grocery","Kolkata","Contactless",13266.73,"Success"
3224,"2022-04-03 19:30:47",116,"Riya Sinha",100100000115,116,"Debit","RuPay","Active","PVR Cinemas","Entertainment","Noida","POS",14323.42,"Success"
3225,"2024-01-24 07:09:12",178,"Arjun Kumar",100100000177,178,"Debit","Visa","Active","Starbucks","Cafe","Chennai","Online",44206.64,"Success"
3226,"2024-04-04 22:39:11",13,"Nitin Yadav",100100000012,13,"Debit","RuPay","Active","Flipkart","Shopping","Mumbai","Online",20365.92,"Success"
3227,"2025-02-01 02:06:02",143,"Rohit Mishra",100100000277,278,"Credit","Visa","Active","Swiggy","Food","Lucknow","Contactless",42985.69,"Success"
3228,"2023-12-07 11:45:44",179,"Ritu Mishra",100100000260,261,"Credit","MasterCard","Active","SBI ATM","ATM","Delhi","ATM",33552.73,"Success"
3229,"2022-01-24 15:33:38",64,"Riya Singh",100100000063,64,"Debit","RuPay","Active","Swiggy","Food","Pune","Contactless",13411.94,"Success"
3230,"2026-04-22 17:17:22",97,"Riya Kumar",100100000096,97,"Debit","RuPay","Active","BookMyShow","Entertainment","Jaipur","POS",18073.33,"Success"
3231,"2025-03-01 19:15:18",8,"Neha Gupta",100100000007,8,"Debit","RuPay","Active","BookMyShow","Entertainment","Bengaluru","Online",9369.00,"Success"
3232,"2023-01-06 08:37:36",133,"Priya Patel",100100000132,133,"Debit","RuPay","Active","Apollo Pharmacy","Healthcare","Pune","Online",26967.95,"Success"
3233,"2022-07-29 13:51:03",127,"Anjali Verma",100100000126,127,"Debit","Visa","Active","Indian Oil","Fuel","Lucknow","Contactless",46303.38,"Success"
3234,"2024-04-14 14:41:17",112,"Mohit Mishra",100100000111,112,"Debit","Visa","Active","Apollo Pharmacy","Healthcare","Noida","Contactless",2377.39,"Reversed"
3235,"2022-01-26 21:07:14",153,"Mohit Sinha",100100000152,153,"Debit","Visa","Active","Starbucks","Cafe","Noida","Online",41407.51,"Success"
3236,"2026-07-01 15:48:58",64,"Riya Singh",100100000063,64,"Debit","RuPay","Active","Starbucks","Cafe","Pune","Contactless",27091.55,"Success"
3237,"2024-06-18 19:53:15",75,"Neha Chauhan",100100000074,75,"Debit","RuPay","Active","Swiggy","Food","Ahmedabad","POS",6004.02,"Success"
3238,"2023-10-22 20:42:00",200,"Harsh Mishra",100100000199,200,"Debit","RuPay","Active","Zomato","Food","Bengaluru","POS",36787.18,"Success"
3239,"2024-02-05 02:37:43",195,"Amit Agarwal",100100000194,195,"Debit","RuPay","Blocked","Myntra","Fashion","Mumbai","Contactless",34176.95,"Success"
3240,"2025-09-21 18:43:41",143,"Rohit Mishra",100100000277,278,"Credit","Visa","Active","Indian Oil","Fuel","Lucknow","POS",8316.93,"Success"
3241,"2025-07-30 01:53:42",42,"Pooja Gupta",100100000211,212,"Debit","RuPay","Active","Croma","Electronics","Delhi","POS",31037.40,"Success"
3242,"2025-09-18 09:14:02",7,"Neha Gupta",100100000006,7,"Debit","Visa","Active","Myntra","Fashion","Chennai","POS",21552.39,"Success"
3243,"2022-10-13 15:48:59",188,"Nitin Jain",100100000187,188,"Debit","Visa","Active","PVR Cinemas","Entertainment","Hyderabad","Contactless",26369.08,"Success"
3244,"2023-10-13 23:19:26",29,"Mohit Yadav",100100000028,29,"Debit","Visa","Active","Myntra","Fashion","Jaipur","POS",7930.11,"Success"
3245,"2022-05-31 18:58:30",124,"Asha Sinha",100100000214,215,"Debit","Visa","Active","Myntra","Fashion","Lucknow","Contactless",31298.86,"Success"
3246,"2025-12-25 19:31:01",165,"Riya Kumar",100100000164,165,"Debit","RuPay","Active","Dominos","Food","Noida","Online",49273.03,"Success"
3247,"2023-12-20 19:05:42",18,"Vivek Verma",100100000017,18,"Debit","Visa","Lost","PVR Cinemas","Entertainment","Gurugram","Online",3853.43,"Success"
3248,"2022-11-11 02:37:37",92,"Ritu Chauhan",100100000091,92,"Debit","Visa","Active","IRCTC","Travel","Ahmedabad","Online",37953.68,"Success"
3249,"2023-05-04 02:17:38",186,"Neha Gupta",100100000185,186,"Debit","Visa","Active","PVR Cinemas","Entertainment","Kolkata","Online",21324.24,"Success"
3250,"2024-11-20 06:19:16",195,"Amit Agarwal",100100000194,195,"Debit","RuPay","Blocked","Zomato","Food","Pune","Contactless",7146.12,"Success"
3251,"2026-05-16 12:29:27",143,"Rohit Mishra",100100000277,278,"Credit","Visa","Active","Big Bazaar","Grocery","Lucknow","Online",49080.01,"Success"
3252,"2023-06-13 00:11:10",197,"Rajesh Yadav",100100000223,224,"Credit","MasterCard","Active","Starbucks","Cafe","Lucknow","Online",33273.27,"Success"
3253,"2024-05-21 18:07:28",109,"Kavita Jain",100100000108,109,"Debit","Visa","Active","Reliance Fresh","Grocery","Mumbai","POS",24174.00,"Success"
3254,"2024-07-15 21:34:55",109,"Kavita Jain",100100000108,109,"Debit","Visa","Active","Indian Oil","Fuel","Pune","Contactless",28932.66,"Success"
3255,"2025-04-16 08:21:23",111,"Shreya Singh",100100000110,111,"Debit","Visa","Active","Myntra","Fashion","Kolkata","Online",34346.09,"Reversed"
3256,"2023-09-27 23:16:36",161,"Riya Singh",100100000160,161,"Debit","Visa","Active","HP Petrol Pump","Fuel","Pune","Online",9432.40,"Success"
3257,"2023-05-14 10:41:26",7,"Neha Gupta",100100000006,7,"Debit","Visa","Active","Apollo Pharmacy","Healthcare","Jaipur","Contactless",13409.52,"Success"
3258,"2022-12-31 07:26:04",95,"Rahul Kumar",100100000094,95,"Debit","Visa","Blocked","Myntra","Fashion","Mumbai","Online",27381.60,"Success"
3259,"2022-06-03 17:37:37",40,"Sneha Nair",100100000039,40,"Debit","Visa","Expired","Swiggy","Food","Bengaluru","POS",17595.85,"Success"
3260,"2023-09-06 00:04:00",17,"Komal Patel",100100000275,276,"Credit","MasterCard","Active","Big Bazaar","Grocery","Kolkata","Contactless",17512.13,"Success"
3261,"2026-01-15 04:49:04",178,"Arjun Kumar",100100000227,228,"Credit","Visa","Active","DMart","Grocery","Ahmedabad","Contactless",43097.99,"Success"
3262,"2025-01-11 20:29:42",165,"Riya Kumar",100100000164,165,"Debit","RuPay","Active","SBI ATM","ATM","Noida","ATM",34052.03,"Success"
3263,"2025-09-13 16:53:21",183,"Neha Nair",100100000182,183,"Debit","RuPay","Active","Flipkart","Shopping","Lucknow","Online",49568.82,"Success"
3264,"2022-07-29 15:28:49",84,"Karan Patel",100100000083,84,"Debit","Visa","Active","Flipkart","Shopping","Noida","POS",29010.01,"Success"
3265,"2025-05-17 22:07:17",166,"Riya Singh",100100000165,166,"Debit","RuPay","Active","Amazon India","Shopping","Delhi","Online",30800.02,"Success"
3266,"2022-03-10 10:14:11",123,"Neha Patel",100100000122,123,"Debit","RuPay","Active","Apollo Pharmacy","Healthcare","Chennai","Online",40129.85,"Success"
3267,"2022-03-14 03:45:50",106,"Arjun Nair",100100000105,106,"Debit","RuPay","Active","HP Petrol Pump","Fuel","Mumbai","Contactless",4912.49,"Success"
3268,"2023-06-20 02:21:18",69,"Ritu Pandey",100100000068,69,"Debit","Visa","Active","Apollo Pharmacy","Healthcare","Chennai","Contactless",7202.80,"Success"
3269,"2025-11-01 02:11:28",105,"Mohit Agarwal",100100000104,105,"Debit","Visa","Active","Flipkart","Shopping","Mumbai","Contactless",911.35,"Success"
3270,"2022-10-29 02:57:12",86,"Komal Verma",100100000085,86,"Debit","Visa","Active","Lifestyle","Fashion","Pune","POS",18931.30,"Success"
3271,"2025-07-19 17:46:32",77,"Anjali Mishra",100100000243,244,"Credit","Visa","Active","Zomato","Food","Lucknow","POS",41017.85,"Reversed"
3272,"2025-10-26 16:56:28",97,"Riya Kumar",100100000096,97,"Debit","RuPay","Active","Starbucks","Cafe","Pune","POS",40492.27,"Success"
3273,"2026-04-12 05:01:37",128,"Riya Mishra",100100000127,128,"Debit","RuPay","Active","Reliance Fresh","Grocery","Gurugram","Contactless",19979.64,"Success"
3274,"2023-01-25 08:50:02",75,"Neha Chauhan",100100000074,75,"Debit","RuPay","Active","Big Bazaar","Grocery","Chennai","Online",21895.59,"Success"
3275,"2022-01-14 21:38:30",77,"Anjali Mishra",100100000278,279,"Credit","MasterCard","Active","Zomato","Food","Jaipur","Contactless",16351.32,"Success"
3276,"2024-12-12 06:20:22",195,"Amit Agarwal",100100000279,280,"Credit","Visa","Active","Croma","Electronics","Ahmedabad","Contactless",2718.19,"Success"
3277,"2026-04-01 01:29:27",156,"Shreya Yadav",100100000272,273,"Credit","Visa","Active","Amazon India","Shopping","Bengaluru","POS",44871.38,"Success"
3278,"2024-05-01 15:51:13",195,"Amit Agarwal",100100000279,280,"Credit","Visa","Active","Starbucks","Cafe","Kolkata","Online",20025.02,"Success"
3279,"2022-04-05 20:38:42",138,"Sakshi Chauhan",100100000247,248,"Credit","MasterCard","Active","Myntra","Fashion","Kolkata","Online",4325.37,"Success"
3280,"2024-10-10 00:17:21",161,"Riya Singh",100100000253,254,"Credit","MasterCard","Active","Zomato","Food","Kolkata","POS",32343.64,"Success"
3281,"2025-04-08 14:19:10",91,"Amit Chauhan",100100000090,91,"Debit","RuPay","Active","Dominos","Food","Noida","POS",33538.16,"Success"
3282,"2026-02-14 13:29:20",181,"Arjun Singh",100100000180,181,"Debit","RuPay","Active","Croma","Electronics","Pune","Contactless",38471.53,"Success"
3283,"2023-07-13 13:43:13",162,"Asha Reddy",100100000161,162,"Debit","RuPay","Active","BookMyShow","Entertainment","Hyderabad","POS",5997.59,"Success"
3284,"2024-08-01 06:15:54",178,"Arjun Kumar",100100000208,209,"Debit","RuPay","Active","SBI ATM","ATM","Ahmedabad","ATM",42505.80,"Success"
3285,"2023-12-10 14:13:56",98,"Suresh Sharma",100100000097,98,"Debit","RuPay","Active","BookMyShow","Entertainment","Mumbai","POS",41514.92,"Success"
3286,"2025-07-04 16:34:35",61,"Sakshi Pandey",100100000224,225,"Credit","MasterCard","Active","DMart","Grocery","Bengaluru","Contactless",22648.52,"Success"
3287,"2023-07-04 11:40:55",186,"Neha Gupta",100100000185,186,"Debit","Visa","Active","Big Bazaar","Grocery","Delhi","POS",18186.82,"Success"
3288,"2025-07-14 06:26:28",95,"Rahul Kumar",100100000094,95,"Debit","Visa","Blocked","Reliance Digital","Electronics","Jaipur","Online",44029.04,"Success"
3289,"2022-08-24 08:43:05",157,"Meena Mishra",100100000156,157,"Debit","RuPay","Active","Apollo Pharmacy","Healthcare","Hyderabad","POS",12793.25,"Success"
3290,"2022-05-18 00:39:24",171,"Vikas Patel",100100000170,171,"Debit","RuPay","Active","Zomato","Food","Lucknow","Contactless",30685.04,"Success"
3291,"2024-01-13 23:25:41",19,"Vikas Yadav",100100000018,19,"Debit","Visa","Active","Reliance Digital","Electronics","Ahmedabad","POS",29678.47,"Success"
3292,"2025-02-17 01:10:37",81,"Karan Reddy",100100000080,81,"Debit","RuPay","Active","IRCTC","Travel","Gurugram","POS",16805.30,"Success"
3293,"2023-07-18 22:13:54",62,"Ritu Yadav",100100000061,62,"Debit","Visa","Active","Apollo Pharmacy","Healthcare","Hyderabad","Online",45088.58,"Success"
3294,"2025-01-24 16:01:07",102,"Asha Sinha",100100000268,269,"Credit","Visa","Active","Amazon India","Shopping","Gurugram","Online",49450.41,"Success"
3295,"2023-08-15 17:33:17",50,"Suresh Chauhan",100100000049,50,"Debit","Visa","Lost","BookMyShow","Entertainment","Mumbai","Online",40817.31,"Success"
3296,"2024-01-06 00:10:18",188,"Nitin Jain",100100000187,188,"Debit","Visa","Active","PVR Cinemas","Entertainment","Noida","Online",4809.88,"Failed"
3297,"2023-04-17 03:03:18",136,"Priya Sharma",100100000256,257,"Credit","MasterCard","Active","Reliance Digital","Electronics","Gurugram","Online",5631.06,"Success"
3298,"2025-08-29 03:36:42",147,"Nitin Jain",100100000146,147,"Debit","RuPay","Lost","Reliance Fresh","Grocery","Noida","Online",20470.64,"Success"
3299,"2024-11-13 02:54:57",130,"Pooja Pandey",100100000129,130,"Debit","RuPay","Active","HP Petrol Pump","Fuel","Hyderabad","POS",20640.39,"Success"
3300,"2026-04-01 11:35:49",2,"Neha Gupta",100100000001,2,"Debit","Visa","Active","Reliance Digital","Electronics","Pune","POS",45488.15,"Success"
3301,"2022-11-14 22:48:45",138,"Sakshi Chauhan",100100000247,248,"Credit","MasterCard","Active","Amazon India","Shopping","Mumbai","POS",18818.18,"Success"
3302,"2026-02-13 17:01:55",125,"Vivek Kumar",100100000124,125,"Debit","RuPay","Active","Apollo Pharmacy","Healthcare","Mumbai","Contactless",48556.17,"Success"
3303,"2023-10-23 11:33:25",104,"Harsh Pandey",100100000103,104,"Debit","RuPay","Active","Reliance Fresh","Grocery","Delhi","Contactless",900.05,"Success"
3304,"2022-11-21 02:55:13",80,"Arjun Patel",100100000079,80,"Debit","Visa","Active","Swiggy","Food","Mumbai","Online",45286.30,"Success"
3305,"2022-07-18 18:27:43",145,"Nidhi Nair",100100000144,145,"Debit","Visa","Active","Reliance Digital","Electronics","Mumbai","POS",35835.38,"Success"
3306,"2026-02-05 11:02:05",161,"Riya Singh",100100000160,161,"Debit","Visa","Active","Lifestyle","Fashion","Pune","Contactless",48871.37,"Success"
3307,"2023-02-08 19:09:24",184,"Asha Singh",100100000183,184,"Debit","Visa","Active","Flipkart","Shopping","Ahmedabad","Online",11269.80,"Success"
3308,"2023-10-11 15:49:57",180,"Divya Mishra",100100000179,180,"Debit","RuPay","Active","DMart","Grocery","Noida","Contactless",44599.54,"Success"
3309,"2024-03-06 23:09:21",8,"Neha Gupta",100100000007,8,"Debit","RuPay","Active","HP Petrol Pump","Fuel","Ahmedabad","Contactless",14378.88,"Success"
3310,"2022-11-28 10:55:24",179,"Ritu Mishra",100100000260,261,"Credit","MasterCard","Active","DMart","Grocery","Kolkata","POS",24289.10,"Success"
3311,"2024-03-25 19:04:55",129,"Priya Gupta",100100000128,129,"Debit","Visa","Active","BookMyShow","Entertainment","Noida","Online",36762.52,"Success"
3312,"2025-04-20 13:08:27",138,"Sakshi Chauhan",100100000247,248,"Credit","MasterCard","Active","PVR Cinemas","Entertainment","Noida","POS",46908.79,"Success"
3313,"2023-01-17 23:31:09",124,"Asha Sinha",100100000123,124,"Debit","RuPay","Active","Apollo Pharmacy","Healthcare","Ahmedabad","Contactless",22043.33,"Success"
3314,"2022-12-05 11:35:37",108,"Sakshi Chauhan",100100000107,108,"Debit","RuPay","Active","Reliance Fresh","Grocery","Noida","Contactless",39811.65,"Success"
3315,"2024-08-12 22:14:44",110,"Rajesh Gupta",100100000109,110,"Debit","Visa","Active","Starbucks","Cafe","Noida","Online",1765.10,"Success"
3316,"2022-08-03 02:58:16",47,"Priya Sharma",100100000259,260,"Credit","MasterCard","Expired","Apollo Pharmacy","Healthcare","Gurugram","Online",30899.04,"Success"
3317,"2024-07-27 07:19:24",127,"Anjali Verma",100100000126,127,"Debit","Visa","Active","Lifestyle","Fashion","Lucknow","Contactless",22878.63,"Success"
3318,"2023-09-28 11:14:30",195,"Amit Agarwal",100100000194,195,"Debit","RuPay","Blocked","Reliance Digital","Electronics","Delhi","Contactless",37304.17,"Success"
3319,"2023-04-10 14:25:47",103,"Vikas Nair",100100000102,103,"Debit","Visa","Active","Dominos","Food","Noida","Contactless",46063.40,"Success"
3320,"2023-11-13 14:46:42",137,"Priya Pandey",100100000246,247,"Credit","MasterCard","Active","IRCTC","Travel","Delhi","Online",22079.37,"Success"
3321,"2024-07-17 16:43:15",67,"Pooja Kumar",100100000066,67,"Debit","RuPay","Active","Lifestyle","Fashion","Lucknow","POS",49035.56,"Success"
3322,"2024-01-29 13:34:39",94,"Shreya Mishra",100100000264,265,"Credit","MasterCard","Active","Flipkart","Shopping","Delhi","POS",9624.77,"Failed"
3323,"2025-03-31 16:56:46",153,"Mohit Sinha",100100000152,153,"Debit","Visa","Active","Lifestyle","Fashion","Mumbai","Contactless",43367.28,"Success"
3324,"2025-01-15 12:08:54",159,"Kavita Singh",100100000158,159,"Debit","Visa","Active","Reliance Fresh","Grocery","Hyderabad","Contactless",16111.73,"Failed"
3325,"2024-01-11 18:22:44",32,"Ankit Reddy",100100000031,32,"Debit","Visa","Active","Lifestyle","Fashion","Bengaluru","POS",41348.25,"Success"
3326,"2023-09-23 16:51:14",42,"Pooja Gupta",100100000267,268,"Credit","Visa","Active","Reliance Fresh","Grocery","Chennai","POS",13849.99,"Success"
3327,"2023-12-05 22:11:50",38,"Neha Patel",100100000037,38,"Debit","RuPay","Active","Apollo Pharmacy","Healthcare","Noida","Online",47275.30,"Success"
3328,"2023-10-03 19:33:57",140,"Arjun Sinha",100100000139,140,"Debit","Visa","Active","Myntra","Fashion","Noida","POS",35595.50,"Success"
3329,"2025-10-07 04:49:02",82,"Meena Gupta",100100000081,82,"Debit","RuPay","Active","BookMyShow","Entertainment","Lucknow","POS",30367.06,"Success"
3330,"2025-01-13 18:45:29",106,"Arjun Nair",100100000232,233,"Credit","MasterCard","Expired","Swiggy","Food","Gurugram","POS",37879.63,"Success"
3331,"2025-09-09 16:37:06",75,"Neha Chauhan",100100000250,251,"Credit","Visa","Active","DMart","Grocery","Ahmedabad","POS",31127.35,"Success"
3332,"2023-07-03 06:16:09",164,"Shreya Sinha",100100000163,164,"Debit","Visa","Active","DMart","Grocery","Noida","Contactless",48983.73,"Success"
3333,"2022-09-14 04:23:50",193,"Vikas Verma",100100000242,243,"Credit","MasterCard","Active","Zomato","Food","Delhi","Contactless",33114.71,"Success"
3334,"2022-03-13 06:54:59",146,"Manish Agarwal",100100000145,146,"Debit","RuPay","Lost","Indian Oil","Fuel","Pune","POS",23694.69,"Success"
3335,"2023-04-24 08:16:31",96,"Manish Yadav",100100000095,96,"Debit","Visa","Active","PVR Cinemas","Entertainment","Jaipur","Online",2381.33,"Success"
3336,"2025-08-04 21:41:15",87,"Rajesh Agarwal",100100000086,87,"Debit","RuPay","Active","Myntra","Fashion","Mumbai","POS",10734.35,"Success"
3337,"2023-01-07 06:29:04",47,"Priya Sharma",100100000046,47,"Debit","Visa","Active","Lifestyle","Fashion","Noida","POS",44873.11,"Success"
3338,"2025-10-04 18:58:54",150,"Ankit Verma",100100000149,150,"Debit","RuPay","Blocked","HP Petrol Pump","Fuel","Pune","Online",45988.82,"Success"
3339,"2022-08-02 16:49:56",141,"Rohit Patel",100100000140,141,"Debit","Visa","Active","Lifestyle","Fashion","Mumbai","Online",35566.43,"Success"
3340,"2024-04-30 20:37:56",81,"Karan Reddy",100100000080,81,"Debit","RuPay","Active","BookMyShow","Entertainment","Ahmedabad","POS",33363.18,"Success"
3341,"2022-07-07 21:44:26",192,"Deepak Reddy",100100000191,192,"Debit","Visa","Active","DMart","Grocery","Bengaluru","Contactless",12959.44,"Success"
3342,"2025-03-25 12:20:55",117,"Priya Patel",100100000215,216,"Debit","Visa","Active","IRCTC","Travel","Pune","Contactless",46040.91,"Success"
3343,"2023-04-15 16:34:13",50,"Suresh Chauhan",100100000251,252,"Credit","MasterCard","Active","Amazon India","Shopping","Gurugram","Contactless",4899.99,"Success"
3344,"2026-04-21 05:24:49",157,"Meena Mishra",100100000156,157,"Debit","RuPay","Active","Apollo Pharmacy","Healthcare","Chennai","Contactless",1828.70,"Success"
3345,"2023-09-29 06:43:54",171,"Vikas Patel",100100000170,171,"Debit","RuPay","Active","DMart","Grocery","Kolkata","Contactless",34631.46,"Success"
3346,"2025-05-29 09:50:15",50,"Suresh Chauhan",100100000218,219,"Debit","Visa","Active","Reliance Digital","Electronics","Chennai","POS",46817.61,"Reversed"
3347,"2025-07-26 03:05:56",69,"Ritu Pandey",100100000245,246,"Credit","MasterCard","Active","SBI ATM","ATM","Kolkata","ATM",33982.83,"Success"
3348,"2022-10-25 01:39:23",46,"Priya Mishra",100100000045,46,"Debit","RuPay","Active","DMart","Grocery","Delhi","Contactless",1022.51,"Success"
3349,"2022-12-10 05:41:15",52,"Harsh Mishra",100100000051,52,"Debit","Visa","Active","Amazon India","Shopping","Delhi","Contactless",25986.03,"Success"
3350,"2026-02-25 17:10:21",164,"Shreya Sinha",100100000163,164,"Debit","Visa","Active","BookMyShow","Entertainment","Chennai","Online",47499.86,"Success"
3351,"2026-02-23 16:14:29",5,"Amit Reddy",100100000234,235,"Credit","MasterCard","Active","Reliance Digital","Electronics","Ahmedabad","POS",11031.83,"Success"
3352,"2026-01-16 07:51:56",115,"Nidhi Agarwal",100100000114,115,"Debit","RuPay","Lost","Big Bazaar","Grocery","Hyderabad","Online",25730.87,"Success"
3353,"2026-07-02 03:54:41",171,"Vikas Patel",100100000263,264,"Credit","MasterCard","Expired","BookMyShow","Entertainment","Delhi","Contactless",25047.29,"Success"
3354,"2022-03-08 14:05:36",193,"Vikas Verma",100100000203,204,"Debit","RuPay","Active","Flipkart","Shopping","Lucknow","Contactless",48634.23,"Success"
3355,"2023-02-23 03:36:53",72,"Anjali Singh",100100000071,72,"Debit","RuPay","Lost","Reliance Digital","Electronics","Jaipur","Contactless",34559.30,"Success"
3356,"2023-01-03 09:38:27",92,"Ritu Chauhan",100100000091,92,"Debit","Visa","Active","Big Bazaar","Grocery","Mumbai","POS",11756.88,"Success"
3357,"2025-03-18 08:18:42",194,"Harsh Agarwal",100100000257,258,"Credit","Visa","Active","Reliance Digital","Electronics","Gurugram","Contactless",10797.29,"Success"
3358,"2022-06-09 16:22:14",116,"Riya Sinha",100100000115,116,"Debit","RuPay","Active","IRCTC","Travel","Jaipur","Online",36680.17,"Success"
3359,"2022-03-26 01:54:39",149,"Anjali Mishra",100100000270,271,"Credit","MasterCard","Active","Reliance Fresh","Grocery","Mumbai","Contactless",42271.37,"Success"
3360,"2024-03-03 12:10:38",146,"Manish Agarwal",100100000145,146,"Debit","RuPay","Lost","SBI ATM","ATM","Noida","ATM",33759.85,"Success"
3361,"2022-12-22 11:23:43",6,"Meena Singh",100100000005,6,"Debit","Visa","Expired","Lifestyle","Fashion","Lucknow","POS",32669.16,"Success"
3362,"2026-02-09 06:18:58",115,"Nidhi Agarwal",100100000114,115,"Debit","RuPay","Lost","HP Petrol Pump","Fuel","Noida","Online",26182.62,"Reversed"
3363,"2024-09-02 21:06:40",97,"Riya Kumar",100100000096,97,"Debit","RuPay","Active","BookMyShow","Entertainment","Kolkata","Contactless",44462.38,"Success"
3364,"2022-10-19 19:45:42",44,"Meena Reddy",100100000043,44,"Debit","Visa","Active","Flipkart","Shopping","Gurugram","POS",5634.36,"Success"
3365,"2026-04-06 17:01:42",69,"Ritu Pandey",100100000068,69,"Debit","Visa","Active","PVR Cinemas","Entertainment","Bengaluru","POS",3552.17,"Success"
3366,"2024-08-09 14:09:12",21,"Anjali Yadav",100100000020,21,"Debit","RuPay","Active","Reliance Digital","Electronics","Mumbai","Contactless",3407.06,"Success"
3367,"2025-02-10 17:47:15",182,"Komal Gupta",100100000181,182,"Debit","RuPay","Active","Big Bazaar","Grocery","Delhi","POS",34322.09,"Success"
3368,"2023-05-08 10:01:26",193,"Vikas Verma",100100000242,243,"Credit","MasterCard","Active","DMart","Grocery","Pune","Contactless",48023.29,"Success"
3369,"2024-08-17 21:44:37",161,"Riya Singh",100100000253,254,"Credit","MasterCard","Active","Big Bazaar","Grocery","Jaipur","POS",42236.79,"Success"
3370,"2025-10-20 20:02:22",188,"Nitin Jain",100100000187,188,"Debit","Visa","Active","Amazon India","Shopping","Ahmedabad","Online",21495.38,"Success"
3371,"2025-04-02 16:47:54",54,"Meena Singh",100100000269,270,"Credit","MasterCard","Active","Swiggy","Food","Jaipur","POS",15806.09,"Success"
3372,"2024-09-13 03:18:06",73,"Karan Yadav",100100000226,227,"Credit","MasterCard","Active","Amazon India","Shopping","Kolkata","POS",18395.57,"Success"
3373,"2022-06-10 21:35:01",166,"Riya Singh",100100000165,166,"Debit","RuPay","Active","Indian Oil","Fuel","Ahmedabad","POS",8966.12,"Success"
3374,"2025-12-11 00:38:27",182,"Komal Gupta",100100000255,256,"Credit","MasterCard","Active","Swiggy","Food","Delhi","Online",30407.59,"Success"
3375,"2024-06-29 09:38:22",197,"Rajesh Yadav",100100000223,224,"Credit","MasterCard","Active","Myntra","Fashion","Kolkata","Online",43747.86,"Success"
3376,"2024-08-23 07:04:19",146,"Manish Agarwal",100100000231,232,"Credit","MasterCard","Active","BookMyShow","Entertainment","Delhi","POS",14404.65,"Success"
3377,"2023-06-14 18:11:47",42,"Pooja Gupta",100100000267,268,"Credit","Visa","Active","Big Bazaar","Grocery","Noida","POS",4592.36,"Success"
3378,"2025-05-23 17:29:58",99,"Komal Jain",100100000098,99,"Debit","RuPay","Active","Dominos","Food","Kolkata","POS",12617.29,"Success"
3379,"2022-04-24 21:12:59",110,"Rajesh Gupta",100100000109,110,"Debit","Visa","Active","Flipkart","Shopping","Kolkata","Contactless",28392.22,"Failed"
3380,"2026-05-22 06:20:47",89,"Rahul Kumar",100100000088,89,"Debit","RuPay","Active","PVR Cinemas","Entertainment","Kolkata","Online",47872.50,"Success"
3381,"2023-01-15 09:09:28",49,"Amit Sinha",100100000048,49,"Debit","Visa","Blocked","IRCTC","Travel","Mumbai","Online",24109.26,"Success"
3382,"2025-06-08 09:57:45",104,"Harsh Pandey",100100000103,104,"Debit","RuPay","Active","Indian Oil","Fuel","Jaipur","Contactless",15471.70,"Reversed"
3383,"2023-03-25 06:42:50",195,"Amit Agarwal",100100000194,195,"Debit","RuPay","Blocked","Starbucks","Cafe","Bengaluru","Online",12544.13,"Success"
3384,"2022-08-30 17:12:58",107,"Nitin Chauhan",100100000209,210,"Debit","Visa","Active","Apollo Pharmacy","Healthcare","Ahmedabad","Contactless",20782.06,"Success"
3385,"2022-10-14 09:55:13",199,"Sneha Agarwal",100100000198,199,"Debit","RuPay","Expired","Reliance Digital","Electronics","Mumbai","Online",1336.94,"Success"
3386,"2024-03-03 02:27:48",171,"Vikas Patel",100100000170,171,"Debit","RuPay","Active","Indian Oil","Fuel","Hyderabad","Online",1206.60,"Success"
3387,"2022-06-05 06:11:42",23,"Asha Agarwal",100100000022,23,"Debit","Visa","Blocked","SBI ATM","ATM","Ahmedabad","ATM",30082.50,"Success"
3388,"2026-05-16 09:39:05",191,"Asha Sharma",100100000265,266,"Credit","Visa","Active","Flipkart","Shopping","Kolkata","Online",27244.67,"Success"
3389,"2022-04-30 09:06:39",80,"Arjun Patel",100100000079,80,"Debit","Visa","Active","Indian Oil","Fuel","Pune","Contactless",12870.18,"Success"
3390,"2022-01-19 22:27:53",31,"Suresh Verma",100100000030,31,"Debit","Visa","Active","Big Bazaar","Grocery","Lucknow","POS",27755.51,"Success"
3391,"2025-05-17 00:26:09",56,"Vikas Reddy",100100000055,56,"Debit","RuPay","Active","Apollo Pharmacy","Healthcare","Hyderabad","Contactless",1478.40,"Success"
3392,"2023-02-06 04:26:51",44,"Meena Reddy",100100000043,44,"Debit","Visa","Active","SBI ATM","ATM","Hyderabad","ATM",35444.73,"Success"
3393,"2025-12-18 08:24:01",174,"Meena Verma",100100000173,174,"Debit","RuPay","Active","Zomato","Food","Gurugram","POS",32995.86,"Success"
3394,"2023-09-02 01:28:35",62,"Ritu Yadav",100100000061,62,"Debit","Visa","Active","Myntra","Fashion","Chennai","Online",28547.70,"Success"
3395,"2023-01-21 00:14:39",34,"Rahul Sharma",100100000033,34,"Debit","Visa","Active","SBI ATM","ATM","Lucknow","ATM",21961.24,"Success"
3396,"2026-05-27 15:10:12",89,"Rahul Kumar",100100000088,89,"Debit","RuPay","Active","Croma","Electronics","Jaipur","Online",8336.30,"Success"
3397,"2024-02-01 12:35:05",147,"Nitin Jain",100100000146,147,"Debit","RuPay","Lost","Amazon India","Shopping","Ahmedabad","Online",1376.47,"Success"
3398,"2022-06-23 18:49:20",102,"Asha Sinha",100100000101,102,"Debit","Visa","Active","Croma","Electronics","Lucknow","POS",22083.36,"Success"
3399,"2022-11-26 20:17:36",191,"Asha Sharma",100100000248,249,"Credit","Visa","Active","Lifestyle","Fashion","Kolkata","Online",31341.82,"Success"
3400,"2022-09-10 09:08:39",171,"Vikas Patel",100100000170,171,"Debit","RuPay","Active","IRCTC","Travel","Ahmedabad","Contactless",35692.65,"Success"
3401,"2023-04-30 19:03:58",19,"Vikas Yadav",100100000018,19,"Debit","Visa","Active","Reliance Fresh","Grocery","Lucknow","Contactless",44408.63,"Success"
3402,"2025-06-15 12:56:48",134,"Nitin Sharma",100100000200,201,"Debit","RuPay","Active","BookMyShow","Entertainment","Gurugram","Online",32088.31,"Reversed"
3403,"2024-01-19 02:53:04",199,"Sneha Agarwal",100100000198,199,"Debit","RuPay","Expired","Big Bazaar","Grocery","Hyderabad","POS",41259.47,"Success"
3404,"2026-03-13 15:50:04",78,"Sneha Verma",100100000077,78,"Debit","RuPay","Lost","Big Bazaar","Grocery","Kolkata","Contactless",37312.56,"Failed"
3405,"2025-02-27 05:15:54",81,"Karan Reddy",100100000080,81,"Debit","RuPay","Active","Swiggy","Food","Kolkata","POS",19660.87,"Success"
3406,"2025-04-15 20:51:20",171,"Vikas Patel",100100000263,264,"Credit","MasterCard","Expired","Flipkart","Shopping","Delhi","Online",1314.09,"Success"
3407,"2024-10-30 05:26:01",136,"Priya Sharma",100100000135,136,"Debit","RuPay","Active","Indian Oil","Fuel","Mumbai","Online",46338.29,"Success"
3408,"2022-11-06 18:22:16",124,"Asha Sinha",100100000214,215,"Debit","Visa","Active","Zomato","Food","Jaipur","POS",45104.58,"Success"
3409,"2023-09-04 15:28:13",32,"Ankit Reddy",100100000031,32,"Debit","Visa","Active","Zomato","Food","Pune","POS",45236.17,"Failed"
3410,"2025-02-06 06:47:46",133,"Priya Patel",100100000132,133,"Debit","RuPay","Active","Amazon India","Shopping","Gurugram","Online",37301.59,"Success"
3411,"2025-01-21 23:52:07",74,"Rahul Kumar",100100000073,74,"Debit","Visa","Active","Big Bazaar","Grocery","Pune","Contactless",44941.40,"Success"
3412,"2022-07-28 15:42:29",156,"Shreya Yadav",100100000272,273,"Credit","Visa","Active","DMart","Grocery","Ahmedabad","POS",8571.02,"Success"
3413,"2022-12-17 00:50:42",165,"Riya Kumar",100100000164,165,"Debit","RuPay","Active","Apollo Pharmacy","Healthcare","Lucknow","Contactless",43766.25,"Success"
3414,"2022-01-05 19:32:10",175,"Pooja Jain",100100000174,175,"Debit","RuPay","Active","Big Bazaar","Grocery","Pune","Contactless",21610.00,"Success"
3415,"2022-04-02 21:44:07",186,"Neha Gupta",100100000185,186,"Debit","Visa","Active","DMart","Grocery","Hyderabad","POS",21836.02,"Success"
3416,"2025-07-03 17:57:40",111,"Shreya Singh",100100000110,111,"Debit","Visa","Active","Big Bazaar","Grocery","Gurugram","POS",48635.85,"Success"
3417,"2025-08-11 08:47:06",3,"Amit Kumar",100100000002,3,"Debit","RuPay","Active","PVR Cinemas","Entertainment","Ahmedabad","Contactless",41601.59,"Success"
3418,"2022-06-29 11:45:58",121,"Manish Agarwal",100100000120,121,"Debit","Visa","Active","Dominos","Food","Pune","Online",40531.99,"Success"
3419,"2024-12-12 15:12:22",58,"Kavita Sharma",100100000057,58,"Debit","Visa","Active","SBI ATM","ATM","Jaipur","ATM",48324.96,"Success"
3420,"2023-09-12 01:20:34",167,"Mohit Jain",100100000166,167,"Debit","RuPay","Active","Zomato","Food","Bengaluru","Contactless",42537.90,"Success"
3421,"2023-12-30 03:58:29",127,"Anjali Verma",100100000126,127,"Debit","Visa","Active","BookMyShow","Entertainment","Hyderabad","Contactless",22951.38,"Success"
3422,"2024-12-12 06:00:31",30,"Vikas Gupta",100100000221,222,"Credit","Visa","Active","Amazon India","Shopping","Lucknow","Online",26878.97,"Success"
3423,"2022-01-25 11:43:28",187,"Karan Chauhan",100100000186,187,"Debit","RuPay","Active","Swiggy","Food","Chennai","Contactless",41760.41,"Success"
3424,"2023-11-17 10:18:24",159,"Kavita Singh",100100000158,159,"Debit","Visa","Active","Myntra","Fashion","Lucknow","POS",21756.63,"Success"
3425,"2023-09-05 22:14:47",79,"Vikas Agarwal",100100000078,79,"Debit","Visa","Active","Croma","Electronics","Hyderabad","POS",18541.14,"Success"
3426,"2024-02-20 05:40:10",131,"Divya Yadav",100100000258,259,"Credit","Visa","Active","Croma","Electronics","Hyderabad","Online",22613.88,"Success"
3427,"2025-04-10 03:07:17",14,"Sneha Nair",100100000013,14,"Debit","RuPay","Active","Dominos","Food","Kolkata","Contactless",3213.01,"Success"
3428,"2026-01-22 13:43:45",105,"Mohit Agarwal",100100000104,105,"Debit","Visa","Active","PVR Cinemas","Entertainment","Pune","Online",22010.19,"Success"
3429,"2023-09-02 17:46:04",36,"Sakshi Agarwal",100100000035,36,"Debit","Visa","Active","Indian Oil","Fuel","Jaipur","Online",43862.03,"Success"
3430,"2022-09-10 02:21:29",77,"Anjali Mishra",100100000278,279,"Credit","MasterCard","Active","Reliance Digital","Electronics","Gurugram","POS",28188.76,"Success"
3431,"2026-06-02 18:23:55",117,"Priya Patel",100100000116,117,"Debit","RuPay","Active","Lifestyle","Fashion","Bengaluru","Online",7554.25,"Reversed"
3432,"2025-09-05 21:11:41",43,"Shreya Singh",100100000042,43,"Debit","RuPay","Active","Lifestyle","Fashion","Jaipur","Online",11558.30,"Success"
3433,"2025-11-24 01:58:59",24,"Riya Patel",100100000023,24,"Debit","Visa","Active","Big Bazaar","Grocery","Hyderabad","Online",12206.33,"Success"
3434,"2024-01-24 23:32:33",14,"Sneha Nair",100100000013,14,"Debit","RuPay","Active","IRCTC","Travel","Noida","Contactless",32115.74,"Success"
3435,"2022-09-02 06:14:39",41,"Vivek Patel",100100000040,41,"Debit","Visa","Active","Big Bazaar","Grocery","Delhi","POS",5535.11,"Success"
3436,"2025-10-17 04:08:13",5,"Amit Reddy",100100000004,5,"Debit","Visa","Active","Myntra","Fashion","Lucknow","POS",23657.57,"Success"
3437,"2026-03-21 04:29:41",148,"Harsh Sharma",100100000147,148,"Debit","RuPay","Active","Reliance Digital","Electronics","Hyderabad","POS",48117.10,"Success"
3438,"2023-12-21 20:24:56",82,"Meena Gupta",100100000202,203,"Debit","Visa","Active","Big Bazaar","Grocery","Mumbai","Online",44972.05,"Success"
3439,"2023-12-04 15:24:07",80,"Arjun Patel",100100000079,80,"Debit","Visa","Active","IRCTC","Travel","Kolkata","Online",24333.91,"Success"
3440,"2024-09-03 11:46:22",164,"Shreya Sinha",100100000163,164,"Debit","Visa","Active","Indian Oil","Fuel","Bengaluru","Online",16905.34,"Success"
3441,"2022-12-11 15:32:06",151,"Pooja Patel",100100000150,151,"Debit","RuPay","Active","SBI ATM","ATM","Pune","ATM",16659.85,"Success"
3442,"2026-01-20 04:54:41",57,"Divya Chauhan",100100000056,57,"Debit","Visa","Active","Croma","Electronics","Gurugram","Contactless",16477.78,"Success"
3443,"2023-10-14 18:40:41",40,"Sneha Nair",100100000039,40,"Debit","Visa","Expired","DMart","Grocery","Delhi","Contactless",3622.59,"Success"
3444,"2022-09-19 05:07:28",50,"Suresh Chauhan",100100000251,252,"Credit","MasterCard","Active","DMart","Grocery","Ahmedabad","Contactless",48998.75,"Success"
3445,"2023-04-13 08:30:00",47,"Priya Sharma",100100000219,220,"Debit","Visa","Active","Reliance Fresh","Grocery","Hyderabad","Online",33635.31,"Success"
3446,"2025-05-02 15:55:30",178,"Arjun Kumar",100100000177,178,"Debit","Visa","Active","Amazon India","Shopping","Noida","POS",14595.56,"Success"
3447,"2023-03-20 05:17:09",22,"Asha Pandey",100100000021,22,"Debit","RuPay","Active","Indian Oil","Fuel","Mumbai","Online",10892.03,"Success"
3448,"2022-11-27 10:09:51",69,"Ritu Pandey",100100000245,246,"Credit","MasterCard","Active","Big Bazaar","Grocery","Mumbai","Online",3962.79,"Failed"
3449,"2022-11-26 00:14:41",186,"Neha Gupta",100100000185,186,"Debit","Visa","Active","HP Petrol Pump","Fuel","Chennai","POS",34521.07,"Success"
3450,"2022-09-15 06:11:03",137,"Priya Pandey",100100000136,137,"Debit","Visa","Active","SBI ATM","ATM","Mumbai","ATM",34803.13,"Success"
3451,"2025-04-17 11:20:45",29,"Mohit Yadav",100100000028,29,"Debit","Visa","Active","Starbucks","Cafe","Jaipur","Online",31557.50,"Success"
3452,"2023-05-25 02:48:28",30,"Vikas Gupta",100100000029,30,"Debit","Visa","Active","PVR Cinemas","Entertainment","Jaipur","POS",17686.03,"Success"
3453,"2022-08-30 15:45:10",157,"Meena Mishra",100100000156,157,"Debit","RuPay","Active","Apollo Pharmacy","Healthcare","Noida","POS",44765.59,"Success"
3454,"2025-08-20 08:50:38",77,"Anjali Mishra",100100000237,238,"Credit","Visa","Active","IRCTC","Travel","Lucknow","Contactless",3141.47,"Success"
3455,"2023-06-13 01:44:23",50,"Suresh Chauhan",100100000218,219,"Debit","Visa","Active","Apollo Pharmacy","Healthcare","Hyderabad","Online",46431.85,"Success"
3456,"2023-04-26 00:30:07",102,"Asha Sinha",100100000268,269,"Credit","Visa","Active","Reliance Digital","Electronics","Delhi","Contactless",31619.18,"Success"
3457,"2024-07-12 07:49:20",200,"Harsh Mishra",100100000199,200,"Debit","RuPay","Active","IRCTC","Travel","Lucknow","Online",31764.40,"Success"
3458,"2024-10-28 14:23:06",45,"Vikas Patel",100100000044,45,"Debit","RuPay","Active","Zomato","Food","Kolkata","Online",49043.28,"Success"
3459,"2022-10-21 21:50:07",106,"Arjun Nair",100100000105,106,"Debit","RuPay","Active","Amazon India","Shopping","Chennai","POS",43818.49,"Success"
3460,"2023-07-06 11:55:25",129,"Priya Gupta",100100000128,129,"Debit","Visa","Active","Croma","Electronics","Jaipur","Contactless",33305.09,"Success"
3461,"2026-04-19 22:14:16",79,"Vikas Agarwal",100100000078,79,"Debit","Visa","Active","DMart","Grocery","Chennai","Contactless",5534.24,"Success"
3462,"2023-05-24 03:06:47",164,"Shreya Sinha",100100000163,164,"Debit","Visa","Active","BookMyShow","Entertainment","Delhi","POS",48823.19,"Success"
3463,"2024-11-02 12:04:28",8,"Neha Gupta",100100000007,8,"Debit","RuPay","Active","IRCTC","Travel","Bengaluru","Contactless",17085.86,"Failed"
3464,"2026-03-05 09:01:27",141,"Rohit Patel",100100000140,141,"Debit","Visa","Active","Myntra","Fashion","Bengaluru","Online",8497.92,"Success"
3465,"2023-06-24 21:31:11",21,"Anjali Yadav",100100000020,21,"Debit","RuPay","Active","Croma","Electronics","Ahmedabad","Contactless",34739.03,"Success"
3466,"2022-12-11 15:35:06",104,"Harsh Pandey",100100000103,104,"Debit","RuPay","Active","Swiggy","Food","Mumbai","Online",5876.10,"Success"
3467,"2026-05-29 00:02:02",80,"Arjun Patel",100100000079,80,"Debit","Visa","Active","Croma","Electronics","Kolkata","Contactless",16516.44,"Success"
3468,"2023-10-19 01:41:03",144,"Rahul Mishra",100100000143,144,"Debit","RuPay","Active","Flipkart","Shopping","Lucknow","POS",18463.06,"Success"
3469,"2025-09-08 16:09:36",167,"Mohit Jain",100100000166,167,"Debit","RuPay","Active","Big Bazaar","Grocery","Kolkata","Online",10484.32,"Success"
3470,"2023-11-09 08:29:01",5,"Amit Reddy",100100000234,235,"Credit","MasterCard","Active","Dominos","Food","Delhi","POS",31801.70,"Success"
3471,"2023-06-07 07:00:59",111,"Shreya Singh",100100000204,205,"Debit","RuPay","Active","DMart","Grocery","Bengaluru","POS",40508.58,"Success"
3472,"2023-11-09 17:43:27",69,"Ritu Pandey",100100000068,69,"Debit","Visa","Active","Zomato","Food","Mumbai","Contactless",30469.86,"Success"
3473,"2025-02-09 20:02:49",120,"Nidhi Agarwal",100100000119,120,"Debit","RuPay","Active","Amazon India","Shopping","Ahmedabad","Contactless",33780.87,"Success"
3474,"2022-06-30 17:08:39",109,"Kavita Jain",100100000108,109,"Debit","Visa","Active","Myntra","Fashion","Hyderabad","POS",45091.37,"Success"
3475,"2023-05-27 13:35:18",42,"Pooja Gupta",100100000267,268,"Credit","Visa","Active","IRCTC","Travel","Mumbai","Online",9288.82,"Success"
3476,"2024-11-02 13:38:58",143,"Rohit Mishra",100100000277,278,"Credit","Visa","Active","Starbucks","Cafe","Noida","Online",31627.57,"Success"
3477,"2024-08-28 00:21:03",18,"Vivek Verma",100100000017,18,"Debit","Visa","Lost","Swiggy","Food","Bengaluru","Online",23126.99,"Success"
3478,"2025-03-28 17:16:02",11,"Komal Pandey",100100000010,11,"Debit","Visa","Active","Starbucks","Cafe","Noida","POS",2426.24,"Success"
3479,"2023-06-20 04:27:46",189,"Rajesh Pandey",100100000254,255,"Credit","MasterCard","Active","Dominos","Food","Ahmedabad","Contactless",47506.37,"Success"
3480,"2026-03-29 07:13:51",199,"Sneha Agarwal",100100000198,199,"Debit","RuPay","Expired","Dominos","Food","Mumbai","POS",37066.68,"Success"
3481,"2025-11-09 01:22:33",93,"Arjun Sinha",100100000092,93,"Debit","RuPay","Blocked","Big Bazaar","Grocery","Chennai","Contactless",29956.11,"Success"
3482,"2022-11-05 08:47:42",123,"Neha Patel",100100000122,123,"Debit","RuPay","Active","DMart","Grocery","Hyderabad","Online",22013.29,"Success"
3483,"2022-02-21 22:43:11",136,"Priya Sharma",100100000135,136,"Debit","RuPay","Active","SBI ATM","ATM","Chennai","ATM",37727.73,"Success"
3484,"2026-06-20 18:45:47",143,"Rohit Mishra",100100000277,278,"Credit","Visa","Active","Myntra","Fashion","Mumbai","Contactless",21575.75,"Success"
3485,"2023-09-24 03:22:34",109,"Kavita Jain",100100000108,109,"Debit","Visa","Active","HP Petrol Pump","Fuel","Noida","Contactless",609.72,"Success"
3486,"2023-11-06 04:02:25",182,"Komal Gupta",100100000255,256,"Credit","MasterCard","Active","DMart","Grocery","Mumbai","Contactless",33568.02,"Success"
3487,"2025-10-07 22:16:43",91,"Amit Chauhan",100100000090,91,"Debit","RuPay","Active","Amazon India","Shopping","Delhi","POS",36842.78,"Failed"
3488,"2022-02-12 03:35:47",55,"Vikas Kumar",100100000229,230,"Credit","MasterCard","Active","Indian Oil","Fuel","Jaipur","POS",28917.75,"Reversed"
3489,"2022-03-06 23:04:29",106,"Arjun Nair",100100000105,106,"Debit","RuPay","Active","Lifestyle","Fashion","Pune","Contactless",16434.27,"Success"
3490,"2025-01-02 00:21:03",17,"Komal Patel",100100000275,276,"Credit","MasterCard","Active","BookMyShow","Entertainment","Chennai","Contactless",49644.53,"Success"
3491,"2024-10-29 06:19:57",197,"Rajesh Yadav",100100000196,197,"Debit","Visa","Active","IRCTC","Travel","Pune","Contactless",15958.19,"Success"
3492,"2026-05-23 00:14:03",49,"Amit Sinha",100100000048,49,"Debit","Visa","Blocked","Dominos","Food","Mumbai","Contactless",19032.50,"Success"
3493,"2022-02-06 15:14:45",51,"Rohit Yadav",100100000050,51,"Debit","RuPay","Active","Lifestyle","Fashion","Pune","Contactless",22928.63,"Success"
3494,"2024-11-24 15:16:33",183,"Neha Nair",100100000182,183,"Debit","RuPay","Active","Swiggy","Food","Bengaluru","Contactless",34272.16,"Success"
3495,"2023-03-29 17:38:02",77,"Anjali Mishra",100100000243,244,"Credit","Visa","Active","Amazon India","Shopping","Ahmedabad","Contactless",9316.55,"Success"
3496,"2024-09-07 22:37:55",70,"Asha Reddy",100100000069,70,"Debit","Visa","Active","Dominos","Food","Chennai","Online",14450.66,"Success"
3497,"2023-07-07 21:05:26",193,"Vikas Verma",100100000192,193,"Debit","RuPay","Active","Amazon India","Shopping","Gurugram","Online",46858.77,"Success"
3498,"2022-01-02 02:18:38",100,"Pooja Mishra",100100000099,100,"Debit","Visa","Active","Croma","Electronics","Mumbai","Online",39026.76,"Success"
3499,"2026-06-21 10:13:30",175,"Pooja Jain",100100000174,175,"Debit","RuPay","Active","Dominos","Food","Hyderabad","Online",34734.90,"Success"
3500,"2023-10-09 01:17:44",139,"Neha Pandey",100100000138,139,"Debit","Visa","Expired","Reliance Fresh","Grocery","Noida","Online",5841.66,"Success"
3501,"2026-03-09 09:45:57",47,"Priya Sharma",100100000219,220,"Debit","Visa","Active","Croma","Electronics","Lucknow","POS",2725.30,"Success"
3502,"2024-12-27 16:09:36",197,"Rajesh Yadav",100100000223,224,"Credit","MasterCard","Active","Swiggy","Food","Delhi","Contactless",45482.72,"Success"
3503,"2022-12-04 13:15:47",40,"Sneha Nair",100100000039,40,"Debit","Visa","Expired","SBI ATM","ATM","Chennai","ATM",4198.76,"Success"
3504,"2025-11-03 15:58:42",79,"Vikas Agarwal",100100000078,79,"Debit","Visa","Active","IRCTC","Travel","Chennai","Contactless",16276.34,"Success"
3505,"2023-04-27 02:04:24",136,"Priya Sharma",100100000256,257,"Credit","MasterCard","Active","Swiggy","Food","Hyderabad","Contactless",41805.70,"Success"
3506,"2025-03-31 13:14:49",200,"Harsh Mishra",100100000225,226,"Credit","Visa","Active","HP Petrol Pump","Fuel","Chennai","Contactless",4955.02,"Success"
3507,"2025-12-09 12:30:06",80,"Arjun Patel",100100000079,80,"Debit","Visa","Active","PVR Cinemas","Entertainment","Mumbai","POS",11735.31,"Success"
3508,"2022-07-09 12:12:22",193,"Vikas Verma",100100000242,243,"Credit","MasterCard","Active","Croma","Electronics","Pune","Contactless",23409.79,"Failed"
3509,"2025-01-17 15:51:19",121,"Manish Agarwal",100100000120,121,"Debit","Visa","Active","Flipkart","Shopping","Pune","POS",15614.09,"Success"
3510,"2025-03-07 20:18:05",189,"Rajesh Pandey",100100000254,255,"Credit","MasterCard","Active","Lifestyle","Fashion","Bengaluru","Online",17415.97,"Success"
3511,"2024-06-27 04:50:53",77,"Anjali Mishra",100100000278,279,"Credit","MasterCard","Active","SBI ATM","ATM","Bengaluru","ATM",31175.92,"Success"
3512,"2023-09-23 06:30:54",156,"Shreya Yadav",100100000272,273,"Credit","Visa","Active","DMart","Grocery","Bengaluru","Online",1299.91,"Success"
3513,"2024-10-02 17:16:49",72,"Anjali Singh",100100000071,72,"Debit","RuPay","Lost","HP Petrol Pump","Fuel","Mumbai","POS",43484.71,"Success"
3514,"2024-09-26 19:35:36",54,"Meena Singh",100100000269,270,"Credit","MasterCard","Active","Myntra","Fashion","Kolkata","Online",32978.04,"Success"
3515,"2024-12-26 01:35:40",114,"Harsh Reddy",100100000205,206,"Debit","RuPay","Active","Zomato","Food","Bengaluru","Contactless",24066.86,"Success"
3516,"2024-06-16 05:26:32",140,"Arjun Sinha",100100000139,140,"Debit","Visa","Active","Myntra","Fashion","Kolkata","Contactless",8672.12,"Success"
3517,"2025-11-21 01:42:56",115,"Nidhi Agarwal",100100000114,115,"Debit","RuPay","Lost","Reliance Digital","Electronics","Chennai","Online",42935.77,"Success"
3518,"2025-04-20 21:28:34",200,"Harsh Mishra",100100000225,226,"Credit","Visa","Active","Flipkart","Shopping","Ahmedabad","Contactless",48763.14,"Failed"
3519,"2024-11-07 17:07:36",128,"Riya Mishra",100100000127,128,"Debit","RuPay","Active","IRCTC","Travel","Lucknow","POS",32350.02,"Success"
3520,"2022-10-07 23:28:39",76,"Harsh Kumar",100100000075,76,"Debit","RuPay","Active","Starbucks","Cafe","Bengaluru","POS",23816.67,"Success"
3521,"2025-05-02 08:36:38",138,"Sakshi Chauhan",100100000247,248,"Credit","MasterCard","Active","SBI ATM","ATM","Lucknow","ATM",31583.71,"Success"
3522,"2022-12-06 03:30:16",146,"Manish Agarwal",100100000231,232,"Credit","MasterCard","Active","DMart","Grocery","Bengaluru","POS",37661.40,"Success"
3523,"2023-11-24 13:48:36",163,"Anjali Gupta",100100000162,163,"Debit","Visa","Active","Lifestyle","Fashion","Mumbai","POS",27625.35,"Success"
3524,"2025-02-14 07:54:15",146,"Manish Agarwal",100100000145,146,"Debit","RuPay","Lost","HP Petrol Pump","Fuel","Gurugram","Online",28759.38,"Success"
3525,"2026-04-15 05:29:46",105,"Mohit Agarwal",100100000104,105,"Debit","Visa","Active","Dominos","Food","Jaipur","POS",10817.16,"Failed"
3526,"2022-10-24 19:18:57",107,"Nitin Chauhan",100100000106,107,"Debit","RuPay","Active","Flipkart","Shopping","Mumbai","Online",117.04,"Success"
3527,"2022-05-19 19:27:35",163,"Anjali Gupta",100100000162,163,"Debit","Visa","Active","PVR Cinemas","Entertainment","Delhi","Contactless",26630.80,"Success"
3528,"2024-09-22 19:08:17",54,"Meena Singh",100100000269,270,"Credit","MasterCard","Active","BookMyShow","Entertainment","Hyderabad","Online",39592.73,"Success"
3529,"2023-08-29 08:49:23",158,"Suresh Verma",100100000157,158,"Debit","Visa","Active","BookMyShow","Entertainment","Chennai","Contactless",17226.83,"Success"
3530,"2024-10-13 05:08:25",73,"Karan Yadav",100100000072,73,"Debit","Visa","Active","Dominos","Food","Hyderabad","Contactless",31156.46,"Success"
3531,"2025-10-21 02:58:38",98,"Suresh Sharma",100100000097,98,"Debit","RuPay","Active","Reliance Digital","Electronics","Ahmedabad","POS",13168.28,"Success"
3532,"2025-07-15 21:32:45",30,"Vikas Gupta",100100000029,30,"Debit","Visa","Active","Croma","Electronics","Lucknow","Online",36230.27,"Success"
3533,"2026-03-20 08:01:41",121,"Manish Agarwal",100100000120,121,"Debit","Visa","Active","Reliance Fresh","Grocery","Noida","Contactless",28168.85,"Success"
3534,"2022-11-22 03:10:07",94,"Shreya Mishra",100100000274,275,"Credit","MasterCard","Active","Indian Oil","Fuel","Lucknow","Contactless",47618.30,"Success"
3535,"2023-05-24 14:17:54",120,"Nidhi Agarwal",100100000119,120,"Debit","RuPay","Active","Myntra","Fashion","Lucknow","Online",23420.65,"Success"
3536,"2026-01-24 07:04:58",169,"Rahul Pandey",100100000168,169,"Debit","RuPay","Active","Starbucks","Cafe","Bengaluru","Contactless",39154.79,"Success"
3537,"2023-12-26 09:09:35",108,"Sakshi Chauhan",100100000107,108,"Debit","RuPay","Active","BookMyShow","Entertainment","Lucknow","Contactless",24082.64,"Success"
3538,"2023-05-03 02:56:04",146,"Manish Agarwal",100100000145,146,"Debit","RuPay","Lost","IRCTC","Travel","Hyderabad","Contactless",5174.24,"Success"
3539,"2023-06-27 07:11:52",193,"Vikas Verma",100100000192,193,"Debit","RuPay","Active","Apollo Pharmacy","Healthcare","Kolkata","Online",36390.36,"Success"
3540,"2024-12-28 17:31:10",195,"Amit Agarwal",100100000279,280,"Credit","Visa","Active","HP Petrol Pump","Fuel","Kolkata","Contactless",21088.23,"Success"
3541,"2025-07-12 14:50:55",197,"Rajesh Yadav",100100000223,224,"Credit","MasterCard","Active","DMart","Grocery","Gurugram","Contactless",2193.12,"Success"
3542,"2023-11-06 05:17:55",141,"Rohit Patel",100100000140,141,"Debit","Visa","Active","IRCTC","Travel","Ahmedabad","Contactless",12670.24,"Success"
3543,"2022-02-15 20:51:47",161,"Riya Singh",100100000253,254,"Credit","MasterCard","Active","Croma","Electronics","Jaipur","Online",27387.15,"Success"
3544,"2022-03-18 23:59:58",197,"Rajesh Yadav",100100000223,224,"Credit","MasterCard","Active","BookMyShow","Entertainment","Gurugram","Online",48550.68,"Success"
3545,"2022-12-15 09:27:53",34,"Rahul Sharma",100100000033,34,"Debit","Visa","Active","Big Bazaar","Grocery","Pune","Online",9329.62,"Success"
3546,"2023-01-26 23:15:22",168,"Meena Gupta",100100000167,168,"Debit","Visa","Active","DMart","Grocery","Mumbai","Online",15244.51,"Success"
3547,"2022-05-01 15:25:46",129,"Priya Gupta",100100000128,129,"Debit","Visa","Active","Reliance Fresh","Grocery","Pune","Online",41158.70,"Success"
3548,"2025-12-24 03:05:26",62,"Ritu Yadav",100100000061,62,"Debit","Visa","Active","Zomato","Food","Chennai","Contactless",45901.23,"Success"
3549,"2022-11-06 19:37:55",154,"Vikas Sharma",100100000153,154,"Debit","Visa","Active","Reliance Fresh","Grocery","Jaipur","Contactless",1432.29,"Success"
3550,"2024-08-20 15:04:33",29,"Mohit Yadav",100100000028,29,"Debit","Visa","Active","HP Petrol Pump","Fuel","Hyderabad","POS",29990.16,"Success"
3551,"2022-02-23 06:40:52",150,"Ankit Verma",100100000149,150,"Debit","RuPay","Blocked","Myntra","Fashion","Noida","Online",39441.35,"Success"
3552,"2025-01-25 06:15:20",46,"Priya Mishra",100100000222,223,"Credit","Visa","Active","DMart","Grocery","Mumbai","Online",23221.40,"Success"
3553,"2025-04-25 22:52:08",54,"Meena Singh",100100000053,54,"Debit","RuPay","Active","Big Bazaar","Grocery","Bengaluru","POS",36181.34,"Success"
3554,"2025-06-16 21:17:54",192,"Deepak Reddy",100100000191,192,"Debit","Visa","Active","Lifestyle","Fashion","Gurugram","POS",1655.93,"Success"
3555,"2022-07-19 21:40:33",192,"Deepak Reddy",100100000191,192,"Debit","Visa","Active","HP Petrol Pump","Fuel","Jaipur","Contactless",24096.79,"Success"
3556,"2024-07-11 09:53:56",123,"Neha Patel",100100000122,123,"Debit","RuPay","Active","Croma","Electronics","Pune","Contactless",16375.00,"Success"
3557,"2024-11-24 15:48:54",195,"Amit Agarwal",100100000279,280,"Credit","Visa","Active","Myntra","Fashion","Hyderabad","POS",15215.12,"Success"
3558,"2024-02-29 08:04:47",192,"Deepak Reddy",100100000228,229,"Credit","Visa","Active","Croma","Electronics","Mumbai","POS",8125.32,"Success"
3559,"2023-10-13 20:29:02",54,"Meena Singh",100100000053,54,"Debit","RuPay","Active","Zomato","Food","Ahmedabad","POS",36129.37,"Success"
3560,"2024-02-20 07:49:44",35,"Ankit Gupta",100100000034,35,"Debit","Visa","Active","DMart","Grocery","Gurugram","Contactless",42088.31,"Success"
3561,"2022-10-27 06:14:34",33,"Deepak Jain",100100000210,211,"Debit","RuPay","Active","Amazon India","Shopping","Jaipur","Online",32658.37,"Success"
3562,"2025-01-14 06:40:21",23,"Asha Agarwal",100100000022,23,"Debit","Visa","Blocked","Apollo Pharmacy","Healthcare","Pune","Online",44010.97,"Success"
3563,"2026-06-25 22:50:57",54,"Meena Singh",100100000269,270,"Credit","MasterCard","Active","Amazon India","Shopping","Jaipur","Contactless",43534.94,"Success"
3564,"2025-10-06 18:39:27",183,"Neha Nair",100100000244,245,"Credit","MasterCard","Active","IRCTC","Travel","Gurugram","Online",43868.75,"Success"
3565,"2022-08-31 06:27:02",35,"Ankit Gupta",100100000034,35,"Debit","Visa","Active","Flipkart","Shopping","Delhi","Online",45925.71,"Success"
3566,"2025-09-06 01:55:26",163,"Anjali Gupta",100100000212,213,"Debit","Visa","Active","BookMyShow","Entertainment","Kolkata","Contactless",39006.58,"Success"
3567,"2025-10-03 16:23:56",55,"Vikas Kumar",100100000054,55,"Debit","Visa","Active","Reliance Fresh","Grocery","Hyderabad","POS",26997.34,"Success"
3568,"2026-02-08 19:00:15",123,"Neha Patel",100100000122,123,"Debit","RuPay","Active","HP Petrol Pump","Fuel","Mumbai","POS",34212.22,"Success"
3569,"2025-03-31 21:24:22",77,"Anjali Mishra",100100000278,279,"Credit","MasterCard","Active","Zomato","Food","Bengaluru","Online",26214.23,"Success"
3570,"2025-01-01 00:23:48",78,"Sneha Verma",100100000077,78,"Debit","RuPay","Lost","IRCTC","Travel","Kolkata","Online",178.13,"Success"
3571,"2022-10-28 14:08:19",3,"Amit Kumar",100100000002,3,"Debit","RuPay","Active","Reliance Digital","Electronics","Delhi","Online",47454.16,"Success"
3572,"2023-04-29 02:23:08",94,"Shreya Mishra",100100000274,275,"Credit","MasterCard","Active","SBI ATM","ATM","Chennai","ATM",11932.50,"Success"
3573,"2023-07-28 19:30:30",50,"Suresh Chauhan",100100000218,219,"Debit","Visa","Active","Amazon India","Shopping","Jaipur","Contactless",5358.37,"Failed"
3574,"2024-06-25 01:46:42",185,"Rahul Kumar",100100000207,208,"Debit","RuPay","Active","Reliance Digital","Electronics","Bengaluru","Online",28912.25,"Success"
3575,"2023-01-02 11:52:52",114,"Harsh Reddy",100100000205,206,"Debit","RuPay","Active","HP Petrol Pump","Fuel","Jaipur","Online",15715.37,"Success"
3576,"2025-05-18 03:29:19",122,"Ritu Pandey",100100000121,122,"Debit","Visa","Lost","PVR Cinemas","Entertainment","Ahmedabad","POS",37850.39,"Failed"
3577,"2024-08-14 17:32:43",124,"Asha Sinha",100100000214,215,"Debit","Visa","Active","PVR Cinemas","Entertainment","Mumbai","Online",3924.17,"Success"
3578,"2024-06-25 11:00:24",56,"Vikas Reddy",100100000055,56,"Debit","RuPay","Active","DMart","Grocery","Mumbai","Online",2473.85,"Reversed"
3579,"2022-01-20 09:14:18",49,"Amit Sinha",100100000048,49,"Debit","Visa","Blocked","IRCTC","Travel","Noida","Contactless",26691.77,"Success"
3580,"2024-04-10 09:55:50",189,"Rajesh Pandey",100100000188,189,"Debit","RuPay","Lost","Croma","Electronics","Kolkata","POS",21353.53,"Success"
3581,"2023-03-28 11:50:43",6,"Meena Singh",100100000005,6,"Debit","Visa","Expired","SBI ATM","ATM","Bengaluru","ATM",33029.74,"Success"
3582,"2022-05-29 06:34:39",95,"Rahul Kumar",100100000241,242,"Credit","Visa","Expired","Zomato","Food","Noida","Online",21487.55,"Success"
3583,"2025-08-19 05:10:25",137,"Priya Pandey",100100000246,247,"Credit","MasterCard","Active","Amazon India","Shopping","Noida","Online",42823.70,"Success"
3584,"2022-05-23 18:56:45",56,"Vikas Reddy",100100000055,56,"Debit","RuPay","Active","Reliance Digital","Electronics","Ahmedabad","POS",48102.00,"Success"
3585,"2025-03-06 08:08:04",159,"Kavita Singh",100100000158,159,"Debit","Visa","Active","Croma","Electronics","Pune","Contactless",49529.03,"Success"
3586,"2025-11-12 21:47:27",129,"Priya Gupta",100100000128,129,"Debit","Visa","Active","SBI ATM","ATM","Mumbai","ATM",26015.75,"Success"
3587,"2023-05-16 15:06:47",170,"Manish Verma",100100000169,170,"Debit","Visa","Active","Apollo Pharmacy","Healthcare","Ahmedabad","Online",31336.89,"Success"
3588,"2026-05-02 15:24:40",111,"Shreya Singh",100100000204,205,"Debit","RuPay","Active","Croma","Electronics","Bengaluru","Contactless",27888.75,"Success"
3589,"2024-01-26 20:47:53",41,"Vivek Patel",100100000040,41,"Debit","Visa","Active","Apollo Pharmacy","Healthcare","Delhi","POS",7295.69,"Failed"
3590,"2026-05-17 11:17:16",150,"Ankit Verma",100100000149,150,"Debit","RuPay","Blocked","BookMyShow","Entertainment","Delhi","Contactless",45162.20,"Success"
3591,"2025-01-20 22:50:45",94,"Shreya Mishra",100100000093,94,"Debit","Visa","Active","Zomato","Food","Pune","POS",46746.39,"Success"
3592,"2025-01-04 20:54:32",51,"Rohit Yadav",100100000262,263,"Credit","MasterCard","Active","BookMyShow","Entertainment","Kolkata","Contactless",31454.58,"Success"
3593,"2022-06-21 11:53:55",170,"Manish Verma",100100000169,170,"Debit","Visa","Active","Starbucks","Cafe","Chennai","Online",28023.28,"Success"
3594,"2024-06-09 11:52:10",198,"Suresh Singh",100100000235,236,"Credit","MasterCard","Active","Big Bazaar","Grocery","Bengaluru","Online",35185.17,"Success"
3595,"2024-06-08 19:45:26",107,"Nitin Chauhan",100100000106,107,"Debit","RuPay","Active","Dominos","Food","Mumbai","Online",20104.31,"Success"
3596,"2024-02-24 00:59:45",136,"Priya Sharma",100100000256,257,"Credit","MasterCard","Active","Reliance Digital","Electronics","Kolkata","POS",20350.96,"Success"
3597,"2023-08-07 20:20:04",1,"Vivek Yadav",100100000000,1,"Debit","Visa","Active","Dominos","Food","Hyderabad","POS",33630.01,"Success"
3598,"2026-01-07 21:55:43",78,"Sneha Verma",100100000216,217,"Debit","Visa","Lost","Swiggy","Food","Chennai","POS",4838.71,"Success"
3599,"2022-06-21 04:55:48",79,"Vikas Agarwal",100100000078,79,"Debit","Visa","Active","Croma","Electronics","Gurugram","POS",11595.83,"Success"
3600,"2022-06-18 00:30:22",30,"Vikas Gupta",100100000029,30,"Debit","Visa","Active","Apollo Pharmacy","Healthcare","Bengaluru","POS",38885.80,"Success"
3601,"2026-02-05 17:25:37",62,"Ritu Yadav",100100000061,62,"Debit","Visa","Active","HP Petrol Pump","Fuel","Lucknow","Contactless",19461.24,"Success"
3602,"2026-05-27 13:13:29",195,"Amit Agarwal",100100000194,195,"Debit","RuPay","Blocked","PVR Cinemas","Entertainment","Noida","Contactless",14336.37,"Success"
3603,"2024-03-01 21:27:24",154,"Vikas Sharma",100100000153,154,"Debit","Visa","Active","Amazon India","Shopping","Mumbai","POS",2642.17,"Success"
3604,"2025-01-30 15:59:14",162,"Asha Reddy",100100000161,162,"Debit","RuPay","Active","HP Petrol Pump","Fuel","Chennai","POS",7643.34,"Success"
3605,"2025-02-14 07:41:31",63,"Rajesh Kumar",100100000062,63,"Debit","RuPay","Active","Amazon India","Shopping","Hyderabad","Contactless",28597.77,"Success"
3606,"2022-09-13 07:58:23",50,"Suresh Chauhan",100100000218,219,"Debit","Visa","Active","HP Petrol Pump","Fuel","Pune","Online",31898.28,"Success"
3607,"2024-07-16 00:35:04",131,"Divya Yadav",100100000258,259,"Credit","Visa","Active","SBI ATM","ATM","Hyderabad","ATM",12339.54,"Success"
3608,"2023-10-01 01:59:55",192,"Deepak Reddy",100100000191,192,"Debit","Visa","Active","Lifestyle","Fashion","Ahmedabad","Contactless",23904.41,"Success"
3609,"2022-10-26 03:27:58",150,"Ankit Verma",100100000149,150,"Debit","RuPay","Blocked","DMart","Grocery","Noida","Online",31380.12,"Success"
3610,"2025-08-06 18:21:36",116,"Riya Sinha",100100000201,202,"Debit","RuPay","Expired","SBI ATM","ATM","Ahmedabad","ATM",5317.81,"Success"
3611,"2024-08-11 03:55:12",3,"Amit Kumar",100100000002,3,"Debit","RuPay","Active","Amazon India","Shopping","Jaipur","Online",47373.51,"Success"
3612,"2024-08-30 01:16:33",43,"Shreya Singh",100100000042,43,"Debit","RuPay","Active","DMart","Grocery","Hyderabad","Contactless",1959.61,"Success"
3613,"2022-06-05 06:54:42",108,"Sakshi Chauhan",100100000107,108,"Debit","RuPay","Active","BookMyShow","Entertainment","Mumbai","Contactless",42003.45,"Success"
3614,"2024-02-19 19:49:52",200,"Harsh Mishra",100100000199,200,"Debit","RuPay","Active","Dominos","Food","Lucknow","Contactless",28355.30,"Success"
3615,"2023-05-25 12:23:31",143,"Rohit Mishra",100100000252,253,"Credit","MasterCard","Active","HP Petrol Pump","Fuel","Pune","Online",37247.95,"Success"
3616,"2024-11-03 15:36:55",188,"Nitin Jain",100100000266,267,"Credit","MasterCard","Active","Indian Oil","Fuel","Kolkata","POS",30270.04,"Success"
3617,"2026-03-04 05:55:16",106,"Arjun Nair",100100000232,233,"Credit","MasterCard","Expired","Dominos","Food","Noida","Online",21586.65,"Success"
3618,"2025-02-26 18:55:35",6,"Meena Singh",100100000005,6,"Debit","Visa","Expired","BookMyShow","Entertainment","Kolkata","Online",37936.12,"Success"
3619,"2022-02-18 23:46:53",197,"Rajesh Yadav",100100000223,224,"Credit","MasterCard","Active","BookMyShow","Entertainment","Lucknow","Contactless",16681.96,"Success"
3620,"2026-02-13 22:43:18",55,"Vikas Kumar",100100000054,55,"Debit","Visa","Active","BookMyShow","Entertainment","Mumbai","POS",47046.37,"Success"
3621,"2022-09-28 03:43:42",117,"Priya Patel",100100000215,216,"Debit","Visa","Active","Lifestyle","Fashion","Delhi","Contactless",10402.38,"Failed"
3622,"2024-11-23 13:55:16",184,"Asha Singh",100100000183,184,"Debit","Visa","Active","BookMyShow","Entertainment","Hyderabad","POS",16574.07,"Success"
3623,"2025-07-19 09:10:57",61,"Sakshi Pandey",100100000060,61,"Debit","Visa","Active","Starbucks","Cafe","Bengaluru","Contactless",27644.10,"Reversed"
3624,"2025-12-11 03:12:15",104,"Harsh Pandey",100100000103,104,"Debit","RuPay","Active","Dominos","Food","Noida","Contactless",2537.56,"Failed"
3625,"2024-06-30 00:00:38",29,"Mohit Yadav",100100000028,29,"Debit","Visa","Active","Myntra","Fashion","Kolkata","Contactless",29228.13,"Success"
3626,"2022-03-14 12:07:41",82,"Meena Gupta",100100000202,203,"Debit","Visa","Active","Indian Oil","Fuel","Bengaluru","Online",29229.14,"Success"
3627,"2026-05-27 18:13:49",102,"Asha Sinha",100100000101,102,"Debit","Visa","Active","DMart","Grocery","Hyderabad","Online",2669.45,"Success"
3628,"2023-10-08 12:37:14",148,"Harsh Sharma",100100000147,148,"Debit","RuPay","Active","BookMyShow","Entertainment","Ahmedabad","Contactless",43583.04,"Failed"
3629,"2026-07-01 07:13:52",101,"Rohit Yadav",100100000100,101,"Debit","Visa","Active","Amazon India","Shopping","Bengaluru","Contactless",34774.15,"Success"
3630,"2022-02-01 15:07:47",165,"Riya Kumar",100100000164,165,"Debit","RuPay","Active","Myntra","Fashion","Hyderabad","POS",9710.29,"Success"
3631,"2022-12-17 01:00:37",19,"Vikas Yadav",100100000018,19,"Debit","Visa","Active","Flipkart","Shopping","Delhi","Contactless",28967.25,"Success"
3632,"2026-02-03 20:27:53",178,"Arjun Kumar",100100000227,228,"Credit","Visa","Active","Amazon India","Shopping","Hyderabad","Online",23688.31,"Success"
3633,"2023-03-17 10:00:06",179,"Ritu Mishra",100100000178,179,"Debit","Visa","Active","HP Petrol Pump","Fuel","Hyderabad","Online",26441.49,"Success"
3634,"2025-06-16 11:51:32",178,"Arjun Kumar",100100000227,228,"Credit","Visa","Active","Reliance Digital","Electronics","Lucknow","Contactless",27797.44,"Success"
3635,"2023-08-20 13:42:27",143,"Rohit Mishra",100100000142,143,"Debit","Visa","Active","PVR Cinemas","Entertainment","Mumbai","Online",48349.97,"Success"
3636,"2025-06-26 21:02:29",131,"Divya Yadav",100100000130,131,"Debit","Visa","Active","Apollo Pharmacy","Healthcare","Noida","Online",1640.64,"Success"
3637,"2025-06-07 15:22:09",138,"Sakshi Chauhan",100100000247,248,"Credit","MasterCard","Active","Amazon India","Shopping","Hyderabad","Contactless",7445.49,"Success"
3638,"2022-12-30 14:44:30",160,"Arjun Chauhan",100100000159,160,"Debit","Visa","Active","Reliance Fresh","Grocery","Delhi","Contactless",41819.28,"Success"
3639,"2024-03-21 11:34:11",118,"Sneha Singh",100100000117,118,"Debit","RuPay","Active","Myntra","Fashion","Bengaluru","POS",25593.52,"Success"
3640,"2022-03-17 16:23:04",131,"Divya Yadav",100100000258,259,"Credit","Visa","Active","Apollo Pharmacy","Healthcare","Pune","Online",1685.77,"Success"
3641,"2025-09-13 03:07:20",173,"Shreya Reddy",100100000172,173,"Debit","Visa","Lost","BookMyShow","Entertainment","Kolkata","Online",2457.95,"Success"
3642,"2026-06-21 14:59:56",143,"Rohit Mishra",100100000252,253,"Credit","MasterCard","Active","HP Petrol Pump","Fuel","Mumbai","Contactless",31895.04,"Success"
3643,"2023-03-14 22:04:38",200,"Harsh Mishra",100100000199,200,"Debit","RuPay","Active","Dominos","Food","Mumbai","Contactless",37267.80,"Success"
3644,"2024-04-18 05:15:22",3,"Amit Kumar",100100000002,3,"Debit","RuPay","Active","Apollo Pharmacy","Healthcare","Kolkata","Contactless",6968.52,"Success"
3645,"2023-07-06 18:25:55",75,"Neha Chauhan",100100000074,75,"Debit","RuPay","Active","Dominos","Food","Pune","Contactless",32366.96,"Success"
3646,"2023-02-13 20:55:53",32,"Ankit Reddy",100100000031,32,"Debit","Visa","Active","HP Petrol Pump","Fuel","Pune","Contactless",44988.44,"Success"
3647,"2026-04-26 01:26:24",117,"Priya Patel",100100000215,216,"Debit","Visa","Active","Starbucks","Cafe","Noida","Online",35120.03,"Success"
3648,"2023-06-03 21:22:49",174,"Meena Verma",100100000173,174,"Debit","RuPay","Active","Starbucks","Cafe","Noida","Online",34602.25,"Success"
3649,"2023-04-30 02:16:02",47,"Priya Sharma",100100000046,47,"Debit","Visa","Active","Swiggy","Food","Ahmedabad","POS",20176.96,"Success"
3650,"2025-06-21 20:21:13",180,"Divya Mishra",100100000179,180,"Debit","RuPay","Active","Croma","Electronics","Ahmedabad","POS",41113.71,"Success"
3651,"2023-08-10 17:27:38",188,"Nitin Jain",100100000187,188,"Debit","Visa","Active","Indian Oil","Fuel","Gurugram","Contactless",48434.15,"Success"
3652,"2023-02-21 17:48:10",126,"Rahul Kumar",100100000125,126,"Debit","Visa","Active","Amazon India","Shopping","Bengaluru","Contactless",1442.30,"Success"
3653,"2023-01-26 05:47:48",102,"Asha Sinha",100100000268,269,"Credit","Visa","Active","PVR Cinemas","Entertainment","Chennai","Online",10519.17,"Success"
3654,"2024-05-31 01:34:36",142,"Rahul Sinha",100100000141,142,"Debit","Visa","Active","BookMyShow","Entertainment","Noida","Contactless",21850.30,"Success"
3655,"2026-05-27 13:07:28",40,"Sneha Nair",100100000039,40,"Debit","Visa","Expired","BookMyShow","Entertainment","Noida","Contactless",42846.62,"Reversed"
3656,"2022-08-05 01:29:15",11,"Komal Pandey",100100000010,11,"Debit","Visa","Active","Croma","Electronics","Ahmedabad","POS",31805.10,"Success"
3657,"2025-05-05 12:58:03",19,"Vikas Yadav",100100000018,19,"Debit","Visa","Active","PVR Cinemas","Entertainment","Mumbai","Contactless",20980.44,"Success"
3658,"2024-02-25 12:03:30",191,"Asha Sharma",100100000265,266,"Credit","Visa","Active","Flipkart","Shopping","Ahmedabad","Online",48117.92,"Success"
3659,"2024-05-23 00:01:41",167,"Mohit Jain",100100000166,167,"Debit","RuPay","Active","Starbucks","Cafe","Noida","POS",4189.32,"Success"
3660,"2022-04-12 01:36:04",47,"Priya Sharma",100100000259,260,"Credit","MasterCard","Expired","Indian Oil","Fuel","Ahmedabad","POS",36317.04,"Success"
3661,"2022-08-27 08:23:34",93,"Arjun Sinha",100100000092,93,"Debit","RuPay","Blocked","Dominos","Food","Hyderabad","POS",29970.77,"Success"
3662,"2026-02-06 16:43:31",38,"Neha Patel",100100000037,38,"Debit","RuPay","Active","Myntra","Fashion","Kolkata","Contactless",26022.62,"Success"
3663,"2024-06-23 16:11:21",196,"Manish Chauhan",100100000236,237,"Credit","Visa","Active","SBI ATM","ATM","Gurugram","ATM",13328.93,"Success"
3664,"2026-06-28 07:02:19",47,"Priya Sharma",100100000219,220,"Debit","Visa","Active","Reliance Fresh","Grocery","Pune","POS",21776.98,"Success"
3665,"2024-07-24 10:13:35",90,"Sakshi Jain",100100000089,90,"Debit","Visa","Active","Amazon India","Shopping","Noida","Online",3823.38,"Success"
3666,"2024-03-21 12:26:38",143,"Rohit Mishra",100100000252,253,"Credit","MasterCard","Active","Big Bazaar","Grocery","Delhi","POS",20031.24,"Success"
3667,"2024-09-13 04:54:28",188,"Nitin Jain",100100000187,188,"Debit","Visa","Active","BookMyShow","Entertainment","Noida","POS",49583.59,"Success"
3668,"2023-08-07 14:07:16",70,"Asha Reddy",100100000069,70,"Debit","Visa","Active","Swiggy","Food","Gurugram","Online",8356.96,"Success"
3669,"2025-07-24 14:00:27",88,"Arjun Kumar",100100000273,274,"Credit","MasterCard","Active","Swiggy","Food","Bengaluru","Online",6133.48,"Success"
3670,"2022-01-25 16:40:29",154,"Vikas Sharma",100100000153,154,"Debit","Visa","Active","PVR Cinemas","Entertainment","Delhi","Online",40328.00,"Success"
3671,"2022-09-20 21:56:14",20,"Karan Sinha",100100000019,20,"Debit","Visa","Blocked","Starbucks","Cafe","Hyderabad","Online",9260.21,"Success"
3672,"2022-12-22 21:25:29",92,"Ritu Chauhan",100100000249,250,"Credit","MasterCard","Active","Zomato","Food","Lucknow","Online",47195.64,"Success"
3673,"2022-04-29 07:24:00",138,"Sakshi Chauhan",100100000137,138,"Debit","RuPay","Active","Reliance Fresh","Grocery","Kolkata","Online",49708.02,"Success"
3674,"2025-02-21 23:59:00",137,"Priya Pandey",100100000246,247,"Credit","MasterCard","Active","Dominos","Food","Ahmedabad","POS",26149.67,"Success"
3675,"2025-12-08 22:43:40",181,"Arjun Singh",100100000180,181,"Debit","RuPay","Active","DMart","Grocery","Delhi","Online",12851.85,"Success"
3676,"2025-01-15 03:03:37",124,"Asha Sinha",100100000214,215,"Debit","Visa","Active","IRCTC","Travel","Chennai","Online",36449.20,"Success"
3677,"2024-07-26 12:14:49",170,"Manish Verma",100100000271,272,"Credit","Visa","Active","Swiggy","Food","Pune","Contactless",21324.49,"Success"
3678,"2022-09-19 08:36:11",142,"Rahul Sinha",100100000141,142,"Debit","Visa","Active","Croma","Electronics","Gurugram","Contactless",40953.80,"Success"
3679,"2023-05-20 19:29:13",25,"Riya Reddy",100100000024,25,"Debit","RuPay","Active","HP Petrol Pump","Fuel","Pune","POS",22628.51,"Success"
3680,"2024-02-21 02:24:29",105,"Mohit Agarwal",100100000104,105,"Debit","Visa","Active","DMart","Grocery","Delhi","POS",22070.95,"Success"
3681,"2023-11-02 17:00:52",140,"Arjun Sinha",100100000139,140,"Debit","Visa","Active","Indian Oil","Fuel","Kolkata","Online",6674.29,"Success"
3682,"2022-05-28 03:48:18",198,"Suresh Singh",100100000235,236,"Credit","MasterCard","Active","Dominos","Food","Jaipur","Contactless",23360.93,"Success"
3683,"2023-10-27 07:04:25",60,"Rahul Sinha",100100000059,60,"Debit","Visa","Active","Reliance Fresh","Grocery","Hyderabad","Online",26293.43,"Success"
3684,"2025-03-20 22:24:57",42,"Pooja Gupta",100100000267,268,"Credit","Visa","Active","Croma","Electronics","Ahmedabad","Contactless",5548.06,"Success"
3685,"2025-06-01 14:15:28",58,"Kavita Sharma",100100000057,58,"Debit","Visa","Active","Apollo Pharmacy","Healthcare","Chennai","Online",42501.41,"Success"
3686,"2022-06-15 08:42:11",172,"Komal Patel",100100000171,172,"Debit","Visa","Active","Starbucks","Cafe","Delhi","Online",45287.86,"Success"
3687,"2025-01-12 10:25:06",192,"Deepak Reddy",100100000228,229,"Credit","Visa","Active","Flipkart","Shopping","Pune","POS",35211.46,"Success"
3688,"2024-03-03 20:38:30",25,"Riya Reddy",100100000024,25,"Debit","RuPay","Active","Reliance Digital","Electronics","Mumbai","Contactless",20512.30,"Success"
3689,"2022-03-04 16:41:14",108,"Sakshi Chauhan",100100000107,108,"Debit","RuPay","Active","DMart","Grocery","Jaipur","Online",49424.08,"Success"
3690,"2026-01-17 11:27:43",103,"Vikas Nair",100100000102,103,"Debit","Visa","Active","Croma","Electronics","Jaipur","POS",6032.19,"Success"
3691,"2023-05-11 05:50:20",163,"Anjali Gupta",100100000162,163,"Debit","Visa","Active","Myntra","Fashion","Lucknow","Contactless",46117.24,"Success"
3692,"2024-07-12 01:51:22",199,"Sneha Agarwal",100100000198,199,"Debit","RuPay","Expired","SBI ATM","ATM","Chennai","ATM",23937.18,"Success"
3693,"2024-06-11 22:24:55",18,"Vivek Verma",100100000017,18,"Debit","Visa","Lost","SBI ATM","ATM","Gurugram","ATM",12837.65,"Success"
3694,"2024-11-24 12:44:18",38,"Neha Patel",100100000037,38,"Debit","RuPay","Active","PVR Cinemas","Entertainment","Mumbai","POS",37015.46,"Success"
3695,"2022-05-17 19:05:08",3,"Amit Kumar",100100000240,241,"Credit","MasterCard","Active","Apollo Pharmacy","Healthcare","Noida","POS",11573.17,"Success"
3696,"2022-03-17 16:40:29",92,"Ritu Chauhan",100100000091,92,"Debit","Visa","Active","Starbucks","Cafe","Jaipur","Online",37236.94,"Success"
3697,"2026-03-25 04:29:45",28,"Nitin Reddy",100100000027,28,"Debit","Visa","Active","Swiggy","Food","Chennai","Contactless",22355.17,"Success"
3698,"2025-05-08 11:02:15",82,"Meena Gupta",100100000081,82,"Debit","RuPay","Active","Amazon India","Shopping","Delhi","Contactless",35888.79,"Success"
3699,"2022-06-07 08:05:47",53,"Arjun Jain",100100000052,53,"Debit","RuPay","Active","IRCTC","Travel","Pune","Contactless",820.63,"Success"
3700,"2022-01-08 18:49:03",47,"Priya Sharma",100100000219,220,"Debit","Visa","Active","Reliance Digital","Electronics","Lucknow","POS",19583.42,"Success"
3701,"2023-07-09 18:46:17",144,"Rahul Mishra",100100000143,144,"Debit","RuPay","Active","HP Petrol Pump","Fuel","Noida","Contactless",33382.70,"Success"
3702,"2022-04-23 06:45:25",50,"Suresh Chauhan",100100000251,252,"Credit","MasterCard","Active","DMart","Grocery","Lucknow","Online",11370.88,"Failed"
3703,"2026-05-09 03:58:16",107,"Nitin Chauhan",100100000106,107,"Debit","RuPay","Active","Croma","Electronics","Jaipur","Contactless",30834.53,"Success"
3704,"2024-08-18 05:24:55",63,"Rajesh Kumar",100100000062,63,"Debit","RuPay","Active","Big Bazaar","Grocery","Ahmedabad","Online",43120.97,"Success"
3705,"2024-05-08 18:22:07",68,"Vikas Patel",100100000067,68,"Debit","Visa","Active","Flipkart","Shopping","Pune","Online",41122.88,"Success"
3706,"2023-06-12 11:38:41",140,"Arjun Sinha",100100000139,140,"Debit","Visa","Active","Croma","Electronics","Gurugram","Online",49541.72,"Success"
3707,"2023-02-04 22:50:23",157,"Meena Mishra",100100000156,157,"Debit","RuPay","Active","Big Bazaar","Grocery","Noida","Contactless",47047.00,"Success"
3708,"2023-06-15 15:59:57",110,"Rajesh Gupta",100100000109,110,"Debit","Visa","Active","Apollo Pharmacy","Healthcare","Delhi","Online",32160.27,"Success"
3709,"2026-02-19 20:27:29",117,"Priya Patel",100100000215,216,"Debit","Visa","Active","BookMyShow","Entertainment","Kolkata","Contactless",32536.67,"Success"
3710,"2025-02-08 22:29:24",166,"Riya Singh",100100000165,166,"Debit","RuPay","Active","SBI ATM","ATM","Chennai","ATM",37420.13,"Success"
3711,"2022-10-03 16:55:23",42,"Pooja Gupta",100100000211,212,"Debit","RuPay","Active","Flipkart","Shopping","Hyderabad","Online",6316.98,"Success"
3712,"2025-04-07 15:45:36",182,"Komal Gupta",100100000255,256,"Credit","MasterCard","Active","PVR Cinemas","Entertainment","Pune","Online",26459.08,"Success"
3713,"2022-12-01 04:12:04",27,"Sakshi Sinha",100100000026,27,"Debit","RuPay","Active","Croma","Electronics","Chennai","Online",45936.01,"Success"
3714,"2025-02-10 16:47:21",156,"Shreya Yadav",100100000272,273,"Credit","Visa","Active","HP Petrol Pump","Fuel","Gurugram","Online",26610.82,"Success"
3715,"2024-07-15 16:34:23",97,"Riya Kumar",100100000096,97,"Debit","RuPay","Active","Lifestyle","Fashion","Lucknow","Online",28925.23,"Success"
3716,"2022-01-29 12:11:25",165,"Riya Kumar",100100000164,165,"Debit","RuPay","Active","Swiggy","Food","Lucknow","Contactless",4385.28,"Success"
3717,"2023-11-11 21:24:27",117,"Priya Patel",100100000116,117,"Debit","RuPay","Active","IRCTC","Travel","Lucknow","Online",2464.70,"Success"
3718,"2022-09-03 07:25:27",46,"Priya Mishra",100100000222,223,"Credit","Visa","Active","Apollo Pharmacy","Healthcare","Jaipur","Online",14055.24,"Reversed"
3719,"2025-01-07 21:21:01",143,"Rohit Mishra",100100000277,278,"Credit","Visa","Active","SBI ATM","ATM","Delhi","ATM",29166.44,"Success"
3720,"2025-09-27 09:54:49",134,"Nitin Sharma",100100000200,201,"Debit","RuPay","Active","Amazon India","Shopping","Noida","POS",5591.35,"Success"
3721,"2024-11-29 23:25:30",179,"Ritu Mishra",100100000260,261,"Credit","MasterCard","Active","Reliance Digital","Electronics","Pune","Online",16276.59,"Success"
3722,"2022-12-17 14:23:06",132,"Karan Chauhan",100100000131,132,"Debit","RuPay","Active","Amazon India","Shopping","Ahmedabad","POS",4727.32,"Success"
3723,"2024-07-08 04:50:36",30,"Vikas Gupta",100100000029,30,"Debit","Visa","Active","Big Bazaar","Grocery","Gurugram","Online",9224.93,"Success"
3724,"2024-08-17 00:43:39",108,"Sakshi Chauhan",100100000107,108,"Debit","RuPay","Active","DMart","Grocery","Pune","Contactless",15353.96,"Success"
3725,"2023-07-25 20:43:28",77,"Anjali Mishra",100100000237,238,"Credit","Visa","Active","Zomato","Food","Kolkata","POS",955.00,"Success"
3726,"2022-04-14 18:11:21",12,"Vivek Mishra",100100000011,12,"Debit","Visa","Active","Dominos","Food","Gurugram","Contactless",9706.17,"Success"
3727,"2025-04-29 03:54:02",150,"Ankit Verma",100100000149,150,"Debit","RuPay","Blocked","BookMyShow","Entertainment","Pune","Contactless",16947.45,"Success"
3728,"2025-12-14 05:32:05",68,"Vikas Patel",100100000067,68,"Debit","Visa","Active","Myntra","Fashion","Delhi","POS",20744.89,"Success"
3729,"2023-07-14 14:31:22",3,"Amit Kumar",100100000002,3,"Debit","RuPay","Active","Dominos","Food","Pune","POS",36516.02,"Success"
3730,"2023-05-12 09:21:21",105,"Mohit Agarwal",100100000104,105,"Debit","Visa","Active","Lifestyle","Fashion","Noida","Online",37388.44,"Success"
3731,"2024-03-20 08:33:01",136,"Priya Sharma",100100000135,136,"Debit","RuPay","Active","Myntra","Fashion","Gurugram","POS",25885.81,"Success"
3732,"2026-05-20 09:30:19",134,"Nitin Sharma",100100000133,134,"Debit","Visa","Active","SBI ATM","ATM","Ahmedabad","ATM",3477.78,"Success"
3733,"2022-09-22 18:34:49",77,"Anjali Mishra",100100000278,279,"Credit","MasterCard","Active","Reliance Fresh","Grocery","Delhi","POS",45564.13,"Success"
3734,"2023-04-06 21:36:10",183,"Neha Nair",100100000182,183,"Debit","RuPay","Active","Myntra","Fashion","Delhi","Online",44926.84,"Success"
3735,"2025-08-23 00:48:05",89,"Rahul Kumar",100100000088,89,"Debit","RuPay","Active","Starbucks","Cafe","Hyderabad","Contactless",1727.69,"Success"
3736,"2024-12-15 03:11:19",148,"Harsh Sharma",100100000147,148,"Debit","RuPay","Active","Amazon India","Shopping","Noida","Online",15517.97,"Success"
3737,"2025-04-09 19:45:43",55,"Vikas Kumar",100100000229,230,"Credit","MasterCard","Active","DMart","Grocery","Mumbai","Contactless",14606.49,"Success"
3738,"2025-06-26 20:23:34",110,"Rajesh Gupta",100100000109,110,"Debit","Visa","Active","Apollo Pharmacy","Healthcare","Kolkata","POS",41670.37,"Success"
3739,"2024-11-12 08:33:09",83,"Nitin Verma",100100000082,83,"Debit","RuPay","Active","Dominos","Food","Jaipur","Contactless",12725.59,"Success"
3740,"2024-09-25 16:27:17",92,"Ritu Chauhan",100100000091,92,"Debit","Visa","Active","Croma","Electronics","Noida","Contactless",31218.11,"Success"
3741,"2023-01-29 20:41:12",182,"Komal Gupta",100100000255,256,"Credit","MasterCard","Active","Indian Oil","Fuel","Lucknow","Online",39221.62,"Success"
3742,"2023-03-14 14:37:21",78,"Sneha Verma",100100000077,78,"Debit","RuPay","Lost","Apollo Pharmacy","Healthcare","Ahmedabad","Online",20822.61,"Success"
3743,"2024-06-25 20:28:49",72,"Anjali Singh",100100000217,218,"Debit","Visa","Active","IRCTC","Travel","Delhi","Contactless",18448.83,"Success"
3744,"2022-02-12 16:32:45",178,"Arjun Kumar",100100000177,178,"Debit","Visa","Active","Apollo Pharmacy","Healthcare","Kolkata","POS",32152.57,"Success"
3745,"2025-07-26 07:22:32",75,"Neha Chauhan",100100000250,251,"Credit","Visa","Active","Croma","Electronics","Kolkata","POS",45865.67,"Success"
3746,"2023-01-12 04:03:50",197,"Rajesh Yadav",100100000196,197,"Debit","Visa","Active","Starbucks","Cafe","Hyderabad","Contactless",20876.63,"Success"
3747,"2024-07-04 22:02:24",131,"Divya Yadav",100100000130,131,"Debit","Visa","Active","Reliance Digital","Electronics","Delhi","POS",6650.08,"Success"
3748,"2024-08-22 05:58:06",161,"Riya Singh",100100000253,254,"Credit","MasterCard","Active","BookMyShow","Entertainment","Delhi","POS",21572.32,"Success"
3749,"2024-08-05 00:15:26",156,"Shreya Yadav",100100000272,273,"Credit","Visa","Active","SBI ATM","ATM","Bengaluru","ATM",8897.04,"Success"
3750,"2025-06-07 09:29:38",41,"Vivek Patel",100100000040,41,"Debit","Visa","Active","Reliance Fresh","Grocery","Lucknow","Online",18441.78,"Success"
3751,"2023-06-22 17:07:56",102,"Asha Sinha",100100000268,269,"Credit","Visa","Active","PVR Cinemas","Entertainment","Ahmedabad","POS",35702.56,"Success"
3752,"2025-06-14 20:46:54",127,"Anjali Verma",100100000126,127,"Debit","Visa","Active","SBI ATM","ATM","Mumbai","ATM",21397.88,"Success"
3753,"2023-05-13 19:20:01",56,"Vikas Reddy",100100000055,56,"Debit","RuPay","Active","Croma","Electronics","Noida","POS",30960.25,"Reversed"
3754,"2023-10-10 01:05:45",94,"Shreya Mishra",100100000264,265,"Credit","MasterCard","Active","Apollo Pharmacy","Healthcare","Pune","POS",3673.83,"Success"
3755,"2023-08-17 18:35:54",194,"Harsh Agarwal",100100000193,194,"Debit","RuPay","Active","HP Petrol Pump","Fuel","Ahmedabad","POS",25222.33,"Success"
3756,"2026-04-18 17:34:35",145,"Nidhi Nair",100100000144,145,"Debit","Visa","Active","DMart","Grocery","Delhi","POS",2543.83,"Reversed"
3757,"2024-05-23 07:04:37",71,"Sakshi Reddy",100100000070,71,"Debit","Visa","Active","Starbucks","Cafe","Delhi","Contactless",30215.13,"Success"
3758,"2022-09-20 11:10:24",175,"Pooja Jain",100100000174,175,"Debit","RuPay","Active","IRCTC","Travel","Noida","Contactless",4058.36,"Success"
3759,"2026-03-30 22:41:31",191,"Asha Sharma",100100000265,266,"Credit","Visa","Active","Swiggy","Food","Noida","Online",27537.57,"Success"
3760,"2022-03-25 00:32:58",140,"Arjun Sinha",100100000139,140,"Debit","Visa","Active","PVR Cinemas","Entertainment","Hyderabad","Contactless",48136.24,"Success"
3761,"2023-05-09 20:15:10",88,"Arjun Kumar",100100000273,274,"Credit","MasterCard","Active","Swiggy","Food","Jaipur","Online",28662.84,"Success"
3762,"2022-09-24 17:11:04",186,"Neha Gupta",100100000185,186,"Debit","Visa","Active","DMart","Grocery","Delhi","Online",25140.05,"Success"
3763,"2022-04-02 12:32:07",3,"Amit Kumar",100100000240,241,"Credit","MasterCard","Active","Amazon India","Shopping","Kolkata","POS",36850.56,"Success"
3764,"2025-04-22 02:47:17",48,"Divya Yadav",100100000047,48,"Debit","RuPay","Active","Swiggy","Food","Mumbai","Online",30023.03,"Success"
3765,"2022-01-15 01:18:42",84,"Karan Patel",100100000083,84,"Debit","Visa","Active","SBI ATM","ATM","Pune","ATM",22925.11,"Success"
3766,"2022-04-20 01:39:59",6,"Meena Singh",100100000005,6,"Debit","Visa","Expired","Myntra","Fashion","Ahmedabad","POS",38794.56,"Success"
3767,"2024-03-10 07:24:39",127,"Anjali Verma",100100000126,127,"Debit","Visa","Active","HP Petrol Pump","Fuel","Delhi","POS",20459.61,"Success"
3768,"2024-04-29 18:32:48",123,"Neha Patel",100100000122,123,"Debit","RuPay","Active","Croma","Electronics","Delhi","Contactless",14951.48,"Success"
3769,"2025-06-16 11:27:29",143,"Rohit Mishra",100100000277,278,"Credit","Visa","Active","Swiggy","Food","Delhi","POS",44427.27,"Reversed"
3770,"2025-09-02 00:04:57",105,"Mohit Agarwal",100100000104,105,"Debit","Visa","Active","HP Petrol Pump","Fuel","Jaipur","Online",48418.60,"Success"
3771,"2024-02-08 04:25:18",77,"Anjali Mishra",100100000278,279,"Credit","MasterCard","Active","Reliance Fresh","Grocery","Delhi","POS",16860.15,"Success"
3772,"2022-04-11 07:23:22",192,"Deepak Reddy",100100000228,229,"Credit","Visa","Active","Flipkart","Shopping","Ahmedabad","Online",27616.96,"Success"
3773,"2023-05-17 06:34:38",47,"Priya Sharma",100100000219,220,"Debit","Visa","Active","Lifestyle","Fashion","Pune","Contactless",26010.41,"Success"
3774,"2022-02-25 22:01:33",60,"Rahul Sinha",100100000059,60,"Debit","Visa","Active","Croma","Electronics","Pune","Online",34277.00,"Success"
3775,"2023-12-01 07:24:38",19,"Vikas Yadav",100100000018,19,"Debit","Visa","Active","Reliance Digital","Electronics","Gurugram","POS",40765.38,"Success"
3776,"2025-03-17 21:15:02",92,"Ritu Chauhan",100100000091,92,"Debit","Visa","Active","Reliance Digital","Electronics","Jaipur","POS",19853.60,"Success"
3777,"2025-06-27 03:00:47",125,"Vivek Kumar",100100000124,125,"Debit","RuPay","Active","BookMyShow","Entertainment","Hyderabad","POS",39396.91,"Success"
3778,"2023-04-15 17:17:13",116,"Riya Sinha",100100000201,202,"Debit","RuPay","Expired","Starbucks","Cafe","Gurugram","Online",21961.31,"Success"
3779,"2025-02-26 18:20:17",162,"Asha Reddy",100100000161,162,"Debit","RuPay","Active","Reliance Digital","Electronics","Lucknow","Contactless",17453.53,"Success"
3780,"2024-11-27 02:18:33",87,"Rajesh Agarwal",100100000086,87,"Debit","RuPay","Active","SBI ATM","ATM","Gurugram","ATM",3735.75,"Failed"
3781,"2025-10-24 20:57:28",125,"Vivek Kumar",100100000124,125,"Debit","RuPay","Active","DMart","Grocery","Lucknow","Contactless",15854.66,"Success"
3782,"2024-06-29 01:44:22",33,"Deepak Jain",100100000210,211,"Debit","RuPay","Active","IRCTC","Travel","Noida","POS",45062.88,"Success"
3783,"2022-09-15 04:28:21",146,"Manish Agarwal",100100000145,146,"Debit","RuPay","Lost","Croma","Electronics","Mumbai","POS",46562.69,"Success"
3784,"2023-07-18 07:13:55",67,"Pooja Kumar",100100000066,67,"Debit","RuPay","Active","HP Petrol Pump","Fuel","Mumbai","POS",42521.24,"Success"
3785,"2023-12-22 19:02:16",161,"Riya Singh",100100000160,161,"Debit","Visa","Active","DMart","Grocery","Noida","Online",994.50,"Success"
3786,"2022-10-13 14:08:02",62,"Ritu Yadav",100100000061,62,"Debit","Visa","Active","BookMyShow","Entertainment","Pune","Contactless",4779.64,"Success"
3787,"2025-07-01 07:18:14",55,"Vikas Kumar",100100000229,230,"Credit","MasterCard","Active","Indian Oil","Fuel","Chennai","Contactless",27774.00,"Success"
3788,"2022-11-21 09:59:06",194,"Harsh Agarwal",100100000257,258,"Credit","Visa","Active","BookMyShow","Entertainment","Bengaluru","POS",36432.93,"Success"
3789,"2022-12-27 05:29:02",74,"Rahul Kumar",100100000073,74,"Debit","Visa","Active","Reliance Digital","Electronics","Mumbai","Contactless",15030.78,"Success"
3790,"2023-12-30 11:40:42",195,"Amit Agarwal",100100000194,195,"Debit","RuPay","Blocked","Indian Oil","Fuel","Gurugram","Contactless",17376.76,"Success"
3791,"2025-10-11 04:44:40",197,"Rajesh Yadav",100100000196,197,"Debit","Visa","Active","SBI ATM","ATM","Lucknow","ATM",45178.64,"Success"
3792,"2026-05-01 08:13:32",57,"Divya Chauhan",100100000056,57,"Debit","Visa","Active","Apollo Pharmacy","Healthcare","Noida","POS",46941.31,"Success"
3793,"2024-02-07 22:13:55",61,"Sakshi Pandey",100100000060,61,"Debit","Visa","Active","Flipkart","Shopping","Pune","POS",9532.50,"Success"
3794,"2024-12-18 15:45:32",124,"Asha Sinha",100100000123,124,"Debit","RuPay","Active","SBI ATM","ATM","Noida","ATM",11653.06,"Failed"
3795,"2024-12-27 00:19:48",155,"Manish Pandey",100100000154,155,"Debit","Visa","Active","Big Bazaar","Grocery","Jaipur","Contactless",40938.25,"Success"
3796,"2025-10-01 03:37:17",137,"Priya Pandey",100100000136,137,"Debit","Visa","Active","Croma","Electronics","Mumbai","POS",9980.83,"Success"
3797,"2025-01-07 20:00:42",168,"Meena Gupta",100100000167,168,"Debit","Visa","Active","Indian Oil","Fuel","Hyderabad","POS",17815.24,"Success"
3798,"2023-08-19 02:37:09",195,"Amit Agarwal",100100000194,195,"Debit","RuPay","Blocked","Big Bazaar","Grocery","Jaipur","POS",4207.14,"Success"
3799,"2026-07-03 10:52:36",89,"Rahul Kumar",100100000088,89,"Debit","RuPay","Active","DMart","Grocery","Ahmedabad","POS",35581.31,"Success"
3800,"2025-09-14 23:35:11",77,"Anjali Mishra",100100000243,244,"Credit","Visa","Active","HP Petrol Pump","Fuel","Mumbai","POS",30841.47,"Success"
3801,"2024-02-21 13:34:33",137,"Priya Pandey",100100000136,137,"Debit","Visa","Active","Indian Oil","Fuel","Noida","Contactless",39913.48,"Success"
3802,"2023-12-16 14:29:37",108,"Sakshi Chauhan",100100000107,108,"Debit","RuPay","Active","Zomato","Food","Kolkata","Contactless",30872.01,"Success"
3803,"2024-06-07 04:33:56",86,"Komal Verma",100100000085,86,"Debit","Visa","Active","Big Bazaar","Grocery","Jaipur","Online",5570.55,"Success"
3804,"2026-06-19 18:27:30",77,"Anjali Mishra",100100000237,238,"Credit","Visa","Active","Flipkart","Shopping","Hyderabad","Contactless",265.54,"Success"
3805,"2023-09-29 11:19:30",55,"Vikas Kumar",100100000229,230,"Credit","MasterCard","Active","Lifestyle","Fashion","Gurugram","Online",15218.76,"Success"
3806,"2025-02-04 08:19:25",20,"Karan Sinha",100100000019,20,"Debit","Visa","Blocked","Reliance Fresh","Grocery","Chennai","Contactless",33584.30,"Success"
3807,"2023-02-27 12:06:46",61,"Sakshi Pandey",100100000060,61,"Debit","Visa","Active","SBI ATM","ATM","Delhi","ATM",16958.24,"Success"
3808,"2024-03-16 04:55:14",88,"Arjun Kumar",100100000273,274,"Credit","MasterCard","Active","PVR Cinemas","Entertainment","Bengaluru","Online",7196.81,"Success"
3809,"2022-02-05 05:34:07",34,"Rahul Sharma",100100000033,34,"Debit","Visa","Active","BookMyShow","Entertainment","Pune","Online",49766.97,"Success"
3810,"2024-07-14 20:31:33",144,"Rahul Mishra",100100000143,144,"Debit","RuPay","Active","Starbucks","Cafe","Jaipur","Online",15517.39,"Success"
3811,"2022-03-17 20:49:30",57,"Divya Chauhan",100100000056,57,"Debit","Visa","Active","Big Bazaar","Grocery","Bengaluru","POS",12930.28,"Success"
3812,"2026-03-08 12:14:55",143,"Rohit Mishra",100100000142,143,"Debit","Visa","Active","SBI ATM","ATM","Mumbai","ATM",40396.83,"Success"
3813,"2023-11-03 03:51:01",77,"Anjali Mishra",100100000076,77,"Debit","Visa","Active","BookMyShow","Entertainment","Delhi","Contactless",2400.51,"Success"
3814,"2024-06-30 08:25:40",43,"Shreya Singh",100100000042,43,"Debit","RuPay","Active","Zomato","Food","Chennai","Contactless",7811.26,"Success"
3815,"2023-05-12 02:34:02",117,"Priya Patel",100100000116,117,"Debit","RuPay","Active","Lifestyle","Fashion","Mumbai","Contactless",37045.75,"Success"
3816,"2026-04-27 23:59:32",175,"Pooja Jain",100100000174,175,"Debit","RuPay","Active","Indian Oil","Fuel","Lucknow","POS",17813.02,"Success"
3817,"2023-11-24 06:14:05",172,"Komal Patel",100100000171,172,"Debit","Visa","Active","IRCTC","Travel","Pune","POS",17865.53,"Success"
3818,"2025-05-03 00:43:01",88,"Arjun Kumar",100100000087,88,"Debit","Visa","Lost","DMart","Grocery","Chennai","POS",46636.60,"Success"
3819,"2026-02-14 11:29:18",40,"Sneha Nair",100100000039,40,"Debit","Visa","Expired","Big Bazaar","Grocery","Mumbai","POS",6238.59,"Success"
3820,"2023-11-01 12:16:20",30,"Vikas Gupta",100100000029,30,"Debit","Visa","Active","Flipkart","Shopping","Mumbai","POS",12007.30,"Success"
3821,"2024-05-01 04:58:32",143,"Rohit Mishra",100100000142,143,"Debit","Visa","Active","DMart","Grocery","Ahmedabad","Contactless",8876.31,"Success"
3822,"2023-05-28 06:28:03",170,"Manish Verma",100100000169,170,"Debit","Visa","Active","Lifestyle","Fashion","Delhi","Online",49425.13,"Success"
3823,"2024-03-21 05:15:57",78,"Sneha Verma",100100000077,78,"Debit","RuPay","Lost","BookMyShow","Entertainment","Gurugram","Contactless",22483.12,"Success"
3824,"2022-03-26 16:31:50",131,"Divya Yadav",100100000258,259,"Credit","Visa","Active","HP Petrol Pump","Fuel","Lucknow","POS",16093.81,"Failed"
3825,"2026-01-11 23:48:26",34,"Rahul Sharma",100100000033,34,"Debit","Visa","Active","BookMyShow","Entertainment","Mumbai","Online",21737.81,"Success"
3826,"2023-05-04 19:56:52",175,"Pooja Jain",100100000174,175,"Debit","RuPay","Active","Myntra","Fashion","Gurugram","Contactless",41999.24,"Success"
3827,"2022-11-19 16:49:01",48,"Divya Yadav",100100000047,48,"Debit","RuPay","Active","Reliance Digital","Electronics","Kolkata","Contactless",28330.88,"Success"
3828,"2023-06-10 12:29:15",185,"Rahul Kumar",100100000207,208,"Debit","RuPay","Active","Myntra","Fashion","Mumbai","Online",8634.14,"Success"
3829,"2024-02-23 10:46:16",188,"Nitin Jain",100100000187,188,"Debit","Visa","Active","Flipkart","Shopping","Kolkata","Contactless",43621.26,"Success"
3830,"2023-09-08 21:48:47",2,"Neha Gupta",100100000001,2,"Debit","Visa","Active","DMart","Grocery","Hyderabad","Contactless",27421.18,"Success"
3831,"2024-02-03 09:32:19",117,"Priya Patel",100100000215,216,"Debit","Visa","Active","Swiggy","Food","Delhi","Online",32158.76,"Success"
3832,"2022-12-16 18:44:02",107,"Nitin Chauhan",100100000209,210,"Debit","Visa","Active","Dominos","Food","Kolkata","Contactless",32711.00,"Success"
3833,"2026-02-05 09:29:09",123,"Neha Patel",100100000122,123,"Debit","RuPay","Active","IRCTC","Travel","Chennai","Online",6138.76,"Success"
3834,"2025-03-26 23:41:44",137,"Priya Pandey",100100000136,137,"Debit","Visa","Active","Zomato","Food","Pune","Online",8531.60,"Success"
3835,"2023-03-12 09:54:32",161,"Riya Singh",100100000160,161,"Debit","Visa","Active","Swiggy","Food","Kolkata","POS",41524.59,"Success"
3836,"2023-08-23 03:12:16",191,"Asha Sharma",100100000248,249,"Credit","Visa","Active","Croma","Electronics","Kolkata","POS",17219.02,"Success"
3837,"2022-06-06 19:25:38",93,"Arjun Sinha",100100000092,93,"Debit","RuPay","Blocked","SBI ATM","ATM","Gurugram","ATM",25249.57,"Success"
3838,"2024-08-02 13:39:02",196,"Manish Chauhan",100100000236,237,"Credit","Visa","Active","Big Bazaar","Grocery","Gurugram","POS",42407.16,"Success"
3839,"2023-03-25 22:58:33",54,"Meena Singh",100100000269,270,"Credit","MasterCard","Active","Indian Oil","Fuel","Chennai","POS",37661.18,"Success"
3840,"2022-08-15 07:46:07",194,"Harsh Agarwal",100100000193,194,"Debit","RuPay","Active","Amazon India","Shopping","Gurugram","POS",28429.67,"Success"
3841,"2024-01-02 00:27:58",78,"Sneha Verma",100100000216,217,"Debit","Visa","Lost","Myntra","Fashion","Kolkata","Contactless",36287.53,"Success"
3842,"2022-02-16 05:29:29",94,"Shreya Mishra",100100000274,275,"Credit","MasterCard","Active","Amazon India","Shopping","Pune","Online",25545.96,"Success"
3843,"2023-01-25 15:17:23",13,"Nitin Yadav",100100000012,13,"Debit","RuPay","Active","Indian Oil","Fuel","Noida","POS",33178.02,"Success"
3844,"2025-03-08 05:38:44",47,"Priya Sharma",100100000219,220,"Debit","Visa","Active","DMart","Grocery","Hyderabad","POS",12718.28,"Failed"
3845,"2024-04-18 03:05:17",197,"Rajesh Yadav",100100000223,224,"Credit","MasterCard","Active","HP Petrol Pump","Fuel","Ahmedabad","Online",34588.26,"Success"
3846,"2022-08-01 11:06:13",123,"Neha Patel",100100000122,123,"Debit","RuPay","Active","BookMyShow","Entertainment","Jaipur","Online",40946.48,"Success"
3847,"2026-01-11 13:25:15",190,"Divya Kumar",100100000189,190,"Debit","Visa","Active","Reliance Digital","Electronics","Gurugram","Online",22403.84,"Success"
3848,"2025-06-10 15:03:56",191,"Asha Sharma",100100000248,249,"Credit","Visa","Active","Zomato","Food","Gurugram","Online",21002.31,"Success"
3849,"2024-02-26 00:18:01",166,"Riya Singh",100100000165,166,"Debit","RuPay","Active","Reliance Digital","Electronics","Ahmedabad","Online",43516.37,"Success"
3850,"2025-09-03 22:17:21",76,"Harsh Kumar",100100000075,76,"Debit","RuPay","Active","Myntra","Fashion","Chennai","Online",48726.33,"Success"
3851,"2025-03-26 05:20:20",116,"Riya Sinha",100100000201,202,"Debit","RuPay","Expired","Reliance Fresh","Grocery","Chennai","POS",29400.02,"Success"
3852,"2026-06-13 01:17:49",17,"Komal Patel",100100000275,276,"Credit","MasterCard","Active","Apollo Pharmacy","Healthcare","Noida","POS",48975.99,"Success"
3853,"2023-05-09 03:19:58",56,"Vikas Reddy",100100000055,56,"Debit","RuPay","Active","Myntra","Fashion","Ahmedabad","Contactless",43508.19,"Success"
3854,"2025-04-25 16:20:29",61,"Sakshi Pandey",100100000224,225,"Credit","MasterCard","Active","Reliance Fresh","Grocery","Lucknow","Online",19741.89,"Success"
3855,"2024-12-29 19:35:53",143,"Rohit Mishra",100100000277,278,"Credit","Visa","Active","Swiggy","Food","Delhi","Online",26458.79,"Success"
3856,"2023-02-22 16:08:15",95,"Rahul Kumar",100100000241,242,"Credit","Visa","Expired","Starbucks","Cafe","Delhi","Online",33201.04,"Success"
3857,"2023-10-27 10:32:32",106,"Arjun Nair",100100000105,106,"Debit","RuPay","Active","Apollo Pharmacy","Healthcare","Hyderabad","Online",48317.05,"Success"
3858,"2025-06-16 20:53:41",123,"Neha Patel",100100000122,123,"Debit","RuPay","Active","Swiggy","Food","Delhi","POS",10735.73,"Success"
3859,"2025-07-05 14:24:43",116,"Riya Sinha",100100000115,116,"Debit","RuPay","Active","Flipkart","Shopping","Bengaluru","Contactless",23301.29,"Success"
3860,"2025-07-30 02:27:55",87,"Rajesh Agarwal",100100000086,87,"Debit","RuPay","Active","Swiggy","Food","Delhi","Online",10920.11,"Failed"
3861,"2024-02-23 01:25:46",176,"Rohit Sharma",100100000213,214,"Debit","Visa","Active","Reliance Fresh","Grocery","Delhi","Online",2006.82,"Failed"
3862,"2024-12-30 08:08:51",97,"Riya Kumar",100100000096,97,"Debit","RuPay","Active","SBI ATM","ATM","Gurugram","ATM",35397.10,"Success"
3863,"2024-11-14 20:30:40",98,"Suresh Sharma",100100000097,98,"Debit","RuPay","Active","Apollo Pharmacy","Healthcare","Delhi","Contactless",42357.31,"Success"
3864,"2023-07-01 02:11:54",99,"Komal Jain",100100000098,99,"Debit","RuPay","Active","Starbucks","Cafe","Kolkata","Contactless",4457.82,"Success"
3865,"2023-08-27 08:19:27",128,"Riya Mishra",100100000127,128,"Debit","RuPay","Active","Big Bazaar","Grocery","Jaipur","POS",42091.35,"Success"
3866,"2026-01-10 01:57:38",78,"Sneha Verma",100100000077,78,"Debit","RuPay","Lost","Lifestyle","Fashion","Gurugram","Contactless",9527.07,"Success"
3867,"2022-10-22 19:56:32",116,"Riya Sinha",100100000201,202,"Debit","RuPay","Expired","Myntra","Fashion","Lucknow","Contactless",45560.22,"Success"
3868,"2024-03-19 11:10:24",6,"Meena Singh",100100000005,6,"Debit","Visa","Expired","Apollo Pharmacy","Healthcare","Kolkata","POS",49122.49,"Success"
3869,"2022-02-16 09:05:36",125,"Vivek Kumar",100100000124,125,"Debit","RuPay","Active","HP Petrol Pump","Fuel","Hyderabad","Contactless",5210.14,"Success"
3870,"2023-09-17 21:49:38",87,"Rajesh Agarwal",100100000086,87,"Debit","RuPay","Active","Reliance Fresh","Grocery","Lucknow","POS",20466.19,"Success"
3871,"2026-05-09 01:04:31",50,"Suresh Chauhan",100100000049,50,"Debit","Visa","Lost","Croma","Electronics","Ahmedabad","POS",2202.95,"Success"
3872,"2025-04-07 18:59:21",93,"Arjun Sinha",100100000092,93,"Debit","RuPay","Blocked","Swiggy","Food","Chennai","Contactless",1727.15,"Success"
3873,"2023-05-21 16:00:20",18,"Vivek Verma",100100000017,18,"Debit","Visa","Lost","Apollo Pharmacy","Healthcare","Noida","Contactless",27531.35,"Success"
3874,"2024-10-08 14:32:03",128,"Riya Mishra",100100000127,128,"Debit","RuPay","Active","Big Bazaar","Grocery","Bengaluru","Online",17888.95,"Failed"
3875,"2022-05-25 16:07:53",129,"Priya Gupta",100100000128,129,"Debit","Visa","Active","PVR Cinemas","Entertainment","Mumbai","Online",18860.82,"Reversed"
3876,"2023-10-15 03:02:50",110,"Rajesh Gupta",100100000109,110,"Debit","Visa","Active","Croma","Electronics","Delhi","Online",48638.82,"Failed"
3877,"2024-02-07 09:58:59",188,"Nitin Jain",100100000266,267,"Credit","MasterCard","Active","Reliance Digital","Electronics","Kolkata","Contactless",36251.75,"Success"
3878,"2025-11-12 10:12:10",68,"Vikas Patel",100100000067,68,"Debit","Visa","Active","SBI ATM","ATM","Pune","ATM",8216.84,"Success"
3879,"2022-01-27 11:33:23",86,"Komal Verma",100100000085,86,"Debit","Visa","Active","Swiggy","Food","Bengaluru","Contactless",11762.08,"Success"
3880,"2026-03-10 22:12:08",131,"Divya Yadav",100100000258,259,"Credit","Visa","Active","Myntra","Fashion","Gurugram","POS",20164.14,"Failed"
3881,"2023-09-03 21:01:54",145,"Nidhi Nair",100100000144,145,"Debit","Visa","Active","Flipkart","Shopping","Bengaluru","POS",11906.25,"Success"
3882,"2025-03-23 01:19:14",44,"Meena Reddy",100100000043,44,"Debit","Visa","Active","Flipkart","Shopping","Pune","Contactless",8915.14,"Success"
3883,"2025-08-29 20:25:15",196,"Manish Chauhan",100100000236,237,"Credit","Visa","Active","Reliance Fresh","Grocery","Lucknow","POS",16078.90,"Success"
3884,"2025-07-04 10:28:18",42,"Pooja Gupta",100100000041,42,"Debit","RuPay","Active","Indian Oil","Fuel","Pune","Contactless",38468.58,"Failed"
3885,"2026-05-08 01:08:43",167,"Mohit Jain",100100000230,231,"Credit","Visa","Blocked","Lifestyle","Fashion","Gurugram","Online",39683.48,"Success"
3886,"2022-08-15 11:32:50",73,"Karan Yadav",100100000226,227,"Credit","MasterCard","Active","Reliance Digital","Electronics","Delhi","Online",29615.12,"Success"
3887,"2025-02-03 03:32:58",127,"Anjali Verma",100100000126,127,"Debit","Visa","Active","Lifestyle","Fashion","Pune","Contactless",39688.89,"Success"
3888,"2024-04-22 22:29:40",147,"Nitin Jain",100100000146,147,"Debit","RuPay","Lost","Starbucks","Cafe","Mumbai","Contactless",32380.73,"Success"
3889,"2023-01-26 15:24:05",195,"Amit Agarwal",100100000194,195,"Debit","RuPay","Blocked","Swiggy","Food","Gurugram","Contactless",20684.27,"Success"
3890,"2024-11-05 09:52:42",146,"Manish Agarwal",100100000231,232,"Credit","MasterCard","Active","Lifestyle","Fashion","Delhi","Contactless",30783.66,"Success"
3891,"2022-07-10 17:07:24",38,"Neha Patel",100100000037,38,"Debit","RuPay","Active","Big Bazaar","Grocery","Hyderabad","POS",46484.13,"Success"
3892,"2023-11-21 17:32:19",112,"Mohit Mishra",100100000111,112,"Debit","Visa","Active","PVR Cinemas","Entertainment","Jaipur","POS",37980.61,"Success"
3893,"2022-07-22 08:15:44",22,"Asha Pandey",100100000021,22,"Debit","RuPay","Active","Apollo Pharmacy","Healthcare","Mumbai","Online",12099.78,"Success"
3894,"2022-05-31 13:55:21",147,"Nitin Jain",100100000146,147,"Debit","RuPay","Lost","Amazon India","Shopping","Kolkata","Online",18184.83,"Success"
3895,"2022-07-04 06:00:56",198,"Suresh Singh",100100000197,198,"Debit","RuPay","Active","IRCTC","Travel","Hyderabad","Contactless",7854.88,"Success"
3896,"2025-12-05 10:02:00",136,"Priya Sharma",100100000135,136,"Debit","RuPay","Active","Starbucks","Cafe","Hyderabad","Contactless",38007.07,"Success"
3897,"2022-01-28 06:11:54",55,"Vikas Kumar",100100000261,262,"Credit","Visa","Active","PVR Cinemas","Entertainment","Delhi","Online",33766.02,"Success"
3898,"2024-09-28 02:57:22",125,"Vivek Kumar",100100000124,125,"Debit","RuPay","Active","Flipkart","Shopping","Mumbai","POS",28813.76,"Success"
3899,"2022-12-01 00:52:58",143,"Rohit Mishra",100100000252,253,"Credit","MasterCard","Active","Myntra","Fashion","Delhi","Online",32426.69,"Failed"
3900,"2023-08-11 11:48:37",161,"Riya Singh",100100000160,161,"Debit","Visa","Active","Reliance Fresh","Grocery","Gurugram","Online",9090.78,"Success"
3901,"2024-04-19 02:28:16",69,"Ritu Pandey",100100000068,69,"Debit","Visa","Active","Myntra","Fashion","Chennai","Contactless",3072.98,"Success"
3902,"2026-01-31 15:31:37",199,"Sneha Agarwal",100100000198,199,"Debit","RuPay","Expired","IRCTC","Travel","Chennai","Contactless",43856.74,"Success"
3903,"2022-03-11 14:20:53",84,"Karan Patel",100100000083,84,"Debit","Visa","Active","Big Bazaar","Grocery","Hyderabad","Contactless",49429.86,"Success"
3904,"2023-12-02 20:30:55",176,"Rohit Sharma",100100000213,214,"Debit","Visa","Active","Lifestyle","Fashion","Mumbai","POS",3361.02,"Success"
3905,"2024-09-08 11:35:10",84,"Karan Patel",100100000083,84,"Debit","Visa","Active","Lifestyle","Fashion","Chennai","Contactless",22604.89,"Success"
3906,"2025-12-15 03:08:01",163,"Anjali Gupta",100100000162,163,"Debit","Visa","Active","Myntra","Fashion","Noida","POS",46204.34,"Success"
3907,"2025-09-15 05:32:59",33,"Deepak Jain",100100000032,33,"Debit","RuPay","Active","BookMyShow","Entertainment","Kolkata","Online",41094.16,"Success"
3908,"2022-02-19 11:29:24",43,"Shreya Singh",100100000042,43,"Debit","RuPay","Active","Amazon India","Shopping","Kolkata","Contactless",14591.30,"Success"
3909,"2025-07-02 03:36:26",146,"Manish Agarwal",100100000145,146,"Debit","RuPay","Lost","Reliance Fresh","Grocery","Kolkata","Contactless",18980.89,"Success"
3910,"2023-05-02 04:53:10",113,"Manish Yadav",100100000238,239,"Credit","MasterCard","Active","PVR Cinemas","Entertainment","Ahmedabad","Contactless",40745.20,"Success"
3911,"2025-04-20 00:35:00",13,"Nitin Yadav",100100000012,13,"Debit","RuPay","Active","Dominos","Food","Noida","POS",47009.47,"Success"
3912,"2023-09-22 07:21:55",80,"Arjun Patel",100100000079,80,"Debit","Visa","Active","Indian Oil","Fuel","Bengaluru","POS",8524.04,"Success"
3913,"2022-01-02 10:44:44",69,"Ritu Pandey",100100000245,246,"Credit","MasterCard","Active","Croma","Electronics","Gurugram","Contactless",5441.26,"Success"
3914,"2026-06-22 05:49:52",108,"Sakshi Chauhan",100100000107,108,"Debit","RuPay","Active","IRCTC","Travel","Mumbai","Contactless",42783.69,"Reversed"
3915,"2025-04-27 22:08:11",164,"Shreya Sinha",100100000163,164,"Debit","Visa","Active","HP Petrol Pump","Fuel","Hyderabad","Contactless",14399.54,"Success"
3916,"2025-04-05 21:25:29",182,"Komal Gupta",100100000181,182,"Debit","RuPay","Active","HP Petrol Pump","Fuel","Ahmedabad","Contactless",22649.96,"Success"
3917,"2025-09-23 05:49:55",130,"Pooja Pandey",100100000129,130,"Debit","RuPay","Active","Croma","Electronics","Delhi","POS",2776.69,"Success"
3918,"2023-12-15 12:59:24",138,"Sakshi Chauhan",100100000137,138,"Debit","RuPay","Active","Swiggy","Food","Ahmedabad","POS",35524.02,"Success"
3919,"2025-11-22 14:40:58",41,"Vivek Patel",100100000040,41,"Debit","Visa","Active","Big Bazaar","Grocery","Noida","Online",27108.60,"Success"
3920,"2023-04-19 22:02:48",128,"Riya Mishra",100100000127,128,"Debit","RuPay","Active","Amazon India","Shopping","Lucknow","Online",49478.65,"Success"
3921,"2023-03-27 00:37:42",184,"Asha Singh",100100000183,184,"Debit","Visa","Active","Big Bazaar","Grocery","Lucknow","Contactless",1306.23,"Success"
3922,"2022-11-14 18:13:09",102,"Asha Sinha",100100000101,102,"Debit","Visa","Active","IRCTC","Travel","Kolkata","Online",42692.63,"Success"
3923,"2022-12-30 04:58:08",72,"Anjali Singh",100100000071,72,"Debit","RuPay","Lost","DMart","Grocery","Ahmedabad","Contactless",31266.45,"Success"
3924,"2023-04-05 02:51:12",17,"Komal Patel",100100000275,276,"Credit","MasterCard","Active","Zomato","Food","Mumbai","POS",30896.52,"Success"
3925,"2022-07-28 23:03:26",132,"Karan Chauhan",100100000131,132,"Debit","RuPay","Active","BookMyShow","Entertainment","Jaipur","POS",22005.87,"Success"
3926,"2023-03-15 22:04:56",102,"Asha Sinha",100100000268,269,"Credit","Visa","Active","Big Bazaar","Grocery","Delhi","Online",19582.30,"Success"
3927,"2022-10-05 04:14:18",118,"Sneha Singh",100100000117,118,"Debit","RuPay","Active","Big Bazaar","Grocery","Noida","Online",26532.10,"Success"
3928,"2024-10-27 19:06:59",29,"Mohit Yadav",100100000028,29,"Debit","Visa","Active","Indian Oil","Fuel","Bengaluru","Contactless",22101.06,"Success"
3929,"2023-03-27 03:09:57",1,"Vivek Yadav",100100000000,1,"Debit","Visa","Active","Amazon India","Shopping","Delhi","Contactless",11748.96,"Reversed"
3930,"2022-07-04 04:03:10",178,"Arjun Kumar",100100000227,228,"Credit","Visa","Active","SBI ATM","ATM","Chennai","ATM",42221.89,"Failed"
3931,"2024-04-15 12:41:15",196,"Manish Chauhan",100100000236,237,"Credit","Visa","Active","IRCTC","Travel","Kolkata","POS",49510.08,"Success"
3932,"2025-07-14 10:40:39",122,"Ritu Pandey",100100000121,122,"Debit","Visa","Lost","Zomato","Food","Mumbai","POS",45769.12,"Success"
3933,"2023-03-14 02:57:13",101,"Rohit Yadav",100100000100,101,"Debit","Visa","Active","SBI ATM","ATM","Chennai","ATM",23342.97,"Success"
3934,"2023-01-16 17:26:27",35,"Ankit Gupta",100100000034,35,"Debit","Visa","Active","Indian Oil","Fuel","Kolkata","POS",28657.41,"Success"
3935,"2022-05-23 17:58:42",16,"Amit Verma",100100000015,16,"Debit","RuPay","Active","Zomato","Food","Chennai","POS",3568.39,"Success"
3936,"2024-10-20 02:41:43",46,"Priya Mishra",100100000045,46,"Debit","RuPay","Active","Lifestyle","Fashion","Ahmedabad","Online",44485.63,"Success"
3937,"2022-03-23 13:14:22",142,"Rahul Sinha",100100000141,142,"Debit","Visa","Active","Big Bazaar","Grocery","Noida","POS",41900.44,"Success"
3938,"2023-03-19 16:34:08",67,"Pooja Kumar",100100000066,67,"Debit","RuPay","Active","Zomato","Food","Pune","POS",29327.39,"Success"
3939,"2026-02-18 02:28:58",38,"Neha Patel",100100000037,38,"Debit","RuPay","Active","SBI ATM","ATM","Lucknow","ATM",3201.14,"Success"
3940,"2022-05-10 10:20:45",56,"Vikas Reddy",100100000055,56,"Debit","RuPay","Active","DMart","Grocery","Lucknow","Contactless",37207.45,"Reversed"
3941,"2025-02-10 12:13:32",187,"Karan Chauhan",100100000186,187,"Debit","RuPay","Active","HP Petrol Pump","Fuel","Jaipur","POS",4030.65,"Failed"
3942,"2022-08-20 02:26:08",166,"Riya Singh",100100000165,166,"Debit","RuPay","Active","Dominos","Food","Hyderabad","Online",19505.23,"Success"
3943,"2024-08-07 07:26:28",129,"Priya Gupta",100100000128,129,"Debit","Visa","Active","SBI ATM","ATM","Mumbai","ATM",34044.53,"Failed"
3944,"2022-07-08 18:07:38",146,"Manish Agarwal",100100000145,146,"Debit","RuPay","Lost","IRCTC","Travel","Mumbai","Online",39713.85,"Success"
3945,"2026-05-03 00:00:46",193,"Vikas Verma",100100000203,204,"Debit","RuPay","Active","Croma","Electronics","Jaipur","POS",25596.34,"Reversed"
3946,"2024-09-26 06:43:08",6,"Meena Singh",100100000005,6,"Debit","Visa","Expired","Reliance Fresh","Grocery","Noida","POS",3817.44,"Success"
3947,"2022-02-05 23:18:32",26,"Rahul Patel",100100000025,26,"Debit","RuPay","Lost","Flipkart","Shopping","Noida","Online",10992.04,"Success"
3948,"2022-08-27 19:05:08",130,"Pooja Pandey",100100000129,130,"Debit","RuPay","Active","BookMyShow","Entertainment","Chennai","POS",11181.13,"Success"
3949,"2022-05-05 09:58:30",86,"Komal Verma",100100000276,277,"Credit","Visa","Active","Zomato","Food","Lucknow","Online",4143.60,"Reversed"
3950,"2023-03-17 04:26:31",2,"Neha Gupta",100100000001,2,"Debit","Visa","Active","BookMyShow","Entertainment","Gurugram","Online",22716.37,"Success"
3951,"2025-03-07 20:57:41",42,"Pooja Gupta",100100000041,42,"Debit","RuPay","Active","IRCTC","Travel","Chennai","Online",15910.38,"Success"
3952,"2025-06-21 10:32:15",178,"Arjun Kumar",100100000208,209,"Debit","RuPay","Active","Big Bazaar","Grocery","Bengaluru","POS",40968.96,"Success"
3953,"2022-05-30 12:10:43",26,"Rahul Patel",100100000025,26,"Debit","RuPay","Lost","Starbucks","Cafe","Noida","Contactless",47626.43,"Success"
3954,"2023-04-14 01:38:44",127,"Anjali Verma",100100000126,127,"Debit","Visa","Active","SBI ATM","ATM","Noida","ATM",12991.70,"Success"
3955,"2026-06-18 21:22:23",178,"Arjun Kumar",100100000208,209,"Debit","RuPay","Active","Dominos","Food","Gurugram","POS",26946.20,"Success"
3956,"2024-03-09 04:43:05",89,"Rahul Kumar",100100000088,89,"Debit","RuPay","Active","Zomato","Food","Gurugram","Online",37422.29,"Success"
3957,"2025-02-22 09:17:31",104,"Harsh Pandey",100100000103,104,"Debit","RuPay","Active","Reliance Digital","Electronics","Noida","Contactless",46816.34,"Success"
3958,"2023-09-30 20:12:11",143,"Rohit Mishra",100100000252,253,"Credit","MasterCard","Active","Apollo Pharmacy","Healthcare","Hyderabad","POS",33379.11,"Reversed"
3959,"2023-09-02 21:56:18",194,"Harsh Agarwal",100100000193,194,"Debit","RuPay","Active","Flipkart","Shopping","Kolkata","Online",27284.04,"Success"
3960,"2025-09-29 15:13:26",81,"Karan Reddy",100100000080,81,"Debit","RuPay","Active","Dominos","Food","Noida","POS",27288.66,"Success"
3961,"2024-03-15 11:16:33",61,"Sakshi Pandey",100100000224,225,"Credit","MasterCard","Active","HP Petrol Pump","Fuel","Gurugram","POS",26507.68,"Success"
3962,"2023-03-31 18:41:42",73,"Karan Yadav",100100000072,73,"Debit","Visa","Active","Indian Oil","Fuel","Mumbai","POS",17237.79,"Failed"
3963,"2024-05-23 01:18:10",142,"Rahul Sinha",100100000141,142,"Debit","Visa","Active","Croma","Electronics","Mumbai","Online",14294.03,"Success"
3964,"2023-01-22 07:51:42",86,"Komal Verma",100100000276,277,"Credit","Visa","Active","SBI ATM","ATM","Kolkata","ATM",24854.73,"Success"
3965,"2023-10-08 09:51:17",123,"Neha Patel",100100000122,123,"Debit","RuPay","Active","Amazon India","Shopping","Hyderabad","Contactless",20272.41,"Success"
3966,"2025-10-26 10:31:40",63,"Rajesh Kumar",100100000062,63,"Debit","RuPay","Active","Indian Oil","Fuel","Chennai","Online",1352.87,"Success"
3967,"2023-01-28 20:39:32",75,"Neha Chauhan",100100000074,75,"Debit","RuPay","Active","BookMyShow","Entertainment","Noida","Online",14654.30,"Success"
3968,"2024-10-24 04:03:12",60,"Rahul Sinha",100100000059,60,"Debit","Visa","Active","Swiggy","Food","Delhi","Contactless",36824.16,"Success"
3969,"2024-12-09 17:21:29",89,"Rahul Kumar",100100000088,89,"Debit","RuPay","Active","Indian Oil","Fuel","Gurugram","Online",37811.41,"Success"
3970,"2025-08-26 17:16:47",174,"Meena Verma",100100000173,174,"Debit","RuPay","Active","Myntra","Fashion","Bengaluru","POS",12745.51,"Success"
3971,"2025-04-13 19:36:49",144,"Rahul Mishra",100100000143,144,"Debit","RuPay","Active","Zomato","Food","Kolkata","Contactless",43148.77,"Success"
3972,"2025-02-25 02:47:37",20,"Karan Sinha",100100000019,20,"Debit","Visa","Blocked","Amazon India","Shopping","Gurugram","POS",25567.40,"Success"
3973,"2022-12-31 17:53:42",94,"Shreya Mishra",100100000274,275,"Credit","MasterCard","Active","DMart","Grocery","Hyderabad","Online",5913.38,"Failed"
3974,"2022-04-01 15:06:45",155,"Manish Pandey",100100000154,155,"Debit","Visa","Active","DMart","Grocery","Pune","Contactless",11152.16,"Success"
3975,"2025-02-01 13:21:32",55,"Vikas Kumar",100100000261,262,"Credit","Visa","Active","Indian Oil","Fuel","Bengaluru","Contactless",20110.85,"Success"
3976,"2022-11-14 13:37:17",176,"Rohit Sharma",100100000175,176,"Debit","RuPay","Active","Starbucks","Cafe","Kolkata","POS",3384.30,"Reversed"
3977,"2023-03-27 12:48:21",183,"Neha Nair",100100000244,245,"Credit","MasterCard","Active","Croma","Electronics","Delhi","POS",21153.43,"Success"
3978,"2026-06-19 23:51:10",71,"Sakshi Reddy",100100000070,71,"Debit","Visa","Active","Reliance Digital","Electronics","Pune","Contactless",24196.98,"Success"
3979,"2025-10-21 01:37:06",108,"Sakshi Chauhan",100100000107,108,"Debit","RuPay","Active","PVR Cinemas","Entertainment","Lucknow","Online",5350.70,"Success"
3980,"2024-08-14 02:43:50",171,"Vikas Patel",100100000170,171,"Debit","RuPay","Active","Amazon India","Shopping","Ahmedabad","Contactless",25519.74,"Success"
3981,"2023-03-05 21:22:33",62,"Ritu Yadav",100100000061,62,"Debit","Visa","Active","PVR Cinemas","Entertainment","Delhi","Online",10128.98,"Success"
3982,"2022-06-15 23:15:30",185,"Rahul Kumar",100100000184,185,"Debit","RuPay","Expired","Starbucks","Cafe","Noida","POS",38567.63,"Success"
3983,"2023-05-18 09:35:27",102,"Asha Sinha",100100000268,269,"Credit","Visa","Active","PVR Cinemas","Entertainment","Noida","POS",26825.75,"Success"
3984,"2024-07-15 19:51:15",134,"Nitin Sharma",100100000133,134,"Debit","Visa","Active","HP Petrol Pump","Fuel","Kolkata","Online",40500.83,"Success"
3985,"2026-02-28 22:58:37",191,"Asha Sharma",100100000248,249,"Credit","Visa","Active","Reliance Fresh","Grocery","Lucknow","Contactless",38296.50,"Success"
3986,"2023-06-12 13:37:27",173,"Shreya Reddy",100100000172,173,"Debit","Visa","Lost","Croma","Electronics","Kolkata","POS",35261.84,"Success"
3987,"2023-11-01 01:28:22",21,"Anjali Yadav",100100000020,21,"Debit","RuPay","Active","IRCTC","Travel","Noida","POS",878.06,"Success"
3988,"2022-11-09 01:16:43",67,"Pooja Kumar",100100000066,67,"Debit","RuPay","Active","Starbucks","Cafe","Delhi","Contactless",31090.32,"Success"
3989,"2026-05-15 08:24:11",51,"Rohit Yadav",100100000050,51,"Debit","RuPay","Active","Swiggy","Food","Hyderabad","Contactless",1688.15,"Success"
3990,"2022-01-22 02:51:48",103,"Vikas Nair",100100000102,103,"Debit","Visa","Active","Starbucks","Cafe","Kolkata","Online",22457.68,"Success"
3991,"2023-01-02 16:00:29",30,"Vikas Gupta",100100000029,30,"Debit","Visa","Active","DMart","Grocery","Delhi","POS",42133.76,"Success"
3992,"2023-10-02 21:35:54",31,"Suresh Verma",100100000030,31,"Debit","Visa","Active","Starbucks","Cafe","Hyderabad","Online",28917.35,"Success"
3993,"2024-12-22 20:21:27",179,"Ritu Mishra",100100000260,261,"Credit","MasterCard","Active","Zomato","Food","Gurugram","Online",25814.29,"Success"
3994,"2025-09-03 20:49:22",170,"Manish Verma",100100000271,272,"Credit","Visa","Active","Reliance Fresh","Grocery","Hyderabad","Online",40774.83,"Failed"
3995,"2026-04-22 18:22:12",5,"Amit Reddy",100100000004,5,"Debit","Visa","Active","Big Bazaar","Grocery","Kolkata","POS",40676.44,"Success"
3996,"2025-06-26 18:19:46",183,"Neha Nair",100100000182,183,"Debit","RuPay","Active","Zomato","Food","Gurugram","Online",28597.60,"Success"
3997,"2026-04-22 15:14:15",183,"Neha Nair",100100000182,183,"Debit","RuPay","Active","Croma","Electronics","Chennai","POS",44705.64,"Success"
3998,"2024-10-06 08:19:28",84,"Karan Patel",100100000083,84,"Debit","Visa","Active","PVR Cinemas","Entertainment","Ahmedabad","Contactless",9459.47,"Success"
3999,"2025-01-02 21:15:54",38,"Neha Patel",100100000037,38,"Debit","RuPay","Active","Starbucks","Cafe","Delhi","Contactless",26872.70,"Success"
4000,"2025-03-20 21:59:28",176,"Rohit Sharma",100100000175,176,"Debit","RuPay","Active","IRCTC","Travel","Jaipur","POS",49496.19,"Success"
