"transaction_id","transaction_date","customer_id","customer_name","account_no","account_type","branch_name","branch_city","transaction_type","payment_mode","amount","balance_after_transaction","transaction_status","description"
1,"2022-06-18 02:17:21",179,"Ritu Mishra",100100000178,"Savings Account","SBI Bengaluru Branch 16","Bengaluru","Interest","System",253467.38,359665.38,"Success","Interest credited"
2,"2025-02-24 16:51:57",102,"Asha Sinha",100100000268,"Fixed Deposit Account","SBI Chennai Branch 21","Chennai","Transfer","NEFT",244456.22,0.00,"Success","Fund transfer"
3,"2023-10-14 02:58:55",170,"Manish Verma",100100000169,"Savings Account","SBI Chennai Branch 40","Chennai","Interest","System",260164.01,396032.01,"Success","Interest credited"
4,"2023-05-06 10:04:05",1,"Vivek Yadav",100100000000,"Savings Account","SBI Patna Branch 17","Patna","Withdrawal","IMPS",31161.44,170932.56,"Success","Cash withdrawal"
5,"2025-07-28 22:44:55",176,"Rohit Sharma",100100000175,"Savings Account","SBI Noida Branch 47","Noida","Deposit","ATM",208138.17,220835.17,"Success","Cash deposit"
6,"2025-01-25 05:47:55",6,"Meena Singh",100100000005,"Savings Account","SBI Nagpur Branch 34","Nagpur","Interest","System",19521.44,77762.44,"Success","Interest credited"
7,"2025-11-11 15:52:32",3,"Amit Kumar",100100000002,"Savings Account","SBI Kolkata Branch 42","Kolkata","Transfer","UPI",241669.98,0.00,"Success","Fund transfer"
8,"2022-06-15 07:00:51",36,"Sakshi Agarwal",100100000035,"Savings Account","SBI Chennai Branch 40","Chennai","Withdrawal","NEFT",252487.94,29013.06,"Success","Cash withdrawal"
9,"2022-04-08 08:35:26",69,"Ritu Pandey",100100000068,"NRI Savings Account","SBI Surat Branch 30","Surat","Transfer","IMPS",300875.04,0.00,"Success","Fund transfer"
10,"2023-12-25 08:56:03",39,"Riya Reddy",100100000038,"Senior Citizen Savings Account","SBI Chandigarh Branch 5","Chandigarh","Deposit","RTGS",372446.50,546949.50,"Success","Cash deposit"
11,"2022-07-25 14:34:42",179,"Ritu Mishra",100100000178,"Savings Account","SBI Bengaluru Branch 16","Bengaluru","Deposit","RTGS",187661.76,547327.14,"Success","Cash deposit"
12,"2024-10-22 04:56:54",134,"Nitin Sharma",100100000200,"Salary Account","SBI Pune Branch 43","Pune","Deposit","Cheque",371166.60,565145.60,"Success","Cash deposit"
13,"2023-04-24 09:17:38",165,"Riya Kumar",100100000164,"Recurring Deposit Account","SBI Surat Branch 6","Surat","Charge","ATM",116995.60,111821.40,"Success","Service charge"
14,"2022-06-11 05:08:10",185,"Rahul Kumar",100100000184,"Current Account","SBI Surat Branch 4","Surat","Charge","ATM",490402.89,0.00,"Success","Service charge"
15,"2022-10-05 09:01:17",154,"Vikas Sharma",100100000153,"Savings Account","SBI Noida Branch 32","Noida","Withdrawal","Cash",446726.27,0.00,"Success","Cash withdrawal"
16,"2022-10-21 04:07:15",176,"Rohit Sharma",100100000213,"Fixed Deposit Account","SBI Lucknow Branch 19","Lucknow","Deposit","RTGS",6859.26,112897.26,"Success","Cash deposit"
17,"2022-02-10 23:02:26",72,"Anjali Singh",100100000217,"Savings Account","SBI Bengaluru Branch 38","Bengaluru","Charge","System",22167.24,26482.00,"Failed","Service charge"
18,"2023-07-16 05:00:41",118,"Sneha Singh",100100000117,"Savings Account","SBI Bengaluru Branch 15","Bengaluru","Withdrawal","Cheque",440862.90,0.00,"Success","Cash withdrawal"
19,"2025-01-19 03:21:24",54,"Meena Singh",100100000269,"Fixed Deposit Account","SBI Bhopal Branch 23","Bhopal","Charge","Cheque",370833.58,0.00,"Success","Service charge"
20,"2023-10-08 17:25:26",99,"Komal Jain",100100000098,"Savings Account","SBI Noida Branch 32","Noida","Deposit","Cash",92313.25,348436.25,"Success","Cash deposit"
21,"2024-06-08 07:34:33",60,"Rahul Sinha",100100000059,"Savings Account","SBI Pune Branch 11","Pune","Withdrawal","IMPS",170521.57,119616.43,"Success","Cash withdrawal"
22,"2023-04-01 00:16:08",83,"Nitin Verma",100100000082,"Savings Account","SBI Surat Branch 44","Surat","Withdrawal","ATM",401082.33,0.00,"Success","Cash withdrawal"
23,"2026-06-19 21:45:24",80,"Arjun Patel",100100000079,"Recurring Deposit Account","SBI Bhopal Branch 23","Bhopal","Transfer","UPI",181957.51,0.00,"Success","Fund transfer"
24,"2024-07-09 00:14:30",113,"Manish Yadav",100100000112,"Senior Citizen Savings Account","SBI Surat Branch 4","Surat","Withdrawal","NEFT",372753.66,0.00,"Success","Cash withdrawal"
25,"2022-10-06 08:02:06",75,"Neha Chauhan",100100000074,"Salary Account","SBI Chennai Branch 40","Chennai","Withdrawal","ATM",468540.51,0.00,"Success","Cash withdrawal"
26,"2025-03-23 17:13:52",73,"Karan Yadav",100100000072,"Current Account","SBI Lucknow Branch 19","Lucknow","Withdrawal","Cash",434508.84,0.00,"Success","Cash withdrawal"
27,"2022-08-27 07:33:12",182,"Komal Gupta",100100000255,"Salary Account","SBI Noida Branch 18","Noida","Charge","Cheque",83746.48,0.00,"Success","Service charge"
28,"2024-06-29 02:56:33",136,"Priya Sharma",100100000256,"Student Account","SBI Surat Branch 3","Surat","Transfer","Cheque",284583.49,0.00,"Success","Fund transfer"
29,"2023-07-14 16:19:42",90,"Sakshi Jain",100100000284,"Savings Account","SBI Patna Branch 17","Patna","Interest","System",124576.57,223218.57,"Success","Interest credited"
30,"2024-06-16 12:25:29",87,"Rajesh Agarwal",100100000086,"Savings Account","SBI Chennai Branch 40","Chennai","Deposit","Cheque",406611.18,458390.18,"Success","Cash deposit"
31,"2022-11-22 09:32:27",86,"Komal Verma",100100000276,"Savings Account","SBI Chandigarh Branch 5","Chandigarh","Withdrawal","IMPS",202008.06,40369.94,"Success","Cash withdrawal"
32,"2022-05-16 03:16:58",51,"Rohit Yadav",100100000262,"Current Account","SBI Surat Branch 3","Surat","Transfer","IMPS",436601.03,0.00,"Success","Fund transfer"
33,"2025-09-21 06:41:54",120,"Nidhi Agarwal",100100000119,"Savings Account","SBI Kolkata Branch 42","Kolkata","Interest","System",116236.33,373402.33,"Success","Interest credited"
34,"2023-05-08 00:49:51",49,"Amit Sinha",100100000048,"Senior Citizen Savings Account","SBI Bhopal Branch 39","Bhopal","Withdrawal","UPI",132765.10,65815.90,"Success","Cash withdrawal"
35,"2025-06-25 04:36:57",160,"Arjun Chauhan",100100000159,"Salary Account","SBI Bengaluru Branch 15","Bengaluru","Charge","Cheque",137571.48,37584.52,"Success","Service charge"
36,"2022-01-12 09:14:54",187,"Karan Chauhan",100100000186,"Savings Account","SBI Chandigarh Branch 5","Chandigarh","Transfer","UPI",489542.88,0.00,"Success","Fund transfer"
37,"2023-08-10 04:34:50",47,"Priya Sharma",100100000219,"NRI Savings Account","SBI Chandigarh Branch 5","Chandigarh","Transfer","NEFT",439423.49,0.00,"Success","Fund transfer"
38,"2026-01-27 19:46:35",42,"Pooja Gupta",100100000041,"Current Account","SBI Gurugram Branch 45","Gurugram","Transfer","RTGS",54423.54,6823.46,"Success","Fund transfer"
39,"2024-11-13 09:59:43",94,"Shreya Mishra",100100000093,"Savings Account","SBI Hyderabad Branch 41","Hyderabad","Interest","System",370509.57,532487.57,"Success","Interest credited"
40,"2023-02-01 20:40:36",43,"Shreya Singh",100100000042,"Savings Account","SBI Patna Branch 26","Patna","Transfer","ATM",310211.79,0.00,"Success","Fund transfer"
41,"2026-02-24 04:52:14",24,"Riya Patel",100100000023,"NRI Savings Account","SBI Nagpur Branch 34","Nagpur","Charge","ATM",209503.54,0.00,"Success","Service charge"
42,"2025-12-30 01:04:29",149,"Anjali Mishra",100100000270,"Student Account","SBI Kolkata Branch 42","Kolkata","Interest","System",434718.77,724616.77,"Success","Interest credited"
43,"2025-05-22 12:27:35",15,"Riya Yadav",100100000014,"Salary Account","SBI Surat Branch 44","Surat","Interest","System",152328.75,163823.75,"Success","Interest credited"
44,"2026-06-26 09:24:12",74,"Rahul Kumar",100100000073,"Current Account","SBI Bengaluru Branch 16","Bengaluru","Transfer","Cash",203032.19,0.00,"Success","Fund transfer"
45,"2022-01-06 15:02:39",5,"Amit Reddy",100100000287,"Salary Account","SBI Surat Branch 44","Surat","Charge","Cheque",416040.21,0.00,"Success","Service charge"
46,"2025-06-14 09:26:47",194,"Harsh Agarwal",100100000257,"Current Account","SBI Delhi Branch 14","Delhi","Charge","Cheque",103724.30,61982.70,"Success","Service charge"
47,"2026-02-15 00:01:34",158,"Suresh Verma",100100000157,"Senior Citizen Savings Account","SBI Surat Branch 29","Surat","Charge","System",302166.11,0.00,"Success","Service charge"
48,"2022-03-11 22:32:56",83,"Nitin Verma",100100000286,"Salary Account","SBI Chennai Branch 40","Chennai","Charge","System",366084.30,0.00,"Success","Service charge"
49,"2022-04-20 08:00:11",188,"Nitin Jain",100100000187,"Recurring Deposit Account","SBI Patna Branch 9","Patna","Charge","ATM",316595.07,0.00,"Success","Service charge"
50,"2025-05-13 17:09:27",188,"Nitin Jain",100100000187,"Recurring Deposit Account","SBI Patna Branch 9","Patna","Deposit","NEFT",189878.41,189878.41,"Success","Cash deposit"
51,"2024-06-02 21:41:12",168,"Meena Gupta",100100000167,"Senior Citizen Savings Account","SBI Gurugram Branch 33","Gurugram","Deposit","NEFT",458442.56,698279.56,"Success","Cash deposit"
52,"2024-07-11 20:48:13",72,"Anjali Singh",100100000071,"Savings Account","SBI Pune Branch 8","Pune","Deposit","NEFT",2443.46,107661.46,"Success","Cash deposit"
53,"2022-02-24 13:46:22",73,"Karan Yadav",100100000072,"Current Account","SBI Lucknow Branch 19","Lucknow","Deposit","IMPS",492641.45,492641.45,"Success","Cash deposit"
54,"2022-03-15 10:08:47",51,"Rohit Yadav",100100000288,"NRI Savings Account","SBI Patna Branch 26","Patna","Transfer","UPI",394188.60,0.00,"Success","Fund transfer"
55,"2025-09-02 19:07:01",70,"Asha Reddy",100100000069,"Salary Account","SBI Pune Branch 43","Pune","Withdrawal","Cash",192713.94,240764.00,"Failed","Cash withdrawal"
56,"2023-04-23 14:52:19",155,"Manish Pandey",100100000154,"Fixed Deposit Account","SBI Pune Branch 11","Pune","Transfer","RTGS",14796.82,238278.18,"Success","Fund transfer"
57,"2023-05-05 15:55:25",86,"Komal Verma",100100000276,"Savings Account","SBI Chandigarh Branch 5","Chandigarh","Transfer","ATM",374707.34,0.00,"Success","Fund transfer"
58,"2022-06-05 20:47:17",15,"Riya Yadav",100100000014,"Salary Account","SBI Surat Branch 44","Surat","Withdrawal","RTGS",15304.93,148518.82,"Success","Cash withdrawal"
59,"2023-01-05 06:21:54",51,"Rohit Yadav",100100000288,"NRI Savings Account","SBI Patna Branch 26","Patna","Transfer","ATM",231510.52,0.00,"Success","Fund transfer"
60,"2025-01-24 03:06:08",175,"Pooja Jain",100100000174,"Fixed Deposit Account","SBI Pune Branch 11","Pune","Transfer","Cheque",279573.11,0.00,"Success","Fund transfer"
61,"2022-07-26 07:44:34",39,"Riya Reddy",100100000038,"Senior Citizen Savings Account","SBI Chandigarh Branch 5","Chandigarh","Transfer","RTGS",355782.36,191167.14,"Success","Fund transfer"
62,"2024-09-05 06:42:17",67,"Pooja Kumar",100100000066,"NRI Savings Account","SBI Chandigarh Branch 5","Chandigarh","Transfer","NEFT",173119.64,40052.36,"Success","Fund transfer"
63,"2022-06-27 02:39:54",54,"Meena Singh",100100000269,"Fixed Deposit Account","SBI Bhopal Branch 23","Bhopal","Transfer","Cash",102238.79,0.00,"Success","Fund transfer"
64,"2025-02-13 05:30:53",66,"Harsh Sinha",100100000065,"Recurring Deposit Account","SBI Bhubaneswar Branch 22","Bhubaneswar","Withdrawal","UPI",480615.02,0.00,"Success","Cash withdrawal"
65,"2025-02-03 21:12:02",161,"Riya Singh",100100000253,"Senior Citizen Savings Account","SBI Chennai Branch 40","Chennai","Interest","System",245147.16,401517.16,"Success","Interest credited"
66,"2026-03-14 16:26:11",58,"Kavita Sharma",100100000057,"Fixed Deposit Account","SBI Kochi Branch 46","Kochi","Charge","Cheque",420203.76,0.00,"Success","Service charge"
67,"2025-05-18 09:06:11",170,"Manish Verma",100100000271,"Current Account","SBI Bhopal Branch 23","Bhopal","Charge","Cheque",44620.40,22681.60,"Success","Service charge"
68,"2023-12-17 07:51:50",174,"Meena Verma",100100000173,"Savings Account","SBI Chennai Branch 40","Chennai","Interest","System",131078.93,271352.93,"Success","Interest credited"
69,"2023-09-08 01:28:38",27,"Sakshi Sinha",100100000026,"Student Account","SBI Bhopal Branch 37","Bhopal","Interest","System",437255.21,511564.21,"Success","Interest credited"
70,"2023-12-07 14:01:36",87,"Rajesh Agarwal",100100000282,"Current Account","SBI Gurugram Branch 45","Gurugram","Deposit","IMPS",407196.68,673122.68,"Success","Cash deposit"
71,"2023-06-16 01:02:23",48,"Divya Yadav",100100000047,"Savings Account","SBI Patna Branch 17","Patna","Interest","System",160663.98,297144.98,"Success","Interest credited"
72,"2023-01-13 15:11:35",146,"Manish Agarwal",100100000231,"Recurring Deposit Account","SBI Hyderabad Branch 41","Hyderabad","Deposit","ATM",426717.16,579742.16,"Success","Cash deposit"
73,"2022-06-26 03:12:46",195,"Amit Agarwal",100100000279,"Current Account","SBI Patna Branch 17","Patna","Transfer","Cash",239538.78,30365.22,"Success","Fund transfer"
74,"2025-02-10 08:50:22",183,"Neha Nair",100100000244,"Savings Account","SBI Bhubaneswar Branch 22","Bhubaneswar","Withdrawal","ATM",20828.06,100685.94,"Success","Cash withdrawal"
75,"2026-02-26 08:10:43",36,"Sakshi Agarwal",100100000035,"Savings Account","SBI Chennai Branch 40","Chennai","Deposit","Cash",57758.70,29013.06,"Pending","Cash deposit"
76,"2023-05-12 16:25:39",29,"Mohit Yadav",100100000028,"Student Account","SBI Bhopal Branch 39","Bhopal","Withdrawal","IMPS",476150.14,0.00,"Success","Cash withdrawal"
77,"2025-07-03 22:48:01",108,"Sakshi Chauhan",100100000107,"NRI Savings Account","SBI Delhi Branch 14","Delhi","Deposit","IMPS",397119.08,544522.08,"Success","Cash deposit"
78,"2025-05-09 01:01:51",48,"Divya Yadav",100100000047,"Savings Account","SBI Patna Branch 17","Patna","Withdrawal","NEFT",297305.87,0.00,"Success","Cash withdrawal"
79,"2025-01-01 22:46:18",89,"Rahul Kumar",100100000088,"Savings Account","SBI Pune Branch 1","Pune","Transfer","Cheque",278042.45,0.00,"Success","Fund transfer"
80,"2023-07-16 22:43:42",51,"Rohit Yadav",100100000050,"Savings Account","SBI Chennai Branch 21","Chennai","Transfer","RTGS",302588.32,0.00,"Success","Fund transfer"
81,"2024-01-04 23:55:35",64,"Riya Singh",100100000063,"Fixed Deposit Account","SBI Patna Branch 17","Patna","Charge","Cheque",316879.41,254510.00,"Pending","Service charge"
82,"2024-09-13 16:00:08",77,"Anjali Mishra",100100000243,"Savings Account","SBI Kolkata Branch 42","Kolkata","Charge","System",237936.38,45257.62,"Success","Service charge"
83,"2024-10-13 00:44:35",146,"Manish Agarwal",100100000145,"NRI Savings Account","SBI Bengaluru Branch 7","Bengaluru","Withdrawal","ATM",103863.79,159277.21,"Success","Cash withdrawal"
84,"2025-11-14 13:53:14",42,"Pooja Gupta",100100000041,"Current Account","SBI Gurugram Branch 45","Gurugram","Withdrawal","Cheque",179095.65,0.00,"Success","Cash withdrawal"
85,"2025-07-16 11:00:39",127,"Anjali Verma",100100000126,"Salary Account","SBI Ahmedabad Branch 24","Ahmedabad","Deposit","IMPS",1235.06,179699.06,"Success","Cash deposit"
86,"2023-08-12 12:40:28",3,"Amit Kumar",100100000002,"Savings Account","SBI Kolkata Branch 42","Kolkata","Transfer","NEFT",215230.12,0.00,"Success","Fund transfer"
87,"2023-01-02 15:41:19",150,"Ankit Verma",100100000149,"Salary Account","SBI Chennai Branch 40","Chennai","Deposit","NEFT",425414.30,290935.00,"Failed","Cash deposit"
88,"2025-12-27 19:29:34",42,"Pooja Gupta",100100000267,"Current Account","SBI Bengaluru Branch 38","Bengaluru","Transfer","ATM",342467.21,0.00,"Success","Fund transfer"
89,"2025-12-13 06:54:23",191,"Asha Sharma",100100000295,"Senior Citizen Savings Account","SBI Gurugram Branch 36","Gurugram","Deposit","ATM",217673.41,432582.41,"Success","Cash deposit"
90,"2022-04-06 14:45:26",58,"Kavita Sharma",100100000057,"Fixed Deposit Account","SBI Kochi Branch 46","Kochi","Transfer","Cash",169149.78,0.00,"Success","Fund transfer"
91,"2022-08-26 16:00:33",30,"Vikas Gupta",100100000029,"Savings Account","SBI Bhopal Branch 39","Bhopal","Interest","System",214306.56,479274.56,"Success","Interest credited"
92,"2026-04-10 04:16:44",153,"Mohit Sinha",100100000152,"Student Account","SBI Nagpur Branch 31","Nagpur","Interest","System",457474.37,485324.37,"Success","Interest credited"
93,"2023-03-14 05:54:08",131,"Divya Yadav",100100000258,"Savings Account","SBI Surat Branch 3","Surat","Interest","System",271682.16,363055.16,"Success","Interest credited"
94,"2023-07-03 06:54:19",34,"Rahul Sharma",100100000033,"NRI Savings Account","SBI Bhopal Branch 39","Bhopal","Withdrawal","Cheque",343753.21,136861.00,"Pending","Cash withdrawal"
95,"2024-05-06 14:20:04",61,"Sakshi Pandey",100100000060,"Savings Account","SBI Kolkata Branch 42","Kolkata","Transfer","NEFT",99363.68,39736.32,"Success","Fund transfer"
96,"2023-05-11 10:22:56",163,"Anjali Gupta",100100000212,"Current Account","SBI Delhi Branch 14","Delhi","Withdrawal","RTGS",399439.97,0.00,"Success","Cash withdrawal"
97,"2022-12-15 16:38:20",125,"Vivek Kumar",100100000124,"Salary Account","SBI Bhopal Branch 39","Bhopal","Transfer","Cash",127941.28,109059.72,"Success","Fund transfer"
98,"2024-03-13 03:55:21",131,"Divya Yadav",100100000258,"Savings Account","SBI Surat Branch 3","Surat","Withdrawal","Cheque",284858.72,363055.16,"Failed","Cash withdrawal"
99,"2025-08-09 18:02:26",47,"Priya Sharma",100100000219,"NRI Savings Account","SBI Chandigarh Branch 5","Chandigarh","Interest","System",447447.87,447447.87,"Success","Interest credited"
100,"2025-09-13 11:19:02",97,"Riya Kumar",100100000096,"Fixed Deposit Account","SBI Indore Branch 20","Indore","Charge","Cheque",240223.01,0.00,"Success","Service charge"
101,"2022-01-18 18:08:44",104,"Harsh Pandey",100100000103,"Student Account","SBI Bhopal Branch 35","Bhopal","Interest","System",30592.27,93577.27,"Success","Interest credited"
102,"2022-11-07 22:42:58",77,"Anjali Mishra",100100000243,"Savings Account","SBI Kolkata Branch 42","Kolkata","Charge","System",265952.55,0.00,"Success","Service charge"
103,"2024-12-25 07:57:08",19,"Vikas Yadav",100100000018,"Savings Account","SBI Bhubaneswar Branch 22","Bhubaneswar","Charge","System",356091.50,0.00,"Success","Service charge"
104,"2026-03-21 15:54:02",188,"Nitin Jain",100100000187,"Recurring Deposit Account","SBI Patna Branch 9","Patna","Deposit","ATM",8347.08,198225.49,"Success","Cash deposit"
105,"2025-03-18 22:08:37",36,"Sakshi Agarwal",100100000035,"Savings Account","SBI Chennai Branch 40","Chennai","Transfer","NEFT",313229.34,0.00,"Success","Fund transfer"
106,"2022-12-26 11:11:42",173,"Shreya Reddy",100100000172,"NRI Savings Account","SBI Hyderabad Branch 41","Hyderabad","Transfer","NEFT",134551.30,91289.70,"Success","Fund transfer"
107,"2023-05-26 23:44:36",94,"Shreya Mishra",100100000274,"Fixed Deposit Account","SBI Delhi Branch 14","Delhi","Deposit","ATM",277977.66,416513.66,"Success","Cash deposit"
108,"2023-06-24 03:02:15",187,"Karan Chauhan",100100000186,"Savings Account","SBI Chandigarh Branch 5","Chandigarh","Deposit","Cheque",385659.60,385659.60,"Success","Cash deposit"
109,"2024-12-26 22:16:14",163,"Anjali Gupta",100100000212,"Current Account","SBI Delhi Branch 14","Delhi","Transfer","Cheque",165186.24,0.00,"Success","Fund transfer"
110,"2023-10-24 20:43:31",115,"Nidhi Agarwal",100100000114,"Current Account","SBI Noida Branch 28","Noida","Transfer","RTGS",142857.59,70975.41,"Success","Fund transfer"
111,"2022-12-13 02:00:57",165,"Riya Kumar",100100000164,"Recurring Deposit Account","SBI Surat Branch 6","Surat","Deposit","UPI",25471.31,137292.71,"Success","Cash deposit"
112,"2024-03-28 21:08:34",99,"Komal Jain",100100000098,"Savings Account","SBI Noida Branch 32","Noida","Transfer","ATM",413330.07,0.00,"Success","Fund transfer"
113,"2024-10-26 06:28:29",135,"Shreya Chauhan",100100000134,"Fixed Deposit Account","SBI Gurugram Branch 36","Gurugram","Deposit","NEFT",353312.66,598878.66,"Success","Cash deposit"
114,"2023-03-16 17:24:03",5,"Amit Reddy",100100000287,"Salary Account","SBI Surat Branch 44","Surat","Withdrawal","NEFT",453417.15,0.00,"Success","Cash withdrawal"
115,"2024-07-16 15:26:03",176,"Rohit Sharma",100100000213,"Fixed Deposit Account","SBI Lucknow Branch 19","Lucknow","Deposit","Cash",254317.31,367214.57,"Success","Cash deposit"
116,"2025-01-04 07:40:05",32,"Ankit Reddy",100100000031,"Recurring Deposit Account","SBI Bengaluru Branch 7","Bengaluru","Deposit","NEFT",340438.49,537354.49,"Success","Cash deposit"
117,"2022-11-08 10:42:55",172,"Komal Patel",100100000171,"Salary Account","SBI Kochi Branch 46","Kochi","Deposit","RTGS",267618.78,428105.78,"Success","Cash deposit"
118,"2026-06-17 00:53:28",125,"Vivek Kumar",100100000124,"Salary Account","SBI Bhopal Branch 39","Bhopal","Deposit","Cheque",276009.85,385069.57,"Success","Cash deposit"
119,"2022-03-09 07:53:16",17,"Komal Patel",100100000275,"Savings Account","SBI Surat Branch 44","Surat","Charge","ATM",428281.43,0.00,"Success","Service charge"
120,"2023-01-23 14:42:35",102,"Asha Sinha",100100000268,"Fixed Deposit Account","SBI Chennai Branch 21","Chennai","Interest","System",253280.22,253280.22,"Success","Interest credited"
121,"2024-03-01 12:43:26",70,"Asha Reddy",100100000069,"Salary Account","SBI Pune Branch 43","Pune","Charge","System",291478.69,0.00,"Success","Service charge"
122,"2023-02-23 07:20:02",42,"Pooja Gupta",100100000211,"Current Account","SBI Chennai Branch 21","Chennai","Withdrawal","RTGS",375793.13,97295.00,"Pending","Cash withdrawal"
123,"2025-08-13 14:35:31",33,"Deepak Jain",100100000032,"Student Account","SBI Lucknow Branch 19","Lucknow","Transfer","RTGS",320147.16,0.00,"Success","Fund transfer"
124,"2023-06-27 19:35:53",156,"Shreya Yadav",100100000272,"NRI Savings Account","SBI Indore Branch 27","Indore","Withdrawal","NEFT",96846.74,150238.26,"Success","Cash withdrawal"
125,"2024-04-03 09:37:45",43,"Shreya Singh",100100000042,"Savings Account","SBI Patna Branch 26","Patna","Withdrawal","RTGS",33459.73,0.00,"Success","Cash withdrawal"
126,"2023-06-04 03:17:20",69,"Ritu Pandey",100100000068,"NRI Savings Account","SBI Surat Branch 30","Surat","Interest","System",278400.48,278400.48,"Success","Interest credited"
127,"2024-02-24 04:06:49",121,"Manish Agarwal",100100000120,"Savings Account","SBI Indore Branch 27","Indore","Interest","System",269614.48,498134.48,"Success","Interest credited"
128,"2024-03-26 09:07:59",23,"Asha Agarwal",100100000022,"Student Account","SBI Bengaluru Branch 38","Bengaluru","Withdrawal","IMPS",193835.47,29946.53,"Success","Cash withdrawal"
129,"2025-04-28 03:57:16",73,"Karan Yadav",100100000226,"NRI Savings Account","SBI Bhubaneswar Branch 22","Bhubaneswar","Withdrawal","ATM",372307.04,0.00,"Success","Cash withdrawal"
130,"2023-12-02 15:19:58",25,"Riya Reddy",100100000024,"Savings Account","SBI Gurugram Branch 33","Gurugram","Transfer","RTGS",24470.16,0.00,"Success","Fund transfer"
131,"2025-01-28 00:21:27",146,"Manish Agarwal",100100000231,"Recurring Deposit Account","SBI Hyderabad Branch 41","Hyderabad","Withdrawal","RTGS",184638.46,395103.70,"Success","Cash withdrawal"
132,"2022-06-04 13:13:59",53,"Arjun Jain",100100000052,"Student Account","SBI Delhi Branch 13","Delhi","Transfer","Cheque",491769.40,0.00,"Success","Fund transfer"
133,"2022-01-15 00:51:35",131,"Divya Yadav",100100000130,"Student Account","SBI Bhopal Branch 37","Bhopal","Interest","System",320614.15,506630.15,"Success","Interest credited"
134,"2023-10-11 11:33:33",74,"Rahul Kumar",100100000073,"Current Account","SBI Bengaluru Branch 16","Bengaluru","Transfer","Cash",137156.45,0.00,"Success","Fund transfer"
135,"2025-01-17 22:37:34",85,"Kavita Nair",100100000084,"Current Account","SBI Bhubaneswar Branch 25","Bhubaneswar","Withdrawal","RTGS",457961.38,0.00,"Success","Cash withdrawal"
136,"2022-05-15 17:56:00",168,"Meena Gupta",100100000167,"Senior Citizen Savings Account","SBI Gurugram Branch 33","Gurugram","Withdrawal","NEFT",291474.07,698279.56,"Failed","Cash withdrawal"
137,"2023-02-18 05:06:11",189,"Rajesh Pandey",100100000188,"Fixed Deposit Account","SBI Pune Branch 8","Pune","Interest","System",162651.82,372034.82,"Success","Interest credited"
138,"2024-05-15 15:37:36",83,"Nitin Verma",100100000082,"Savings Account","SBI Surat Branch 44","Surat","Withdrawal","Cheque",348274.85,0.00,"Pending","Cash withdrawal"
139,"2026-03-16 23:55:16",69,"Ritu Pandey",100100000245,"Savings Account","SBI Bengaluru Branch 7","Bengaluru","Transfer","NEFT",413492.46,0.00,"Success","Fund transfer"
140,"2022-09-24 03:36:47",83,"Nitin Verma",100100000286,"Salary Account","SBI Chennai Branch 40","Chennai","Deposit","ATM",300510.50,300510.50,"Success","Cash deposit"
141,"2026-02-17 23:51:19",113,"Manish Yadav",100100000112,"Senior Citizen Savings Account","SBI Surat Branch 4","Surat","Transfer","Cash",86308.01,0.00,"Success","Fund transfer"
142,"2022-03-17 02:54:42",21,"Anjali Yadav",100100000020,"Student Account","SBI Lucknow Branch 19","Lucknow","Withdrawal","RTGS",118747.70,119188.30,"Success","Cash withdrawal"
143,"2022-02-16 05:53:36",73,"Karan Yadav",100100000072,"Current Account","SBI Lucknow Branch 19","Lucknow","Deposit","NEFT",226544.60,719186.05,"Success","Cash deposit"
144,"2025-09-21 12:19:24",108,"Sakshi Chauhan",100100000107,"NRI Savings Account","SBI Delhi Branch 14","Delhi","Charge","ATM",265402.42,279119.66,"Success","Service charge"
145,"2025-09-30 22:36:58",134,"Nitin Sharma",100100000200,"Salary Account","SBI Pune Branch 43","Pune","Interest","System",212283.35,777428.95,"Success","Interest credited"
146,"2026-02-05 08:20:38",143,"Rohit Mishra",100100000142,"Student Account","SBI Bhopal Branch 37","Bhopal","Interest","System",392082.75,525966.75,"Success","Interest credited"
147,"2024-10-05 06:11:34",71,"Sakshi Reddy",100100000070,"Fixed Deposit Account","SBI Pune Branch 43","Pune","Withdrawal","Cheque",499055.44,0.00,"Success","Cash withdrawal"
148,"2022-06-05 01:12:50",137,"Priya Pandey",100100000136,"Fixed Deposit Account","SBI Bengaluru Branch 50","Bengaluru","Deposit","Cash",415470.78,666164.78,"Success","Cash deposit"
149,"2026-04-19 13:53:31",184,"Asha Singh",100100000183,"Savings Account","SBI Surat Branch 29","Surat","Deposit","ATM",203518.18,343077.18,"Success","Cash deposit"
150,"2022-10-01 18:43:57",75,"Neha Chauhan",100100000294,"Recurring Deposit Account","SBI Indore Branch 27","Indore","Deposit","Cheque",28551.32,208768.32,"Success","Cash deposit"
151,"2025-12-31 10:06:34",186,"Neha Gupta",100100000185,"Senior Citizen Savings Account","SBI Bhopal Branch 35","Bhopal","Deposit","UPI",66971.46,241135.46,"Success","Cash deposit"
152,"2026-01-12 14:46:07",105,"Mohit Agarwal",100100000104,"Savings Account","SBI Kolkata Branch 42","Kolkata","Deposit","UPI",74816.56,136200.56,"Success","Cash deposit"
153,"2023-07-19 17:48:51",113,"Manish Yadav",100100000238,"Senior Citizen Savings Account","SBI Surat Branch 6","Surat","Withdrawal","RTGS",414362.80,0.00,"Success","Cash withdrawal"
154,"2023-06-01 11:42:11",199,"Sneha Agarwal",100100000198,"Senior Citizen Savings Account","SBI Surat Branch 4","Surat","Charge","Cheque",94955.55,200759.45,"Success","Service charge"
155,"2022-11-16 12:03:24",110,"Rajesh Gupta",100100000109,"Student Account","SBI Pune Branch 43","Pune","Transfer","ATM",436358.69,21851.00,"Pending","Fund transfer"
156,"2023-01-11 00:27:58",170,"Manish Verma",100100000271,"Current Account","SBI Bhopal Branch 23","Bhopal","Charge","Cheque",110251.33,0.00,"Success","Service charge"
157,"2025-04-30 09:24:58",124,"Asha Sinha",100100000214,"Student Account","SBI Gurugram Branch 45","Gurugram","Charge","System",288014.82,0.00,"Success","Service charge"
158,"2025-07-24 23:40:05",171,"Vikas Patel",100100000170,"Student Account","SBI Gurugram Branch 36","Gurugram","Charge","System",427195.22,0.00,"Success","Service charge"
159,"2022-09-13 22:25:17",185,"Rahul Kumar",100100000207,"Savings Account","SBI Bhopal Branch 23","Bhopal","Charge","System",354819.95,0.00,"Success","Service charge"
160,"2026-05-28 17:36:17",9,"Rohit Chauhan",100100000008,"Savings Account","SBI Surat Branch 4","Surat","Transfer","RTGS",217463.77,0.00,"Success","Fund transfer"
161,"2024-12-18 23:43:46",59,"Nitin Nair",100100000058,"Recurring Deposit Account","SBI Surat Branch 6","Surat","Deposit","Cash",108989.22,367578.22,"Success","Cash deposit"
162,"2022-09-28 14:04:46",63,"Rajesh Kumar",100100000062,"Recurring Deposit Account","SBI Pune Branch 8","Pune","Withdrawal","IMPS",112541.27,17892.73,"Success","Cash withdrawal"
163,"2025-06-27 13:57:47",62,"Ritu Yadav",100100000280,"Recurring Deposit Account","SBI Nagpur Branch 31","Nagpur","Transfer","IMPS",361417.05,98174.00,"Pending","Fund transfer"
164,"2025-04-14 20:07:53",81,"Karan Reddy",100100000080,"Recurring Deposit Account","SBI Lucknow Branch 19","Lucknow","Charge","Cheque",85739.83,106512.00,"Pending","Service charge"
165,"2023-05-04 00:12:23",106,"Arjun Nair",100100000105,"Fixed Deposit Account","SBI Gurugram Branch 33","Gurugram","Transfer","Cash",24605.02,28853.98,"Success","Fund transfer"
166,"2025-05-07 21:12:06",106,"Arjun Nair",100100000298,"Savings Account","SBI Noida Branch 47","Noida","Withdrawal","Cheque",338071.49,0.00,"Success","Cash withdrawal"
167,"2022-05-06 20:35:13",105,"Mohit Agarwal",100100000104,"Savings Account","SBI Kolkata Branch 42","Kolkata","Transfer","Cheque",281925.88,0.00,"Success","Fund transfer"
168,"2025-12-16 10:13:19",23,"Asha Agarwal",100100000022,"Student Account","SBI Bengaluru Branch 38","Bengaluru","Deposit","Cheque",154622.82,184569.35,"Success","Cash deposit"
169,"2022-10-25 04:25:27",90,"Sakshi Jain",100100000089,"Current Account","SBI Surat Branch 44","Surat","Interest","System",240135.93,305261.93,"Success","Interest credited"
170,"2022-03-03 21:50:03",27,"Sakshi Sinha",100100000026,"Student Account","SBI Bhopal Branch 37","Bhopal","Deposit","IMPS",368794.00,880358.21,"Success","Cash deposit"
171,"2023-08-12 22:49:36",104,"Harsh Pandey",100100000103,"Student Account","SBI Bhopal Branch 35","Bhopal","Charge","ATM",440320.56,0.00,"Success","Service charge"
172,"2025-08-08 06:38:50",189,"Rajesh Pandey",100100000188,"Fixed Deposit Account","SBI Pune Branch 8","Pune","Deposit","UPI",269836.07,641870.89,"Success","Cash deposit"
173,"2026-06-23 02:28:12",20,"Karan Sinha",100100000019,"NRI Savings Account","SBI Kolkata Branch 42","Kolkata","Withdrawal","Cheque",233076.63,2200.37,"Success","Cash withdrawal"
174,"2025-06-10 17:41:11",96,"Manish Yadav",100100000095,"Student Account","SBI Bengaluru Branch 7","Bengaluru","Withdrawal","ATM",441801.59,0.00,"Success","Cash withdrawal"
175,"2024-01-18 15:01:45",179,"Ritu Mishra",100100000260,"Savings Account","SBI Bengaluru Branch 16","Bengaluru","Transfer","NEFT",331451.40,0.00,"Success","Fund transfer"
176,"2025-04-15 10:23:11",193,"Vikas Verma",100100000242,"Student Account","SBI Surat Branch 6","Surat","Withdrawal","RTGS",224584.76,57350.24,"Success","Cash withdrawal"
177,"2025-02-22 20:35:20",92,"Ritu Chauhan",100100000091,"Fixed Deposit Account","SBI Pune Branch 43","Pune","Withdrawal","UPI",317302.78,0.00,"Success","Cash withdrawal"
178,"2024-02-04 14:16:20",101,"Rohit Yadav",100100000100,"Senior Citizen Savings Account","SBI Bengaluru Branch 38","Bengaluru","Charge","ATM",292521.50,0.00,"Success","Service charge"
179,"2022-01-12 03:23:55",193,"Vikas Verma",100100000203,"Salary Account","SBI Noida Branch 32","Noida","Transfer","RTGS",147376.36,51651.64,"Success","Fund transfer"
180,"2024-05-27 11:23:29",156,"Shreya Yadav",100100000272,"NRI Savings Account","SBI Indore Branch 27","Indore","Interest","System",331962.55,482200.81,"Success","Interest credited"
181,"2022-01-02 03:48:42",44,"Meena Reddy",100100000043,"Senior Citizen Savings Account","SBI Gurugram Branch 49","Gurugram","Withdrawal","Cash",190463.58,30943.42,"Success","Cash withdrawal"
182,"2022-04-18 09:25:23",73,"Karan Yadav",100100000072,"Current Account","SBI Lucknow Branch 19","Lucknow","Interest","System",404957.26,1124143.31,"Success","Interest credited"
183,"2024-11-01 10:04:27",10,"Divya Patel",100100000009,"NRI Savings Account","SBI Nagpur Branch 34","Nagpur","Interest","System",76037.51,266084.51,"Success","Interest credited"
184,"2024-02-09 07:16:19",17,"Komal Patel",100100000016,"Student Account","SBI Chennai Branch 40","Chennai","Deposit","Cash",415460.16,467966.16,"Success","Cash deposit"
185,"2025-11-22 07:12:41",59,"Nitin Nair",100100000058,"Recurring Deposit Account","SBI Surat Branch 6","Surat","Withdrawal","RTGS",219982.54,147595.68,"Success","Cash withdrawal"
186,"2025-03-04 07:13:15",105,"Mohit Agarwal",100100000104,"Savings Account","SBI Kolkata Branch 42","Kolkata","Withdrawal","IMPS",249756.06,0.00,"Success","Cash withdrawal"
187,"2025-10-06 05:22:28",54,"Meena Singh",100100000053,"Senior Citizen Savings Account","SBI Pune Branch 11","Pune","Charge","Cheque",52296.30,187973.70,"Success","Service charge"
188,"2023-05-02 13:09:45",4,"Ankit Chauhan",100100000003,"Fixed Deposit Account","SBI Pune Branch 11","Pune","Charge","Cheque",462598.63,0.00,"Success","Service charge"
189,"2023-05-30 18:43:47",33,"Deepak Jain",100100000032,"Student Account","SBI Lucknow Branch 19","Lucknow","Deposit","Cheque",99096.11,99096.11,"Success","Cash deposit"
190,"2025-06-16 11:24:13",4,"Ankit Chauhan",100100000003,"Fixed Deposit Account","SBI Pune Branch 11","Pune","Withdrawal","Cheque",470134.28,0.00,"Success","Cash withdrawal"
191,"2025-11-06 12:58:55",143,"Rohit Mishra",100100000252,"Recurring Deposit Account","SBI Gurugram Branch 49","Gurugram","Transfer","Cash",496947.28,0.00,"Success","Fund transfer"
192,"2023-02-26 19:01:00",143,"Rohit Mishra",100100000142,"Student Account","SBI Bhopal Branch 37","Bhopal","Transfer","NEFT",427757.02,98209.73,"Success","Fund transfer"
193,"2024-03-18 20:05:38",183,"Neha Nair",100100000244,"Savings Account","SBI Bhubaneswar Branch 22","Bhubaneswar","Interest","System",9721.77,110407.71,"Success","Interest credited"
194,"2022-11-22 10:38:34",23,"Asha Agarwal",100100000022,"Student Account","SBI Bengaluru Branch 38","Bengaluru","Charge","System",231345.67,0.00,"Success","Service charge"
195,"2026-05-07 04:08:39",113,"Manish Yadav",100100000112,"Senior Citizen Savings Account","SBI Surat Branch 4","Surat","Charge","ATM",493617.35,0.00,"Success","Service charge"
196,"2024-09-21 06:02:35",196,"Manish Chauhan",100100000195,"Fixed Deposit Account","SBI Pune Branch 11","Pune","Deposit","NEFT",378715.42,441585.42,"Success","Cash deposit"
197,"2026-05-28 01:33:59",110,"Rajesh Gupta",100100000109,"Student Account","SBI Pune Branch 43","Pune","Interest","System",466367.62,488218.62,"Success","Interest credited"
198,"2023-09-12 11:17:18",194,"Harsh Agarwal",100100000193,"Student Account","SBI Noida Branch 2","Noida","Transfer","ATM",379328.86,0.00,"Success","Fund transfer"
199,"2023-05-09 04:32:57",5,"Amit Reddy",100100000004,"Salary Account","SBI Bhopal Branch 39","Bhopal","Transfer","Cash",235934.02,0.00,"Success","Fund transfer"
200,"2022-06-05 12:58:27",10,"Divya Patel",100100000009,"NRI Savings Account","SBI Nagpur Branch 34","Nagpur","Interest","System",357929.18,266084.51,"Pending","Interest credited"
201,"2025-06-05 06:08:40",75,"Neha Chauhan",100100000294,"Recurring Deposit Account","SBI Indore Branch 27","Indore","Deposit","Cash",322529.76,531298.08,"Success","Cash deposit"
202,"2023-09-26 14:44:00",178,"Arjun Kumar",100100000177,"Savings Account","SBI Lucknow Branch 12","Lucknow","Charge","System",38344.26,246475.74,"Success","Service charge"
203,"2022-02-04 23:31:48",143,"Rohit Mishra",100100000277,"NRI Savings Account","SBI Patna Branch 9","Patna","Interest","System",421217.40,614328.40,"Success","Interest credited"
204,"2026-04-25 07:10:06",185,"Rahul Kumar",100100000281,"Senior Citizen Savings Account","SBI Surat Branch 30","Surat","Transfer","Cheque",92564.34,174461.66,"Success","Fund transfer"
205,"2022-06-01 01:54:13",176,"Rohit Sharma",100100000213,"Fixed Deposit Account","SBI Lucknow Branch 19","Lucknow","Withdrawal","Cheque",312945.18,367214.57,"Pending","Cash withdrawal"
206,"2022-03-26 12:53:35",17,"Komal Patel",100100000275,"Savings Account","SBI Surat Branch 44","Surat","Withdrawal","ATM",161328.92,0.00,"Success","Cash withdrawal"
207,"2024-11-23 03:47:40",198,"Suresh Singh",100100000197,"Recurring Deposit Account","SBI Nagpur Branch 34","Nagpur","Charge","Cheque",228692.39,0.00,"Success","Service charge"
208,"2025-01-24 06:50:04",118,"Sneha Singh",100100000117,"Savings Account","SBI Bengaluru Branch 15","Bengaluru","Interest","System",88859.26,88859.26,"Success","Interest credited"
209,"2024-10-01 02:22:10",107,"Nitin Chauhan",100100000209,"Senior Citizen Savings Account","SBI Bengaluru Branch 7","Bengaluru","Charge","Cheque",495025.93,0.00,"Success","Service charge"
210,"2024-12-01 15:33:40",197,"Rajesh Yadav",100100000196,"Senior Citizen Savings Account","SBI Kochi Branch 46","Kochi","Withdrawal","ATM",269109.63,0.00,"Success","Cash withdrawal"
211,"2022-09-18 16:13:07",36,"Sakshi Agarwal",100100000035,"Savings Account","SBI Chennai Branch 40","Chennai","Charge","ATM",305660.97,0.00,"Success","Service charge"
212,"2024-05-02 13:55:04",28,"Nitin Reddy",100100000027,"Savings Account","SBI Gurugram Branch 45","Gurugram","Deposit","Cash",6281.26,278305.26,"Success","Cash deposit"
213,"2023-10-05 21:48:33",107,"Nitin Chauhan",100100000209,"Senior Citizen Savings Account","SBI Bengaluru Branch 7","Bengaluru","Deposit","Cash",120805.01,120805.01,"Success","Cash deposit"
214,"2022-09-13 15:41:57",176,"Rohit Sharma",100100000175,"Savings Account","SBI Noida Branch 47","Noida","Transfer","Cheque",484725.24,0.00,"Success","Fund transfer"
215,"2023-12-26 05:10:21",157,"Meena Mishra",100100000156,"Savings Account","SBI Bhubaneswar Branch 22","Bhubaneswar","Deposit","ATM",46383.52,101574.00,"Pending","Cash deposit"
216,"2026-04-08 19:47:37",12,"Vivek Mishra",100100000011,"Student Account","SBI Gurugram Branch 36","Gurugram","Deposit","ATM",91417.67,169454.67,"Success","Cash deposit"
217,"2024-06-12 14:52:20",162,"Asha Reddy",100100000161,"Savings Account","SBI Pune Branch 1","Pune","Withdrawal","ATM",338294.58,0.00,"Success","Cash withdrawal"
218,"2025-01-14 03:32:03",77,"Anjali Mishra",100100000278,"NRI Savings Account","SBI Gurugram Branch 33","Gurugram","Transfer","RTGS",309094.53,260654.00,"Pending","Fund transfer"
219,"2026-01-24 10:33:54",153,"Mohit Sinha",100100000152,"Student Account","SBI Nagpur Branch 31","Nagpur","Transfer","RTGS",338530.76,485324.37,"Failed","Fund transfer"
220,"2024-01-16 22:05:06",169,"Rahul Pandey",100100000168,"Senior Citizen Savings Account","SBI Hyderabad Branch 41","Hyderabad","Charge","ATM",438470.74,0.00,"Success","Service charge"
221,"2025-10-17 07:54:03",131,"Divya Yadav",100100000130,"Student Account","SBI Bhopal Branch 37","Bhopal","Transfer","Cash",135096.90,371533.25,"Success","Fund transfer"
222,"2024-05-28 00:29:42",115,"Nidhi Agarwal",100100000233,"Salary Account","SBI Gurugram Branch 49","Gurugram","Deposit","RTGS",228769.15,272759.15,"Success","Cash deposit"
223,"2024-04-09 18:28:01",51,"Rohit Yadav",100100000206,"Savings Account","SBI Noida Branch 2","Noida","Transfer","ATM",15388.85,71859.15,"Success","Fund transfer"
224,"2024-12-26 10:59:27",178,"Arjun Kumar",100100000208,"NRI Savings Account","SBI Gurugram Branch 49","Gurugram","Charge","ATM",353289.39,0.00,"Success","Service charge"
225,"2023-08-08 07:25:50",114,"Harsh Reddy",100100000205,"Current Account","SBI Chennai Branch 40","Chennai","Deposit","NEFT",133711.48,342120.48,"Success","Cash deposit"
226,"2022-01-27 17:35:58",181,"Arjun Singh",100100000180,"Recurring Deposit Account","SBI Bhopal Branch 39","Bhopal","Withdrawal","Cash",230261.11,27236.89,"Success","Cash withdrawal"
227,"2022-12-16 07:56:10",33,"Deepak Jain",100100000210,"Savings Account","SBI Pune Branch 43","Pune","Charge","ATM",124040.67,112925.33,"Success","Service charge"
228,"2024-02-24 01:36:41",153,"Mohit Sinha",100100000152,"Student Account","SBI Nagpur Branch 31","Nagpur","Interest","System",450911.96,936236.33,"Success","Interest credited"
229,"2024-09-07 02:51:21",59,"Nitin Nair",100100000058,"Recurring Deposit Account","SBI Surat Branch 6","Surat","Transfer","RTGS",330708.95,147595.68,"Pending","Fund transfer"
230,"2025-01-28 12:07:01",54,"Meena Singh",100100000269,"Fixed Deposit Account","SBI Bhopal Branch 23","Bhopal","Interest","System",216027.35,216027.35,"Success","Interest credited"
231,"2025-12-01 14:00:27",37,"Neha Pandey",100100000036,"Student Account","SBI Bengaluru Branch 50","Bengaluru","Interest","System",56962.55,341870.55,"Success","Interest credited"
232,"2024-06-20 00:04:48",145,"Nidhi Nair",100100000299,"Student Account","SBI Surat Branch 10","Surat","Transfer","Cheque",115054.17,152190.83,"Success","Fund transfer"
233,"2024-07-03 20:55:22",27,"Sakshi Sinha",100100000026,"Student Account","SBI Bhopal Branch 37","Bhopal","Transfer","NEFT",176451.35,703906.86,"Success","Fund transfer"
234,"2026-03-03 00:14:30",104,"Harsh Pandey",100100000103,"Student Account","SBI Bhopal Branch 35","Bhopal","Transfer","Cheque",440922.55,0.00,"Success","Fund transfer"
235,"2023-04-25 10:08:25",147,"Nitin Jain",100100000146,"Student Account","SBI Kochi Branch 46","Kochi","Transfer","Cheque",420790.84,0.00,"Success","Fund transfer"
236,"2026-02-01 14:00:37",113,"Manish Yadav",100100000238,"Senior Citizen Savings Account","SBI Surat Branch 6","Surat","Transfer","NEFT",106638.43,0.00,"Success","Fund transfer"
237,"2022-02-05 05:04:56",120,"Nidhi Agarwal",100100000119,"Savings Account","SBI Kolkata Branch 42","Kolkata","Deposit","NEFT",349360.59,722762.92,"Success","Cash deposit"
238,"2024-07-09 15:03:31",75,"Neha Chauhan",100100000074,"Salary Account","SBI Chennai Branch 40","Chennai","Withdrawal","UPI",390172.41,0.00,"Success","Cash withdrawal"
239,"2024-04-11 02:18:57",31,"Suresh Verma",100100000030,"Recurring Deposit Account","SBI Patna Branch 9","Patna","Charge","ATM",284187.41,0.00,"Success","Service charge"
240,"2023-06-20 04:28:51",166,"Riya Singh",100100000165,"Fixed Deposit Account","SBI Pune Branch 43","Pune","Charge","ATM",420644.23,0.00,"Success","Service charge"
241,"2024-05-23 09:42:35",54,"Meena Singh",100100000053,"Senior Citizen Savings Account","SBI Pune Branch 11","Pune","Deposit","RTGS",440261.69,628235.39,"Success","Cash deposit"
242,"2024-03-20 22:01:28",30,"Vikas Gupta",100100000221,"Savings Account","SBI Noida Branch 2","Noida","Charge","Cheque",381813.40,221726.00,"Failed","Service charge"
243,"2025-11-20 18:35:41",13,"Nitin Yadav",100100000012,"Recurring Deposit Account","SBI Bengaluru Branch 16","Bengaluru","Deposit","Cheque",224581.62,314415.62,"Success","Cash deposit"
244,"2025-09-19 08:42:27",137,"Priya Pandey",100100000246,"NRI Savings Account","SBI Chennai Branch 21","Chennai","Withdrawal","NEFT",177995.96,0.00,"Success","Cash withdrawal"
245,"2025-02-25 02:10:10",77,"Anjali Mishra",100100000278,"NRI Savings Account","SBI Gurugram Branch 33","Gurugram","Transfer","IMPS",489692.29,0.00,"Success","Fund transfer"
246,"2022-06-25 23:12:51",79,"Vikas Agarwal",100100000078,"Student Account","SBI Surat Branch 4","Surat","Transfer","UPI",413741.86,0.00,"Success","Fund transfer"
247,"2022-05-05 02:34:43",197,"Rajesh Yadav",100100000196,"Senior Citizen Savings Account","SBI Kochi Branch 46","Kochi","Transfer","IMPS",483418.62,0.00,"Success","Fund transfer"
248,"2024-04-02 10:02:13",98,"Suresh Sharma",100100000097,"Fixed Deposit Account","SBI Kolkata Branch 42","Kolkata","Withdrawal","NEFT",74638.46,60695.54,"Success","Cash withdrawal"
249,"2023-02-11 12:08:20",33,"Deepak Jain",100100000210,"Savings Account","SBI Pune Branch 43","Pune","Withdrawal","IMPS",346429.37,0.00,"Success","Cash withdrawal"
250,"2025-11-08 21:03:34",189,"Rajesh Pandey",100100000188,"Fixed Deposit Account","SBI Pune Branch 8","Pune","Charge","ATM",158394.63,483476.26,"Success","Service charge"
251,"2022-04-26 16:57:34",3,"Amit Kumar",100100000002,"Savings Account","SBI Kolkata Branch 42","Kolkata","Charge","Cheque",184422.06,0.00,"Success","Service charge"
252,"2024-08-27 06:22:35",111,"Shreya Singh",100100000220,"Senior Citizen Savings Account","SBI Indore Branch 27","Indore","Deposit","IMPS",345739.10,625747.10,"Success","Cash deposit"
253,"2024-01-28 02:38:47",145,"Nidhi Nair",100100000144,"Senior Citizen Savings Account","SBI Noida Branch 2","Noida","Charge","Cheque",236582.24,0.00,"Success","Service charge"
254,"2025-12-16 16:02:32",146,"Manish Agarwal",100100000231,"Recurring Deposit Account","SBI Hyderabad Branch 41","Hyderabad","Charge","Cheque",459445.56,0.00,"Success","Service charge"
255,"2025-01-27 13:25:45",176,"Rohit Sharma",100100000213,"Fixed Deposit Account","SBI Lucknow Branch 19","Lucknow","Charge","System",184511.84,182702.73,"Success","Service charge"
256,"2023-02-19 06:13:26",93,"Arjun Sinha",100100000092,"Current Account","SBI Bengaluru Branch 38","Bengaluru","Withdrawal","RTGS",215304.74,0.00,"Success","Cash withdrawal"
257,"2022-09-26 17:32:50",75,"Neha Chauhan",100100000074,"Salary Account","SBI Chennai Branch 40","Chennai","Withdrawal","NEFT",365771.69,0.00,"Success","Cash withdrawal"
258,"2024-05-03 15:10:38",98,"Suresh Sharma",100100000097,"Fixed Deposit Account","SBI Kolkata Branch 42","Kolkata","Withdrawal","NEFT",292013.85,60695.54,"Failed","Cash withdrawal"
259,"2025-08-26 23:26:35",195,"Amit Agarwal",100100000279,"Current Account","SBI Patna Branch 17","Patna","Charge","ATM",154462.47,0.00,"Success","Service charge"
260,"2023-10-28 09:14:13",8,"Neha Gupta",100100000007,"Senior Citizen Savings Account","SBI Delhi Branch 14","Delhi","Interest","System",420831.45,608380.45,"Success","Interest credited"
261,"2023-06-21 19:25:39",131,"Divya Yadav",100100000130,"Student Account","SBI Bhopal Branch 37","Bhopal","Charge","ATM",357972.27,371533.25,"Pending","Service charge"
262,"2023-01-27 16:42:29",115,"Nidhi Agarwal",100100000233,"Salary Account","SBI Gurugram Branch 49","Gurugram","Transfer","ATM",374600.26,0.00,"Success","Fund transfer"
263,"2023-04-12 13:02:25",15,"Riya Yadav",100100000014,"Salary Account","SBI Surat Branch 44","Surat","Deposit","NEFT",77530.25,226049.07,"Success","Cash deposit"
264,"2025-11-02 21:41:49",86,"Komal Verma",100100000085,"Savings Account","SBI Noida Branch 18","Noida","Charge","System",142966.52,28719.48,"Success","Service charge"
265,"2026-06-03 04:37:29",114,"Harsh Reddy",100100000290,"NRI Savings Account","SBI Surat Branch 3","Surat","Interest","System",490558.51,566999.51,"Success","Interest credited"
266,"2022-12-03 11:47:51",171,"Vikas Patel",100100000170,"Student Account","SBI Gurugram Branch 36","Gurugram","Interest","System",157151.84,157151.84,"Success","Interest credited"
267,"2026-02-14 07:48:16",107,"Nitin Chauhan",100100000209,"Senior Citizen Savings Account","SBI Bengaluru Branch 7","Bengaluru","Withdrawal","UPI",45009.09,75795.92,"Success","Cash withdrawal"
268,"2024-05-14 12:00:47",103,"Vikas Nair",100100000102,"Senior Citizen Savings Account","SBI Gurugram Branch 36","Gurugram","Charge","System",6194.03,229117.97,"Success","Service charge"
269,"2023-12-11 19:32:53",168,"Meena Gupta",100100000289,"Senior Citizen Savings Account","SBI Gurugram Branch 48","Gurugram","Transfer","RTGS",129618.91,102183.09,"Success","Fund transfer"
270,"2022-08-07 15:26:06",83,"Nitin Verma",100100000286,"Salary Account","SBI Chennai Branch 40","Chennai","Withdrawal","ATM",244442.44,56068.06,"Success","Cash withdrawal"
271,"2026-06-13 19:33:04",35,"Ankit Gupta",100100000034,"Savings Account","SBI Bengaluru Branch 7","Bengaluru","Withdrawal","NEFT",115257.11,61479.00,"Failed","Cash withdrawal"
272,"2022-05-09 19:21:13",94,"Shreya Mishra",100100000264,"Savings Account","SBI Hyderabad Branch 41","Hyderabad","Deposit","ATM",187105.00,413950.00,"Success","Cash deposit"
273,"2022-08-10 14:20:30",31,"Suresh Verma",100100000030,"Recurring Deposit Account","SBI Patna Branch 9","Patna","Deposit","RTGS",218163.09,218163.09,"Success","Cash deposit"
274,"2024-10-24 20:37:48",47,"Priya Sharma",100100000219,"NRI Savings Account","SBI Chandigarh Branch 5","Chandigarh","Charge","System",133953.28,313494.59,"Success","Service charge"
275,"2025-03-25 04:41:42",143,"Rohit Mishra",100100000252,"Recurring Deposit Account","SBI Gurugram Branch 49","Gurugram","Withdrawal","ATM",484430.17,0.00,"Success","Cash withdrawal"
276,"2025-05-15 02:20:50",64,"Riya Singh",100100000063,"Fixed Deposit Account","SBI Patna Branch 17","Patna","Charge","ATM",338259.99,254510.00,"Failed","Service charge"
277,"2024-10-13 05:30:52",79,"Vikas Agarwal",100100000078,"Student Account","SBI Surat Branch 4","Surat","Withdrawal","NEFT",77065.16,0.00,"Success","Cash withdrawal"
278,"2025-07-24 07:32:06",34,"Rahul Sharma",100100000033,"NRI Savings Account","SBI Bhopal Branch 39","Bhopal","Deposit","NEFT",288275.13,425136.13,"Success","Cash deposit"
279,"2025-05-25 01:54:44",90,"Sakshi Jain",100100000292,"Recurring Deposit Account","SBI Bengaluru Branch 16","Bengaluru","Deposit","Cash",316695.62,463207.62,"Success","Cash deposit"
280,"2022-04-18 16:22:28",55,"Vikas Kumar",100100000229,"Savings Account","SBI Patna Branch 17","Patna","Deposit","RTGS",290731.21,342304.21,"Success","Cash deposit"
281,"2025-09-19 07:22:12",111,"Shreya Singh",100100000204,"Savings Account","SBI Bengaluru Branch 7","Bengaluru","Deposit","RTGS",472832.47,634715.47,"Success","Cash deposit"
282,"2024-03-24 19:31:52",189,"Rajesh Pandey",100100000254,"Fixed Deposit Account","SBI Kolkata Branch 42","Kolkata","Deposit","UPI",340905.02,590392.02,"Success","Cash deposit"
283,"2022-08-05 20:16:26",85,"Kavita Nair",100100000084,"Current Account","SBI Bhubaneswar Branch 25","Bhubaneswar","Transfer","RTGS",386356.90,0.00,"Success","Fund transfer"
284,"2025-12-27 14:10:08",143,"Rohit Mishra",100100000142,"Student Account","SBI Bhopal Branch 37","Bhopal","Withdrawal","NEFT",313065.30,0.00,"Success","Cash withdrawal"
285,"2022-09-02 07:53:10",160,"Arjun Chauhan",100100000159,"Salary Account","SBI Bengaluru Branch 15","Bengaluru","Transfer","IMPS",393973.18,0.00,"Success","Fund transfer"
286,"2024-10-30 01:48:21",77,"Anjali Mishra",100100000076,"Savings Account","SBI Gurugram Branch 33","Gurugram","Deposit","ATM",102720.63,369202.63,"Success","Cash deposit"
287,"2022-01-27 01:43:45",193,"Vikas Verma",100100000192,"Savings Account","SBI Ahmedabad Branch 24","Ahmedabad","Interest","System",221396.57,388488.57,"Success","Interest credited"
288,"2024-10-29 03:15:10",151,"Pooja Patel",100100000150,"Fixed Deposit Account","SBI Gurugram Branch 49","Gurugram","Transfer","ATM",359587.63,0.00,"Success","Fund transfer"
1005,"2023-07-01 04:26:25",3,"Amit Kumar",100100000002,"Savings Account","SBI Kolkata Branch 42","Kolkata","Transfer","ATM",5757.61,0.00,"Success","Fund transfer"
289,"2024-04-29 11:35:19",90,"Sakshi Jain",100100000284,"Savings Account","SBI Patna Branch 17","Patna","Deposit","IMPS",119349.72,342568.29,"Success","Cash deposit"
290,"2025-12-10 17:08:48",27,"Sakshi Sinha",100100000026,"Student Account","SBI Bhopal Branch 37","Bhopal","Withdrawal","Cash",264258.49,439648.37,"Success","Cash withdrawal"
291,"2023-12-15 18:08:14",127,"Anjali Verma",100100000126,"Salary Account","SBI Ahmedabad Branch 24","Ahmedabad","Transfer","UPI",422240.61,179699.06,"Pending","Fund transfer"
292,"2025-10-23 17:26:28",189,"Rajesh Pandey",100100000254,"Fixed Deposit Account","SBI Kolkata Branch 42","Kolkata","Withdrawal","NEFT",81862.68,508529.34,"Success","Cash withdrawal"
293,"2024-09-23 21:00:33",129,"Priya Gupta",100100000128,"NRI Savings Account","SBI Noida Branch 47","Noida","Transfer","Cheque",138811.08,0.00,"Success","Fund transfer"
294,"2022-12-27 21:37:20",79,"Vikas Agarwal",100100000078,"Student Account","SBI Surat Branch 4","Surat","Deposit","NEFT",319570.00,319570.00,"Success","Cash deposit"
295,"2022-06-21 08:06:45",102,"Asha Sinha",100100000101,"Student Account","SBI Bengaluru Branch 50","Bengaluru","Charge","ATM",101272.34,190913.66,"Success","Service charge"
296,"2026-04-28 03:37:49",51,"Rohit Yadav",100100000262,"Current Account","SBI Surat Branch 3","Surat","Interest","System",133851.34,133851.34,"Success","Interest credited"
297,"2024-07-26 01:53:24",20,"Karan Sinha",100100000019,"NRI Savings Account","SBI Kolkata Branch 42","Kolkata","Charge","ATM",347694.65,0.00,"Success","Service charge"
298,"2022-04-02 09:41:02",103,"Vikas Nair",100100000102,"Senior Citizen Savings Account","SBI Gurugram Branch 36","Gurugram","Interest","System",34151.94,263269.91,"Success","Interest credited"
299,"2025-05-17 19:03:49",106,"Arjun Nair",100100000105,"Fixed Deposit Account","SBI Gurugram Branch 33","Gurugram","Withdrawal","Cheque",160472.06,0.00,"Success","Cash withdrawal"
300,"2024-11-30 20:51:18",51,"Rohit Yadav",100100000050,"Savings Account","SBI Chennai Branch 21","Chennai","Interest","System",286537.81,286537.81,"Success","Interest credited"
301,"2026-05-31 11:59:10",142,"Rahul Sinha",100100000141,"Salary Account","SBI Pune Branch 43","Pune","Deposit","IMPS",201101.51,276137.00,"Pending","Cash deposit"
302,"2025-09-13 23:49:17",71,"Sakshi Reddy",100100000070,"Fixed Deposit Account","SBI Pune Branch 43","Pune","Transfer","ATM",288447.84,0.00,"Success","Fund transfer"
303,"2025-03-06 11:43:09",106,"Arjun Nair",100100000298,"Savings Account","SBI Noida Branch 47","Noida","Withdrawal","Cash",290898.27,0.00,"Success","Cash withdrawal"
304,"2025-01-07 10:12:48",95,"Rahul Kumar",100100000094,"Savings Account","SBI Bhubaneswar Branch 25","Bhubaneswar","Transfer","UPI",341317.94,0.00,"Success","Fund transfer"
305,"2024-06-10 02:21:20",10,"Divya Patel",100100000009,"NRI Savings Account","SBI Nagpur Branch 34","Nagpur","Deposit","IMPS",85715.07,266084.51,"Pending","Cash deposit"
306,"2023-01-01 16:40:26",182,"Komal Gupta",100100000181,"Savings Account","SBI Surat Branch 30","Surat","Transfer","IMPS",275592.56,0.00,"Success","Fund transfer"
307,"2026-02-10 12:57:19",95,"Rahul Kumar",100100000241,"Savings Account","SBI Delhi Branch 13","Delhi","Withdrawal","Cheque",113365.99,0.00,"Success","Cash withdrawal"
308,"2024-01-09 12:48:52",37,"Neha Pandey",100100000036,"Student Account","SBI Bengaluru Branch 50","Bengaluru","Deposit","IMPS",126663.46,468534.01,"Success","Cash deposit"
309,"2023-08-21 05:50:03",140,"Arjun Sinha",100100000139,"Savings Account","SBI Bengaluru Branch 16","Bengaluru","Charge","System",110033.62,80783.38,"Success","Service charge"
310,"2026-02-20 00:50:00",62,"Ritu Yadav",100100000061,"Recurring Deposit Account","SBI Noida Branch 2","Noida","Transfer","RTGS",415764.44,0.00,"Success","Fund transfer"
311,"2025-08-20 19:34:18",16,"Amit Verma",100100000015,"Recurring Deposit Account","SBI Noida Branch 32","Noida","Charge","Cheque",386226.10,0.00,"Success","Service charge"
312,"2026-03-28 09:34:49",167,"Mohit Jain",100100000230,"Recurring Deposit Account","SBI Bengaluru Branch 7","Bengaluru","Transfer","UPI",445896.85,0.00,"Success","Fund transfer"
313,"2024-06-18 08:44:38",169,"Rahul Pandey",100100000168,"Senior Citizen Savings Account","SBI Hyderabad Branch 41","Hyderabad","Withdrawal","ATM",65909.00,0.00,"Failed","Cash withdrawal"
314,"2026-05-22 05:17:29",72,"Anjali Singh",100100000217,"Savings Account","SBI Bengaluru Branch 38","Bengaluru","Withdrawal","RTGS",392539.81,0.00,"Success","Cash withdrawal"
315,"2022-08-31 21:15:58",111,"Shreya Singh",100100000220,"Senior Citizen Savings Account","SBI Indore Branch 27","Indore","Deposit","ATM",499403.86,1125150.96,"Success","Cash deposit"
316,"2025-03-18 16:56:10",102,"Asha Sinha",100100000268,"Fixed Deposit Account","SBI Chennai Branch 21","Chennai","Charge","Cheque",76489.18,176791.04,"Success","Service charge"
317,"2023-06-24 07:35:24",191,"Asha Sharma",100100000190,"Current Account","SBI Nagpur Branch 34","Nagpur","Interest","System",184629.49,394148.49,"Success","Interest credited"
318,"2023-10-11 00:38:41",47,"Priya Sharma",100100000046,"Savings Account","SBI Indore Branch 27","Indore","Charge","System",476769.43,0.00,"Success","Service charge"
319,"2025-06-05 00:52:37",185,"Rahul Kumar",100100000207,"Savings Account","SBI Bhopal Branch 23","Bhopal","Withdrawal","IMPS",45695.65,0.00,"Success","Cash withdrawal"
320,"2024-07-22 05:30:08",60,"Rahul Sinha",100100000059,"Savings Account","SBI Pune Branch 11","Pune","Interest","System",417065.83,536682.26,"Success","Interest credited"
321,"2024-02-20 05:23:12",143,"Rohit Mishra",100100000277,"NRI Savings Account","SBI Patna Branch 9","Patna","Interest","System",233533.81,847862.21,"Success","Interest credited"
322,"2024-10-04 17:08:51",50,"Suresh Chauhan",100100000049,"Current Account","SBI Bhubaneswar Branch 22","Bhubaneswar","Charge","System",428706.72,0.00,"Success","Service charge"
323,"2024-09-20 10:46:49",49,"Amit Sinha",100100000048,"Senior Citizen Savings Account","SBI Bhopal Branch 39","Bhopal","Deposit","ATM",283807.99,349623.89,"Success","Cash deposit"
324,"2024-04-21 04:20:26",134,"Nitin Sharma",100100000200,"Salary Account","SBI Pune Branch 43","Pune","Withdrawal","NEFT",275505.36,501923.59,"Success","Cash withdrawal"
325,"2023-06-16 19:14:59",197,"Rajesh Yadav",100100000296,"Recurring Deposit Account","SBI Surat Branch 30","Surat","Interest","System",47701.62,181425.62,"Success","Interest credited"
326,"2023-04-25 01:09:36",42,"Pooja Gupta",100100000041,"Current Account","SBI Gurugram Branch 45","Gurugram","Charge","Cheque",144831.54,0.00,"Failed","Service charge"
327,"2022-01-09 05:26:35",163,"Anjali Gupta",100100000162,"Savings Account","SBI Ahmedabad Branch 24","Ahmedabad","Deposit","IMPS",462529.91,589138.91,"Success","Cash deposit"
328,"2025-04-11 02:06:09",113,"Manish Yadav",100100000112,"Senior Citizen Savings Account","SBI Surat Branch 4","Surat","Interest","System",25821.68,25821.68,"Success","Interest credited"
329,"2024-08-07 06:10:25",189,"Rajesh Pandey",100100000254,"Fixed Deposit Account","SBI Kolkata Branch 42","Kolkata","Charge","ATM",458566.09,49963.25,"Success","Service charge"
330,"2024-07-06 02:39:07",51,"Rohit Yadav",100100000288,"NRI Savings Account","SBI Patna Branch 26","Patna","Withdrawal","IMPS",429562.82,0.00,"Success","Cash withdrawal"
331,"2022-03-22 19:40:24",116,"Riya Sinha",100100000201,"Salary Account","SBI Bengaluru Branch 7","Bengaluru","Interest","System",344516.34,382346.34,"Success","Interest credited"
332,"2025-08-18 02:21:58",114,"Harsh Reddy",100100000205,"Current Account","SBI Chennai Branch 40","Chennai","Deposit","ATM",382632.67,724753.15,"Success","Cash deposit"
333,"2026-02-11 06:20:41",200,"Harsh Mishra",100100000225,"Salary Account","SBI Gurugram Branch 36","Gurugram","Charge","Cheque",109117.83,0.00,"Success","Service charge"
334,"2023-02-19 21:48:22",197,"Rajesh Yadav",100100000223,"Savings Account","SBI Noida Branch 32","Noida","Charge","Cheque",387695.71,0.00,"Success","Service charge"
335,"2026-03-21 02:34:33",111,"Shreya Singh",100100000220,"Senior Citizen Savings Account","SBI Indore Branch 27","Indore","Interest","System",492904.09,1618055.05,"Success","Interest credited"
336,"2024-12-06 22:08:56",96,"Manish Yadav",100100000095,"Student Account","SBI Bengaluru Branch 7","Bengaluru","Transfer","UPI",447823.72,0.00,"Success","Fund transfer"
337,"2023-10-18 20:13:02",146,"Manish Agarwal",100100000145,"NRI Savings Account","SBI Bengaluru Branch 7","Bengaluru","Transfer","RTGS",34350.72,124926.49,"Success","Fund transfer"
338,"2024-03-18 10:22:52",33,"Deepak Jain",100100000032,"Student Account","SBI Lucknow Branch 19","Lucknow","Withdrawal","ATM",496555.03,0.00,"Success","Cash withdrawal"
339,"2024-12-16 11:57:22",71,"Sakshi Reddy",100100000070,"Fixed Deposit Account","SBI Pune Branch 43","Pune","Withdrawal","Cheque",19869.44,0.00,"Success","Cash withdrawal"
340,"2025-06-13 05:38:41",146,"Manish Agarwal",100100000145,"NRI Savings Account","SBI Bengaluru Branch 7","Bengaluru","Interest","System",449011.14,573937.63,"Success","Interest credited"
341,"2025-05-15 14:21:02",42,"Pooja Gupta",100100000267,"Current Account","SBI Bengaluru Branch 38","Bengaluru","Interest","System",306601.29,306601.29,"Success","Interest credited"
342,"2025-05-16 07:58:39",87,"Rajesh Agarwal",100100000282,"Current Account","SBI Gurugram Branch 45","Gurugram","Interest","System",457578.50,1130701.18,"Success","Interest credited"
343,"2024-06-08 09:36:26",6,"Meena Singh",100100000005,"Savings Account","SBI Nagpur Branch 34","Nagpur","Withdrawal","NEFT",388619.76,0.00,"Success","Cash withdrawal"
344,"2025-07-26 14:31:22",36,"Sakshi Agarwal",100100000035,"Savings Account","SBI Chennai Branch 40","Chennai","Charge","System",445685.23,0.00,"Success","Service charge"
345,"2025-06-11 01:55:00",179,"Ritu Mishra",100100000178,"Savings Account","SBI Bengaluru Branch 16","Bengaluru","Withdrawal","Cheque",34976.88,512350.26,"Success","Cash withdrawal"
346,"2022-02-15 14:31:25",154,"Vikas Sharma",100100000153,"Savings Account","SBI Noida Branch 32","Noida","Withdrawal","Cash",233099.96,0.00,"Success","Cash withdrawal"
347,"2024-08-02 03:03:46",179,"Ritu Mishra",100100000178,"Savings Account","SBI Bengaluru Branch 16","Bengaluru","Transfer","RTGS",110975.40,401374.86,"Success","Fund transfer"
348,"2025-01-26 10:17:39",51,"Rohit Yadav",100100000262,"Current Account","SBI Surat Branch 3","Surat","Withdrawal","NEFT",199143.48,0.00,"Success","Cash withdrawal"
349,"2024-01-14 11:39:54",127,"Anjali Verma",100100000126,"Salary Account","SBI Ahmedabad Branch 24","Ahmedabad","Transfer","UPI",273561.89,0.00,"Success","Fund transfer"
350,"2024-07-24 12:20:30",77,"Anjali Mishra",100100000243,"Savings Account","SBI Kolkata Branch 42","Kolkata","Withdrawal","IMPS",81011.19,0.00,"Success","Cash withdrawal"
351,"2024-02-02 07:38:49",61,"Sakshi Pandey",100100000224,"Savings Account","SBI Nagpur Branch 34","Nagpur","Transfer","NEFT",188207.10,287383.00,"Pending","Fund transfer"
352,"2022-10-20 01:08:23",160,"Arjun Chauhan",100100000159,"Salary Account","SBI Bengaluru Branch 15","Bengaluru","Withdrawal","Cash",462065.56,0.00,"Success","Cash withdrawal"
353,"2024-05-31 15:14:40",137,"Priya Pandey",100100000246,"NRI Savings Account","SBI Chennai Branch 21","Chennai","Deposit","Cash",113779.50,113779.50,"Success","Cash deposit"
354,"2022-11-21 00:58:37",133,"Priya Patel",100100000132,"NRI Savings Account","SBI Nagpur Branch 34","Nagpur","Deposit","Cash",353974.94,619257.94,"Success","Cash deposit"
355,"2023-05-12 07:35:53",192,"Deepak Reddy",100100000191,"Salary Account","SBI Bengaluru Branch 38","Bengaluru","Transfer","UPI",348222.10,0.00,"Success","Fund transfer"
356,"2025-05-15 11:33:58",192,"Deepak Reddy",100100000228,"Salary Account","SBI Kolkata Branch 42","Kolkata","Transfer","Cash",225663.16,0.00,"Success","Fund transfer"
357,"2025-06-25 21:22:25",50,"Suresh Chauhan",100100000049,"Current Account","SBI Bhubaneswar Branch 22","Bhubaneswar","Withdrawal","IMPS",203489.42,0.00,"Success","Cash withdrawal"
358,"2023-06-18 02:06:00",112,"Mohit Mishra",100100000111,"Salary Account","SBI Surat Branch 30","Surat","Charge","ATM",416065.92,171841.00,"Failed","Service charge"
359,"2026-01-31 18:18:50",138,"Sakshi Chauhan",100100000137,"Fixed Deposit Account","SBI Pune Branch 8","Pune","Withdrawal","Cash",147823.02,64398.98,"Success","Cash withdrawal"
360,"2026-01-01 11:44:06",200,"Harsh Mishra",100100000225,"Salary Account","SBI Gurugram Branch 36","Gurugram","Deposit","IMPS",157066.76,157066.76,"Success","Cash deposit"
361,"2023-01-09 10:03:37",75,"Neha Chauhan",100100000074,"Salary Account","SBI Chennai Branch 40","Chennai","Deposit","IMPS",227390.11,227390.11,"Success","Cash deposit"
362,"2024-12-26 17:21:35",101,"Rohit Yadav",100100000100,"Senior Citizen Savings Account","SBI Bengaluru Branch 38","Bengaluru","Transfer","UPI",156608.50,0.00,"Success","Fund transfer"
363,"2023-12-06 03:09:13",4,"Ankit Chauhan",100100000003,"Fixed Deposit Account","SBI Pune Branch 11","Pune","Charge","System",60789.88,0.00,"Success","Service charge"
364,"2023-06-08 10:40:03",61,"Sakshi Pandey",100100000224,"Savings Account","SBI Nagpur Branch 34","Nagpur","Transfer","ATM",30558.02,256824.98,"Success","Fund transfer"
365,"2025-09-19 07:46:00",125,"Vivek Kumar",100100000124,"Salary Account","SBI Bhopal Branch 39","Bhopal","Charge","ATM",337929.62,47139.95,"Success","Service charge"
366,"2023-04-07 20:49:10",51,"Rohit Yadav",100100000288,"NRI Savings Account","SBI Patna Branch 26","Patna","Deposit","Cheque",285304.27,285304.27,"Success","Cash deposit"
367,"2022-06-15 04:14:04",86,"Komal Verma",100100000276,"Savings Account","SBI Chandigarh Branch 5","Chandigarh","Transfer","RTGS",41220.78,0.00,"Success","Fund transfer"
368,"2026-04-15 08:57:58",32,"Ankit Reddy",100100000031,"Recurring Deposit Account","SBI Bengaluru Branch 7","Bengaluru","Deposit","IMPS",14433.29,551787.78,"Success","Cash deposit"
369,"2023-08-11 18:37:50",189,"Rajesh Pandey",100100000188,"Fixed Deposit Account","SBI Pune Branch 8","Pune","Charge","System",303043.77,180432.49,"Success","Service charge"
370,"2025-12-15 05:04:54",88,"Arjun Kumar",100100000273,"NRI Savings Account","SBI Bengaluru Branch 50","Bengaluru","Interest","System",444827.42,704746.42,"Success","Interest credited"
371,"2022-07-25 01:15:46",91,"Amit Chauhan",100100000090,"Salary Account","SBI Nagpur Branch 31","Nagpur","Withdrawal","NEFT",247643.35,0.00,"Success","Cash withdrawal"
372,"2023-02-12 11:09:29",86,"Komal Verma",100100000085,"Savings Account","SBI Noida Branch 18","Noida","Deposit","NEFT",395278.32,28719.48,"Pending","Cash deposit"
373,"2023-04-20 20:45:15",192,"Deepak Reddy",100100000191,"Salary Account","SBI Bengaluru Branch 38","Bengaluru","Transfer","NEFT",82714.86,0.00,"Success","Fund transfer"
374,"2025-09-01 18:11:50",134,"Nitin Sharma",100100000133,"Savings Account","SBI Bengaluru Branch 50","Bengaluru","Withdrawal","ATM",138206.48,106092.52,"Success","Cash withdrawal"
375,"2023-01-31 05:19:42",69,"Ritu Pandey",100100000245,"Savings Account","SBI Bengaluru Branch 7","Bengaluru","Interest","System",196382.12,196382.12,"Success","Interest credited"
376,"2024-01-01 23:04:30",131,"Divya Yadav",100100000130,"Student Account","SBI Bhopal Branch 37","Bhopal","Charge","System",385010.34,0.00,"Success","Service charge"
377,"2022-07-11 15:03:11",179,"Ritu Mishra",100100000178,"Savings Account","SBI Bengaluru Branch 16","Bengaluru","Interest","System",25103.36,401374.86,"Pending","Interest credited"
378,"2023-02-25 17:12:53",114,"Harsh Reddy",100100000205,"Current Account","SBI Chennai Branch 40","Chennai","Transfer","Cheque",183271.93,541481.22,"Success","Fund transfer"
379,"2022-03-24 19:14:10",200,"Harsh Mishra",100100000225,"Salary Account","SBI Gurugram Branch 36","Gurugram","Deposit","Cheque",102605.69,259672.45,"Success","Cash deposit"
380,"2023-12-13 02:10:14",189,"Rajesh Pandey",100100000188,"Fixed Deposit Account","SBI Pune Branch 8","Pune","Interest","System",173716.81,354149.30,"Success","Interest credited"
381,"2024-11-07 14:04:54",54,"Meena Singh",100100000053,"Senior Citizen Savings Account","SBI Pune Branch 11","Pune","Deposit","ATM",176429.84,804665.23,"Success","Cash deposit"
382,"2022-12-09 14:56:15",42,"Pooja Gupta",100100000211,"Current Account","SBI Chennai Branch 21","Chennai","Deposit","IMPS",447566.60,544861.60,"Success","Cash deposit"
383,"2023-02-21 18:39:28",161,"Riya Singh",100100000253,"Senior Citizen Savings Account","SBI Chennai Branch 40","Chennai","Withdrawal","UPI",322776.10,401517.16,"Failed","Cash withdrawal"
384,"2026-04-19 01:42:34",165,"Riya Kumar",100100000164,"Recurring Deposit Account","SBI Surat Branch 6","Surat","Charge","System",487572.67,0.00,"Success","Service charge"
385,"2023-12-30 00:21:14",95,"Rahul Kumar",100100000241,"Savings Account","SBI Delhi Branch 13","Delhi","Transfer","ATM",12602.27,0.00,"Success","Fund transfer"
386,"2026-01-17 22:21:21",187,"Karan Chauhan",100100000186,"Savings Account","SBI Chandigarh Branch 5","Chandigarh","Charge","System",153078.05,232581.55,"Success","Service charge"
387,"2023-04-23 04:25:16",175,"Pooja Jain",100100000174,"Fixed Deposit Account","SBI Pune Branch 11","Pune","Transfer","RTGS",274250.41,0.00,"Success","Fund transfer"
388,"2024-03-01 14:26:41",159,"Kavita Singh",100100000158,"Savings Account","SBI Noida Branch 32","Noida","Charge","Cheque",450089.49,0.00,"Success","Service charge"
389,"2022-10-28 11:10:06",169,"Rahul Pandey",100100000168,"Senior Citizen Savings Account","SBI Hyderabad Branch 41","Hyderabad","Transfer","IMPS",37437.22,0.00,"Success","Fund transfer"
390,"2024-05-28 21:19:27",63,"Rajesh Kumar",100100000062,"Recurring Deposit Account","SBI Pune Branch 8","Pune","Charge","System",412087.35,0.00,"Success","Service charge"
391,"2026-02-19 20:20:42",94,"Shreya Mishra",100100000264,"Savings Account","SBI Hyderabad Branch 41","Hyderabad","Deposit","UPI",449421.98,863371.98,"Success","Cash deposit"
392,"2022-03-12 20:21:22",82,"Meena Gupta",100100000081,"Student Account","SBI Noida Branch 28","Noida","Transfer","NEFT",351589.68,0.00,"Success","Fund transfer"
393,"2023-12-01 22:14:01",146,"Manish Agarwal",100100000145,"NRI Savings Account","SBI Bengaluru Branch 7","Bengaluru","Withdrawal","ATM",56721.91,517215.72,"Success","Cash withdrawal"
394,"2022-05-09 18:05:34",113,"Manish Yadav",100100000238,"Senior Citizen Savings Account","SBI Surat Branch 6","Surat","Charge","ATM",271340.83,0.00,"Success","Service charge"
395,"2023-12-19 23:54:02",82,"Meena Gupta",100100000285,"NRI Savings Account","SBI Bhopal Branch 35","Bhopal","Interest","System",29823.82,327354.82,"Success","Interest credited"
396,"2026-02-11 19:33:11",27,"Sakshi Sinha",100100000026,"Student Account","SBI Bhopal Branch 37","Bhopal","Deposit","NEFT",419962.99,859611.36,"Success","Cash deposit"
397,"2025-04-10 03:53:30",48,"Divya Yadav",100100000047,"Savings Account","SBI Patna Branch 17","Patna","Deposit","Cheque",220051.07,220051.07,"Success","Cash deposit"
398,"2022-06-07 23:48:17",165,"Riya Kumar",100100000164,"Recurring Deposit Account","SBI Surat Branch 6","Surat","Interest","System",126004.02,126004.02,"Success","Interest credited"
399,"2023-11-13 02:28:41",54,"Meena Singh",100100000269,"Fixed Deposit Account","SBI Bhopal Branch 23","Bhopal","Charge","System",330964.63,0.00,"Success","Service charge"
400,"2025-12-14 19:55:56",167,"Mohit Jain",100100000230,"Recurring Deposit Account","SBI Bengaluru Branch 7","Bengaluru","Interest","System",193822.93,193822.93,"Success","Interest credited"
401,"2026-05-26 22:18:51",94,"Shreya Mishra",100100000093,"Savings Account","SBI Hyderabad Branch 41","Hyderabad","Charge","ATM",194310.49,532487.57,"Pending","Service charge"
402,"2024-10-08 11:24:29",192,"Deepak Reddy",100100000191,"Salary Account","SBI Bengaluru Branch 38","Bengaluru","Interest","System",312633.99,312633.99,"Success","Interest credited"
403,"2023-05-27 15:00:19",149,"Anjali Mishra",100100000148,"Student Account","SBI Bengaluru Branch 7","Bengaluru","Deposit","Cash",330155.72,479810.72,"Success","Cash deposit"
404,"2022-09-12 09:32:24",51,"Rohit Yadav",100100000050,"Savings Account","SBI Chennai Branch 21","Chennai","Charge","ATM",239979.24,46558.57,"Success","Service charge"
405,"2024-09-27 16:27:53",7,"Neha Gupta",100100000006,"Savings Account","SBI Surat Branch 3","Surat","Interest","System",268431.85,338939.85,"Success","Interest credited"
406,"2023-08-24 23:10:05",148,"Harsh Sharma",100100000147,"NRI Savings Account","SBI Lucknow Branch 12","Lucknow","Transfer","Cash",482458.21,44345.00,"Failed","Fund transfer"
407,"2025-08-30 08:48:28",117,"Priya Patel",100100000215,"Senior Citizen Savings Account","SBI Gurugram Branch 33","Gurugram","Transfer","RTGS",142876.14,0.00,"Success","Fund transfer"
408,"2025-11-10 09:16:28",157,"Meena Mishra",100100000156,"Savings Account","SBI Bhubaneswar Branch 22","Bhubaneswar","Deposit","UPI",149463.41,251037.41,"Success","Cash deposit"
409,"2022-09-08 18:30:49",149,"Anjali Mishra",100100000270,"Student Account","SBI Kolkata Branch 42","Kolkata","Charge","Cheque",368770.65,355846.12,"Success","Service charge"
410,"2022-07-22 06:27:36",111,"Shreya Singh",100100000204,"Savings Account","SBI Bengaluru Branch 7","Bengaluru","Interest","System",7848.69,642564.16,"Success","Interest credited"
411,"2022-01-16 00:49:10",97,"Riya Kumar",100100000096,"Fixed Deposit Account","SBI Indore Branch 20","Indore","Interest","System",83865.25,83865.25,"Success","Interest credited"
412,"2025-06-01 02:38:09",156,"Shreya Yadav",100100000155,"Recurring Deposit Account","SBI Bhubaneswar Branch 22","Bhubaneswar","Transfer","ATM",477922.58,0.00,"Success","Fund transfer"
413,"2022-03-11 15:11:57",93,"Arjun Sinha",100100000092,"Current Account","SBI Bengaluru Branch 38","Bengaluru","Withdrawal","Cash",124243.29,0.00,"Success","Cash withdrawal"
414,"2024-05-26 07:41:43",161,"Riya Singh",100100000253,"Senior Citizen Savings Account","SBI Chennai Branch 40","Chennai","Charge","System",396260.44,5256.72,"Success","Service charge"
415,"2023-11-26 14:13:23",71,"Sakshi Reddy",100100000070,"Fixed Deposit Account","SBI Pune Branch 43","Pune","Withdrawal","Cheque",165443.58,0.00,"Success","Cash withdrawal"
416,"2023-12-21 20:56:57",92,"Ritu Chauhan",100100000249,"NRI Savings Account","SBI Pune Branch 43","Pune","Withdrawal","NEFT",343657.82,0.00,"Success","Cash withdrawal"
417,"2026-03-25 14:20:01",40,"Sneha Nair",100100000039,"Salary Account","SBI Pune Branch 11","Pune","Withdrawal","RTGS",276846.97,0.00,"Success","Cash withdrawal"
418,"2023-12-13 16:23:30",63,"Rajesh Kumar",100100000062,"Recurring Deposit Account","SBI Pune Branch 8","Pune","Transfer","NEFT",410067.32,0.00,"Success","Fund transfer"
419,"2023-10-12 18:46:58",68,"Vikas Patel",100100000067,"Current Account","SBI Nagpur Branch 31","Nagpur","Interest","System",468747.00,709846.00,"Success","Interest credited"
420,"2025-04-02 20:01:36",130,"Pooja Pandey",100100000129,"Salary Account","SBI Noida Branch 47","Noida","Withdrawal","NEFT",183128.75,0.00,"Success","Cash withdrawal"
421,"2025-01-27 13:43:23",111,"Shreya Singh",100100000220,"Senior Citizen Savings Account","SBI Indore Branch 27","Indore","Charge","Cheque",315133.80,1302921.25,"Success","Service charge"
422,"2023-06-08 16:14:47",32,"Ankit Reddy",100100000031,"Recurring Deposit Account","SBI Bengaluru Branch 7","Bengaluru","Transfer","UPI",274495.66,277292.12,"Success","Fund transfer"
423,"2022-01-01 05:19:50",10,"Divya Patel",100100000009,"NRI Savings Account","SBI Nagpur Branch 34","Nagpur","Withdrawal","ATM",322557.74,0.00,"Success","Cash withdrawal"
424,"2023-12-03 09:18:22",13,"Nitin Yadav",100100000012,"Recurring Deposit Account","SBI Bengaluru Branch 16","Bengaluru","Withdrawal","NEFT",89164.19,225251.43,"Success","Cash withdrawal"
425,"2024-05-10 15:27:54",61,"Sakshi Pandey",100100000224,"Savings Account","SBI Nagpur Branch 34","Nagpur","Withdrawal","Cash",77395.54,179429.44,"Success","Cash withdrawal"
426,"2025-05-30 03:36:29",148,"Harsh Sharma",100100000147,"NRI Savings Account","SBI Lucknow Branch 12","Lucknow","Charge","System",204663.39,0.00,"Success","Service charge"
427,"2025-07-30 04:16:49",58,"Kavita Sharma",100100000057,"Fixed Deposit Account","SBI Kochi Branch 46","Kochi","Interest","System",432739.09,0.00,"Pending","Interest credited"
428,"2025-12-16 03:55:45",70,"Asha Reddy",100100000069,"Salary Account","SBI Pune Branch 43","Pune","Interest","System",417718.90,417718.90,"Success","Interest credited"
429,"2025-05-29 11:38:40",18,"Vivek Verma",100100000017,"NRI Savings Account","SBI Bengaluru Branch 38","Bengaluru","Transfer","Cheque",30486.03,76354.97,"Success","Fund transfer"
430,"2024-12-18 17:14:05",161,"Riya Singh",100100000253,"Senior Citizen Savings Account","SBI Chennai Branch 40","Chennai","Transfer","ATM",353555.17,0.00,"Success","Fund transfer"
431,"2022-10-21 05:31:06",1,"Vivek Yadav",100100000000,"Savings Account","SBI Patna Branch 17","Patna","Charge","Cheque",386346.83,0.00,"Success","Service charge"
432,"2023-06-22 14:19:29",67,"Pooja Kumar",100100000066,"NRI Savings Account","SBI Chandigarh Branch 5","Chandigarh","Transfer","Cash",287018.99,0.00,"Success","Fund transfer"
433,"2024-04-26 16:44:56",83,"Nitin Verma",100100000286,"Salary Account","SBI Chennai Branch 40","Chennai","Interest","System",255386.19,311454.25,"Success","Interest credited"
434,"2022-01-08 13:25:41",82,"Meena Gupta",100100000202,"Recurring Deposit Account","SBI Ahmedabad Branch 24","Ahmedabad","Interest","System",306703.11,514304.11,"Success","Interest credited"
435,"2024-07-27 01:26:32",78,"Sneha Verma",100100000077,"Savings Account","SBI Bengaluru Branch 7","Bengaluru","Transfer","Cash",385701.22,0.00,"Success","Fund transfer"
436,"2023-01-03 21:57:23",162,"Asha Reddy",100100000161,"Savings Account","SBI Pune Branch 1","Pune","Withdrawal","RTGS",127893.71,0.00,"Success","Cash withdrawal"
437,"2023-11-24 22:30:50",53,"Arjun Jain",100100000052,"Student Account","SBI Delhi Branch 13","Delhi","Transfer","UPI",159950.89,0.00,"Success","Fund transfer"
438,"2024-11-19 02:13:30",82,"Meena Gupta",100100000081,"Student Account","SBI Noida Branch 28","Noida","Interest","System",169545.98,169545.98,"Success","Interest credited"
439,"2022-02-13 17:50:24",102,"Asha Sinha",100100000101,"Student Account","SBI Bengaluru Branch 50","Bengaluru","Deposit","RTGS",285397.32,476310.98,"Success","Cash deposit"
440,"2025-06-04 09:32:45",143,"Rohit Mishra",100100000277,"NRI Savings Account","SBI Patna Branch 9","Patna","Charge","Cheque",357134.75,490727.46,"Success","Service charge"
441,"2025-06-13 08:30:12",171,"Vikas Patel",100100000263,"Salary Account","SBI Bengaluru Branch 16","Bengaluru","Withdrawal","RTGS",106948.40,3092.60,"Success","Cash withdrawal"
442,"2023-09-29 09:45:13",136,"Priya Sharma",100100000135,"Savings Account","SBI Bhopal Branch 37","Bhopal","Charge","System",461215.79,0.00,"Success","Service charge"
443,"2023-04-10 20:40:33",30,"Vikas Gupta",100100000221,"Savings Account","SBI Noida Branch 2","Noida","Interest","System",324452.18,546178.18,"Success","Interest credited"
444,"2025-03-07 02:57:44",106,"Arjun Nair",100100000298,"Savings Account","SBI Noida Branch 47","Noida","Withdrawal","Cheque",278794.73,0.00,"Success","Cash withdrawal"
445,"2024-05-09 10:52:42",168,"Meena Gupta",100100000289,"Senior Citizen Savings Account","SBI Gurugram Branch 48","Gurugram","Transfer","Cheque",445046.69,0.00,"Success","Fund transfer"
446,"2022-07-20 08:18:31",46,"Priya Mishra",100100000045,"Current Account","SBI Bengaluru Branch 7","Bengaluru","Deposit","IMPS",199834.03,349707.03,"Success","Cash deposit"
447,"2023-02-06 03:56:42",21,"Anjali Yadav",100100000020,"Student Account","SBI Lucknow Branch 19","Lucknow","Withdrawal","UPI",221486.81,0.00,"Success","Cash withdrawal"
448,"2025-07-26 01:06:58",24,"Riya Patel",100100000023,"NRI Savings Account","SBI Nagpur Branch 34","Nagpur","Interest","System",150372.70,150372.70,"Success","Interest credited"
449,"2023-08-10 15:10:38",25,"Riya Reddy",100100000024,"Savings Account","SBI Gurugram Branch 33","Gurugram","Charge","System",156379.45,0.00,"Success","Service charge"
450,"2025-10-15 16:35:38",142,"Rahul Sinha",100100000141,"Salary Account","SBI Pune Branch 43","Pune","Transfer","Cheque",430336.26,0.00,"Success","Fund transfer"
451,"2025-02-08 14:46:07",95,"Rahul Kumar",100100000241,"Savings Account","SBI Delhi Branch 13","Delhi","Deposit","RTGS",268201.46,268201.46,"Success","Cash deposit"
452,"2023-02-22 00:10:53",195,"Amit Agarwal",100100000279,"Current Account","SBI Patna Branch 17","Patna","Transfer","Cash",207010.17,0.00,"Success","Fund transfer"
453,"2022-04-30 08:12:03",26,"Rahul Patel",100100000025,"Savings Account","SBI Chennai Branch 21","Chennai","Interest","System",346890.73,416379.73,"Success","Interest credited"
454,"2024-01-26 09:22:13",186,"Neha Gupta",100100000185,"Senior Citizen Savings Account","SBI Bhopal Branch 35","Bhopal","Interest","System",121312.54,362448.00,"Success","Interest credited"
455,"2025-02-01 19:42:10",61,"Sakshi Pandey",100100000224,"Savings Account","SBI Nagpur Branch 34","Nagpur","Charge","ATM",278445.84,0.00,"Success","Service charge"
456,"2024-08-30 01:11:16",7,"Neha Gupta",100100000006,"Savings Account","SBI Surat Branch 3","Surat","Interest","System",409054.57,338939.85,"Failed","Interest credited"
457,"2026-05-07 23:06:52",74,"Rahul Kumar",100100000073,"Current Account","SBI Bengaluru Branch 16","Bengaluru","Interest","System",301827.54,301827.54,"Success","Interest credited"
458,"2024-08-29 15:02:56",168,"Meena Gupta",100100000289,"Senior Citizen Savings Account","SBI Gurugram Branch 48","Gurugram","Transfer","ATM",183436.55,0.00,"Success","Fund transfer"
459,"2024-01-06 04:22:40",192,"Deepak Reddy",100100000191,"Salary Account","SBI Bengaluru Branch 38","Bengaluru","Transfer","UPI",332111.38,0.00,"Success","Fund transfer"
460,"2024-09-10 08:06:31",36,"Sakshi Agarwal",100100000035,"Savings Account","SBI Chennai Branch 40","Chennai","Deposit","ATM",279569.06,279569.06,"Success","Cash deposit"
461,"2023-08-24 04:02:37",200,"Harsh Mishra",100100000225,"Salary Account","SBI Gurugram Branch 36","Gurugram","Charge","ATM",370574.96,0.00,"Success","Service charge"
462,"2025-07-06 01:58:29",149,"Anjali Mishra",100100000148,"Student Account","SBI Bengaluru Branch 7","Bengaluru","Transfer","ATM",368560.59,111250.13,"Success","Fund transfer"
463,"2023-09-28 07:46:08",13,"Nitin Yadav",100100000012,"Recurring Deposit Account","SBI Bengaluru Branch 16","Bengaluru","Interest","System",143219.46,368470.89,"Success","Interest credited"
464,"2025-01-12 18:26:11",107,"Nitin Chauhan",100100000209,"Senior Citizen Savings Account","SBI Bengaluru Branch 7","Bengaluru","Transfer","UPI",161701.48,0.00,"Success","Fund transfer"
465,"2026-07-06 12:58:10",183,"Neha Nair",100100000182,"Savings Account","SBI Hyderabad Branch 41","Hyderabad","Transfer","Cheque",10801.45,112457.55,"Success","Fund transfer"
466,"2024-04-16 11:33:38",41,"Vivek Patel",100100000040,"Recurring Deposit Account","SBI Ahmedabad Branch 24","Ahmedabad","Transfer","IMPS",173403.64,67130.36,"Success","Fund transfer"
467,"2026-05-26 16:24:32",66,"Harsh Sinha",100100000065,"Recurring Deposit Account","SBI Bhubaneswar Branch 22","Bhubaneswar","Transfer","Cash",486034.91,0.00,"Success","Fund transfer"
468,"2022-08-30 01:43:17",179,"Ritu Mishra",100100000260,"Savings Account","SBI Bengaluru Branch 16","Bengaluru","Transfer","Cash",329948.27,0.00,"Success","Fund transfer"
469,"2025-12-31 15:22:39",94,"Shreya Mishra",100100000093,"Savings Account","SBI Hyderabad Branch 41","Hyderabad","Withdrawal","ATM",188191.54,344296.03,"Success","Cash withdrawal"
470,"2022-06-10 21:33:59",33,"Deepak Jain",100100000210,"Savings Account","SBI Pune Branch 43","Pune","Charge","ATM",360654.52,0.00,"Success","Service charge"
471,"2022-03-08 14:58:41",49,"Amit Sinha",100100000048,"Senior Citizen Savings Account","SBI Bhopal Branch 39","Bhopal","Withdrawal","IMPS",224723.56,124900.33,"Success","Cash withdrawal"
472,"2025-09-24 08:08:23",108,"Sakshi Chauhan",100100000107,"NRI Savings Account","SBI Delhi Branch 14","Delhi","Charge","Cheque",7768.67,271350.99,"Success","Service charge"
473,"2024-10-19 10:48:52",93,"Arjun Sinha",100100000092,"Current Account","SBI Bengaluru Branch 38","Bengaluru","Charge","System",315408.71,0.00,"Success","Service charge"
474,"2023-02-07 07:39:47",25,"Riya Reddy",100100000024,"Savings Account","SBI Gurugram Branch 33","Gurugram","Charge","System",143092.70,0.00,"Success","Service charge"
475,"2023-10-11 08:09:02",133,"Priya Patel",100100000283,"NRI Savings Account","SBI Delhi Branch 13","Delhi","Charge","System",16651.29,254065.71,"Success","Service charge"
476,"2025-07-02 20:16:12",83,"Nitin Verma",100100000286,"Salary Account","SBI Chennai Branch 40","Chennai","Deposit","Cash",272544.91,583999.16,"Success","Cash deposit"
477,"2026-06-15 00:07:17",185,"Rahul Kumar",100100000184,"Current Account","SBI Surat Branch 4","Surat","Interest","System",386853.65,386853.65,"Success","Interest credited"
478,"2025-03-31 07:39:29",87,"Rajesh Agarwal",100100000086,"Savings Account","SBI Chennai Branch 40","Chennai","Transfer","RTGS",324014.12,458390.18,"Pending","Fund transfer"
479,"2023-07-28 02:15:01",68,"Vikas Patel",100100000067,"Current Account","SBI Nagpur Branch 31","Nagpur","Interest","System",126149.41,835995.41,"Success","Interest credited"
480,"2022-09-21 10:57:25",161,"Riya Singh",100100000253,"Senior Citizen Savings Account","SBI Chennai Branch 40","Chennai","Charge","ATM",351406.55,0.00,"Success","Service charge"
481,"2023-07-24 12:08:12",94,"Shreya Mishra",100100000093,"Savings Account","SBI Hyderabad Branch 41","Hyderabad","Deposit","RTGS",475868.65,820164.68,"Success","Cash deposit"
482,"2023-09-30 21:58:57",44,"Meena Reddy",100100000043,"Senior Citizen Savings Account","SBI Gurugram Branch 49","Gurugram","Withdrawal","Cash",189019.09,0.00,"Success","Cash withdrawal"
483,"2025-09-09 12:54:59",12,"Vivek Mishra",100100000011,"Student Account","SBI Gurugram Branch 36","Gurugram","Withdrawal","UPI",213778.01,169454.67,"Failed","Cash withdrawal"
484,"2024-06-29 05:27:27",121,"Manish Agarwal",100100000120,"Savings Account","SBI Indore Branch 27","Indore","Withdrawal","RTGS",212182.49,285951.99,"Success","Cash withdrawal"
485,"2023-08-10 17:29:59",47,"Priya Sharma",100100000259,"Savings Account","SBI Bengaluru Branch 15","Bengaluru","Charge","System",139996.83,71857.17,"Success","Service charge"
486,"2022-06-12 20:40:19",189,"Rajesh Pandey",100100000254,"Fixed Deposit Account","SBI Kolkata Branch 42","Kolkata","Withdrawal","IMPS",82948.73,0.00,"Success","Cash withdrawal"
487,"2024-06-18 02:11:21",5,"Amit Reddy",100100000004,"Salary Account","SBI Bhopal Branch 39","Bhopal","Transfer","RTGS",182287.03,0.00,"Success","Fund transfer"
488,"2024-01-13 05:41:00",72,"Anjali Singh",100100000217,"Savings Account","SBI Bengaluru Branch 38","Bengaluru","Withdrawal","NEFT",349064.70,0.00,"Success","Cash withdrawal"
489,"2025-01-17 15:22:29",185,"Rahul Kumar",100100000207,"Savings Account","SBI Bhopal Branch 23","Bhopal","Charge","System",324308.86,0.00,"Pending","Service charge"
490,"2024-05-04 10:55:12",197,"Rajesh Yadav",100100000296,"Recurring Deposit Account","SBI Surat Branch 30","Surat","Charge","System",446773.50,0.00,"Success","Service charge"
491,"2025-08-11 19:12:02",102,"Asha Sinha",100100000101,"Student Account","SBI Bengaluru Branch 50","Bengaluru","Deposit","ATM",37336.04,513647.02,"Success","Cash deposit"
492,"2026-03-09 07:31:03",82,"Meena Gupta",100100000202,"Recurring Deposit Account","SBI Ahmedabad Branch 24","Ahmedabad","Transfer","ATM",370652.89,143651.22,"Success","Fund transfer"
493,"2023-09-08 02:09:11",133,"Priya Patel",100100000132,"NRI Savings Account","SBI Nagpur Branch 34","Nagpur","Interest","System",344133.88,963391.82,"Success","Interest credited"
494,"2026-03-19 09:38:31",169,"Rahul Pandey",100100000168,"Senior Citizen Savings Account","SBI Hyderabad Branch 41","Hyderabad","Transfer","ATM",322531.64,0.00,"Success","Fund transfer"
495,"2023-05-12 08:16:52",53,"Arjun Jain",100100000052,"Student Account","SBI Delhi Branch 13","Delhi","Transfer","ATM",144847.44,0.00,"Success","Fund transfer"
496,"2024-11-21 16:51:38",54,"Meena Singh",100100000269,"Fixed Deposit Account","SBI Bhopal Branch 23","Bhopal","Charge","System",84272.94,0.00,"Success","Service charge"
497,"2022-08-31 13:53:52",1,"Vivek Yadav",100100000000,"Savings Account","SBI Patna Branch 17","Patna","Deposit","Cash",51137.93,51137.93,"Success","Cash deposit"
498,"2022-10-18 23:11:18",46,"Priya Mishra",100100000222,"Salary Account","SBI Indore Branch 27","Indore","Charge","Cheque",15924.17,274971.83,"Success","Service charge"
499,"2023-12-22 19:59:13",106,"Arjun Nair",100100000105,"Fixed Deposit Account","SBI Gurugram Branch 33","Gurugram","Deposit","IMPS",146054.80,146054.80,"Success","Cash deposit"
500,"2023-10-26 07:08:56",188,"Nitin Jain",100100000187,"Recurring Deposit Account","SBI Patna Branch 9","Patna","Charge","ATM",330437.08,0.00,"Success","Service charge"
501,"2023-04-30 04:06:55",111,"Shreya Singh",100100000220,"Senior Citizen Savings Account","SBI Indore Branch 27","Indore","Interest","System",37747.51,1302921.25,"Failed","Interest credited"
502,"2025-12-02 02:20:25",195,"Amit Agarwal",100100000194,"Savings Account","SBI Surat Branch 3","Surat","Interest","System",268534.77,483625.77,"Success","Interest credited"
503,"2022-06-26 00:58:57",94,"Shreya Mishra",100100000264,"Savings Account","SBI Hyderabad Branch 41","Hyderabad","Transfer","UPI",30000.72,833371.26,"Success","Fund transfer"
504,"2025-01-09 04:50:51",86,"Komal Verma",100100000085,"Savings Account","SBI Noida Branch 18","Noida","Charge","Cheque",260614.34,0.00,"Success","Service charge"
505,"2024-02-14 23:57:21",146,"Manish Agarwal",100100000231,"Recurring Deposit Account","SBI Hyderabad Branch 41","Hyderabad","Charge","System",329632.19,0.00,"Success","Service charge"
506,"2023-03-31 14:10:45",33,"Deepak Jain",100100000032,"Student Account","SBI Lucknow Branch 19","Lucknow","Withdrawal","Cash",304466.08,0.00,"Success","Cash withdrawal"
507,"2022-11-04 12:24:01",167,"Mohit Jain",100100000166,"Fixed Deposit Account","SBI Delhi Branch 14","Delhi","Transfer","IMPS",438599.73,207031.00,"Pending","Fund transfer"
508,"2025-08-05 11:01:16",22,"Asha Pandey",100100000021,"Student Account","SBI Gurugram Branch 33","Gurugram","Interest","System",436136.65,630410.65,"Success","Interest credited"
509,"2025-01-10 11:11:30",75,"Neha Chauhan",100100000250,"Recurring Deposit Account","SBI Bengaluru Branch 7","Bengaluru","Interest","System",98294.61,204793.61,"Success","Interest credited"
510,"2023-07-21 18:37:47",185,"Rahul Kumar",100100000207,"Savings Account","SBI Bhopal Branch 23","Bhopal","Transfer","UPI",66218.15,0.00,"Success","Fund transfer"
511,"2023-03-21 01:01:12",113,"Manish Yadav",100100000238,"Senior Citizen Savings Account","SBI Surat Branch 6","Surat","Charge","Cheque",390405.34,0.00,"Success","Service charge"
512,"2025-06-11 00:14:47",75,"Neha Chauhan",100100000074,"Salary Account","SBI Chennai Branch 40","Chennai","Charge","System",56926.97,170463.14,"Success","Service charge"
513,"2024-12-09 11:03:57",77,"Anjali Mishra",100100000243,"Savings Account","SBI Kolkata Branch 42","Kolkata","Deposit","Cash",412537.11,0.00,"Failed","Cash deposit"
514,"2022-03-31 09:57:48",33,"Deepak Jain",100100000210,"Savings Account","SBI Pune Branch 43","Pune","Interest","System",196273.92,196273.92,"Success","Interest credited"
515,"2024-05-12 10:56:02",72,"Anjali Singh",100100000071,"Savings Account","SBI Pune Branch 8","Pune","Charge","Cheque",353068.35,0.00,"Success","Service charge"
516,"2023-06-05 20:57:25",183,"Neha Nair",100100000182,"Savings Account","SBI Hyderabad Branch 41","Hyderabad","Interest","System",284922.54,397380.09,"Success","Interest credited"
517,"2025-07-17 09:00:59",7,"Neha Gupta",100100000006,"Savings Account","SBI Surat Branch 3","Surat","Charge","System",459032.00,0.00,"Success","Service charge"
518,"2022-10-03 09:26:57",49,"Amit Sinha",100100000048,"Senior Citizen Savings Account","SBI Bhopal Branch 39","Bhopal","Deposit","UPI",35455.84,124900.33,"Pending","Cash deposit"
519,"2024-10-20 05:09:37",182,"Komal Gupta",100100000255,"Salary Account","SBI Noida Branch 18","Noida","Withdrawal","RTGS",315148.31,0.00,"Success","Cash withdrawal"
520,"2022-07-23 04:06:22",197,"Rajesh Yadav",100100000223,"Savings Account","SBI Noida Branch 32","Noida","Charge","ATM",345398.98,0.00,"Success","Service charge"
521,"2022-09-09 22:06:50",51,"Rohit Yadav",100100000262,"Current Account","SBI Surat Branch 3","Surat","Interest","System",304964.05,304964.05,"Success","Interest credited"
522,"2024-10-13 06:17:06",98,"Suresh Sharma",100100000097,"Fixed Deposit Account","SBI Kolkata Branch 42","Kolkata","Charge","Cheque",324730.48,0.00,"Success","Service charge"
523,"2024-01-12 02:41:28",191,"Asha Sharma",100100000190,"Current Account","SBI Nagpur Branch 34","Nagpur","Interest","System",165853.53,560002.02,"Success","Interest credited"
524,"2026-03-09 06:15:17",96,"Manish Yadav",100100000095,"Student Account","SBI Bengaluru Branch 7","Bengaluru","Interest","System",408892.67,408892.67,"Success","Interest credited"
525,"2023-07-28 10:54:00",193,"Vikas Verma",100100000203,"Salary Account","SBI Noida Branch 32","Noida","Deposit","Cash",101620.43,153272.07,"Success","Cash deposit"
526,"2026-06-12 12:27:39",42,"Pooja Gupta",100100000041,"Current Account","SBI Gurugram Branch 45","Gurugram","Deposit","UPI",170538.22,170538.22,"Success","Cash deposit"
527,"2023-03-28 11:15:22",51,"Rohit Yadav",100100000050,"Savings Account","SBI Chennai Branch 21","Chennai","Withdrawal","Cheque",48432.96,0.00,"Success","Cash withdrawal"
528,"2024-09-23 02:53:13",113,"Manish Yadav",100100000112,"Senior Citizen Savings Account","SBI Surat Branch 4","Surat","Deposit","NEFT",26775.04,52596.72,"Success","Cash deposit"
529,"2024-05-08 06:45:17",74,"Rahul Kumar",100100000073,"Current Account","SBI Bengaluru Branch 16","Bengaluru","Interest","System",332291.11,634118.65,"Success","Interest credited"
530,"2023-02-15 16:10:04",153,"Mohit Sinha",100100000152,"Student Account","SBI Nagpur Branch 31","Nagpur","Deposit","NEFT",479913.52,1416149.85,"Success","Cash deposit"
531,"2022-04-21 10:53:33",125,"Vivek Kumar",100100000124,"Salary Account","SBI Bhopal Branch 39","Bhopal","Transfer","ATM",462099.37,0.00,"Success","Fund transfer"
532,"2025-12-14 05:49:28",122,"Ritu Pandey",100100000121,"Student Account","SBI Lucknow Branch 19","Lucknow","Deposit","IMPS",220825.13,233104.13,"Success","Cash deposit"
533,"2023-12-08 10:10:07",11,"Komal Pandey",100100000010,"Savings Account","SBI Surat Branch 29","Surat","Interest","System",79940.78,355397.78,"Success","Interest credited"
534,"2024-04-17 13:08:16",169,"Rahul Pandey",100100000168,"Senior Citizen Savings Account","SBI Hyderabad Branch 41","Hyderabad","Charge","System",305383.34,0.00,"Success","Service charge"
535,"2023-07-14 10:33:50",191,"Asha Sharma",100100000265,"Current Account","SBI Pune Branch 8","Pune","Interest","System",305434.27,343962.27,"Success","Interest credited"
536,"2022-07-16 00:02:48",18,"Vivek Verma",100100000017,"NRI Savings Account","SBI Bengaluru Branch 38","Bengaluru","Deposit","RTGS",78832.58,155187.55,"Success","Cash deposit"
537,"2024-09-23 22:14:13",153,"Mohit Sinha",100100000152,"Student Account","SBI Nagpur Branch 31","Nagpur","Charge","System",420285.52,995864.33,"Success","Service charge"
538,"2022-09-01 12:23:41",86,"Komal Verma",100100000085,"Savings Account","SBI Noida Branch 18","Noida","Interest","System",495475.76,495475.76,"Success","Interest credited"
539,"2022-06-09 08:58:08",165,"Riya Kumar",100100000164,"Recurring Deposit Account","SBI Surat Branch 6","Surat","Deposit","ATM",293806.20,419810.22,"Success","Cash deposit"
540,"2024-03-30 16:27:09",185,"Rahul Kumar",100100000207,"Savings Account","SBI Bhopal Branch 23","Bhopal","Transfer","NEFT",416098.59,0.00,"Success","Fund transfer"
541,"2025-03-31 06:00:04",74,"Rahul Kumar",100100000073,"Current Account","SBI Bengaluru Branch 16","Bengaluru","Charge","System",163375.34,470743.31,"Success","Service charge"
542,"2025-08-30 21:28:56",150,"Ankit Verma",100100000149,"Salary Account","SBI Chennai Branch 40","Chennai","Withdrawal","UPI",382740.25,0.00,"Success","Cash withdrawal"
543,"2024-03-22 02:05:45",59,"Nitin Nair",100100000058,"Recurring Deposit Account","SBI Surat Branch 6","Surat","Transfer","Cheque",144646.88,2948.80,"Success","Fund transfer"
544,"2024-12-06 01:00:46",193,"Vikas Verma",100100000203,"Salary Account","SBI Noida Branch 32","Noida","Interest","System",22400.77,175672.84,"Success","Interest credited"
545,"2023-08-18 14:00:11",69,"Ritu Pandey",100100000245,"Savings Account","SBI Bengaluru Branch 7","Bengaluru","Withdrawal","ATM",87413.30,108968.82,"Success","Cash withdrawal"
546,"2023-03-24 23:25:43",62,"Ritu Yadav",100100000280,"Recurring Deposit Account","SBI Nagpur Branch 31","Nagpur","Withdrawal","IMPS",194997.13,98174.00,"Pending","Cash withdrawal"
547,"2022-11-20 22:18:34",131,"Divya Yadav",100100000258,"Savings Account","SBI Surat Branch 3","Surat","Transfer","Cash",200162.48,162892.68,"Success","Fund transfer"
548,"2026-06-05 18:05:54",73,"Karan Yadav",100100000226,"NRI Savings Account","SBI Bhubaneswar Branch 22","Bhubaneswar","Transfer","IMPS",426127.03,0.00,"Success","Fund transfer"
549,"2024-12-07 16:00:16",143,"Rohit Mishra",100100000252,"Recurring Deposit Account","SBI Gurugram Branch 49","Gurugram","Withdrawal","RTGS",153502.14,0.00,"Success","Cash withdrawal"
550,"2026-07-09 11:48:23",178,"Arjun Kumar",100100000227,"Current Account","SBI Kolkata Branch 42","Kolkata","Withdrawal","RTGS",405822.49,0.00,"Success","Cash withdrawal"
551,"2024-09-17 22:50:59",194,"Harsh Agarwal",100100000193,"Student Account","SBI Noida Branch 2","Noida","Deposit","IMPS",70828.08,70828.08,"Success","Cash deposit"
552,"2025-02-18 15:02:02",58,"Kavita Sharma",100100000057,"Fixed Deposit Account","SBI Kochi Branch 46","Kochi","Interest","System",495423.37,495423.37,"Success","Interest credited"
553,"2024-08-20 01:43:24",102,"Asha Sinha",100100000101,"Student Account","SBI Bengaluru Branch 50","Bengaluru","Interest","System",105927.56,619574.58,"Success","Interest credited"
554,"2022-10-05 22:12:20",179,"Ritu Mishra",100100000178,"Savings Account","SBI Bengaluru Branch 16","Bengaluru","Transfer","NEFT",166978.85,401374.86,"Pending","Fund transfer"
555,"2022-05-24 06:50:50",38,"Neha Patel",100100000037,"Student Account","SBI Bengaluru Branch 7","Bengaluru","Withdrawal","RTGS",50998.06,239900.94,"Success","Cash withdrawal"
556,"2024-07-22 11:37:39",28,"Nitin Reddy",100100000027,"Savings Account","SBI Gurugram Branch 45","Gurugram","Interest","System",193284.60,471589.86,"Success","Interest credited"
557,"2023-10-21 03:54:38",155,"Manish Pandey",100100000154,"Fixed Deposit Account","SBI Pune Branch 11","Pune","Charge","ATM",272683.45,0.00,"Success","Service charge"
558,"2024-10-31 13:57:06",69,"Ritu Pandey",100100000068,"NRI Savings Account","SBI Surat Branch 30","Surat","Withdrawal","NEFT",396458.51,0.00,"Success","Cash withdrawal"
559,"2024-02-17 04:38:43",46,"Priya Mishra",100100000222,"Salary Account","SBI Indore Branch 27","Indore","Withdrawal","UPI",166829.44,108142.39,"Success","Cash withdrawal"
560,"2023-10-11 16:20:48",161,"Riya Singh",100100000160,"Savings Account","SBI Pune Branch 1","Pune","Interest","System",244521.58,302088.58,"Success","Interest credited"
561,"2023-09-06 10:08:38",183,"Neha Nair",100100000244,"Savings Account","SBI Bhubaneswar Branch 22","Bhubaneswar","Deposit","Cash",445570.63,110407.71,"Failed","Cash deposit"
562,"2023-07-20 04:01:09",136,"Priya Sharma",100100000256,"Student Account","SBI Surat Branch 3","Surat","Charge","ATM",477695.48,0.00,"Success","Service charge"
563,"2025-06-23 16:27:02",93,"Arjun Sinha",100100000092,"Current Account","SBI Bengaluru Branch 38","Bengaluru","Charge","ATM",221620.35,0.00,"Success","Service charge"
564,"2025-01-20 13:39:17",104,"Harsh Pandey",100100000103,"Student Account","SBI Bhopal Branch 35","Bhopal","Transfer","Cheque",233406.21,0.00,"Success","Fund transfer"
565,"2024-10-17 22:10:53",200,"Harsh Mishra",100100000199,"Savings Account","SBI Gurugram Branch 45","Gurugram","Interest","System",186443.15,215174.15,"Success","Interest credited"
566,"2024-11-08 14:50:09",80,"Arjun Patel",100100000079,"Recurring Deposit Account","SBI Bhopal Branch 23","Bhopal","Deposit","UPI",471445.74,471445.74,"Success","Cash deposit"
567,"2025-08-24 23:00:53",121,"Manish Agarwal",100100000120,"Savings Account","SBI Indore Branch 27","Indore","Deposit","Cheque",84618.32,370570.31,"Success","Cash deposit"
568,"2023-07-11 04:31:55",82,"Meena Gupta",100100000081,"Student Account","SBI Noida Branch 28","Noida","Deposit","RTGS",120331.58,289877.56,"Success","Cash deposit"
569,"2022-10-22 00:54:10",112,"Mohit Mishra",100100000111,"Salary Account","SBI Surat Branch 30","Surat","Withdrawal","ATM",74375.51,97465.49,"Success","Cash withdrawal"
570,"2025-04-24 01:34:59",192,"Deepak Reddy",100100000191,"Salary Account","SBI Bengaluru Branch 38","Bengaluru","Withdrawal","RTGS",120152.04,0.00,"Success","Cash withdrawal"
571,"2022-07-24 08:01:49",189,"Rajesh Pandey",100100000188,"Fixed Deposit Account","SBI Pune Branch 8","Pune","Transfer","RTGS",394200.09,0.00,"Success","Fund transfer"
572,"2023-04-12 03:20:30",44,"Meena Reddy",100100000043,"Senior Citizen Savings Account","SBI Gurugram Branch 49","Gurugram","Deposit","Cash",379097.39,379097.39,"Success","Cash deposit"
573,"2024-05-09 22:34:35",111,"Shreya Singh",100100000220,"Senior Citizen Savings Account","SBI Indore Branch 27","Indore","Interest","System",475487.47,1778408.72,"Success","Interest credited"
574,"2022-10-12 11:29:32",7,"Neha Gupta",100100000006,"Savings Account","SBI Surat Branch 3","Surat","Transfer","NEFT",297661.33,0.00,"Success","Fund transfer"
575,"2026-02-03 09:27:32",16,"Amit Verma",100100000015,"Recurring Deposit Account","SBI Noida Branch 32","Noida","Interest","System",187956.42,187956.42,"Success","Interest credited"
576,"2024-03-01 20:46:06",57,"Divya Chauhan",100100000056,"Savings Account","SBI Bengaluru Branch 50","Bengaluru","Withdrawal","ATM",115617.99,29929.01,"Success","Cash withdrawal"
577,"2022-04-24 04:43:10",190,"Divya Kumar",100100000189,"Recurring Deposit Account","SBI Noida Branch 47","Noida","Deposit","ATM",395747.14,37867.00,"Pending","Cash deposit"
578,"2022-12-18 15:21:47",164,"Shreya Sinha",100100000163,"Student Account","SBI Indore Branch 27","Indore","Charge","Cheque",332117.18,0.00,"Success","Service charge"
579,"2022-10-27 17:21:23",161,"Riya Singh",100100000253,"Senior Citizen Savings Account","SBI Chennai Branch 40","Chennai","Interest","System",101705.44,0.00,"Pending","Interest credited"
580,"2025-12-25 16:43:18",37,"Neha Pandey",100100000036,"Student Account","SBI Bengaluru Branch 50","Bengaluru","Transfer","ATM",96816.51,371717.50,"Success","Fund transfer"
581,"2024-10-29 07:25:00",143,"Rohit Mishra",100100000252,"Recurring Deposit Account","SBI Gurugram Branch 49","Gurugram","Charge","ATM",384546.19,0.00,"Success","Service charge"
582,"2024-12-16 00:06:52",9,"Rohit Chauhan",100100000008,"Savings Account","SBI Surat Branch 4","Surat","Withdrawal","Cheque",133140.88,0.00,"Success","Cash withdrawal"
583,"2026-05-11 03:44:59",25,"Riya Reddy",100100000024,"Savings Account","SBI Gurugram Branch 33","Gurugram","Withdrawal","RTGS",496027.30,0.00,"Pending","Cash withdrawal"
584,"2025-04-05 21:27:27",174,"Meena Verma",100100000173,"Savings Account","SBI Chennai Branch 40","Chennai","Transfer","ATM",87905.76,183447.17,"Success","Fund transfer"
585,"2024-09-14 19:24:53",132,"Karan Chauhan",100100000131,"Recurring Deposit Account","SBI Surat Branch 44","Surat","Interest","System",376195.55,513686.55,"Success","Interest credited"
586,"2024-02-20 10:43:34",90,"Sakshi Jain",100100000089,"Current Account","SBI Surat Branch 44","Surat","Deposit","Cheque",473909.82,779171.75,"Success","Cash deposit"
587,"2024-07-24 22:57:32",99,"Komal Jain",100100000098,"Savings Account","SBI Noida Branch 32","Noida","Withdrawal","UPI",411030.40,0.00,"Success","Cash withdrawal"
588,"2023-07-11 00:34:07",92,"Ritu Chauhan",100100000091,"Fixed Deposit Account","SBI Pune Branch 43","Pune","Charge","System",73535.40,0.00,"Success","Service charge"
589,"2024-01-30 10:53:10",80,"Arjun Patel",100100000079,"Recurring Deposit Account","SBI Bhopal Branch 23","Bhopal","Transfer","ATM",214684.06,256761.68,"Success","Fund transfer"
590,"2025-04-29 01:28:28",126,"Rahul Kumar",100100000125,"Current Account","SBI Chennai Branch 40","Chennai","Interest","System",456857.75,701355.75,"Success","Interest credited"
591,"2024-03-13 12:27:37",95,"Rahul Kumar",100100000241,"Savings Account","SBI Delhi Branch 13","Delhi","Withdrawal","ATM",91289.25,176912.21,"Success","Cash withdrawal"
592,"2023-08-17 03:27:04",185,"Rahul Kumar",100100000281,"Senior Citizen Savings Account","SBI Surat Branch 30","Surat","Transfer","Cash",40508.27,133953.39,"Success","Fund transfer"
593,"2024-11-17 07:35:14",115,"Nidhi Agarwal",100100000233,"Salary Account","SBI Gurugram Branch 49","Gurugram","Interest","System",84239.28,84239.28,"Success","Interest credited"
594,"2023-02-20 10:05:19",149,"Anjali Mishra",100100000148,"Student Account","SBI Bengaluru Branch 7","Bengaluru","Deposit","UPI",454620.47,565870.60,"Success","Cash deposit"
595,"2025-04-20 07:58:44",34,"Rahul Sharma",100100000033,"NRI Savings Account","SBI Bhopal Branch 39","Bhopal","Charge","Cheque",396649.64,28486.49,"Success","Service charge"
596,"2024-05-22 09:31:46",102,"Asha Sinha",100100000101,"Student Account","SBI Bengaluru Branch 50","Bengaluru","Charge","ATM",49460.01,619574.58,"Pending","Service charge"
597,"2026-03-12 05:07:39",38,"Neha Patel",100100000037,"Student Account","SBI Bengaluru Branch 7","Bengaluru","Charge","Cheque",366622.64,0.00,"Success","Service charge"
598,"2023-01-18 19:19:53",80,"Arjun Patel",100100000079,"Recurring Deposit Account","SBI Bhopal Branch 23","Bhopal","Transfer","ATM",157629.85,99131.83,"Success","Fund transfer"
599,"2022-09-03 16:00:21",179,"Ritu Mishra",100100000178,"Savings Account","SBI Bengaluru Branch 16","Bengaluru","Withdrawal","NEFT",129655.09,271719.77,"Success","Cash withdrawal"
600,"2026-05-05 15:43:04",172,"Komal Patel",100100000171,"Salary Account","SBI Kochi Branch 46","Kochi","Charge","Cheque",208160.10,219945.68,"Success","Service charge"
601,"2025-08-04 21:55:08",22,"Asha Pandey",100100000021,"Student Account","SBI Gurugram Branch 33","Gurugram","Charge","Cheque",127928.92,502481.73,"Success","Service charge"
602,"2024-11-23 04:04:52",153,"Mohit Sinha",100100000152,"Student Account","SBI Nagpur Branch 31","Nagpur","Withdrawal","Cheque",293342.25,702522.08,"Success","Cash withdrawal"
603,"2025-07-06 06:22:32",98,"Suresh Sharma",100100000097,"Fixed Deposit Account","SBI Kolkata Branch 42","Kolkata","Interest","System",259951.18,259951.18,"Success","Interest credited"
604,"2022-07-30 01:43:51",88,"Arjun Kumar",100100000273,"NRI Savings Account","SBI Bengaluru Branch 50","Bengaluru","Transfer","Cheque",371149.11,333597.31,"Success","Fund transfer"
605,"2025-04-06 18:03:38",69,"Ritu Pandey",100100000068,"NRI Savings Account","SBI Surat Branch 30","Surat","Transfer","IMPS",111358.14,0.00,"Success","Fund transfer"
606,"2024-03-21 11:50:29",90,"Sakshi Jain",100100000089,"Current Account","SBI Surat Branch 44","Surat","Transfer","RTGS",159968.44,619203.31,"Success","Fund transfer"
607,"2023-07-03 18:39:05",156,"Shreya Yadav",100100000155,"Recurring Deposit Account","SBI Bhubaneswar Branch 22","Bhubaneswar","Transfer","Cheque",259073.54,0.00,"Success","Fund transfer"
608,"2025-05-03 03:58:34",17,"Komal Patel",100100000016,"Student Account","SBI Chennai Branch 40","Chennai","Interest","System",84525.72,552491.88,"Success","Interest credited"
609,"2025-01-23 17:23:39",172,"Komal Patel",100100000171,"Salary Account","SBI Kochi Branch 46","Kochi","Withdrawal","RTGS",409731.31,0.00,"Success","Cash withdrawal"
610,"2023-02-14 07:37:28",88,"Arjun Kumar",100100000087,"Senior Citizen Savings Account","SBI Gurugram Branch 49","Gurugram","Withdrawal","IMPS",224499.90,0.00,"Success","Cash withdrawal"
611,"2025-04-15 01:12:36",163,"Anjali Gupta",100100000212,"Current Account","SBI Delhi Branch 14","Delhi","Interest","System",207707.53,207707.53,"Success","Interest credited"
612,"2022-05-03 09:53:03",192,"Deepak Reddy",100100000228,"Salary Account","SBI Kolkata Branch 42","Kolkata","Interest","System",23424.52,23424.52,"Success","Interest credited"
613,"2025-12-05 03:30:26",64,"Riya Singh",100100000063,"Fixed Deposit Account","SBI Patna Branch 17","Patna","Charge","Cheque",55820.57,198689.43,"Success","Service charge"
614,"2023-02-05 11:29:47",74,"Rahul Kumar",100100000073,"Current Account","SBI Bengaluru Branch 16","Bengaluru","Deposit","Cash",448808.14,919551.45,"Success","Cash deposit"
615,"2023-01-29 14:57:06",188,"Nitin Jain",100100000187,"Recurring Deposit Account","SBI Patna Branch 9","Patna","Deposit","Cheque",55206.57,55206.57,"Success","Cash deposit"
616,"2024-03-04 01:50:26",175,"Pooja Jain",100100000174,"Fixed Deposit Account","SBI Pune Branch 11","Pune","Interest","System",394577.48,394577.48,"Success","Interest credited"
617,"2023-03-15 15:11:38",116,"Riya Sinha",100100000115,"Salary Account","SBI Noida Branch 47","Noida","Withdrawal","IMPS",167607.68,86517.32,"Success","Cash withdrawal"
618,"2022-04-07 21:36:14",141,"Rohit Patel",100100000140,"Savings Account","SBI Chennai Branch 21","Chennai","Transfer","NEFT",375374.36,0.00,"Success","Fund transfer"
619,"2025-02-12 02:29:35",182,"Komal Gupta",100100000255,"Salary Account","SBI Noida Branch 18","Noida","Transfer","IMPS",407498.12,0.00,"Success","Fund transfer"
620,"2025-04-06 11:02:16",8,"Neha Gupta",100100000007,"Senior Citizen Savings Account","SBI Delhi Branch 14","Delhi","Charge","System",205986.42,402394.03,"Success","Service charge"
621,"2026-03-16 22:34:31",178,"Arjun Kumar",100100000208,"NRI Savings Account","SBI Gurugram Branch 49","Gurugram","Deposit","UPI",330623.20,330623.20,"Success","Cash deposit"
622,"2026-03-23 06:41:38",145,"Nidhi Nair",100100000299,"Student Account","SBI Surat Branch 10","Surat","Deposit","UPI",60727.28,152190.83,"Pending","Cash deposit"
623,"2022-11-02 14:26:40",200,"Harsh Mishra",100100000199,"Savings Account","SBI Gurugram Branch 45","Gurugram","Charge","ATM",405835.99,0.00,"Success","Service charge"
624,"2023-11-16 23:01:52",95,"Rahul Kumar",100100000094,"Savings Account","SBI Bhubaneswar Branch 25","Bhubaneswar","Charge","Cheque",452226.13,0.00,"Success","Service charge"
625,"2024-09-18 08:03:59",66,"Harsh Sinha",100100000065,"Recurring Deposit Account","SBI Bhubaneswar Branch 22","Bhubaneswar","Charge","ATM",388718.78,0.00,"Success","Service charge"
626,"2023-04-03 11:16:38",178,"Arjun Kumar",100100000227,"Current Account","SBI Kolkata Branch 42","Kolkata","Charge","Cheque",265604.96,0.00,"Success","Service charge"
627,"2026-06-26 03:47:36",12,"Vivek Mishra",100100000011,"Student Account","SBI Gurugram Branch 36","Gurugram","Deposit","UPI",198028.19,367482.86,"Success","Cash deposit"
628,"2024-03-16 21:49:19",134,"Nitin Sharma",100100000200,"Salary Account","SBI Pune Branch 43","Pune","Interest","System",45240.53,547164.12,"Success","Interest credited"
629,"2025-02-02 04:14:57",27,"Sakshi Sinha",100100000026,"Student Account","SBI Bhopal Branch 37","Bhopal","Transfer","UPI",475250.25,384361.11,"Success","Fund transfer"
630,"2022-01-31 19:53:16",92,"Ritu Chauhan",100100000249,"NRI Savings Account","SBI Pune Branch 43","Pune","Deposit","RTGS",71544.64,71544.64,"Success","Cash deposit"
631,"2022-05-17 08:35:29",191,"Asha Sharma",100100000265,"Current Account","SBI Pune Branch 8","Pune","Transfer","IMPS",179954.07,164008.20,"Success","Fund transfer"
632,"2023-04-28 07:36:22",85,"Kavita Nair",100100000084,"Current Account","SBI Bhubaneswar Branch 25","Bhubaneswar","Deposit","IMPS",359148.16,359148.16,"Success","Cash deposit"
633,"2025-11-07 07:05:59",118,"Sneha Singh",100100000117,"Savings Account","SBI Bengaluru Branch 15","Bengaluru","Charge","System",203714.98,0.00,"Success","Service charge"
634,"2025-03-08 06:34:45",39,"Riya Reddy",100100000038,"Senior Citizen Savings Account","SBI Chandigarh Branch 5","Chandigarh","Interest","System",255793.86,191167.14,"Pending","Interest credited"
635,"2022-11-29 03:59:44",196,"Manish Chauhan",100100000195,"Fixed Deposit Account","SBI Pune Branch 11","Pune","Withdrawal","NEFT",55986.60,385598.82,"Success","Cash withdrawal"
636,"2025-06-06 03:49:22",78,"Sneha Verma",100100000216,"Savings Account","SBI Bengaluru Branch 15","Bengaluru","Transfer","RTGS",72264.74,159771.26,"Success","Fund transfer"
637,"2023-03-18 06:19:47",59,"Nitin Nair",100100000058,"Recurring Deposit Account","SBI Surat Branch 6","Surat","Deposit","ATM",287303.69,290252.49,"Success","Cash deposit"
638,"2024-10-11 10:14:43",82,"Meena Gupta",100100000081,"Student Account","SBI Noida Branch 28","Noida","Withdrawal","ATM",35762.23,254115.33,"Success","Cash withdrawal"
639,"2024-03-30 13:10:50",144,"Rahul Mishra",100100000143,"NRI Savings Account","SBI Surat Branch 6","Surat","Withdrawal","RTGS",325646.42,0.00,"Success","Cash withdrawal"
640,"2026-04-08 02:30:15",120,"Nidhi Agarwal",100100000297,"Salary Account","SBI Kolkata Branch 42","Kolkata","Deposit","ATM",64015.13,144669.13,"Success","Cash deposit"
641,"2023-05-12 20:33:15",183,"Neha Nair",100100000244,"Savings Account","SBI Bhubaneswar Branch 22","Bhubaneswar","Charge","Cheque",228735.44,0.00,"Success","Service charge"
642,"2025-02-08 21:55:49",138,"Sakshi Chauhan",100100000137,"Fixed Deposit Account","SBI Pune Branch 8","Pune","Charge","Cheque",127249.88,0.00,"Success","Service charge"
643,"2025-01-14 13:12:40",136,"Priya Sharma",100100000256,"Student Account","SBI Surat Branch 3","Surat","Transfer","Cash",180924.15,0.00,"Success","Fund transfer"
644,"2024-06-05 07:17:20",24,"Riya Patel",100100000023,"NRI Savings Account","SBI Nagpur Branch 34","Nagpur","Deposit","IMPS",443171.69,593544.39,"Success","Cash deposit"
645,"2026-06-10 04:33:42",7,"Neha Gupta",100100000006,"Savings Account","SBI Surat Branch 3","Surat","Interest","System",287508.30,287508.30,"Success","Interest credited"
646,"2025-04-25 11:56:32",186,"Neha Gupta",100100000185,"Senior Citizen Savings Account","SBI Bhopal Branch 35","Bhopal","Withdrawal","RTGS",166803.98,195644.02,"Success","Cash withdrawal"
647,"2023-11-15 17:35:21",149,"Anjali Mishra",100100000270,"Student Account","SBI Kolkata Branch 42","Kolkata","Charge","System",77964.00,277882.12,"Success","Service charge"
648,"2024-09-13 16:14:57",60,"Rahul Sinha",100100000059,"Savings Account","SBI Pune Branch 11","Pune","Charge","Cheque",52409.10,484273.16,"Success","Service charge"
649,"2023-10-23 22:58:33",112,"Mohit Mishra",100100000111,"Salary Account","SBI Surat Branch 30","Surat","Withdrawal","ATM",304344.04,0.00,"Success","Cash withdrawal"
650,"2022-10-15 09:42:17",197,"Rajesh Yadav",100100000196,"Senior Citizen Savings Account","SBI Kochi Branch 46","Kochi","Deposit","NEFT",125967.01,125967.01,"Success","Cash deposit"
651,"2024-04-18 04:27:18",155,"Manish Pandey",100100000154,"Fixed Deposit Account","SBI Pune Branch 11","Pune","Deposit","NEFT",463182.60,463182.60,"Success","Cash deposit"
652,"2022-09-23 17:38:13",117,"Priya Patel",100100000116,"NRI Savings Account","SBI Chennai Branch 40","Chennai","Transfer","NEFT",213467.70,82588.30,"Success","Fund transfer"
653,"2023-01-02 21:26:34",27,"Sakshi Sinha",100100000026,"Student Account","SBI Bhopal Branch 37","Bhopal","Charge","System",12532.82,371828.29,"Success","Service charge"
654,"2024-11-18 14:38:25",41,"Vivek Patel",100100000040,"Recurring Deposit Account","SBI Ahmedabad Branch 24","Ahmedabad","Interest","System",414592.73,481723.09,"Success","Interest credited"
655,"2022-12-06 05:12:41",167,"Mohit Jain",100100000230,"Recurring Deposit Account","SBI Bengaluru Branch 7","Bengaluru","Deposit","Cash",279920.14,473743.07,"Success","Cash deposit"
656,"2024-07-11 18:10:37",88,"Arjun Kumar",100100000273,"NRI Savings Account","SBI Bengaluru Branch 50","Bengaluru","Charge","Cheque",408445.73,0.00,"Success","Service charge"
657,"2025-02-17 21:17:26",85,"Kavita Nair",100100000084,"Current Account","SBI Bhubaneswar Branch 25","Bhubaneswar","Withdrawal","UPI",134478.30,224669.86,"Success","Cash withdrawal"
658,"2023-06-15 19:51:16",163,"Anjali Gupta",100100000212,"Current Account","SBI Delhi Branch 14","Delhi","Interest","System",103517.45,207707.53,"Pending","Interest credited"
659,"2022-10-16 15:24:52",116,"Riya Sinha",100100000201,"Salary Account","SBI Bengaluru Branch 7","Bengaluru","Interest","System",460092.35,842438.69,"Success","Interest credited"
660,"2023-05-09 18:38:13",141,"Rohit Patel",100100000140,"Savings Account","SBI Chennai Branch 21","Chennai","Interest","System",18644.05,18644.05,"Success","Interest credited"
661,"2022-08-21 22:14:47",29,"Mohit Yadav",100100000028,"Student Account","SBI Bhopal Branch 39","Bhopal","Charge","System",85068.21,0.00,"Success","Service charge"
662,"2024-10-01 16:12:22",50,"Suresh Chauhan",100100000049,"Current Account","SBI Bhubaneswar Branch 22","Bhubaneswar","Charge","System",343631.82,0.00,"Success","Service charge"
663,"2022-03-09 11:39:16",67,"Pooja Kumar",100100000066,"NRI Savings Account","SBI Chandigarh Branch 5","Chandigarh","Interest","System",268174.21,268174.21,"Success","Interest credited"
664,"2024-03-04 06:26:35",17,"Komal Patel",100100000016,"Student Account","SBI Chennai Branch 40","Chennai","Deposit","Cheque",454610.98,1007102.86,"Success","Cash deposit"
665,"2026-05-27 15:11:59",97,"Riya Kumar",100100000096,"Fixed Deposit Account","SBI Indore Branch 20","Indore","Interest","System",22278.98,106144.23,"Success","Interest credited"
666,"2023-04-23 10:29:46",71,"Sakshi Reddy",100100000070,"Fixed Deposit Account","SBI Pune Branch 43","Pune","Charge","System",155065.92,0.00,"Success","Service charge"
667,"2024-10-03 17:47:51",78,"Sneha Verma",100100000216,"Savings Account","SBI Bengaluru Branch 15","Bengaluru","Interest","System",78609.69,238380.95,"Success","Interest credited"
668,"2022-10-01 19:50:26",136,"Priya Sharma",100100000135,"Savings Account","SBI Bhopal Branch 37","Bhopal","Charge","ATM",297768.59,0.00,"Success","Service charge"
669,"2024-04-02 00:57:45",54,"Meena Singh",100100000269,"Fixed Deposit Account","SBI Bhopal Branch 23","Bhopal","Interest","System",339575.01,339575.01,"Success","Interest credited"
670,"2023-10-03 05:23:15",72,"Anjali Singh",100100000071,"Savings Account","SBI Pune Branch 8","Pune","Charge","System",90744.14,0.00,"Success","Service charge"
671,"2023-08-01 11:38:48",134,"Nitin Sharma",100100000133,"Savings Account","SBI Bengaluru Branch 50","Bengaluru","Charge","System",371743.49,0.00,"Success","Service charge"
672,"2025-01-30 06:25:53",154,"Vikas Sharma",100100000153,"Savings Account","SBI Noida Branch 32","Noida","Withdrawal","Cheque",436523.49,0.00,"Success","Cash withdrawal"
673,"2023-11-06 20:56:31",80,"Arjun Patel",100100000079,"Recurring Deposit Account","SBI Bhopal Branch 23","Bhopal","Transfer","RTGS",148621.92,0.00,"Success","Fund transfer"
674,"2023-01-11 08:31:12",95,"Rahul Kumar",100100000094,"Savings Account","SBI Bhubaneswar Branch 25","Bhubaneswar","Withdrawal","IMPS",293355.14,0.00,"Success","Cash withdrawal"
675,"2022-05-04 18:56:04",90,"Sakshi Jain",100100000284,"Savings Account","SBI Patna Branch 17","Patna","Interest","System",373409.99,715978.28,"Success","Interest credited"
676,"2024-08-23 10:05:44",96,"Manish Yadav",100100000095,"Student Account","SBI Bengaluru Branch 7","Bengaluru","Charge","System",242454.43,166438.24,"Success","Service charge"
677,"2023-09-20 15:59:50",147,"Nitin Jain",100100000146,"Student Account","SBI Kochi Branch 46","Kochi","Deposit","ATM",170550.09,0.00,"Failed","Cash deposit"
678,"2026-05-24 19:43:30",25,"Riya Reddy",100100000024,"Savings Account","SBI Gurugram Branch 33","Gurugram","Interest","System",355014.41,355014.41,"Success","Interest credited"
679,"2022-03-27 11:14:47",75,"Neha Chauhan",100100000250,"Recurring Deposit Account","SBI Bengaluru Branch 7","Bengaluru","Charge","Cheque",298981.65,0.00,"Success","Service charge"
680,"2026-05-21 03:35:14",136,"Priya Sharma",100100000135,"Savings Account","SBI Bhopal Branch 37","Bhopal","Transfer","Cash",426262.08,0.00,"Success","Fund transfer"
681,"2023-01-15 15:10:42",65,"Amit Sharma",100100000064,"Recurring Deposit Account","SBI Gurugram Branch 45","Gurugram","Charge","ATM",253363.92,0.00,"Success","Service charge"
682,"2023-11-12 05:15:02",194,"Harsh Agarwal",100100000193,"Student Account","SBI Noida Branch 2","Noida","Deposit","ATM",455325.38,526153.46,"Success","Cash deposit"
683,"2025-09-19 23:56:51",163,"Anjali Gupta",100100000212,"Current Account","SBI Delhi Branch 14","Delhi","Withdrawal","Cheque",270437.66,0.00,"Success","Cash withdrawal"
684,"2024-12-20 14:23:40",95,"Rahul Kumar",100100000094,"Savings Account","SBI Bhubaneswar Branch 25","Bhubaneswar","Transfer","RTGS",466250.70,0.00,"Success","Fund transfer"
685,"2025-11-26 07:45:08",117,"Priya Patel",100100000116,"NRI Savings Account","SBI Chennai Branch 40","Chennai","Deposit","UPI",383067.09,465655.39,"Success","Cash deposit"
686,"2024-04-08 23:10:02",160,"Arjun Chauhan",100100000159,"Salary Account","SBI Bengaluru Branch 15","Bengaluru","Transfer","ATM",439970.48,0.00,"Success","Fund transfer"
687,"2023-05-20 14:23:52",17,"Komal Patel",100100000016,"Student Account","SBI Chennai Branch 40","Chennai","Withdrawal","RTGS",471535.15,535567.71,"Success","Cash withdrawal"
688,"2024-12-24 03:00:21",40,"Sneha Nair",100100000039,"Salary Account","SBI Pune Branch 11","Pune","Withdrawal","RTGS",497806.91,0.00,"Success","Cash withdrawal"
689,"2026-06-06 14:53:05",69,"Ritu Pandey",100100000245,"Savings Account","SBI Bengaluru Branch 7","Bengaluru","Transfer","NEFT",320052.05,0.00,"Success","Fund transfer"
690,"2026-01-20 23:14:13",62,"Ritu Yadav",100100000061,"Recurring Deposit Account","SBI Noida Branch 2","Noida","Charge","System",212023.71,0.00,"Success","Service charge"
691,"2025-11-14 02:23:43",168,"Meena Gupta",100100000289,"Senior Citizen Savings Account","SBI Gurugram Branch 48","Gurugram","Deposit","Cash",42764.24,42764.24,"Success","Cash deposit"
692,"2023-12-12 05:43:36",109,"Kavita Jain",100100000108,"Recurring Deposit Account","SBI Ahmedabad Branch 24","Ahmedabad","Transfer","NEFT",463825.61,0.00,"Success","Fund transfer"
693,"2022-10-03 14:47:38",90,"Sakshi Jain",100100000284,"Savings Account","SBI Patna Branch 17","Patna","Transfer","Cheque",330988.64,384989.64,"Success","Fund transfer"
694,"2023-05-13 19:57:17",159,"Kavita Singh",100100000158,"Savings Account","SBI Noida Branch 32","Noida","Transfer","UPI",488166.52,0.00,"Success","Fund transfer"
695,"2023-05-24 09:19:38",90,"Sakshi Jain",100100000292,"Recurring Deposit Account","SBI Bengaluru Branch 16","Bengaluru","Deposit","UPI",152256.12,463207.62,"Failed","Cash deposit"
696,"2025-05-05 19:14:18",76,"Harsh Kumar",100100000075,"Savings Account","SBI Delhi Branch 13","Delhi","Transfer","ATM",315317.98,0.00,"Success","Fund transfer"
697,"2025-02-19 15:01:36",95,"Rahul Kumar",100100000094,"Savings Account","SBI Bhubaneswar Branch 25","Bhubaneswar","Interest","System",409716.06,409716.06,"Success","Interest credited"
698,"2022-02-28 07:06:01",46,"Priya Mishra",100100000045,"Current Account","SBI Bengaluru Branch 7","Bengaluru","Charge","ATM",33269.95,316437.08,"Success","Service charge"
699,"2025-12-19 19:44:42",17,"Komal Patel",100100000275,"Savings Account","SBI Surat Branch 44","Surat","Withdrawal","ATM",309357.25,0.00,"Success","Cash withdrawal"
700,"2025-02-09 10:51:51",63,"Rajesh Kumar",100100000062,"Recurring Deposit Account","SBI Pune Branch 8","Pune","Deposit","RTGS",265364.67,265364.67,"Success","Cash deposit"
701,"2024-05-05 12:59:12",73,"Karan Yadav",100100000072,"Current Account","SBI Lucknow Branch 19","Lucknow","Transfer","RTGS",155832.62,968310.69,"Success","Fund transfer"
702,"2023-09-05 14:57:03",78,"Sneha Verma",100100000077,"Savings Account","SBI Bengaluru Branch 7","Bengaluru","Transfer","ATM",204842.11,0.00,"Pending","Fund transfer"
703,"2025-04-16 09:29:39",191,"Asha Sharma",100100000295,"Senior Citizen Savings Account","SBI Gurugram Branch 36","Gurugram","Interest","System",299818.77,432582.41,"Pending","Interest credited"
704,"2025-08-03 14:06:46",195,"Amit Agarwal",100100000279,"Current Account","SBI Patna Branch 17","Patna","Charge","System",132161.78,0.00,"Success","Service charge"
705,"2023-12-07 20:01:19",51,"Rohit Yadav",100100000288,"NRI Savings Account","SBI Patna Branch 26","Patna","Withdrawal","ATM",173426.49,111877.78,"Success","Cash withdrawal"
706,"2026-04-29 19:37:52",137,"Priya Pandey",100100000136,"Fixed Deposit Account","SBI Bengaluru Branch 50","Bengaluru","Deposit","NEFT",491626.66,1157791.44,"Success","Cash deposit"
707,"2024-03-15 05:50:36",32,"Ankit Reddy",100100000031,"Recurring Deposit Account","SBI Bengaluru Branch 7","Bengaluru","Deposit","UPI",63734.77,341026.89,"Success","Cash deposit"
708,"2025-01-23 12:26:39",77,"Anjali Mishra",100100000243,"Savings Account","SBI Kolkata Branch 42","Kolkata","Charge","ATM",45690.93,0.00,"Failed","Service charge"
709,"2024-02-17 20:41:42",72,"Anjali Singh",100100000217,"Savings Account","SBI Bengaluru Branch 38","Bengaluru","Charge","ATM",234902.27,0.00,"Success","Service charge"
710,"2026-07-08 05:59:55",33,"Deepak Jain",100100000032,"Student Account","SBI Lucknow Branch 19","Lucknow","Charge","ATM",47041.17,0.00,"Success","Service charge"
711,"2026-02-24 16:46:42",82,"Meena Gupta",100100000081,"Student Account","SBI Noida Branch 28","Noida","Charge","ATM",91117.52,162997.81,"Success","Service charge"
712,"2026-01-07 18:32:55",149,"Anjali Mishra",100100000148,"Student Account","SBI Bengaluru Branch 7","Bengaluru","Interest","System",486281.41,1052152.01,"Success","Interest credited"
713,"2024-08-07 00:37:15",135,"Shreya Chauhan",100100000134,"Fixed Deposit Account","SBI Gurugram Branch 36","Gurugram","Charge","ATM",53197.94,545680.72,"Success","Service charge"
714,"2024-09-12 01:51:55",167,"Mohit Jain",100100000230,"Recurring Deposit Account","SBI Bengaluru Branch 7","Bengaluru","Transfer","Cash",242107.62,231635.45,"Success","Fund transfer"
715,"2023-10-25 12:53:22",190,"Divya Kumar",100100000189,"Recurring Deposit Account","SBI Noida Branch 47","Noida","Withdrawal","IMPS",165741.58,0.00,"Success","Cash withdrawal"
716,"2024-09-20 06:44:34",51,"Rohit Yadav",100100000206,"Savings Account","SBI Noida Branch 2","Noida","Withdrawal","IMPS",78530.61,0.00,"Success","Cash withdrawal"
717,"2024-04-10 14:49:54",30,"Vikas Gupta",100100000029,"Savings Account","SBI Bhopal Branch 39","Bhopal","Interest","System",381394.94,860669.50,"Success","Interest credited"
718,"2024-05-28 11:45:05",42,"Pooja Gupta",100100000211,"Current Account","SBI Chennai Branch 21","Chennai","Interest","System",482859.62,1027721.22,"Success","Interest credited"
719,"2025-02-14 01:00:14",146,"Manish Agarwal",100100000145,"NRI Savings Account","SBI Bengaluru Branch 7","Bengaluru","Interest","System",213405.79,730621.51,"Success","Interest credited"
720,"2025-11-07 12:18:42",136,"Priya Sharma",100100000135,"Savings Account","SBI Bhopal Branch 37","Bhopal","Withdrawal","UPI",493853.54,0.00,"Success","Cash withdrawal"
721,"2025-08-11 01:30:57",79,"Vikas Agarwal",100100000078,"Student Account","SBI Surat Branch 4","Surat","Interest","System",224899.68,544469.68,"Success","Interest credited"
722,"2022-10-05 05:43:14",191,"Asha Sharma",100100000190,"Current Account","SBI Nagpur Branch 34","Nagpur","Interest","System",302089.05,862091.07,"Success","Interest credited"
723,"2023-09-04 19:45:48",34,"Rahul Sharma",100100000033,"NRI Savings Account","SBI Bhopal Branch 39","Bhopal","Charge","ATM",134194.47,0.00,"Success","Service charge"
724,"2023-04-04 04:01:17",109,"Kavita Jain",100100000108,"Recurring Deposit Account","SBI Ahmedabad Branch 24","Ahmedabad","Charge","ATM",224272.43,0.00,"Success","Service charge"
725,"2022-03-01 01:40:09",160,"Arjun Chauhan",100100000159,"Salary Account","SBI Bengaluru Branch 15","Bengaluru","Charge","Cheque",109320.99,0.00,"Success","Service charge"
726,"2025-07-18 18:16:55",183,"Neha Nair",100100000244,"Savings Account","SBI Bhubaneswar Branch 22","Bhubaneswar","Deposit","UPI",328058.48,328058.48,"Success","Cash deposit"
727,"2023-06-07 13:58:48",158,"Suresh Verma",100100000157,"Senior Citizen Savings Account","SBI Surat Branch 29","Surat","Transfer","Cash",237029.57,0.00,"Pending","Fund transfer"
728,"2026-06-22 18:17:32",61,"Sakshi Pandey",100100000060,"Savings Account","SBI Kolkata Branch 42","Kolkata","Transfer","NEFT",351118.50,0.00,"Success","Fund transfer"
729,"2024-06-22 01:10:16",14,"Sneha Nair",100100000013,"Fixed Deposit Account","SBI Nagpur Branch 34","Nagpur","Interest","System",494899.06,608405.06,"Success","Interest credited"
730,"2025-01-07 01:06:34",158,"Suresh Verma",100100000157,"Senior Citizen Savings Account","SBI Surat Branch 29","Surat","Charge","ATM",320644.45,0.00,"Success","Service charge"
731,"2025-12-23 05:56:17",41,"Vivek Patel",100100000040,"Recurring Deposit Account","SBI Ahmedabad Branch 24","Ahmedabad","Withdrawal","IMPS",5073.39,476649.70,"Success","Cash withdrawal"
732,"2026-06-01 15:44:41",113,"Manish Yadav",100100000238,"Senior Citizen Savings Account","SBI Surat Branch 6","Surat","Interest","System",497973.00,497973.00,"Success","Interest credited"
733,"2025-07-31 02:10:04",14,"Sneha Nair",100100000013,"Fixed Deposit Account","SBI Nagpur Branch 34","Nagpur","Withdrawal","Cash",354445.73,253959.33,"Success","Cash withdrawal"
734,"2025-03-16 10:01:41",26,"Rahul Patel",100100000025,"Savings Account","SBI Chennai Branch 21","Chennai","Deposit","NEFT",260008.44,676388.17,"Success","Cash deposit"
735,"2026-06-10 10:35:59",111,"Shreya Singh",100100000204,"Savings Account","SBI Bengaluru Branch 7","Bengaluru","Charge","Cheque",1981.99,640582.17,"Success","Service charge"
736,"2024-03-31 23:16:27",178,"Arjun Kumar",100100000208,"NRI Savings Account","SBI Gurugram Branch 49","Gurugram","Transfer","Cheque",316625.89,13997.31,"Success","Fund transfer"
737,"2022-06-27 07:16:38",13,"Nitin Yadav",100100000012,"Recurring Deposit Account","SBI Bengaluru Branch 16","Bengaluru","Transfer","RTGS",423921.69,0.00,"Success","Fund transfer"
738,"2022-01-29 08:59:27",146,"Manish Agarwal",100100000231,"Recurring Deposit Account","SBI Hyderabad Branch 41","Hyderabad","Interest","System",35910.73,35910.73,"Success","Interest credited"
739,"2024-01-21 20:11:07",131,"Divya Yadav",100100000130,"Student Account","SBI Bhopal Branch 37","Bhopal","Charge","Cheque",108551.24,0.00,"Success","Service charge"
740,"2024-05-24 09:13:01",134,"Nitin Sharma",100100000200,"Salary Account","SBI Pune Branch 43","Pune","Deposit","UPI",315288.25,862452.37,"Success","Cash deposit"
741,"2023-11-13 17:52:37",92,"Ritu Chauhan",100100000091,"Fixed Deposit Account","SBI Pune Branch 43","Pune","Withdrawal","RTGS",29832.71,0.00,"Failed","Cash withdrawal"
742,"2022-03-10 07:00:19",171,"Vikas Patel",100100000263,"Salary Account","SBI Bengaluru Branch 16","Bengaluru","Charge","Cheque",479365.74,0.00,"Success","Service charge"
743,"2025-06-07 19:26:55",110,"Rajesh Gupta",100100000109,"Student Account","SBI Pune Branch 43","Pune","Deposit","IMPS",134099.46,622318.08,"Success","Cash deposit"
744,"2025-09-06 08:40:18",69,"Ritu Pandey",100100000245,"Savings Account","SBI Bengaluru Branch 7","Bengaluru","Transfer","IMPS",280840.40,0.00,"Success","Fund transfer"
745,"2023-03-10 06:12:20",145,"Nidhi Nair",100100000299,"Student Account","SBI Surat Branch 10","Surat","Transfer","NEFT",17754.63,134436.20,"Success","Fund transfer"
746,"2023-05-24 10:03:04",67,"Pooja Kumar",100100000066,"NRI Savings Account","SBI Chandigarh Branch 5","Chandigarh","Charge","ATM",454781.70,0.00,"Success","Service charge"
747,"2022-09-24 15:18:09",62,"Ritu Yadav",100100000280,"Recurring Deposit Account","SBI Nagpur Branch 31","Nagpur","Withdrawal","IMPS",225163.29,0.00,"Success","Cash withdrawal"
748,"2024-03-13 16:27:37",96,"Manish Yadav",100100000095,"Student Account","SBI Bengaluru Branch 7","Bengaluru","Transfer","NEFT",89766.35,76671.89,"Success","Fund transfer"
749,"2025-11-11 03:36:16",161,"Riya Singh",100100000253,"Senior Citizen Savings Account","SBI Chennai Branch 40","Chennai","Deposit","IMPS",439157.91,439157.91,"Success","Cash deposit"
750,"2022-06-07 14:55:32",158,"Suresh Verma",100100000157,"Senior Citizen Savings Account","SBI Surat Branch 29","Surat","Withdrawal","UPI",80105.82,0.00,"Success","Cash withdrawal"
751,"2024-03-04 14:46:20",195,"Amit Agarwal",100100000279,"Current Account","SBI Patna Branch 17","Patna","Interest","System",398769.93,398769.93,"Success","Interest credited"
752,"2024-09-22 06:31:54",117,"Priya Patel",100100000215,"Senior Citizen Savings Account","SBI Gurugram Branch 33","Gurugram","Deposit","Cheque",259979.90,259979.90,"Success","Cash deposit"
753,"2025-07-17 15:25:25",130,"Pooja Pandey",100100000129,"Salary Account","SBI Noida Branch 47","Noida","Deposit","Cash",157168.78,157168.78,"Success","Cash deposit"
754,"2025-06-14 09:34:55",63,"Rajesh Kumar",100100000062,"Recurring Deposit Account","SBI Pune Branch 8","Pune","Deposit","IMPS",304050.89,569415.56,"Success","Cash deposit"
755,"2025-10-04 12:33:36",86,"Komal Verma",100100000276,"Savings Account","SBI Chandigarh Branch 5","Chandigarh","Withdrawal","UPI",36293.82,0.00,"Success","Cash withdrawal"
756,"2024-10-27 15:39:21",25,"Riya Reddy",100100000024,"Savings Account","SBI Gurugram Branch 33","Gurugram","Transfer","NEFT",147693.85,207320.56,"Success","Fund transfer"
757,"2025-06-03 15:43:12",28,"Nitin Reddy",100100000027,"Savings Account","SBI Gurugram Branch 45","Gurugram","Deposit","NEFT",401018.32,872608.18,"Success","Cash deposit"
758,"2023-10-03 11:17:06",111,"Shreya Singh",100100000110,"Recurring Deposit Account","SBI Noida Branch 2","Noida","Deposit","RTGS",451894.84,626032.84,"Success","Cash deposit"
759,"2023-02-10 18:28:01",197,"Rajesh Yadav",100100000196,"Senior Citizen Savings Account","SBI Kochi Branch 46","Kochi","Transfer","NEFT",330888.63,0.00,"Success","Fund transfer"
760,"2023-08-18 23:06:00",17,"Komal Patel",100100000016,"Student Account","SBI Chennai Branch 40","Chennai","Transfer","IMPS",126377.87,409189.84,"Success","Fund transfer"
761,"2023-03-02 06:21:22",117,"Priya Patel",100100000116,"NRI Savings Account","SBI Chennai Branch 40","Chennai","Withdrawal","RTGS",296014.71,169640.68,"Success","Cash withdrawal"
762,"2024-10-13 11:08:43",182,"Komal Gupta",100100000181,"Savings Account","SBI Surat Branch 30","Surat","Withdrawal","NEFT",497137.69,0.00,"Success","Cash withdrawal"
763,"2023-05-14 23:36:50",93,"Arjun Sinha",100100000092,"Current Account","SBI Bengaluru Branch 38","Bengaluru","Deposit","Cash",166051.33,166051.33,"Success","Cash deposit"
764,"2023-09-25 05:31:28",35,"Ankit Gupta",100100000034,"Savings Account","SBI Bengaluru Branch 7","Bengaluru","Withdrawal","UPI",81499.42,0.00,"Success","Cash withdrawal"
765,"2026-03-11 22:23:33",105,"Mohit Agarwal",100100000104,"Savings Account","SBI Kolkata Branch 42","Kolkata","Interest","System",392682.88,392682.88,"Success","Interest credited"
766,"2022-08-16 02:36:18",150,"Ankit Verma",100100000149,"Salary Account","SBI Chennai Branch 40","Chennai","Interest","System",264549.41,264549.41,"Success","Interest credited"
767,"2026-02-12 09:25:31",200,"Harsh Mishra",100100000225,"Salary Account","SBI Gurugram Branch 36","Gurugram","Withdrawal","Cheque",267275.10,0.00,"Success","Cash withdrawal"
768,"2023-04-01 17:06:17",152,"Mohit Mishra",100100000151,"Savings Account","SBI Gurugram Branch 49","Gurugram","Transfer","NEFT",406084.22,0.00,"Success","Fund transfer"
769,"2026-04-27 09:47:57",45,"Vikas Patel",100100000044,"Fixed Deposit Account","SBI Noida Branch 47","Noida","Interest","System",95351.27,374895.27,"Success","Interest credited"
770,"2023-07-17 22:10:45",28,"Nitin Reddy",100100000027,"Savings Account","SBI Gurugram Branch 45","Gurugram","Interest","System",229635.13,1102243.31,"Success","Interest credited"
771,"2025-05-20 01:10:07",61,"Sakshi Pandey",100100000060,"Savings Account","SBI Kolkata Branch 42","Kolkata","Transfer","Cash",2862.31,0.00,"Success","Fund transfer"
772,"2023-08-02 01:35:57",113,"Manish Yadav",100100000238,"Senior Citizen Savings Account","SBI Surat Branch 6","Surat","Deposit","UPI",385141.91,883114.91,"Success","Cash deposit"
773,"2023-07-17 08:05:00",5,"Amit Reddy",100100000004,"Salary Account","SBI Bhopal Branch 39","Bhopal","Transfer","NEFT",119367.38,0.00,"Failed","Fund transfer"
774,"2022-10-01 04:24:45",174,"Meena Verma",100100000173,"Savings Account","SBI Chennai Branch 40","Chennai","Withdrawal","RTGS",201774.32,0.00,"Success","Cash withdrawal"
775,"2025-05-17 13:11:49",156,"Shreya Yadav",100100000272,"NRI Savings Account","SBI Indore Branch 27","Indore","Withdrawal","NEFT",105378.76,376822.05,"Success","Cash withdrawal"
776,"2026-04-11 10:48:14",196,"Manish Chauhan",100100000195,"Fixed Deposit Account","SBI Pune Branch 11","Pune","Withdrawal","ATM",61382.05,324216.77,"Success","Cash withdrawal"
777,"2025-04-08 03:10:09",73,"Karan Yadav",100100000072,"Current Account","SBI Lucknow Branch 19","Lucknow","Deposit","RTGS",106535.56,1074846.25,"Success","Cash deposit"
778,"2025-11-03 12:01:26",148,"Harsh Sharma",100100000147,"NRI Savings Account","SBI Lucknow Branch 12","Lucknow","Interest","System",347601.30,347601.30,"Success","Interest credited"
779,"2025-06-13 23:06:45",106,"Arjun Nair",100100000105,"Fixed Deposit Account","SBI Gurugram Branch 33","Gurugram","Withdrawal","Cash",164787.09,0.00,"Success","Cash withdrawal"
780,"2025-02-17 18:02:03",182,"Komal Gupta",100100000181,"Savings Account","SBI Surat Branch 30","Surat","Transfer","IMPS",49062.02,0.00,"Success","Fund transfer"
781,"2023-10-20 17:29:11",111,"Shreya Singh",100100000220,"Senior Citizen Savings Account","SBI Indore Branch 27","Indore","Withdrawal","NEFT",387427.21,1390981.51,"Success","Cash withdrawal"
782,"2023-06-16 11:10:58",156,"Shreya Yadav",100100000272,"NRI Savings Account","SBI Indore Branch 27","Indore","Withdrawal","RTGS",493452.80,0.00,"Success","Cash withdrawal"
783,"2023-12-19 03:50:11",199,"Sneha Agarwal",100100000198,"Senior Citizen Savings Account","SBI Surat Branch 4","Surat","Interest","System",174195.12,374954.57,"Success","Interest credited"
784,"2025-11-15 20:55:48",70,"Asha Reddy",100100000069,"Salary Account","SBI Pune Branch 43","Pune","Interest","System",227708.89,645427.79,"Success","Interest credited"
785,"2025-10-11 23:13:01",37,"Neha Pandey",100100000036,"Student Account","SBI Bengaluru Branch 50","Bengaluru","Transfer","NEFT",116654.66,255062.84,"Success","Fund transfer"
786,"2022-07-20 19:18:42",137,"Priya Pandey",100100000136,"Fixed Deposit Account","SBI Bengaluru Branch 50","Bengaluru","Withdrawal","RTGS",286300.45,871490.99,"Success","Cash withdrawal"
787,"2023-05-30 01:57:13",80,"Arjun Patel",100100000079,"Recurring Deposit Account","SBI Bhopal Branch 23","Bhopal","Withdrawal","Cheque",282343.80,0.00,"Success","Cash withdrawal"
788,"2026-06-17 10:03:23",143,"Rohit Mishra",100100000277,"NRI Savings Account","SBI Patna Branch 9","Patna","Charge","ATM",252619.93,238107.53,"Success","Service charge"
789,"2025-07-11 17:29:50",189,"Rajesh Pandey",100100000188,"Fixed Deposit Account","SBI Pune Branch 8","Pune","Deposit","NEFT",439032.08,439032.08,"Success","Cash deposit"
3074,"2022-07-07 10:21:16",119,"Meena Yadav",100100000118,"Salary Account","SBI Pune Branch 11","Pune","Charge","ATM",286440.80,0.00,"Success","Service charge"
790,"2024-10-01 04:34:09",167,"Mohit Jain",100100000230,"Recurring Deposit Account","SBI Bengaluru Branch 7","Bengaluru","Withdrawal","ATM",117881.99,113753.46,"Success","Cash withdrawal"
791,"2023-04-12 03:25:10",195,"Amit Agarwal",100100000279,"Current Account","SBI Patna Branch 17","Patna","Interest","System",324121.00,722890.93,"Success","Interest credited"
792,"2024-02-08 01:23:32",183,"Neha Nair",100100000182,"Savings Account","SBI Hyderabad Branch 41","Hyderabad","Interest","System",463268.09,860648.18,"Success","Interest credited"
793,"2023-05-01 09:55:02",161,"Riya Singh",100100000253,"Senior Citizen Savings Account","SBI Chennai Branch 40","Chennai","Charge","Cheque",272855.17,166302.74,"Success","Service charge"
794,"2024-08-09 15:26:13",194,"Harsh Agarwal",100100000193,"Student Account","SBI Noida Branch 2","Noida","Charge","Cheque",494220.07,31933.39,"Success","Service charge"
795,"2024-05-10 15:03:08",140,"Arjun Sinha",100100000139,"Savings Account","SBI Bengaluru Branch 16","Bengaluru","Interest","System",468259.98,549043.36,"Success","Interest credited"
796,"2025-02-01 09:45:37",61,"Sakshi Pandey",100100000224,"Savings Account","SBI Nagpur Branch 34","Nagpur","Charge","Cheque",74254.99,0.00,"Success","Service charge"
797,"2025-03-20 00:57:39",199,"Sneha Agarwal",100100000198,"Senior Citizen Savings Account","SBI Surat Branch 4","Surat","Deposit","ATM",472918.11,847872.68,"Success","Cash deposit"
798,"2024-10-23 15:13:09",54,"Meena Singh",100100000053,"Senior Citizen Savings Account","SBI Pune Branch 11","Pune","Withdrawal","IMPS",465366.25,339298.98,"Success","Cash withdrawal"
799,"2022-07-23 04:02:34",175,"Pooja Jain",100100000174,"Fixed Deposit Account","SBI Pune Branch 11","Pune","Interest","System",492822.45,887399.93,"Success","Interest credited"
800,"2025-05-10 00:57:39",73,"Karan Yadav",100100000226,"NRI Savings Account","SBI Bhubaneswar Branch 22","Bhubaneswar","Transfer","ATM",221947.08,0.00,"Success","Fund transfer"
801,"2026-06-30 23:03:05",110,"Rajesh Gupta",100100000109,"Student Account","SBI Pune Branch 43","Pune","Withdrawal","Cheque",159457.56,462860.52,"Success","Cash withdrawal"
802,"2024-02-14 23:19:45",115,"Nidhi Agarwal",100100000114,"Current Account","SBI Noida Branch 28","Noida","Deposit","NEFT",115153.59,186129.00,"Success","Cash deposit"
803,"2024-10-31 20:43:15",131,"Divya Yadav",100100000258,"Savings Account","SBI Surat Branch 3","Surat","Transfer","UPI",165576.54,0.00,"Success","Fund transfer"
804,"2024-02-08 19:21:37",47,"Priya Sharma",100100000219,"NRI Savings Account","SBI Chandigarh Branch 5","Chandigarh","Transfer","Cheque",449543.92,0.00,"Success","Fund transfer"
805,"2023-07-30 23:04:06",181,"Arjun Singh",100100000180,"Recurring Deposit Account","SBI Bhopal Branch 39","Bhopal","Transfer","UPI",77396.43,0.00,"Success","Fund transfer"
806,"2026-06-20 20:27:13",184,"Asha Singh",100100000183,"Savings Account","SBI Surat Branch 29","Surat","Withdrawal","Cash",127793.06,343077.18,"Pending","Cash withdrawal"
807,"2025-09-02 20:15:21",146,"Manish Agarwal",100100000145,"NRI Savings Account","SBI Bengaluru Branch 7","Bengaluru","Charge","ATM",99603.96,631017.55,"Success","Service charge"
808,"2023-03-20 17:56:55",140,"Arjun Sinha",100100000139,"Savings Account","SBI Bengaluru Branch 16","Bengaluru","Charge","System",157412.80,391630.56,"Success","Service charge"
809,"2024-04-17 23:22:28",100,"Pooja Mishra",100100000099,"Savings Account","SBI Noida Branch 28","Noida","Interest","System",74565.17,247354.17,"Success","Interest credited"
810,"2023-01-12 17:08:27",8,"Neha Gupta",100100000007,"Senior Citizen Savings Account","SBI Delhi Branch 14","Delhi","Interest","System",13252.48,415646.51,"Success","Interest credited"
811,"2023-07-09 12:39:34",183,"Neha Nair",100100000244,"Savings Account","SBI Bhubaneswar Branch 22","Bhubaneswar","Deposit","ATM",463118.05,791176.53,"Success","Cash deposit"
812,"2024-05-11 15:45:56",130,"Pooja Pandey",100100000129,"Salary Account","SBI Noida Branch 47","Noida","Withdrawal","NEFT",337120.46,0.00,"Success","Cash withdrawal"
813,"2022-12-26 01:06:18",61,"Sakshi Pandey",100100000224,"Savings Account","SBI Nagpur Branch 34","Nagpur","Transfer","Cash",6581.88,0.00,"Success","Fund transfer"
814,"2025-05-17 14:58:59",85,"Kavita Nair",100100000084,"Current Account","SBI Bhubaneswar Branch 25","Bhubaneswar","Transfer","NEFT",463311.91,0.00,"Success","Fund transfer"
815,"2022-04-22 20:08:50",102,"Asha Sinha",100100000268,"Fixed Deposit Account","SBI Chennai Branch 21","Chennai","Deposit","NEFT",421564.16,598355.20,"Success","Cash deposit"
816,"2025-10-06 05:49:34",106,"Arjun Nair",100100000232,"Student Account","SBI Hyderabad Branch 41","Hyderabad","Interest","System",381795.63,484521.63,"Success","Interest credited"
817,"2025-10-03 07:37:08",27,"Sakshi Sinha",100100000026,"Student Account","SBI Bhopal Branch 37","Bhopal","Deposit","RTGS",251041.53,371828.29,"Pending","Cash deposit"
818,"2023-05-10 23:32:26",75,"Neha Chauhan",100100000250,"Recurring Deposit Account","SBI Bengaluru Branch 7","Bengaluru","Deposit","Cheque",403674.74,403674.74,"Success","Cash deposit"
819,"2023-12-28 19:17:34",44,"Meena Reddy",100100000043,"Senior Citizen Savings Account","SBI Gurugram Branch 49","Gurugram","Charge","Cheque",62135.66,316961.73,"Success","Service charge"
820,"2025-06-27 13:03:47",191,"Asha Sharma",100100000190,"Current Account","SBI Nagpur Branch 34","Nagpur","Deposit","UPI",100823.05,962914.12,"Success","Cash deposit"
821,"2025-11-01 22:34:06",1,"Vivek Yadav",100100000000,"Savings Account","SBI Patna Branch 17","Patna","Transfer","NEFT",195588.23,0.00,"Success","Fund transfer"
822,"2025-05-30 05:02:44",124,"Asha Sinha",100100000214,"Student Account","SBI Gurugram Branch 45","Gurugram","Deposit","NEFT",64114.60,64114.60,"Success","Cash deposit"
823,"2026-04-04 22:32:54",54,"Meena Singh",100100000053,"Senior Citizen Savings Account","SBI Pune Branch 11","Pune","Interest","System",436821.56,776120.54,"Success","Interest credited"
824,"2025-09-25 06:48:11",58,"Kavita Sharma",100100000057,"Fixed Deposit Account","SBI Kochi Branch 46","Kochi","Withdrawal","Cash",198084.64,297338.73,"Success","Cash withdrawal"
825,"2022-10-23 20:34:01",166,"Riya Singh",100100000165,"Fixed Deposit Account","SBI Pune Branch 43","Pune","Withdrawal","NEFT",210854.06,0.00,"Success","Cash withdrawal"
826,"2025-08-24 01:09:59",80,"Arjun Patel",100100000079,"Recurring Deposit Account","SBI Bhopal Branch 23","Bhopal","Charge","System",444674.20,0.00,"Success","Service charge"
827,"2026-02-13 02:57:36",150,"Ankit Verma",100100000149,"Salary Account","SBI Chennai Branch 40","Chennai","Withdrawal","ATM",81000.63,183548.78,"Success","Cash withdrawal"
828,"2022-04-23 14:20:55",124,"Asha Sinha",100100000123,"Student Account","SBI Lucknow Branch 12","Lucknow","Transfer","Cheque",219394.53,0.00,"Success","Fund transfer"
829,"2022-12-19 12:16:13",174,"Meena Verma",100100000173,"Savings Account","SBI Chennai Branch 40","Chennai","Charge","System",272813.40,0.00,"Success","Service charge"
830,"2023-03-09 23:24:11",156,"Shreya Yadav",100100000272,"NRI Savings Account","SBI Indore Branch 27","Indore","Interest","System",387427.08,387427.08,"Success","Interest credited"
831,"2022-09-02 00:00:07",199,"Sneha Agarwal",100100000198,"Senior Citizen Savings Account","SBI Surat Branch 4","Surat","Deposit","IMPS",231451.22,1079323.90,"Success","Cash deposit"
832,"2023-10-08 11:28:06",91,"Amit Chauhan",100100000090,"Salary Account","SBI Nagpur Branch 31","Nagpur","Interest","System",212799.06,212799.06,"Success","Interest credited"
833,"2025-02-24 09:30:11",130,"Pooja Pandey",100100000129,"Salary Account","SBI Noida Branch 47","Noida","Interest","System",25651.60,25651.60,"Success","Interest credited"
834,"2022-05-12 22:37:46",110,"Rajesh Gupta",100100000109,"Student Account","SBI Pune Branch 43","Pune","Deposit","NEFT",159786.54,622647.06,"Success","Cash deposit"
835,"2026-03-19 23:48:22",58,"Kavita Sharma",100100000057,"Fixed Deposit Account","SBI Kochi Branch 46","Kochi","Transfer","Cash",493436.86,0.00,"Success","Fund transfer"
836,"2026-04-29 13:47:04",49,"Amit Sinha",100100000048,"Senior Citizen Savings Account","SBI Bhopal Branch 39","Bhopal","Transfer","UPI",463803.15,0.00,"Success","Fund transfer"
837,"2025-10-28 19:18:43",44,"Meena Reddy",100100000043,"Senior Citizen Savings Account","SBI Gurugram Branch 49","Gurugram","Charge","ATM",357734.64,0.00,"Success","Service charge"
838,"2023-03-04 11:30:19",62,"Ritu Yadav",100100000061,"Recurring Deposit Account","SBI Noida Branch 2","Noida","Charge","Cheque",439436.32,0.00,"Success","Service charge"
839,"2022-05-17 11:32:30",103,"Vikas Nair",100100000102,"Senior Citizen Savings Account","SBI Gurugram Branch 36","Gurugram","Charge","System",203667.13,59602.78,"Success","Service charge"
840,"2024-11-09 13:47:50",198,"Suresh Singh",100100000197,"Recurring Deposit Account","SBI Nagpur Branch 34","Nagpur","Charge","Cheque",265164.20,0.00,"Success","Service charge"
841,"2024-03-19 14:45:19",76,"Harsh Kumar",100100000075,"Savings Account","SBI Delhi Branch 13","Delhi","Withdrawal","NEFT",369971.69,0.00,"Success","Cash withdrawal"
842,"2024-10-18 10:43:07",200,"Harsh Mishra",100100000225,"Salary Account","SBI Gurugram Branch 36","Gurugram","Transfer","Cheque",313476.90,0.00,"Success","Fund transfer"
843,"2024-04-24 19:28:11",21,"Anjali Yadav",100100000020,"Student Account","SBI Lucknow Branch 19","Lucknow","Withdrawal","RTGS",486385.12,0.00,"Success","Cash withdrawal"
844,"2022-09-29 20:44:12",107,"Nitin Chauhan",100100000209,"Senior Citizen Savings Account","SBI Bengaluru Branch 7","Bengaluru","Charge","System",298594.39,0.00,"Success","Service charge"
845,"2025-05-07 19:49:34",111,"Shreya Singh",100100000204,"Savings Account","SBI Bengaluru Branch 7","Bengaluru","Charge","ATM",42524.74,598057.43,"Success","Service charge"
846,"2024-02-16 18:32:54",42,"Pooja Gupta",100100000041,"Current Account","SBI Gurugram Branch 45","Gurugram","Transfer","Cheque",297243.47,0.00,"Success","Fund transfer"
847,"2025-09-20 06:11:07",109,"Kavita Jain",100100000108,"Recurring Deposit Account","SBI Ahmedabad Branch 24","Ahmedabad","Deposit","UPI",428636.41,428636.41,"Success","Cash deposit"
848,"2025-12-01 14:41:18",110,"Rajesh Gupta",100100000109,"Student Account","SBI Pune Branch 43","Pune","Interest","System",355846.64,978493.70,"Success","Interest credited"
849,"2025-11-13 08:57:12",167,"Mohit Jain",100100000293,"Savings Account","SBI Ahmedabad Branch 24","Ahmedabad","Charge","ATM",298444.07,0.00,"Success","Service charge"
850,"2022-01-07 18:21:20",47,"Priya Sharma",100100000219,"NRI Savings Account","SBI Chandigarh Branch 5","Chandigarh","Withdrawal","NEFT",79290.89,0.00,"Success","Cash withdrawal"
851,"2024-12-10 14:45:15",75,"Neha Chauhan",100100000294,"Recurring Deposit Account","SBI Indore Branch 27","Indore","Withdrawal","NEFT",416551.44,114746.64,"Success","Cash withdrawal"
852,"2026-06-20 19:43:30",181,"Arjun Singh",100100000180,"Recurring Deposit Account","SBI Bhopal Branch 39","Bhopal","Transfer","Cheque",32775.91,0.00,"Success","Fund transfer"
853,"2023-04-08 19:18:23",55,"Vikas Kumar",100100000261,"Salary Account","SBI Gurugram Branch 33","Gurugram","Transfer","IMPS",317483.98,0.00,"Success","Fund transfer"
854,"2024-05-09 17:05:41",57,"Divya Chauhan",100100000056,"Savings Account","SBI Bengaluru Branch 50","Bengaluru","Transfer","ATM",268044.56,0.00,"Success","Fund transfer"
855,"2024-05-26 15:55:35",13,"Nitin Yadav",100100000012,"Recurring Deposit Account","SBI Bengaluru Branch 16","Bengaluru","Transfer","ATM",412275.49,0.00,"Success","Fund transfer"
856,"2024-03-10 03:05:22",18,"Vivek Verma",100100000017,"NRI Savings Account","SBI Bengaluru Branch 38","Bengaluru","Interest","System",144922.37,300109.92,"Success","Interest credited"
857,"2022-09-22 05:13:45",157,"Meena Mishra",100100000156,"Savings Account","SBI Bhubaneswar Branch 22","Bhubaneswar","Deposit","Cheque",469725.23,720762.64,"Success","Cash deposit"
858,"2023-09-18 15:40:33",46,"Priya Mishra",100100000222,"Salary Account","SBI Indore Branch 27","Indore","Withdrawal","NEFT",446971.22,0.00,"Success","Cash withdrawal"
859,"2024-04-30 20:51:20",121,"Manish Agarwal",100100000120,"Savings Account","SBI Indore Branch 27","Indore","Deposit","ATM",388607.85,759178.16,"Success","Cash deposit"
860,"2024-10-15 12:08:51",114,"Harsh Reddy",100100000205,"Current Account","SBI Chennai Branch 40","Chennai","Charge","ATM",478343.15,63138.07,"Success","Service charge"
861,"2025-08-15 08:27:45",37,"Neha Pandey",100100000036,"Student Account","SBI Bengaluru Branch 50","Bengaluru","Interest","System",254384.82,509447.66,"Success","Interest credited"
862,"2023-07-19 02:45:46",95,"Rahul Kumar",100100000094,"Savings Account","SBI Bhubaneswar Branch 25","Bhubaneswar","Charge","System",166995.27,242720.79,"Success","Service charge"
863,"2022-06-30 21:18:04",51,"Rohit Yadav",100100000050,"Savings Account","SBI Chennai Branch 21","Chennai","Withdrawal","RTGS",449535.50,0.00,"Success","Cash withdrawal"
864,"2022-03-29 23:44:18",75,"Neha Chauhan",100100000250,"Recurring Deposit Account","SBI Bengaluru Branch 7","Bengaluru","Charge","Cheque",433252.47,403674.74,"Pending","Service charge"
865,"2024-02-29 22:41:46",170,"Manish Verma",100100000271,"Current Account","SBI Bhopal Branch 23","Bhopal","Withdrawal","ATM",285629.93,0.00,"Success","Cash withdrawal"
866,"2024-12-09 18:10:42",146,"Manish Agarwal",100100000145,"NRI Savings Account","SBI Bengaluru Branch 7","Bengaluru","Withdrawal","ATM",251500.23,379517.32,"Success","Cash withdrawal"
867,"2025-07-05 10:22:21",22,"Asha Pandey",100100000021,"Student Account","SBI Gurugram Branch 33","Gurugram","Interest","System",151398.14,653879.87,"Success","Interest credited"
868,"2022-03-25 20:01:46",30,"Vikas Gupta",100100000221,"Savings Account","SBI Noida Branch 2","Noida","Transfer","Cheque",196.40,545981.78,"Success","Fund transfer"
869,"2024-10-12 16:18:24",84,"Karan Patel",100100000083,"Savings Account","SBI Bhopal Branch 35","Bhopal","Withdrawal","ATM",33513.85,103430.15,"Success","Cash withdrawal"
870,"2026-06-17 10:17:40",139,"Neha Pandey",100100000138,"Savings Account","SBI Lucknow Branch 19","Lucknow","Interest","System",388987.12,571197.12,"Success","Interest credited"
871,"2025-01-22 23:28:24",32,"Ankit Reddy",100100000031,"Recurring Deposit Account","SBI Bengaluru Branch 7","Bengaluru","Interest","System",139098.49,480125.38,"Success","Interest credited"
872,"2022-07-08 09:10:25",47,"Priya Sharma",100100000219,"NRI Savings Account","SBI Chandigarh Branch 5","Chandigarh","Deposit","ATM",76251.37,76251.37,"Success","Cash deposit"
873,"2025-02-22 17:49:28",54,"Meena Singh",100100000269,"Fixed Deposit Account","SBI Bhopal Branch 23","Bhopal","Transfer","Cheque",96340.09,243234.92,"Success","Fund transfer"
874,"2024-06-07 06:12:21",50,"Suresh Chauhan",100100000049,"Current Account","SBI Bhubaneswar Branch 22","Bhubaneswar","Withdrawal","IMPS",184934.61,0.00,"Success","Cash withdrawal"
875,"2023-11-04 07:58:00",120,"Nidhi Agarwal",100100000119,"Savings Account","SBI Kolkata Branch 42","Kolkata","Interest","System",455633.58,1178396.50,"Success","Interest credited"
876,"2024-01-05 07:17:26",114,"Harsh Reddy",100100000205,"Current Account","SBI Chennai Branch 40","Chennai","Interest","System",286241.41,349379.48,"Success","Interest credited"
877,"2024-06-29 03:50:10",143,"Rohit Mishra",100100000277,"NRI Savings Account","SBI Patna Branch 9","Patna","Interest","System",61023.52,299131.05,"Success","Interest credited"
878,"2024-09-16 03:51:26",111,"Shreya Singh",100100000220,"Senior Citizen Savings Account","SBI Indore Branch 27","Indore","Withdrawal","IMPS",436177.22,954804.29,"Success","Cash withdrawal"
879,"2025-03-01 15:40:45",104,"Harsh Pandey",100100000103,"Student Account","SBI Bhopal Branch 35","Bhopal","Deposit","Cash",487207.05,0.00,"Pending","Cash deposit"
880,"2023-12-13 22:21:52",181,"Arjun Singh",100100000180,"Recurring Deposit Account","SBI Bhopal Branch 39","Bhopal","Withdrawal","Cheque",84056.97,0.00,"Success","Cash withdrawal"
881,"2023-02-14 01:15:18",77,"Anjali Mishra",100100000243,"Savings Account","SBI Kolkata Branch 42","Kolkata","Transfer","Cheque",447992.38,0.00,"Success","Fund transfer"
882,"2025-02-10 05:37:14",111,"Shreya Singh",100100000204,"Savings Account","SBI Bengaluru Branch 7","Bengaluru","Deposit","Cash",227486.04,825543.47,"Success","Cash deposit"
883,"2024-12-24 19:30:00",1,"Vivek Yadav",100100000000,"Savings Account","SBI Patna Branch 17","Patna","Charge","ATM",364253.58,0.00,"Success","Service charge"
884,"2023-09-28 02:53:46",99,"Komal Jain",100100000098,"Savings Account","SBI Noida Branch 32","Noida","Deposit","UPI",200584.28,200584.28,"Success","Cash deposit"
885,"2023-02-06 00:35:49",102,"Asha Sinha",100100000268,"Fixed Deposit Account","SBI Chennai Branch 21","Chennai","Transfer","NEFT",425787.96,172567.24,"Success","Fund transfer"
886,"2025-03-18 22:00:43",111,"Shreya Singh",100100000204,"Savings Account","SBI Bengaluru Branch 7","Bengaluru","Interest","System",356610.86,1182154.33,"Success","Interest credited"
887,"2024-09-17 14:53:43",54,"Meena Singh",100100000053,"Senior Citizen Savings Account","SBI Pune Branch 11","Pune","Charge","ATM",368462.54,407658.00,"Success","Service charge"
888,"2025-06-29 19:14:39",155,"Manish Pandey",100100000154,"Fixed Deposit Account","SBI Pune Branch 11","Pune","Withdrawal","Cheque",104179.98,359002.62,"Success","Cash withdrawal"
889,"2023-06-07 07:13:33",162,"Asha Reddy",100100000161,"Savings Account","SBI Pune Branch 1","Pune","Withdrawal","IMPS",72624.52,0.00,"Success","Cash withdrawal"
890,"2023-04-26 17:22:37",200,"Harsh Mishra",100100000225,"Salary Account","SBI Gurugram Branch 36","Gurugram","Withdrawal","ATM",469346.78,0.00,"Success","Cash withdrawal"
891,"2024-09-05 11:21:57",133,"Priya Patel",100100000132,"NRI Savings Account","SBI Nagpur Branch 34","Nagpur","Charge","Cheque",200220.69,763171.13,"Success","Service charge"
892,"2023-04-16 02:15:00",80,"Arjun Patel",100100000079,"Recurring Deposit Account","SBI Bhopal Branch 23","Bhopal","Withdrawal","Cash",325347.24,0.00,"Success","Cash withdrawal"
893,"2026-04-09 08:30:48",52,"Harsh Mishra",100100000051,"Savings Account","SBI Gurugram Branch 49","Gurugram","Deposit","Cheque",256419.94,65943.00,"Failed","Cash deposit"
894,"2022-11-13 07:37:24",154,"Vikas Sharma",100100000153,"Savings Account","SBI Noida Branch 32","Noida","Transfer","UPI",469188.08,0.00,"Success","Fund transfer"
895,"2023-05-29 10:06:00",185,"Rahul Kumar",100100000207,"Savings Account","SBI Bhopal Branch 23","Bhopal","Charge","System",169109.45,0.00,"Success","Service charge"
896,"2024-09-02 07:59:52",45,"Vikas Patel",100100000044,"Fixed Deposit Account","SBI Noida Branch 47","Noida","Withdrawal","IMPS",196421.36,178473.91,"Success","Cash withdrawal"
897,"2024-05-17 20:25:57",92,"Ritu Chauhan",100100000291,"Savings Account","SBI Chandigarh Branch 5","Chandigarh","Charge","Cheque",277054.95,0.00,"Success","Service charge"
898,"2022-02-23 12:59:46",88,"Arjun Kumar",100100000087,"Senior Citizen Savings Account","SBI Gurugram Branch 49","Gurugram","Withdrawal","ATM",39140.46,0.00,"Success","Cash withdrawal"
899,"2025-09-19 13:07:24",77,"Anjali Mishra",100100000076,"Savings Account","SBI Gurugram Branch 33","Gurugram","Charge","Cheque",31537.61,337665.02,"Success","Service charge"
900,"2026-01-07 20:47:05",193,"Vikas Verma",100100000242,"Student Account","SBI Surat Branch 6","Surat","Withdrawal","RTGS",4372.12,52978.12,"Success","Cash withdrawal"
901,"2025-04-01 05:51:54",41,"Vivek Patel",100100000040,"Recurring Deposit Account","SBI Ahmedabad Branch 24","Ahmedabad","Withdrawal","Cheque",437914.20,38735.50,"Success","Cash withdrawal"
902,"2022-05-20 13:32:51",75,"Neha Chauhan",100100000074,"Salary Account","SBI Chennai Branch 40","Chennai","Interest","System",35507.30,205970.44,"Success","Interest credited"
903,"2022-04-14 22:38:28",6,"Meena Singh",100100000005,"Savings Account","SBI Nagpur Branch 34","Nagpur","Deposit","Cheque",72775.62,72775.62,"Success","Cash deposit"
904,"2024-08-31 09:24:36",90,"Sakshi Jain",100100000284,"Savings Account","SBI Patna Branch 17","Patna","Deposit","NEFT",316542.41,384989.64,"Failed","Cash deposit"
905,"2025-08-03 05:06:46",13,"Nitin Yadav",100100000012,"Recurring Deposit Account","SBI Bengaluru Branch 16","Bengaluru","Transfer","NEFT",316057.83,0.00,"Success","Fund transfer"
906,"2024-12-15 10:55:07",77,"Anjali Mishra",100100000076,"Savings Account","SBI Gurugram Branch 33","Gurugram","Deposit","Cash",4068.73,341733.75,"Success","Cash deposit"
907,"2025-04-15 18:14:19",47,"Priya Sharma",100100000219,"NRI Savings Account","SBI Chandigarh Branch 5","Chandigarh","Transfer","IMPS",495224.55,0.00,"Success","Fund transfer"
908,"2024-04-13 08:30:45",94,"Shreya Mishra",100100000264,"Savings Account","SBI Hyderabad Branch 41","Hyderabad","Deposit","Cash",248844.80,1082216.06,"Success","Cash deposit"
909,"2025-03-08 15:36:45",193,"Vikas Verma",100100000242,"Student Account","SBI Surat Branch 6","Surat","Deposit","ATM",420095.54,473073.66,"Success","Cash deposit"
910,"2024-11-23 15:05:12",185,"Rahul Kumar",100100000281,"Senior Citizen Savings Account","SBI Surat Branch 30","Surat","Deposit","Cheque",325654.77,459608.16,"Success","Cash deposit"
911,"2022-11-25 04:22:47",85,"Kavita Nair",100100000084,"Current Account","SBI Bhubaneswar Branch 25","Bhubaneswar","Deposit","Cash",230922.48,230922.48,"Success","Cash deposit"
912,"2024-01-18 00:08:46",152,"Mohit Mishra",100100000151,"Savings Account","SBI Gurugram Branch 49","Gurugram","Transfer","Cheque",297343.63,0.00,"Success","Fund transfer"
913,"2024-08-02 17:35:40",82,"Meena Gupta",100100000202,"Recurring Deposit Account","SBI Ahmedabad Branch 24","Ahmedabad","Transfer","Cash",166742.52,0.00,"Success","Fund transfer"
914,"2024-08-16 14:19:31",70,"Asha Reddy",100100000069,"Salary Account","SBI Pune Branch 43","Pune","Charge","System",118415.30,527012.49,"Success","Service charge"
915,"2023-06-18 22:24:37",33,"Deepak Jain",100100000032,"Student Account","SBI Lucknow Branch 19","Lucknow","Interest","System",174262.95,174262.95,"Success","Interest credited"
916,"2024-10-21 14:13:50",180,"Divya Mishra",100100000179,"Current Account","SBI Chennai Branch 21","Chennai","Charge","Cheque",110455.62,70160.38,"Success","Service charge"
917,"2023-06-11 03:38:45",30,"Vikas Gupta",100100000221,"Savings Account","SBI Noida Branch 2","Noida","Deposit","RTGS",211894.34,757876.12,"Success","Cash deposit"
918,"2024-04-23 08:32:18",198,"Suresh Singh",100100000235,"NRI Savings Account","SBI Bengaluru Branch 38","Bengaluru","Interest","System",379801.63,596749.63,"Success","Interest credited"
919,"2024-03-17 01:09:35",56,"Vikas Reddy",100100000055,"Senior Citizen Savings Account","SBI Surat Branch 3","Surat","Charge","ATM",408618.82,0.00,"Success","Service charge"
920,"2024-11-26 23:54:12",106,"Arjun Nair",100100000232,"Student Account","SBI Hyderabad Branch 41","Hyderabad","Transfer","IMPS",492027.62,0.00,"Success","Fund transfer"
921,"2025-05-21 15:47:28",2,"Neha Gupta",100100000001,"NRI Savings Account","SBI Bhubaneswar Branch 22","Bhubaneswar","Charge","Cheque",366613.91,0.00,"Success","Service charge"
922,"2022-12-13 16:14:44",30,"Vikas Gupta",100100000221,"Savings Account","SBI Noida Branch 2","Noida","Deposit","Cheque",481369.12,1239245.24,"Success","Cash deposit"
923,"2022-10-09 22:24:31",83,"Nitin Verma",100100000082,"Savings Account","SBI Surat Branch 44","Surat","Withdrawal","Cash",474967.44,0.00,"Pending","Cash withdrawal"
924,"2022-11-23 16:28:13",183,"Neha Nair",100100000244,"Savings Account","SBI Bhubaneswar Branch 22","Bhubaneswar","Charge","ATM",458763.49,332413.04,"Success","Service charge"
925,"2026-04-13 15:16:24",53,"Arjun Jain",100100000052,"Student Account","SBI Delhi Branch 13","Delhi","Withdrawal","Cash",405196.52,0.00,"Success","Cash withdrawal"
926,"2026-01-26 00:52:45",90,"Sakshi Jain",100100000292,"Recurring Deposit Account","SBI Bengaluru Branch 16","Bengaluru","Deposit","Cheque",158581.39,621789.01,"Success","Cash deposit"
927,"2022-04-13 14:30:04",126,"Rahul Kumar",100100000125,"Current Account","SBI Chennai Branch 40","Chennai","Deposit","Cheque",302134.22,1003489.97,"Success","Cash deposit"
928,"2025-10-30 20:15:37",173,"Shreya Reddy",100100000172,"NRI Savings Account","SBI Hyderabad Branch 41","Hyderabad","Deposit","UPI",398678.62,489968.32,"Success","Cash deposit"
929,"2023-12-17 09:11:52",136,"Priya Sharma",100100000135,"Savings Account","SBI Bhopal Branch 37","Bhopal","Transfer","UPI",15818.59,0.00,"Success","Fund transfer"
930,"2024-10-14 08:13:29",133,"Priya Patel",100100000283,"NRI Savings Account","SBI Delhi Branch 13","Delhi","Withdrawal","RTGS",203236.88,50828.83,"Success","Cash withdrawal"
931,"2024-08-08 05:45:35",84,"Karan Patel",100100000083,"Savings Account","SBI Bhopal Branch 35","Bhopal","Deposit","RTGS",169212.16,272642.31,"Success","Cash deposit"
932,"2023-03-16 09:15:54",167,"Mohit Jain",100100000293,"Savings Account","SBI Ahmedabad Branch 24","Ahmedabad","Interest","System",53816.05,53816.05,"Success","Interest credited"
933,"2024-09-23 22:39:24",46,"Priya Mishra",100100000045,"Current Account","SBI Bengaluru Branch 7","Bengaluru","Transfer","Cheque",359118.65,316437.08,"Pending","Fund transfer"
934,"2026-03-16 01:06:29",91,"Amit Chauhan",100100000090,"Salary Account","SBI Nagpur Branch 31","Nagpur","Charge","Cheque",420979.64,0.00,"Success","Service charge"
935,"2023-02-18 23:47:12",113,"Manish Yadav",100100000238,"Senior Citizen Savings Account","SBI Surat Branch 6","Surat","Transfer","RTGS",3510.82,879604.09,"Success","Fund transfer"
936,"2023-02-08 11:58:39",173,"Shreya Reddy",100100000172,"NRI Savings Account","SBI Hyderabad Branch 41","Hyderabad","Interest","System",237529.17,727497.49,"Success","Interest credited"
937,"2024-12-12 19:39:20",142,"Rahul Sinha",100100000141,"Salary Account","SBI Pune Branch 43","Pune","Transfer","ATM",119289.04,0.00,"Success","Fund transfer"
938,"2022-01-17 08:06:22",96,"Manish Yadav",100100000095,"Student Account","SBI Bengaluru Branch 7","Bengaluru","Withdrawal","Cheque",153935.44,0.00,"Success","Cash withdrawal"
939,"2023-08-10 11:01:02",196,"Manish Chauhan",100100000195,"Fixed Deposit Account","SBI Pune Branch 11","Pune","Transfer","Cash",416434.39,0.00,"Success","Fund transfer"
940,"2024-03-25 12:02:07",45,"Vikas Patel",100100000044,"Fixed Deposit Account","SBI Noida Branch 47","Noida","Charge","System",463510.20,0.00,"Success","Service charge"
941,"2026-04-15 11:55:04",88,"Arjun Kumar",100100000087,"Senior Citizen Savings Account","SBI Gurugram Branch 49","Gurugram","Interest","System",384934.80,384934.80,"Success","Interest credited"
942,"2026-01-01 18:27:15",73,"Karan Yadav",100100000226,"NRI Savings Account","SBI Bhubaneswar Branch 22","Bhubaneswar","Transfer","Cash",406469.33,0.00,"Success","Fund transfer"
943,"2026-03-12 10:41:49",62,"Ritu Yadav",100100000061,"Recurring Deposit Account","SBI Noida Branch 2","Noida","Interest","System",9767.76,9767.76,"Success","Interest credited"
944,"2023-04-12 23:06:22",67,"Pooja Kumar",100100000066,"NRI Savings Account","SBI Chandigarh Branch 5","Chandigarh","Transfer","Cheque",262537.01,0.00,"Success","Fund transfer"
945,"2025-04-19 21:23:25",155,"Manish Pandey",100100000154,"Fixed Deposit Account","SBI Pune Branch 11","Pune","Charge","System",42063.73,316938.89,"Success","Service charge"
946,"2024-06-08 05:58:49",175,"Pooja Jain",100100000174,"Fixed Deposit Account","SBI Pune Branch 11","Pune","Withdrawal","IMPS",473002.69,414397.24,"Success","Cash withdrawal"
947,"2025-09-22 05:13:03",195,"Amit Agarwal",100100000194,"Savings Account","SBI Surat Branch 3","Surat","Interest","System",288974.40,483625.77,"Failed","Interest credited"
948,"2023-11-18 19:47:27",62,"Ritu Yadav",100100000280,"Recurring Deposit Account","SBI Nagpur Branch 31","Nagpur","Charge","ATM",412320.15,0.00,"Success","Service charge"
949,"2025-01-05 08:19:28",57,"Divya Chauhan",100100000056,"Savings Account","SBI Bengaluru Branch 50","Bengaluru","Withdrawal","IMPS",453128.71,0.00,"Success","Cash withdrawal"
950,"2022-05-19 15:04:43",25,"Riya Reddy",100100000024,"Savings Account","SBI Gurugram Branch 33","Gurugram","Charge","ATM",32691.48,174629.08,"Success","Service charge"
951,"2026-05-21 06:05:38",92,"Ritu Chauhan",100100000091,"Fixed Deposit Account","SBI Pune Branch 43","Pune","Charge","Cheque",434375.65,0.00,"Success","Service charge"
952,"2022-11-19 01:26:01",33,"Deepak Jain",100100000210,"Savings Account","SBI Pune Branch 43","Pune","Deposit","UPI",152035.19,348309.11,"Success","Cash deposit"
953,"2023-10-16 19:48:24",134,"Nitin Sharma",100100000200,"Salary Account","SBI Pune Branch 43","Pune","Deposit","IMPS",446316.80,1308769.17,"Success","Cash deposit"
954,"2023-07-25 16:05:11",44,"Meena Reddy",100100000043,"Senior Citizen Savings Account","SBI Gurugram Branch 49","Gurugram","Deposit","Cheque",224009.86,224009.86,"Success","Cash deposit"
955,"2025-12-06 21:35:06",58,"Kavita Sharma",100100000057,"Fixed Deposit Account","SBI Kochi Branch 46","Kochi","Withdrawal","UPI",1129.77,0.00,"Success","Cash withdrawal"
956,"2023-09-09 19:40:32",131,"Divya Yadav",100100000258,"Savings Account","SBI Surat Branch 3","Surat","Charge","ATM",65154.09,0.00,"Success","Service charge"
957,"2022-07-21 07:53:27",125,"Vivek Kumar",100100000124,"Salary Account","SBI Bhopal Branch 39","Bhopal","Interest","System",24454.43,24454.43,"Success","Interest credited"
958,"2026-01-10 17:27:11",77,"Anjali Mishra",100100000237,"Savings Account","SBI Kochi Branch 46","Kochi","Deposit","Cheque",212619.46,276986.46,"Success","Cash deposit"
959,"2023-04-14 16:39:58",16,"Amit Verma",100100000015,"Recurring Deposit Account","SBI Noida Branch 32","Noida","Charge","Cheque",269504.79,187956.42,"Failed","Service charge"
960,"2026-04-08 09:58:12",168,"Meena Gupta",100100000289,"Senior Citizen Savings Account","SBI Gurugram Branch 48","Gurugram","Interest","System",91488.40,134252.64,"Success","Interest credited"
961,"2024-08-16 16:59:37",50,"Suresh Chauhan",100100000218,"Recurring Deposit Account","SBI Lucknow Branch 19","Lucknow","Withdrawal","NEFT",362086.47,133931.00,"Pending","Cash withdrawal"
962,"2022-10-04 09:40:26",5,"Amit Reddy",100100000287,"Salary Account","SBI Surat Branch 44","Surat","Withdrawal","RTGS",462477.81,0.00,"Success","Cash withdrawal"
963,"2022-08-22 06:20:46",115,"Nidhi Agarwal",100100000233,"Salary Account","SBI Gurugram Branch 49","Gurugram","Interest","System",61440.86,145680.14,"Success","Interest credited"
964,"2022-04-03 12:17:06",193,"Vikas Verma",100100000203,"Salary Account","SBI Noida Branch 32","Noida","Interest","System",437942.87,613615.71,"Success","Interest credited"
965,"2023-04-10 07:38:05",101,"Rohit Yadav",100100000100,"Senior Citizen Savings Account","SBI Bengaluru Branch 38","Bengaluru","Charge","System",81771.57,0.00,"Success","Service charge"
966,"2022-10-06 11:31:56",110,"Rajesh Gupta",100100000109,"Student Account","SBI Pune Branch 43","Pune","Charge","ATM",215319.71,763173.99,"Success","Service charge"
967,"2025-10-27 11:22:25",69,"Ritu Pandey",100100000068,"NRI Savings Account","SBI Surat Branch 30","Surat","Deposit","NEFT",109071.51,0.00,"Pending","Cash deposit"
968,"2023-07-07 00:09:10",64,"Riya Singh",100100000063,"Fixed Deposit Account","SBI Patna Branch 17","Patna","Interest","System",225724.45,424413.88,"Success","Interest credited"
969,"2024-12-20 09:54:12",113,"Manish Yadav",100100000112,"Senior Citizen Savings Account","SBI Surat Branch 4","Surat","Deposit","NEFT",389148.45,441745.17,"Success","Cash deposit"
970,"2024-11-03 03:49:21",161,"Riya Singh",100100000160,"Savings Account","SBI Pune Branch 1","Pune","Transfer","UPI",303684.42,302088.58,"Failed","Fund transfer"
971,"2022-03-06 07:07:40",37,"Neha Pandey",100100000036,"Student Account","SBI Bengaluru Branch 50","Bengaluru","Deposit","ATM",445863.22,955310.88,"Success","Cash deposit"
972,"2024-06-07 15:13:22",193,"Vikas Verma",100100000192,"Savings Account","SBI Ahmedabad Branch 24","Ahmedabad","Interest","System",83042.29,471530.86,"Success","Interest credited"
973,"2025-04-01 22:37:21",39,"Riya Reddy",100100000038,"Senior Citizen Savings Account","SBI Chandigarh Branch 5","Chandigarh","Withdrawal","Cash",155984.83,35182.31,"Success","Cash withdrawal"
974,"2024-05-16 15:48:22",87,"Rajesh Agarwal",100100000086,"Savings Account","SBI Chennai Branch 40","Chennai","Withdrawal","RTGS",478019.80,0.00,"Success","Cash withdrawal"
975,"2022-12-30 11:49:45",88,"Arjun Kumar",100100000087,"Senior Citizen Savings Account","SBI Gurugram Branch 49","Gurugram","Transfer","Cash",82647.75,302287.05,"Success","Fund transfer"
976,"2024-12-19 20:23:49",64,"Riya Singh",100100000063,"Fixed Deposit Account","SBI Patna Branch 17","Patna","Withdrawal","ATM",24408.95,400004.93,"Success","Cash withdrawal"
977,"2025-12-07 09:48:50",173,"Shreya Reddy",100100000172,"NRI Savings Account","SBI Hyderabad Branch 41","Hyderabad","Withdrawal","UPI",209130.49,727497.49,"Failed","Cash withdrawal"
978,"2024-10-15 19:50:46",200,"Harsh Mishra",100100000225,"Salary Account","SBI Gurugram Branch 36","Gurugram","Deposit","Cash",280858.98,280858.98,"Success","Cash deposit"
979,"2023-10-10 13:07:32",187,"Karan Chauhan",100100000186,"Savings Account","SBI Chandigarh Branch 5","Chandigarh","Deposit","IMPS",438990.57,671572.12,"Success","Cash deposit"
980,"2022-12-01 12:17:04",39,"Riya Reddy",100100000038,"Senior Citizen Savings Account","SBI Chandigarh Branch 5","Chandigarh","Withdrawal","UPI",44493.79,0.00,"Success","Cash withdrawal"
981,"2024-09-19 14:53:01",47,"Priya Sharma",100100000259,"Savings Account","SBI Bengaluru Branch 15","Bengaluru","Transfer","Cash",300829.14,0.00,"Success","Fund transfer"
982,"2025-04-19 05:58:09",22,"Asha Pandey",100100000021,"Student Account","SBI Gurugram Branch 33","Gurugram","Withdrawal","Cash",434820.20,219059.67,"Success","Cash withdrawal"
983,"2022-02-16 18:08:43",152,"Mohit Mishra",100100000151,"Savings Account","SBI Gurugram Branch 49","Gurugram","Transfer","RTGS",252374.71,0.00,"Success","Fund transfer"
984,"2023-12-09 03:41:41",167,"Mohit Jain",100100000293,"Savings Account","SBI Ahmedabad Branch 24","Ahmedabad","Charge","System",475055.00,0.00,"Success","Service charge"
985,"2026-03-24 17:52:09",27,"Sakshi Sinha",100100000026,"Student Account","SBI Bhopal Branch 37","Bhopal","Charge","ATM",152242.23,219586.06,"Success","Service charge"
986,"2026-05-08 23:05:23",99,"Komal Jain",100100000098,"Savings Account","SBI Noida Branch 32","Noida","Withdrawal","NEFT",39439.41,161144.87,"Success","Cash withdrawal"
987,"2022-03-28 22:39:45",94,"Shreya Mishra",100100000264,"Savings Account","SBI Hyderabad Branch 41","Hyderabad","Withdrawal","UPI",225276.77,856939.29,"Success","Cash withdrawal"
988,"2023-10-24 09:36:16",143,"Rohit Mishra",100100000252,"Recurring Deposit Account","SBI Gurugram Branch 49","Gurugram","Charge","System",327807.71,0.00,"Success","Service charge"
989,"2023-04-11 18:49:23",154,"Vikas Sharma",100100000153,"Savings Account","SBI Noida Branch 32","Noida","Interest","System",20892.21,20892.21,"Success","Interest credited"
990,"2025-05-02 06:29:57",61,"Sakshi Pandey",100100000060,"Savings Account","SBI Kolkata Branch 42","Kolkata","Deposit","NEFT",432298.12,0.00,"Failed","Cash deposit"
991,"2024-09-05 09:24:52",84,"Karan Patel",100100000083,"Savings Account","SBI Bhopal Branch 35","Bhopal","Withdrawal","ATM",472422.96,0.00,"Success","Cash withdrawal"
992,"2026-07-05 17:15:47",119,"Meena Yadav",100100000118,"Salary Account","SBI Pune Branch 11","Pune","Interest","System",483674.53,512895.53,"Success","Interest credited"
993,"2025-01-26 23:09:08",119,"Meena Yadav",100100000118,"Salary Account","SBI Pune Branch 11","Pune","Interest","System",368867.01,881762.54,"Success","Interest credited"
994,"2026-02-03 09:01:31",5,"Amit Reddy",100100000287,"Salary Account","SBI Surat Branch 44","Surat","Interest","System",485332.13,485332.13,"Success","Interest credited"
995,"2024-10-21 21:09:06",193,"Vikas Verma",100100000203,"Salary Account","SBI Noida Branch 32","Noida","Withdrawal","Cheque",69926.31,543689.40,"Success","Cash withdrawal"
996,"2023-12-19 15:29:33",120,"Nidhi Agarwal",100100000119,"Savings Account","SBI Kolkata Branch 42","Kolkata","Charge","ATM",417935.25,760461.25,"Success","Service charge"
997,"2025-07-31 03:45:09",62,"Ritu Yadav",100100000280,"Recurring Deposit Account","SBI Nagpur Branch 31","Nagpur","Withdrawal","RTGS",404715.66,0.00,"Success","Cash withdrawal"
998,"2024-03-04 02:36:33",186,"Neha Gupta",100100000185,"Senior Citizen Savings Account","SBI Bhopal Branch 35","Bhopal","Interest","System",192753.73,195644.02,"Pending","Interest credited"
999,"2022-11-20 09:00:03",178,"Arjun Kumar",100100000227,"Current Account","SBI Kolkata Branch 42","Kolkata","Withdrawal","IMPS",410485.94,0.00,"Success","Cash withdrawal"
1000,"2023-06-05 20:39:10",140,"Arjun Sinha",100100000139,"Savings Account","SBI Bengaluru Branch 16","Bengaluru","Interest","System",494259.65,885890.21,"Success","Interest credited"
1001,"2025-09-19 12:43:49",124,"Asha Sinha",100100000214,"Student Account","SBI Gurugram Branch 45","Gurugram","Interest","System",353652.06,64114.60,"Pending","Interest credited"
1002,"2024-09-12 23:13:32",92,"Ritu Chauhan",100100000291,"Savings Account","SBI Chandigarh Branch 5","Chandigarh","Transfer","IMPS",473792.58,0.00,"Pending","Fund transfer"
1003,"2022-07-08 08:27:21",132,"Karan Chauhan",100100000131,"Recurring Deposit Account","SBI Surat Branch 44","Surat","Charge","System",402301.18,111385.37,"Success","Service charge"
1004,"2023-06-07 08:04:37",128,"Riya Mishra",100100000127,"Current Account","SBI Lucknow Branch 19","Lucknow","Withdrawal","ATM",379179.61,26856.00,"Pending","Cash withdrawal"
1006,"2022-11-16 17:40:55",136,"Priya Sharma",100100000135,"Savings Account","SBI Bhopal Branch 37","Bhopal","Deposit","RTGS",29020.36,29020.36,"Success","Cash deposit"
1007,"2025-07-03 00:51:49",83,"Nitin Verma",100100000082,"Savings Account","SBI Surat Branch 44","Surat","Interest","System",305345.26,305345.26,"Success","Interest credited"
1008,"2022-05-16 04:43:52",50,"Suresh Chauhan",100100000251,"Fixed Deposit Account","SBI Surat Branch 30","Surat","Deposit","Cash",171978.86,263583.86,"Success","Cash deposit"
1009,"2023-04-12 12:27:14",74,"Rahul Kumar",100100000073,"Current Account","SBI Bengaluru Branch 16","Bengaluru","Deposit","ATM",59240.31,978791.76,"Success","Cash deposit"
1010,"2025-04-03 10:10:40",89,"Rahul Kumar",100100000088,"Savings Account","SBI Pune Branch 1","Pune","Interest","System",346567.16,346567.16,"Success","Interest credited"
1011,"2022-01-10 19:27:26",193,"Vikas Verma",100100000242,"Student Account","SBI Surat Branch 6","Surat","Transfer","Cash",275634.92,197438.74,"Success","Fund transfer"
1012,"2024-04-15 03:39:45",77,"Anjali Mishra",100100000243,"Savings Account","SBI Kolkata Branch 42","Kolkata","Deposit","IMPS",93007.12,93007.12,"Success","Cash deposit"
1013,"2026-06-08 02:51:51",118,"Sneha Singh",100100000117,"Savings Account","SBI Bengaluru Branch 15","Bengaluru","Interest","System",308348.46,0.00,"Pending","Interest credited"
1014,"2023-11-18 19:31:34",24,"Riya Patel",100100000023,"NRI Savings Account","SBI Nagpur Branch 34","Nagpur","Withdrawal","NEFT",25592.63,567951.76,"Success","Cash withdrawal"
1015,"2023-05-13 18:28:44",106,"Arjun Nair",100100000298,"Savings Account","SBI Noida Branch 47","Noida","Charge","Cheque",499594.04,0.00,"Success","Service charge"
1016,"2023-03-25 06:24:39",61,"Sakshi Pandey",100100000224,"Savings Account","SBI Nagpur Branch 34","Nagpur","Withdrawal","RTGS",32531.80,0.00,"Success","Cash withdrawal"
1017,"2022-04-24 05:49:05",26,"Rahul Patel",100100000025,"Savings Account","SBI Chennai Branch 21","Chennai","Withdrawal","ATM",22141.16,654247.01,"Success","Cash withdrawal"
1018,"2023-02-01 11:15:14",133,"Priya Patel",100100000132,"NRI Savings Account","SBI Nagpur Branch 34","Nagpur","Interest","System",60827.26,763171.13,"Failed","Interest credited"
1019,"2022-11-13 03:29:07",176,"Rohit Sharma",100100000213,"Fixed Deposit Account","SBI Lucknow Branch 19","Lucknow","Interest","System",171443.47,182702.73,"Pending","Interest credited"
1020,"2024-10-16 18:45:52",61,"Sakshi Pandey",100100000224,"Savings Account","SBI Nagpur Branch 34","Nagpur","Transfer","IMPS",250099.64,0.00,"Success","Fund transfer"
1021,"2023-07-18 02:46:16",185,"Rahul Kumar",100100000184,"Current Account","SBI Surat Branch 4","Surat","Charge","System",245937.63,386853.65,"Pending","Service charge"
1022,"2023-11-27 10:33:14",185,"Rahul Kumar",100100000207,"Savings Account","SBI Bhopal Branch 23","Bhopal","Charge","Cheque",91654.07,0.00,"Success","Service charge"
1023,"2025-04-08 10:58:09",172,"Komal Patel",100100000171,"Salary Account","SBI Kochi Branch 46","Kochi","Charge","ATM",309619.67,0.00,"Success","Service charge"
1024,"2026-04-12 09:03:19",83,"Nitin Verma",100100000082,"Savings Account","SBI Surat Branch 44","Surat","Transfer","IMPS",329784.09,0.00,"Success","Fund transfer"
1025,"2022-12-27 00:31:03",151,"Pooja Patel",100100000150,"Fixed Deposit Account","SBI Gurugram Branch 49","Gurugram","Charge","ATM",68992.89,0.00,"Success","Service charge"
1026,"2026-05-08 08:55:10",51,"Rohit Yadav",100100000050,"Savings Account","SBI Chennai Branch 21","Chennai","Withdrawal","Cash",420762.16,0.00,"Success","Cash withdrawal"
1027,"2023-02-19 22:51:38",151,"Pooja Patel",100100000150,"Fixed Deposit Account","SBI Gurugram Branch 49","Gurugram","Interest","System",331811.65,331811.65,"Success","Interest credited"
1028,"2024-07-25 20:35:43",96,"Manish Yadav",100100000095,"Student Account","SBI Bengaluru Branch 7","Bengaluru","Deposit","ATM",389504.68,389504.68,"Success","Cash deposit"
1029,"2025-09-24 14:16:10",56,"Vikas Reddy",100100000055,"Senior Citizen Savings Account","SBI Surat Branch 3","Surat","Interest","System",341950.90,341950.90,"Success","Interest credited"
1030,"2022-11-10 01:07:44",11,"Komal Pandey",100100000010,"Savings Account","SBI Surat Branch 29","Surat","Interest","System",322371.52,677769.30,"Success","Interest credited"
1031,"2023-01-09 09:08:02",75,"Neha Chauhan",100100000250,"Recurring Deposit Account","SBI Bengaluru Branch 7","Bengaluru","Transfer","UPI",191192.72,212482.02,"Success","Fund transfer"
1032,"2025-08-28 13:50:13",131,"Divya Yadav",100100000258,"Savings Account","SBI Surat Branch 3","Surat","Interest","System",252735.28,252735.28,"Success","Interest credited"
1033,"2024-03-22 21:55:53",196,"Manish Chauhan",100100000195,"Fixed Deposit Account","SBI Pune Branch 11","Pune","Deposit","ATM",158273.74,158273.74,"Success","Cash deposit"
1034,"2025-07-27 09:18:19",107,"Nitin Chauhan",100100000209,"Senior Citizen Savings Account","SBI Bengaluru Branch 7","Bengaluru","Interest","System",141591.41,141591.41,"Success","Interest credited"
1035,"2026-06-04 19:48:57",32,"Ankit Reddy",100100000031,"Recurring Deposit Account","SBI Bengaluru Branch 7","Bengaluru","Withdrawal","RTGS",476048.64,4076.74,"Success","Cash withdrawal"
1036,"2024-12-25 18:18:27",78,"Sneha Verma",100100000216,"Savings Account","SBI Bengaluru Branch 15","Bengaluru","Interest","System",96487.77,334868.72,"Success","Interest credited"
1037,"2023-03-22 20:32:15",47,"Priya Sharma",100100000259,"Savings Account","SBI Bengaluru Branch 15","Bengaluru","Withdrawal","RTGS",176993.39,0.00,"Pending","Cash withdrawal"
1038,"2025-01-01 01:56:28",47,"Priya Sharma",100100000259,"Savings Account","SBI Bengaluru Branch 15","Bengaluru","Charge","System",105561.28,0.00,"Success","Service charge"
1039,"2023-01-22 02:39:50",190,"Divya Kumar",100100000189,"Recurring Deposit Account","SBI Noida Branch 47","Noida","Transfer","IMPS",153037.02,0.00,"Success","Fund transfer"
1040,"2026-06-12 09:34:24",86,"Komal Verma",100100000085,"Savings Account","SBI Noida Branch 18","Noida","Interest","System",227510.37,722986.13,"Success","Interest credited"
1041,"2023-11-20 09:52:30",129,"Priya Gupta",100100000128,"NRI Savings Account","SBI Noida Branch 47","Noida","Withdrawal","ATM",171275.73,0.00,"Success","Cash withdrawal"
1042,"2024-10-27 12:47:06",130,"Pooja Pandey",100100000129,"Salary Account","SBI Noida Branch 47","Noida","Interest","System",464864.54,490516.14,"Success","Interest credited"
1043,"2022-11-07 01:21:29",183,"Neha Nair",100100000182,"Savings Account","SBI Hyderabad Branch 41","Hyderabad","Transfer","NEFT",110871.20,749776.98,"Success","Fund transfer"
1044,"2022-11-21 09:41:07",41,"Vivek Patel",100100000040,"Recurring Deposit Account","SBI Ahmedabad Branch 24","Ahmedabad","Deposit","UPI",305530.70,344266.20,"Success","Cash deposit"
1045,"2024-09-23 07:12:11",146,"Manish Agarwal",100100000145,"NRI Savings Account","SBI Bengaluru Branch 7","Bengaluru","Transfer","RTGS",407074.83,0.00,"Success","Fund transfer"
1046,"2022-02-08 01:21:16",170,"Manish Verma",100100000169,"Savings Account","SBI Chennai Branch 40","Chennai","Charge","System",473631.12,0.00,"Success","Service charge"
1047,"2022-02-23 12:55:58",134,"Nitin Sharma",100100000200,"Salary Account","SBI Pune Branch 43","Pune","Charge","ATM",11411.70,1297357.47,"Success","Service charge"
1048,"2023-10-18 06:05:10",83,"Nitin Verma",100100000286,"Salary Account","SBI Chennai Branch 40","Chennai","Charge","System",206567.79,377431.37,"Success","Service charge"
1049,"2024-10-07 20:36:36",198,"Suresh Singh",100100000197,"Recurring Deposit Account","SBI Nagpur Branch 34","Nagpur","Transfer","ATM",487917.22,0.00,"Success","Fund transfer"
1050,"2023-04-11 06:15:06",106,"Arjun Nair",100100000298,"Savings Account","SBI Noida Branch 47","Noida","Deposit","Cheque",157076.83,157076.83,"Success","Cash deposit"
1051,"2026-06-14 07:28:13",104,"Harsh Pandey",100100000103,"Student Account","SBI Bhopal Branch 35","Bhopal","Transfer","NEFT",268298.38,0.00,"Success","Fund transfer"
1052,"2022-01-01 21:05:39",97,"Riya Kumar",100100000096,"Fixed Deposit Account","SBI Indore Branch 20","Indore","Transfer","ATM",257147.64,0.00,"Success","Fund transfer"
1053,"2025-02-16 01:08:07",15,"Riya Yadav",100100000014,"Salary Account","SBI Surat Branch 44","Surat","Charge","Cheque",259454.84,0.00,"Success","Service charge"
1054,"2024-04-21 21:02:50",95,"Rahul Kumar",100100000241,"Savings Account","SBI Delhi Branch 13","Delhi","Withdrawal","ATM",124403.95,52508.26,"Success","Cash withdrawal"
1055,"2026-02-10 06:27:02",6,"Meena Singh",100100000005,"Savings Account","SBI Nagpur Branch 34","Nagpur","Charge","System",43116.17,29659.45,"Success","Service charge"
1056,"2023-01-01 18:43:16",186,"Neha Gupta",100100000185,"Senior Citizen Savings Account","SBI Bhopal Branch 35","Bhopal","Transfer","IMPS",395189.10,0.00,"Success","Fund transfer"
1057,"2024-07-09 15:44:11",183,"Neha Nair",100100000244,"Savings Account","SBI Bhubaneswar Branch 22","Bhubaneswar","Interest","System",452660.30,332413.04,"Failed","Interest credited"
1058,"2022-09-21 01:25:36",61,"Sakshi Pandey",100100000224,"Savings Account","SBI Nagpur Branch 34","Nagpur","Withdrawal","IMPS",35381.00,0.00,"Failed","Cash withdrawal"
1059,"2022-07-04 07:28:33",183,"Neha Nair",100100000182,"Savings Account","SBI Hyderabad Branch 41","Hyderabad","Transfer","ATM",473064.62,276712.36,"Success","Fund transfer"
1060,"2022-01-16 15:28:07",57,"Divya Chauhan",100100000056,"Savings Account","SBI Bengaluru Branch 50","Bengaluru","Transfer","Cash",176538.08,0.00,"Success","Fund transfer"
1061,"2023-09-08 17:18:48",192,"Deepak Reddy",100100000191,"Salary Account","SBI Bengaluru Branch 38","Bengaluru","Withdrawal","RTGS",244995.01,0.00,"Success","Cash withdrawal"
1062,"2024-05-30 22:21:33",61,"Sakshi Pandey",100100000224,"Savings Account","SBI Nagpur Branch 34","Nagpur","Withdrawal","RTGS",237364.75,0.00,"Success","Cash withdrawal"
1063,"2023-11-03 11:25:09",89,"Rahul Kumar",100100000088,"Savings Account","SBI Pune Branch 1","Pune","Withdrawal","Cash",239091.79,107475.37,"Success","Cash withdrawal"
1064,"2024-12-20 06:52:15",78,"Sneha Verma",100100000077,"Savings Account","SBI Bengaluru Branch 7","Bengaluru","Transfer","ATM",425876.89,0.00,"Success","Fund transfer"
1065,"2024-03-25 08:58:44",185,"Rahul Kumar",100100000207,"Savings Account","SBI Bhopal Branch 23","Bhopal","Charge","Cheque",160347.69,0.00,"Success","Service charge"
1066,"2024-08-10 15:51:30",51,"Rohit Yadav",100100000288,"NRI Savings Account","SBI Patna Branch 26","Patna","Interest","System",411338.22,523216.00,"Success","Interest credited"
1067,"2024-01-02 01:49:38",65,"Amit Sharma",100100000064,"Recurring Deposit Account","SBI Gurugram Branch 45","Gurugram","Deposit","RTGS",10177.07,10177.07,"Success","Cash deposit"
1068,"2025-10-18 22:00:46",184,"Asha Singh",100100000183,"Savings Account","SBI Surat Branch 29","Surat","Deposit","IMPS",480569.74,823646.92,"Success","Cash deposit"
1069,"2024-04-04 15:57:52",193,"Vikas Verma",100100000242,"Student Account","SBI Surat Branch 6","Surat","Transfer","NEFT",88574.27,108864.47,"Success","Fund transfer"
1070,"2025-12-31 01:35:43",77,"Anjali Mishra",100100000243,"Savings Account","SBI Kolkata Branch 42","Kolkata","Withdrawal","NEFT",89411.53,3595.59,"Success","Cash withdrawal"
1071,"2023-06-09 10:57:55",73,"Karan Yadav",100100000226,"NRI Savings Account","SBI Bhubaneswar Branch 22","Bhubaneswar","Interest","System",418578.86,418578.86,"Success","Interest credited"
1072,"2025-01-13 22:06:00",136,"Priya Sharma",100100000135,"Savings Account","SBI Bhopal Branch 37","Bhopal","Withdrawal","Cheque",289219.19,29020.36,"Failed","Cash withdrawal"
1073,"2024-10-23 12:31:41",47,"Priya Sharma",100100000259,"Savings Account","SBI Bengaluru Branch 15","Bengaluru","Charge","Cheque",321546.80,0.00,"Success","Service charge"
1074,"2026-04-12 01:49:46",114,"Harsh Reddy",100100000290,"NRI Savings Account","SBI Surat Branch 3","Surat","Transfer","UPI",60776.07,506223.44,"Success","Fund transfer"
1075,"2022-02-08 15:39:25",177,"Riya Verma",100100000176,"Salary Account","SBI Bhubaneswar Branch 25","Bhubaneswar","Interest","System",49310.72,155779.72,"Success","Interest credited"
1076,"2022-06-17 13:58:41",190,"Divya Kumar",100100000189,"Recurring Deposit Account","SBI Noida Branch 47","Noida","Transfer","UPI",92743.43,0.00,"Success","Fund transfer"
1077,"2023-09-28 14:07:15",143,"Rohit Mishra",100100000252,"Recurring Deposit Account","SBI Gurugram Branch 49","Gurugram","Deposit","IMPS",415317.58,415317.58,"Success","Cash deposit"
1078,"2022-09-08 00:13:23",75,"Neha Chauhan",100100000074,"Salary Account","SBI Chennai Branch 40","Chennai","Charge","Cheque",41430.55,164539.89,"Success","Service charge"
1079,"2025-08-03 23:13:52",95,"Rahul Kumar",100100000094,"Savings Account","SBI Bhubaneswar Branch 25","Bhubaneswar","Transfer","UPI",290137.45,0.00,"Success","Fund transfer"
1080,"2023-01-25 20:01:57",129,"Priya Gupta",100100000128,"NRI Savings Account","SBI Noida Branch 47","Noida","Deposit","UPI",50083.83,50083.83,"Success","Cash deposit"
1081,"2024-09-18 12:18:22",69,"Ritu Pandey",100100000068,"NRI Savings Account","SBI Surat Branch 30","Surat","Interest","System",377544.41,377544.41,"Success","Interest credited"
1082,"2025-01-24 05:43:41",50,"Suresh Chauhan",100100000251,"Fixed Deposit Account","SBI Surat Branch 30","Surat","Deposit","RTGS",371748.92,635332.78,"Success","Cash deposit"
1083,"2026-05-03 01:15:31",183,"Neha Nair",100100000244,"Savings Account","SBI Bhubaneswar Branch 22","Bhubaneswar","Interest","System",386061.82,718474.86,"Success","Interest credited"
1084,"2025-03-23 07:53:43",170,"Manish Verma",100100000169,"Savings Account","SBI Chennai Branch 40","Chennai","Deposit","RTGS",139658.20,139658.20,"Success","Cash deposit"
1085,"2024-11-09 19:07:53",129,"Priya Gupta",100100000128,"NRI Savings Account","SBI Noida Branch 47","Noida","Interest","System",135421.75,185505.58,"Success","Interest credited"
1086,"2024-12-02 01:16:29",55,"Vikas Kumar",100100000229,"Savings Account","SBI Patna Branch 17","Patna","Withdrawal","NEFT",123377.46,218926.75,"Success","Cash withdrawal"
1087,"2023-02-03 16:29:37",89,"Rahul Kumar",100100000088,"Savings Account","SBI Pune Branch 1","Pune","Interest","System",342683.65,450159.02,"Success","Interest credited"
1088,"2026-06-23 09:47:03",34,"Rahul Sharma",100100000033,"NRI Savings Account","SBI Bhopal Branch 39","Bhopal","Charge","System",27390.68,0.00,"Success","Service charge"
1089,"2022-04-26 11:59:09",160,"Arjun Chauhan",100100000159,"Salary Account","SBI Bengaluru Branch 15","Bengaluru","Deposit","NEFT",462054.27,462054.27,"Success","Cash deposit"
1090,"2024-08-18 15:22:16",136,"Priya Sharma",100100000256,"Student Account","SBI Surat Branch 3","Surat","Charge","Cheque",449444.94,0.00,"Pending","Service charge"
1091,"2025-04-18 07:49:44",60,"Rahul Sinha",100100000059,"Savings Account","SBI Pune Branch 11","Pune","Withdrawal","NEFT",13703.17,470569.99,"Success","Cash withdrawal"
1092,"2026-05-19 04:48:49",191,"Asha Sharma",100100000295,"Senior Citizen Savings Account","SBI Gurugram Branch 36","Gurugram","Deposit","IMPS",246965.03,679547.44,"Success","Cash deposit"
1093,"2023-08-02 09:49:37",50,"Suresh Chauhan",100100000251,"Fixed Deposit Account","SBI Surat Branch 30","Surat","Interest","System",79216.61,714549.39,"Success","Interest credited"
1094,"2024-08-26 09:33:35",94,"Shreya Mishra",100100000274,"Fixed Deposit Account","SBI Delhi Branch 14","Delhi","Deposit","NEFT",360373.63,776887.29,"Success","Cash deposit"
1095,"2024-04-19 14:47:38",51,"Rohit Yadav",100100000288,"NRI Savings Account","SBI Patna Branch 26","Patna","Deposit","Cash",406874.48,930090.48,"Success","Cash deposit"
1096,"2022-05-10 01:23:37",50,"Suresh Chauhan",100100000049,"Current Account","SBI Bhubaneswar Branch 22","Bhubaneswar","Interest","System",154219.75,154219.75,"Success","Interest credited"
1097,"2025-07-27 01:04:37",197,"Rajesh Yadav",100100000196,"Senior Citizen Savings Account","SBI Kochi Branch 46","Kochi","Deposit","NEFT",172507.62,172507.62,"Success","Cash deposit"
1098,"2022-06-29 18:55:46",116,"Riya Sinha",100100000201,"Salary Account","SBI Bengaluru Branch 7","Bengaluru","Charge","System",87430.43,755008.26,"Success","Service charge"
1099,"2024-06-06 01:17:07",79,"Vikas Agarwal",100100000078,"Student Account","SBI Surat Branch 4","Surat","Deposit","IMPS",347309.33,891779.01,"Success","Cash deposit"
1100,"2023-01-20 04:10:30",95,"Rahul Kumar",100100000094,"Savings Account","SBI Bhubaneswar Branch 25","Bhubaneswar","Deposit","Cash",335924.32,335924.32,"Success","Cash deposit"
1101,"2022-04-22 13:45:08",30,"Vikas Gupta",100100000221,"Savings Account","SBI Noida Branch 2","Noida","Charge","System",466131.52,773113.72,"Success","Service charge"
1102,"2025-10-21 21:39:43",72,"Anjali Singh",100100000217,"Savings Account","SBI Bengaluru Branch 38","Bengaluru","Withdrawal","IMPS",25399.22,0.00,"Success","Cash withdrawal"
1103,"2024-12-05 19:42:10",25,"Riya Reddy",100100000024,"Savings Account","SBI Gurugram Branch 33","Gurugram","Charge","Cheque",293987.31,0.00,"Success","Service charge"
1104,"2025-12-19 10:03:42",29,"Mohit Yadav",100100000028,"Student Account","SBI Bhopal Branch 39","Bhopal","Charge","ATM",355138.43,0.00,"Success","Service charge"
1105,"2024-04-03 18:30:04",145,"Nidhi Nair",100100000299,"Student Account","SBI Surat Branch 10","Surat","Transfer","RTGS",107183.82,27252.38,"Success","Fund transfer"
1106,"2026-01-22 07:39:46",200,"Harsh Mishra",100100000225,"Salary Account","SBI Gurugram Branch 36","Gurugram","Interest","System",311471.25,592330.23,"Success","Interest credited"
1107,"2026-04-04 01:27:03",100,"Pooja Mishra",100100000099,"Savings Account","SBI Noida Branch 28","Noida","Withdrawal","UPI",99440.39,147913.78,"Success","Cash withdrawal"
1108,"2026-06-05 08:18:24",18,"Vivek Verma",100100000017,"NRI Savings Account","SBI Bengaluru Branch 38","Bengaluru","Interest","System",72610.35,372720.27,"Success","Interest credited"
1109,"2024-12-16 06:39:32",88,"Arjun Kumar",100100000273,"NRI Savings Account","SBI Bengaluru Branch 50","Bengaluru","Interest","System",201389.73,201389.73,"Success","Interest credited"
1110,"2022-05-03 11:26:38",159,"Kavita Singh",100100000158,"Savings Account","SBI Noida Branch 32","Noida","Charge","Cheque",216888.13,0.00,"Pending","Service charge"
1111,"2024-03-30 09:03:59",84,"Karan Patel",100100000083,"Savings Account","SBI Bhopal Branch 35","Bhopal","Charge","Cheque",330806.58,0.00,"Success","Service charge"
1112,"2023-01-14 20:45:33",43,"Shreya Singh",100100000042,"Savings Account","SBI Patna Branch 26","Patna","Withdrawal","IMPS",188690.71,0.00,"Success","Cash withdrawal"
1113,"2025-11-26 06:22:36",44,"Meena Reddy",100100000043,"Senior Citizen Savings Account","SBI Gurugram Branch 49","Gurugram","Charge","System",445500.67,0.00,"Success","Service charge"
1114,"2025-07-24 13:58:51",52,"Harsh Mishra",100100000051,"Savings Account","SBI Gurugram Branch 49","Gurugram","Transfer","RTGS",96032.48,0.00,"Success","Fund transfer"
1115,"2023-04-27 19:23:41",196,"Manish Chauhan",100100000236,"Fixed Deposit Account","SBI Bhubaneswar Branch 22","Bhubaneswar","Withdrawal","IMPS",395209.80,0.00,"Success","Cash withdrawal"
1116,"2022-08-30 13:09:16",39,"Riya Reddy",100100000038,"Senior Citizen Savings Account","SBI Chandigarh Branch 5","Chandigarh","Deposit","Cash",430172.66,430172.66,"Success","Cash deposit"
1117,"2025-03-29 09:02:36",51,"Rohit Yadav",100100000050,"Savings Account","SBI Chennai Branch 21","Chennai","Withdrawal","Cash",20557.23,0.00,"Success","Cash withdrawal"
1118,"2026-02-02 11:32:59",42,"Pooja Gupta",100100000211,"Current Account","SBI Chennai Branch 21","Chennai","Transfer","RTGS",24292.31,1003428.91,"Success","Fund transfer"
1119,"2022-09-10 13:53:51",196,"Manish Chauhan",100100000195,"Fixed Deposit Account","SBI Pune Branch 11","Pune","Withdrawal","NEFT",377045.14,0.00,"Success","Cash withdrawal"
1120,"2023-01-18 09:47:42",64,"Riya Singh",100100000063,"Fixed Deposit Account","SBI Patna Branch 17","Patna","Withdrawal","IMPS",385327.82,14677.11,"Success","Cash withdrawal"
1121,"2023-06-22 23:41:57",69,"Ritu Pandey",100100000068,"NRI Savings Account","SBI Surat Branch 30","Surat","Transfer","Cash",364367.37,13177.04,"Success","Fund transfer"
1122,"2023-06-12 12:32:11",73,"Karan Yadav",100100000226,"NRI Savings Account","SBI Bhubaneswar Branch 22","Bhubaneswar","Charge","System",38583.59,379995.27,"Success","Service charge"
1123,"2025-09-07 05:51:24",70,"Asha Reddy",100100000069,"Salary Account","SBI Pune Branch 43","Pune","Interest","System",185797.98,527012.49,"Failed","Interest credited"
1124,"2026-01-30 10:56:23",114,"Harsh Reddy",100100000113,"Fixed Deposit Account","SBI Surat Branch 3","Surat","Interest","System",43291.99,140739.99,"Success","Interest credited"
1125,"2025-07-21 00:36:55",4,"Ankit Chauhan",100100000003,"Fixed Deposit Account","SBI Pune Branch 11","Pune","Interest","System",271639.92,271639.92,"Success","Interest credited"
1126,"2024-01-25 02:28:51",168,"Meena Gupta",100100000167,"Senior Citizen Savings Account","SBI Gurugram Branch 33","Gurugram","Withdrawal","RTGS",191750.23,506529.33,"Success","Cash withdrawal"
1127,"2022-12-13 00:33:57",20,"Karan Sinha",100100000019,"NRI Savings Account","SBI Kolkata Branch 42","Kolkata","Interest","System",32321.11,32321.11,"Success","Interest credited"
1128,"2023-07-04 04:48:46",29,"Mohit Yadav",100100000028,"Student Account","SBI Bhopal Branch 39","Bhopal","Charge","Cheque",484529.91,0.00,"Success","Service charge"
1129,"2024-12-21 06:19:32",151,"Pooja Patel",100100000150,"Fixed Deposit Account","SBI Gurugram Branch 49","Gurugram","Interest","System",174071.87,331811.65,"Pending","Interest credited"
1130,"2025-06-20 06:30:37",145,"Nidhi Nair",100100000144,"Senior Citizen Savings Account","SBI Noida Branch 2","Noida","Charge","Cheque",3251.29,0.00,"Success","Service charge"
1131,"2024-05-13 07:10:04",134,"Nitin Sharma",100100000200,"Salary Account","SBI Pune Branch 43","Pune","Transfer","UPI",120114.93,1177242.54,"Success","Fund transfer"
1132,"2023-03-31 03:17:13",88,"Arjun Kumar",100100000087,"Senior Citizen Savings Account","SBI Gurugram Branch 49","Gurugram","Charge","ATM",231342.75,70944.30,"Success","Service charge"
1133,"2025-09-12 07:21:52",178,"Arjun Kumar",100100000208,"NRI Savings Account","SBI Gurugram Branch 49","Gurugram","Charge","System",409205.26,0.00,"Success","Service charge"
1134,"2022-03-28 10:21:55",11,"Komal Pandey",100100000010,"Savings Account","SBI Surat Branch 29","Surat","Transfer","UPI",83988.35,593780.95,"Success","Fund transfer"
1135,"2026-01-08 10:10:16",111,"Shreya Singh",100100000220,"Senior Citizen Savings Account","SBI Indore Branch 27","Indore","Deposit","IMPS",298831.05,1253635.34,"Success","Cash deposit"
1136,"2025-12-06 00:41:44",196,"Manish Chauhan",100100000236,"Fixed Deposit Account","SBI Bhubaneswar Branch 22","Bhubaneswar","Withdrawal","Cheque",329289.95,0.00,"Success","Cash withdrawal"
1137,"2024-05-09 01:07:17",86,"Komal Verma",100100000276,"Savings Account","SBI Chandigarh Branch 5","Chandigarh","Deposit","Cheque",297514.71,297514.71,"Success","Cash deposit"
1138,"2024-06-12 00:28:25",145,"Nidhi Nair",100100000299,"Student Account","SBI Surat Branch 10","Surat","Deposit","NEFT",487436.86,514689.24,"Success","Cash deposit"
1139,"2025-06-03 06:55:24",15,"Riya Yadav",100100000014,"Salary Account","SBI Surat Branch 44","Surat","Charge","ATM",193516.75,0.00,"Success","Service charge"
1140,"2024-01-05 16:42:00",44,"Meena Reddy",100100000043,"Senior Citizen Savings Account","SBI Gurugram Branch 49","Gurugram","Withdrawal","ATM",31323.69,0.00,"Success","Cash withdrawal"
1141,"2024-02-04 03:18:04",37,"Neha Pandey",100100000036,"Student Account","SBI Bengaluru Branch 50","Bengaluru","Transfer","Cash",1808.50,953502.38,"Success","Fund transfer"
1142,"2023-10-21 10:54:12",30,"Vikas Gupta",100100000029,"Savings Account","SBI Bhopal Branch 39","Bhopal","Withdrawal","RTGS",463440.25,397229.25,"Success","Cash withdrawal"
1143,"2023-01-30 01:41:13",88,"Arjun Kumar",100100000087,"Senior Citizen Savings Account","SBI Gurugram Branch 49","Gurugram","Deposit","UPI",19257.06,90201.36,"Success","Cash deposit"
1144,"2022-12-10 19:15:00",36,"Sakshi Agarwal",100100000035,"Savings Account","SBI Chennai Branch 40","Chennai","Transfer","RTGS",498038.74,0.00,"Success","Fund transfer"
1145,"2023-10-07 00:23:23",170,"Manish Verma",100100000169,"Savings Account","SBI Chennai Branch 40","Chennai","Deposit","ATM",94474.81,234133.01,"Success","Cash deposit"
1146,"2022-11-22 06:11:23",179,"Ritu Mishra",100100000260,"Savings Account","SBI Bengaluru Branch 16","Bengaluru","Withdrawal","Cheque",404044.47,0.00,"Success","Cash withdrawal"
1147,"2024-12-18 07:55:26",84,"Karan Patel",100100000083,"Savings Account","SBI Bhopal Branch 35","Bhopal","Charge","ATM",479205.92,0.00,"Success","Service charge"
1148,"2023-10-17 06:01:43",196,"Manish Chauhan",100100000236,"Fixed Deposit Account","SBI Bhubaneswar Branch 22","Bhubaneswar","Deposit","IMPS",91178.79,91178.79,"Success","Cash deposit"
1149,"2025-03-30 01:30:08",82,"Meena Gupta",100100000285,"NRI Savings Account","SBI Bhopal Branch 35","Bhopal","Charge","ATM",366905.20,0.00,"Success","Service charge"
1150,"2024-09-04 23:07:40",86,"Komal Verma",100100000085,"Savings Account","SBI Noida Branch 18","Noida","Withdrawal","Cash",182827.19,540158.94,"Success","Cash withdrawal"
1151,"2023-06-26 22:06:41",129,"Priya Gupta",100100000128,"NRI Savings Account","SBI Noida Branch 47","Noida","Deposit","NEFT",181375.00,366880.58,"Success","Cash deposit"
1152,"2022-09-10 19:16:36",5,"Amit Reddy",100100000287,"Salary Account","SBI Surat Branch 44","Surat","Interest","System",433466.49,918798.62,"Success","Interest credited"
1153,"2025-01-27 12:00:15",84,"Karan Patel",100100000083,"Savings Account","SBI Bhopal Branch 35","Bhopal","Charge","Cheque",59393.86,0.00,"Success","Service charge"
1154,"2022-09-16 11:12:59",14,"Sneha Nair",100100000013,"Fixed Deposit Account","SBI Nagpur Branch 34","Nagpur","Interest","System",253782.98,507742.31,"Success","Interest credited"
1155,"2023-02-06 01:19:47",42,"Pooja Gupta",100100000267,"Current Account","SBI Bengaluru Branch 38","Bengaluru","Charge","System",7819.63,298781.66,"Success","Service charge"
1156,"2023-08-17 18:54:10",157,"Meena Mishra",100100000156,"Savings Account","SBI Bhubaneswar Branch 22","Bhubaneswar","Transfer","RTGS",388701.28,332061.36,"Success","Fund transfer"
1157,"2023-04-09 05:05:55",175,"Pooja Jain",100100000174,"Fixed Deposit Account","SBI Pune Branch 11","Pune","Withdrawal","NEFT",346193.72,68203.52,"Success","Cash withdrawal"
1158,"2022-11-19 12:27:37",138,"Sakshi Chauhan",100100000247,"Student Account","SBI Chennai Branch 21","Chennai","Transfer","NEFT",262879.49,0.00,"Success","Fund transfer"
1159,"2026-05-26 08:15:47",148,"Harsh Sharma",100100000147,"NRI Savings Account","SBI Lucknow Branch 12","Lucknow","Withdrawal","ATM",219034.63,128566.67,"Success","Cash withdrawal"
1160,"2024-06-05 04:43:15",111,"Shreya Singh",100100000204,"Savings Account","SBI Bengaluru Branch 7","Bengaluru","Withdrawal","Cash",372282.16,809872.17,"Success","Cash withdrawal"
1161,"2025-10-22 16:26:54",169,"Rahul Pandey",100100000168,"Senior Citizen Savings Account","SBI Hyderabad Branch 41","Hyderabad","Deposit","IMPS",25677.48,25677.48,"Success","Cash deposit"
1162,"2023-01-09 12:10:30",64,"Riya Singh",100100000063,"Fixed Deposit Account","SBI Patna Branch 17","Patna","Withdrawal","ATM",304624.26,0.00,"Success","Cash withdrawal"
1163,"2026-03-07 20:28:40",124,"Asha Sinha",100100000214,"Student Account","SBI Gurugram Branch 45","Gurugram","Transfer","UPI",271417.87,0.00,"Success","Fund transfer"
1164,"2025-07-18 06:21:01",115,"Nidhi Agarwal",100100000114,"Current Account","SBI Noida Branch 28","Noida","Charge","System",172020.51,14108.49,"Success","Service charge"
1165,"2022-02-01 04:27:36",185,"Rahul Kumar",100100000207,"Savings Account","SBI Bhopal Branch 23","Bhopal","Charge","ATM",311514.97,0.00,"Success","Service charge"
1166,"2022-03-19 20:18:37",10,"Divya Patel",100100000009,"NRI Savings Account","SBI Nagpur Branch 34","Nagpur","Withdrawal","RTGS",261654.88,0.00,"Success","Cash withdrawal"
1167,"2024-10-05 14:33:17",48,"Divya Yadav",100100000047,"Savings Account","SBI Patna Branch 17","Patna","Deposit","IMPS",477710.21,697761.28,"Success","Cash deposit"
1168,"2024-12-25 07:56:06",38,"Neha Patel",100100000037,"Student Account","SBI Bengaluru Branch 7","Bengaluru","Deposit","ATM",477110.52,477110.52,"Success","Cash deposit"
1169,"2024-06-30 21:33:36",62,"Ritu Yadav",100100000061,"Recurring Deposit Account","SBI Noida Branch 2","Noida","Deposit","Cash",472128.09,481895.85,"Success","Cash deposit"
1170,"2024-08-01 09:40:00",38,"Neha Patel",100100000037,"Student Account","SBI Bengaluru Branch 7","Bengaluru","Withdrawal","ATM",227290.15,249820.37,"Success","Cash withdrawal"
1171,"2022-02-23 19:48:31",138,"Sakshi Chauhan",100100000137,"Fixed Deposit Account","SBI Pune Branch 8","Pune","Transfer","IMPS",17395.55,0.00,"Success","Fund transfer"
1172,"2024-04-08 17:52:32",16,"Amit Verma",100100000015,"Recurring Deposit Account","SBI Noida Branch 32","Noida","Withdrawal","ATM",244466.48,0.00,"Success","Cash withdrawal"
1173,"2023-02-13 20:32:24",29,"Mohit Yadav",100100000028,"Student Account","SBI Bhopal Branch 39","Bhopal","Transfer","RTGS",465492.69,0.00,"Success","Fund transfer"
1174,"2023-05-30 01:28:13",4,"Ankit Chauhan",100100000003,"Fixed Deposit Account","SBI Pune Branch 11","Pune","Deposit","RTGS",25282.37,296922.29,"Success","Cash deposit"
1175,"2026-06-29 12:12:22",112,"Mohit Mishra",100100000111,"Salary Account","SBI Surat Branch 30","Surat","Withdrawal","UPI",213129.52,0.00,"Success","Cash withdrawal"
1176,"2022-06-16 04:37:46",51,"Rohit Yadav",100100000050,"Savings Account","SBI Chennai Branch 21","Chennai","Withdrawal","NEFT",138079.91,0.00,"Success","Cash withdrawal"
1177,"2026-03-21 18:14:57",77,"Anjali Mishra",100100000237,"Savings Account","SBI Kochi Branch 46","Kochi","Interest","System",300120.18,577106.64,"Success","Interest credited"
1178,"2024-09-05 00:49:04",178,"Arjun Kumar",100100000227,"Current Account","SBI Kolkata Branch 42","Kolkata","Deposit","NEFT",169900.50,169900.50,"Success","Cash deposit"
1179,"2024-05-12 07:33:49",73,"Karan Yadav",100100000072,"Current Account","SBI Lucknow Branch 19","Lucknow","Withdrawal","Cheque",447639.08,627207.17,"Success","Cash withdrawal"
1180,"2023-11-25 11:01:06",61,"Sakshi Pandey",100100000224,"Savings Account","SBI Nagpur Branch 34","Nagpur","Transfer","Cheque",212625.33,0.00,"Success","Fund transfer"
1181,"2024-04-29 01:20:04",102,"Asha Sinha",100100000268,"Fixed Deposit Account","SBI Chennai Branch 21","Chennai","Deposit","ATM",111787.24,284354.48,"Success","Cash deposit"
1182,"2024-09-26 05:23:05",124,"Asha Sinha",100100000123,"Student Account","SBI Lucknow Branch 12","Lucknow","Interest","System",29289.58,29289.58,"Success","Interest credited"
1183,"2024-11-18 08:29:55",195,"Amit Agarwal",100100000194,"Savings Account","SBI Surat Branch 3","Surat","Deposit","ATM",320347.26,803973.03,"Success","Cash deposit"
1184,"2023-12-13 08:22:30",182,"Komal Gupta",100100000181,"Savings Account","SBI Surat Branch 30","Surat","Transfer","IMPS",188335.97,0.00,"Success","Fund transfer"
1185,"2025-02-24 22:22:38",114,"Harsh Reddy",100100000113,"Fixed Deposit Account","SBI Surat Branch 3","Surat","Withdrawal","Cash",289386.66,0.00,"Success","Cash withdrawal"
1186,"2025-12-28 09:24:26",82,"Meena Gupta",100100000285,"NRI Savings Account","SBI Bhopal Branch 35","Bhopal","Withdrawal","RTGS",269715.80,0.00,"Success","Cash withdrawal"
1187,"2024-06-25 13:37:37",197,"Rajesh Yadav",100100000296,"Recurring Deposit Account","SBI Surat Branch 30","Surat","Transfer","IMPS",373530.77,0.00,"Success","Fund transfer"
1188,"2022-02-16 17:44:07",180,"Divya Mishra",100100000179,"Current Account","SBI Chennai Branch 21","Chennai","Interest","System",45166.09,115326.47,"Success","Interest credited"
1189,"2024-07-06 16:11:55",159,"Kavita Singh",100100000158,"Savings Account","SBI Noida Branch 32","Noida","Deposit","NEFT",60382.67,60382.67,"Success","Cash deposit"
1190,"2022-09-10 23:16:46",26,"Rahul Patel",100100000025,"Savings Account","SBI Chennai Branch 21","Chennai","Withdrawal","UPI",457592.30,196654.71,"Success","Cash withdrawal"
1191,"2022-10-29 12:25:15",165,"Riya Kumar",100100000164,"Recurring Deposit Account","SBI Surat Branch 6","Surat","Deposit","UPI",94786.98,514597.20,"Success","Cash deposit"
1192,"2023-09-15 17:35:27",144,"Rahul Mishra",100100000143,"NRI Savings Account","SBI Surat Branch 6","Surat","Charge","Cheque",60811.80,0.00,"Success","Service charge"
1193,"2022-01-10 08:04:31",149,"Anjali Mishra",100100000148,"Student Account","SBI Bengaluru Branch 7","Bengaluru","Interest","System",70280.31,1122432.32,"Success","Interest credited"
1194,"2025-05-09 13:01:57",7,"Neha Gupta",100100000006,"Savings Account","SBI Surat Branch 3","Surat","Charge","Cheque",198898.36,88609.94,"Success","Service charge"
1195,"2025-09-29 04:59:21",148,"Harsh Sharma",100100000147,"NRI Savings Account","SBI Lucknow Branch 12","Lucknow","Withdrawal","Cheque",301850.09,0.00,"Success","Cash withdrawal"
1196,"2024-10-01 14:59:16",115,"Nidhi Agarwal",100100000233,"Salary Account","SBI Gurugram Branch 49","Gurugram","Transfer","IMPS",354434.24,0.00,"Success","Fund transfer"
1197,"2024-12-07 12:30:53",47,"Priya Sharma",100100000046,"Savings Account","SBI Indore Branch 27","Indore","Transfer","UPI",319621.19,0.00,"Success","Fund transfer"
1198,"2024-04-07 11:38:32",89,"Rahul Kumar",100100000088,"Savings Account","SBI Pune Branch 1","Pune","Withdrawal","Cash",295637.62,154521.40,"Success","Cash withdrawal"
1199,"2023-10-15 08:05:05",132,"Karan Chauhan",100100000131,"Recurring Deposit Account","SBI Surat Branch 44","Surat","Withdrawal","Cheque",453629.27,0.00,"Success","Cash withdrawal"
1200,"2026-04-26 19:05:06",164,"Shreya Sinha",100100000163,"Student Account","SBI Indore Branch 27","Indore","Transfer","Cash",191473.12,0.00,"Success","Fund transfer"
1201,"2024-11-19 13:20:45",124,"Asha Sinha",100100000123,"Student Account","SBI Lucknow Branch 12","Lucknow","Interest","System",338120.62,367410.20,"Success","Interest credited"
1202,"2024-05-16 09:49:54",18,"Vivek Verma",100100000239,"NRI Savings Account","SBI Bengaluru Branch 7","Bengaluru","Transfer","Cheque",395804.14,0.00,"Success","Fund transfer"
1203,"2023-11-24 07:36:36",150,"Ankit Verma",100100000149,"Salary Account","SBI Chennai Branch 40","Chennai","Deposit","Cash",263291.96,446840.74,"Success","Cash deposit"
1204,"2025-02-22 16:41:43",195,"Amit Agarwal",100100000279,"Current Account","SBI Patna Branch 17","Patna","Interest","System",393190.02,1116080.95,"Success","Interest credited"
1205,"2022-08-31 09:41:16",167,"Mohit Jain",100100000230,"Recurring Deposit Account","SBI Bengaluru Branch 7","Bengaluru","Withdrawal","ATM",139740.06,0.00,"Success","Cash withdrawal"
1206,"2022-05-03 15:03:23",156,"Shreya Yadav",100100000272,"NRI Savings Account","SBI Indore Branch 27","Indore","Interest","System",295903.83,683330.91,"Success","Interest credited"
1207,"2025-01-02 07:29:49",200,"Harsh Mishra",100100000199,"Savings Account","SBI Gurugram Branch 45","Gurugram","Interest","System",96847.69,96847.69,"Success","Interest credited"
1208,"2024-09-22 09:12:59",181,"Arjun Singh",100100000180,"Recurring Deposit Account","SBI Bhopal Branch 39","Bhopal","Charge","ATM",58858.83,0.00,"Success","Service charge"
1209,"2024-06-10 12:06:34",49,"Amit Sinha",100100000048,"Senior Citizen Savings Account","SBI Bhopal Branch 39","Bhopal","Charge","Cheque",457421.77,0.00,"Success","Service charge"
1210,"2024-10-01 11:10:03",88,"Arjun Kumar",100100000273,"NRI Savings Account","SBI Bengaluru Branch 50","Bengaluru","Interest","System",308122.52,509512.25,"Success","Interest credited"
1211,"2024-08-10 12:56:54",143,"Rohit Mishra",100100000277,"NRI Savings Account","SBI Patna Branch 9","Patna","Withdrawal","NEFT",15177.56,283953.49,"Success","Cash withdrawal"
1212,"2025-05-21 20:23:37",17,"Komal Patel",100100000016,"Student Account","SBI Chennai Branch 40","Chennai","Transfer","ATM",195399.31,213790.53,"Success","Fund transfer"
1213,"2025-02-01 16:43:02",133,"Priya Patel",100100000132,"NRI Savings Account","SBI Nagpur Branch 34","Nagpur","Withdrawal","IMPS",263516.21,499654.92,"Success","Cash withdrawal"
1214,"2026-05-14 05:38:19",102,"Asha Sinha",100100000101,"Student Account","SBI Bengaluru Branch 50","Bengaluru","Interest","System",260794.83,880369.41,"Success","Interest credited"
1215,"2022-09-26 12:18:42",185,"Rahul Kumar",100100000184,"Current Account","SBI Surat Branch 4","Surat","Transfer","ATM",7504.83,386853.65,"Failed","Fund transfer"
1216,"2023-12-28 02:59:14",93,"Arjun Sinha",100100000092,"Current Account","SBI Bengaluru Branch 38","Bengaluru","Transfer","ATM",268139.14,0.00,"Success","Fund transfer"
1217,"2023-08-10 07:12:41",183,"Neha Nair",100100000182,"Savings Account","SBI Hyderabad Branch 41","Hyderabad","Transfer","ATM",54961.33,221751.03,"Success","Fund transfer"
1218,"2023-03-27 14:08:30",171,"Vikas Patel",100100000170,"Student Account","SBI Gurugram Branch 36","Gurugram","Withdrawal","IMPS",77094.00,80057.84,"Success","Cash withdrawal"
1219,"2022-06-12 04:53:11",162,"Asha Reddy",100100000161,"Savings Account","SBI Pune Branch 1","Pune","Withdrawal","Cash",4641.45,0.00,"Success","Cash withdrawal"
1220,"2025-12-23 05:00:21",106,"Arjun Nair",100100000105,"Fixed Deposit Account","SBI Gurugram Branch 33","Gurugram","Deposit","UPI",348572.29,348572.29,"Success","Cash deposit"
1221,"2025-01-02 13:34:49",102,"Asha Sinha",100100000268,"Fixed Deposit Account","SBI Chennai Branch 21","Chennai","Charge","Cheque",401370.00,0.00,"Success","Service charge"
1222,"2023-04-17 21:49:38",81,"Karan Reddy",100100000080,"Recurring Deposit Account","SBI Lucknow Branch 19","Lucknow","Transfer","NEFT",238123.00,0.00,"Success","Fund transfer"
1223,"2024-12-03 17:37:52",49,"Amit Sinha",100100000048,"Senior Citizen Savings Account","SBI Bhopal Branch 39","Bhopal","Withdrawal","Cheque",10161.65,0.00,"Success","Cash withdrawal"
1224,"2023-08-27 13:32:33",24,"Riya Patel",100100000023,"NRI Savings Account","SBI Nagpur Branch 34","Nagpur","Deposit","NEFT",390417.50,958369.26,"Success","Cash deposit"
1225,"2023-05-26 22:09:43",39,"Riya Reddy",100100000038,"Senior Citizen Savings Account","SBI Chandigarh Branch 5","Chandigarh","Charge","System",68326.52,361846.14,"Success","Service charge"
1226,"2026-04-21 13:16:36",150,"Ankit Verma",100100000149,"Salary Account","SBI Chennai Branch 40","Chennai","Withdrawal","ATM",258127.74,188713.00,"Success","Cash withdrawal"
1227,"2025-12-10 04:34:55",125,"Vivek Kumar",100100000124,"Salary Account","SBI Bhopal Branch 39","Bhopal","Transfer","IMPS",191759.86,0.00,"Success","Fund transfer"
1228,"2025-05-08 05:30:20",4,"Ankit Chauhan",100100000003,"Fixed Deposit Account","SBI Pune Branch 11","Pune","Withdrawal","IMPS",251338.33,45583.96,"Success","Cash withdrawal"
1229,"2024-04-28 16:42:28",78,"Sneha Verma",100100000077,"Savings Account","SBI Bengaluru Branch 7","Bengaluru","Charge","ATM",172369.08,0.00,"Success","Service charge"
1230,"2022-02-13 17:08:47",51,"Rohit Yadav",100100000206,"Savings Account","SBI Noida Branch 2","Noida","Withdrawal","Cash",103501.87,0.00,"Success","Cash withdrawal"
1231,"2023-04-04 18:21:38",183,"Neha Nair",100100000182,"Savings Account","SBI Hyderabad Branch 41","Hyderabad","Deposit","RTGS",6574.20,228325.23,"Success","Cash deposit"
1232,"2026-05-14 18:05:25",149,"Anjali Mishra",100100000148,"Student Account","SBI Bengaluru Branch 7","Bengaluru","Transfer","RTGS",158903.27,963529.05,"Success","Fund transfer"
1233,"2024-05-18 06:35:42",82,"Meena Gupta",100100000202,"Recurring Deposit Account","SBI Ahmedabad Branch 24","Ahmedabad","Deposit","Cheque",458795.72,458795.72,"Success","Cash deposit"
1234,"2025-10-09 05:29:03",42,"Pooja Gupta",100100000267,"Current Account","SBI Bengaluru Branch 38","Bengaluru","Deposit","Cash",482180.27,780961.93,"Success","Cash deposit"
1235,"2025-06-28 16:25:01",200,"Harsh Mishra",100100000199,"Savings Account","SBI Gurugram Branch 45","Gurugram","Withdrawal","Cash",248462.44,0.00,"Success","Cash withdrawal"
1236,"2024-02-05 06:58:44",184,"Asha Singh",100100000183,"Savings Account","SBI Surat Branch 29","Surat","Transfer","Cheque",145033.93,678612.99,"Success","Fund transfer"
1237,"2025-10-01 11:08:38",194,"Harsh Agarwal",100100000257,"Current Account","SBI Delhi Branch 14","Delhi","Withdrawal","Cheque",318486.16,0.00,"Success","Cash withdrawal"
1238,"2026-02-01 03:48:23",42,"Pooja Gupta",100100000267,"Current Account","SBI Bengaluru Branch 38","Bengaluru","Withdrawal","ATM",260963.19,519998.74,"Success","Cash withdrawal"
1239,"2024-04-10 17:07:12",103,"Vikas Nair",100100000102,"Senior Citizen Savings Account","SBI Gurugram Branch 36","Gurugram","Charge","Cheque",35105.81,24496.97,"Success","Service charge"
1240,"2026-06-02 09:14:15",55,"Vikas Kumar",100100000261,"Salary Account","SBI Gurugram Branch 33","Gurugram","Transfer","ATM",494118.27,0.00,"Success","Fund transfer"
1241,"2023-12-29 05:34:06",197,"Rajesh Yadav",100100000296,"Recurring Deposit Account","SBI Surat Branch 30","Surat","Deposit","Cheque",356314.17,356314.17,"Success","Cash deposit"
1242,"2022-01-25 10:08:17",69,"Ritu Pandey",100100000245,"Savings Account","SBI Bengaluru Branch 7","Bengaluru","Interest","System",6944.40,6944.40,"Success","Interest credited"
1243,"2025-02-02 13:36:06",188,"Nitin Jain",100100000187,"Recurring Deposit Account","SBI Patna Branch 9","Patna","Transfer","Cash",111173.05,0.00,"Success","Fund transfer"
1244,"2024-05-30 15:50:50",48,"Divya Yadav",100100000047,"Savings Account","SBI Patna Branch 17","Patna","Charge","System",390150.51,307610.77,"Success","Service charge"
1245,"2022-01-13 23:12:57",55,"Vikas Kumar",100100000054,"Fixed Deposit Account","SBI Gurugram Branch 45","Gurugram","Transfer","RTGS",312947.58,0.00,"Success","Fund transfer"
1246,"2024-04-14 21:04:24",108,"Sakshi Chauhan",100100000107,"NRI Savings Account","SBI Delhi Branch 14","Delhi","Withdrawal","Cash",322074.89,0.00,"Success","Cash withdrawal"
1247,"2022-02-03 07:07:43",39,"Riya Reddy",100100000038,"Senior Citizen Savings Account","SBI Chandigarh Branch 5","Chandigarh","Transfer","NEFT",396934.23,0.00,"Success","Fund transfer"
1248,"2023-05-10 17:11:27",53,"Arjun Jain",100100000052,"Student Account","SBI Delhi Branch 13","Delhi","Deposit","UPI",393513.74,393513.74,"Success","Cash deposit"
1249,"2023-04-12 10:30:21",187,"Karan Chauhan",100100000186,"Savings Account","SBI Chandigarh Branch 5","Chandigarh","Transfer","NEFT",357214.01,314358.11,"Success","Fund transfer"
1250,"2023-08-16 17:48:34",120,"Nidhi Agarwal",100100000297,"Salary Account","SBI Kolkata Branch 42","Kolkata","Charge","ATM",168710.10,0.00,"Success","Service charge"
1251,"2024-03-19 03:41:29",93,"Arjun Sinha",100100000092,"Current Account","SBI Bengaluru Branch 38","Bengaluru","Withdrawal","UPI",278492.54,0.00,"Success","Cash withdrawal"
1252,"2023-09-27 02:56:53",82,"Meena Gupta",100100000285,"NRI Savings Account","SBI Bhopal Branch 35","Bhopal","Deposit","NEFT",258286.02,258286.02,"Success","Cash deposit"
1253,"2024-03-15 04:42:38",200,"Harsh Mishra",100100000225,"Salary Account","SBI Gurugram Branch 36","Gurugram","Deposit","IMPS",265217.13,857547.36,"Success","Cash deposit"
1254,"2023-07-21 07:32:34",70,"Asha Reddy",100100000069,"Salary Account","SBI Pune Branch 43","Pune","Transfer","RTGS",92693.40,434319.09,"Success","Fund transfer"
1255,"2022-07-06 01:19:35",167,"Mohit Jain",100100000293,"Savings Account","SBI Ahmedabad Branch 24","Ahmedabad","Deposit","UPI",451551.51,451551.51,"Success","Cash deposit"
1256,"2023-12-21 21:18:32",154,"Vikas Sharma",100100000153,"Savings Account","SBI Noida Branch 32","Noida","Transfer","UPI",168103.52,0.00,"Success","Fund transfer"
1257,"2023-11-17 12:18:09",120,"Nidhi Agarwal",100100000119,"Savings Account","SBI Kolkata Branch 42","Kolkata","Deposit","ATM",358050.56,1118511.81,"Success","Cash deposit"
1258,"2026-04-21 06:57:31",107,"Nitin Chauhan",100100000106,"Current Account","SBI Lucknow Branch 12","Lucknow","Withdrawal","UPI",458427.21,0.00,"Success","Cash withdrawal"
1259,"2022-04-04 01:30:39",27,"Sakshi Sinha",100100000026,"Student Account","SBI Bhopal Branch 37","Bhopal","Interest","System",95273.09,219586.06,"Pending","Interest credited"
1260,"2026-05-20 15:10:18",188,"Nitin Jain",100100000266,"Current Account","SBI Nagpur Branch 31","Nagpur","Transfer","IMPS",413059.30,210719.00,"Failed","Fund transfer"
1261,"2025-05-09 18:37:29",99,"Komal Jain",100100000098,"Savings Account","SBI Noida Branch 32","Noida","Deposit","RTGS",234461.56,395606.43,"Success","Cash deposit"
1262,"2023-02-04 08:39:29",103,"Vikas Nair",100100000102,"Senior Citizen Savings Account","SBI Gurugram Branch 36","Gurugram","Charge","ATM",63821.17,0.00,"Success","Service charge"
1263,"2026-04-28 05:38:18",77,"Anjali Mishra",100100000243,"Savings Account","SBI Kolkata Branch 42","Kolkata","Deposit","Cheque",76599.46,80195.05,"Success","Cash deposit"
1264,"2022-12-27 13:36:23",200,"Harsh Mishra",100100000199,"Savings Account","SBI Gurugram Branch 45","Gurugram","Deposit","UPI",210776.36,210776.36,"Success","Cash deposit"
1265,"2024-03-19 22:59:42",189,"Rajesh Pandey",100100000188,"Fixed Deposit Account","SBI Pune Branch 8","Pune","Withdrawal","Cash",490075.46,0.00,"Success","Cash withdrawal"
1266,"2024-09-15 09:15:02",163,"Anjali Gupta",100100000212,"Current Account","SBI Delhi Branch 14","Delhi","Transfer","IMPS",476218.30,0.00,"Success","Fund transfer"
1267,"2023-04-27 07:56:23",52,"Harsh Mishra",100100000051,"Savings Account","SBI Gurugram Branch 49","Gurugram","Charge","ATM",441427.25,0.00,"Success","Service charge"
1268,"2024-02-13 00:34:22",1,"Vivek Yadav",100100000000,"Savings Account","SBI Patna Branch 17","Patna","Transfer","ATM",381963.79,0.00,"Success","Fund transfer"
1269,"2023-02-01 10:47:13",95,"Rahul Kumar",100100000241,"Savings Account","SBI Delhi Branch 13","Delhi","Transfer","RTGS",152206.54,0.00,"Success","Fund transfer"
1270,"2022-10-30 18:34:18",34,"Rahul Sharma",100100000033,"NRI Savings Account","SBI Bhopal Branch 39","Bhopal","Charge","System",482346.68,0.00,"Success","Service charge"
1271,"2024-01-04 10:39:45",88,"Arjun Kumar",100100000087,"Senior Citizen Savings Account","SBI Gurugram Branch 49","Gurugram","Transfer","ATM",450156.42,0.00,"Success","Fund transfer"
1272,"2022-11-25 20:54:03",111,"Shreya Singh",100100000220,"Senior Citizen Savings Account","SBI Indore Branch 27","Indore","Transfer","ATM",162654.48,1090980.86,"Success","Fund transfer"
1273,"2026-05-21 09:13:06",51,"Rohit Yadav",100100000288,"NRI Savings Account","SBI Patna Branch 26","Patna","Deposit","IMPS",429955.97,1360046.45,"Success","Cash deposit"
1274,"2023-10-20 23:18:03",171,"Vikas Patel",100100000263,"Salary Account","SBI Bengaluru Branch 16","Bengaluru","Interest","System",366454.20,366454.20,"Success","Interest credited"
1275,"2025-07-04 05:14:26",118,"Sneha Singh",100100000117,"Savings Account","SBI Bengaluru Branch 15","Bengaluru","Withdrawal","UPI",238027.63,0.00,"Success","Cash withdrawal"
1276,"2026-06-23 08:21:32",105,"Mohit Agarwal",100100000104,"Savings Account","SBI Kolkata Branch 42","Kolkata","Deposit","IMPS",425005.28,817688.16,"Success","Cash deposit"
1277,"2025-01-24 06:17:44",171,"Vikas Patel",100100000170,"Student Account","SBI Gurugram Branch 36","Gurugram","Interest","System",198819.12,80057.84,"Pending","Interest credited"
1278,"2026-05-12 11:13:40",183,"Neha Nair",100100000182,"Savings Account","SBI Hyderabad Branch 41","Hyderabad","Charge","ATM",123253.63,105071.60,"Success","Service charge"
1279,"2023-12-07 13:54:48",50,"Suresh Chauhan",100100000218,"Recurring Deposit Account","SBI Lucknow Branch 19","Lucknow","Charge","ATM",265220.57,0.00,"Success","Service charge"
1280,"2025-01-22 04:05:39",160,"Arjun Chauhan",100100000159,"Salary Account","SBI Bengaluru Branch 15","Bengaluru","Charge","ATM",150313.11,311741.16,"Success","Service charge"
1281,"2024-07-31 15:50:05",120,"Nidhi Agarwal",100100000119,"Savings Account","SBI Kolkata Branch 42","Kolkata","Withdrawal","ATM",219787.54,898724.27,"Success","Cash withdrawal"
1282,"2022-04-10 18:20:00",74,"Rahul Kumar",100100000073,"Current Account","SBI Bengaluru Branch 16","Bengaluru","Transfer","IMPS",319091.28,978791.76,"Failed","Fund transfer"
1283,"2023-07-04 13:51:09",192,"Deepak Reddy",100100000191,"Salary Account","SBI Bengaluru Branch 38","Bengaluru","Deposit","IMPS",117556.64,117556.64,"Success","Cash deposit"
1284,"2024-03-27 23:11:04",16,"Amit Verma",100100000015,"Recurring Deposit Account","SBI Noida Branch 32","Noida","Deposit","NEFT",438600.55,438600.55,"Success","Cash deposit"
1285,"2024-06-04 05:08:14",116,"Riya Sinha",100100000201,"Salary Account","SBI Bengaluru Branch 7","Bengaluru","Deposit","NEFT",73667.24,828675.50,"Success","Cash deposit"
1286,"2024-11-30 06:20:19",120,"Nidhi Agarwal",100100000297,"Salary Account","SBI Kolkata Branch 42","Kolkata","Charge","Cheque",265155.97,0.00,"Failed","Service charge"
1287,"2026-04-13 11:13:29",44,"Meena Reddy",100100000043,"Senior Citizen Savings Account","SBI Gurugram Branch 49","Gurugram","Interest","System",193914.19,193914.19,"Success","Interest credited"
1288,"2023-05-03 00:22:21",165,"Riya Kumar",100100000164,"Recurring Deposit Account","SBI Surat Branch 6","Surat","Withdrawal","IMPS",253444.20,261153.00,"Success","Cash withdrawal"
1289,"2022-09-21 13:05:27",75,"Neha Chauhan",100100000074,"Salary Account","SBI Chennai Branch 40","Chennai","Interest","System",21766.54,186306.43,"Success","Interest credited"
1290,"2026-04-21 01:05:51",76,"Harsh Kumar",100100000075,"Savings Account","SBI Delhi Branch 13","Delhi","Deposit","Cheque",428139.46,428139.46,"Success","Cash deposit"
1291,"2024-08-31 03:08:16",183,"Neha Nair",100100000244,"Savings Account","SBI Bhubaneswar Branch 22","Bhubaneswar","Charge","ATM",496849.79,221625.07,"Success","Service charge"
3146,"2022-06-08 02:32:16",92,"Ritu Chauhan",100100000249,"NRI Savings Account","SBI Pune Branch 43","Pune","Charge","ATM",230176.84,0.00,"Success","Service charge"
1292,"2026-05-30 20:48:25",72,"Anjali Singh",100100000071,"Savings Account","SBI Pune Branch 8","Pune","Deposit","UPI",257943.06,0.00,"Pending","Cash deposit"
1293,"2026-06-03 00:23:56",175,"Pooja Jain",100100000174,"Fixed Deposit Account","SBI Pune Branch 11","Pune","Deposit","IMPS",30904.94,99108.46,"Success","Cash deposit"
1294,"2024-02-06 15:59:50",103,"Vikas Nair",100100000102,"Senior Citizen Savings Account","SBI Gurugram Branch 36","Gurugram","Deposit","Cheque",203559.81,203559.81,"Success","Cash deposit"
1295,"2022-09-07 04:47:33",188,"Nitin Jain",100100000187,"Recurring Deposit Account","SBI Patna Branch 9","Patna","Withdrawal","UPI",205097.40,0.00,"Pending","Cash withdrawal"
1296,"2024-12-09 16:41:00",167,"Mohit Jain",100100000166,"Fixed Deposit Account","SBI Delhi Branch 14","Delhi","Transfer","UPI",181854.85,25176.15,"Success","Fund transfer"
1297,"2025-04-15 13:56:56",190,"Divya Kumar",100100000189,"Recurring Deposit Account","SBI Noida Branch 47","Noida","Interest","System",316271.87,316271.87,"Success","Interest credited"
1298,"2024-07-25 17:50:17",16,"Amit Verma",100100000015,"Recurring Deposit Account","SBI Noida Branch 32","Noida","Withdrawal","RTGS",30639.38,407961.17,"Success","Cash withdrawal"
1299,"2025-07-20 05:47:44",64,"Riya Singh",100100000063,"Fixed Deposit Account","SBI Patna Branch 17","Patna","Charge","System",107907.87,0.00,"Success","Service charge"
1300,"2026-05-20 21:34:03",51,"Rohit Yadav",100100000050,"Savings Account","SBI Chennai Branch 21","Chennai","Interest","System",335870.58,335870.58,"Success","Interest credited"
1301,"2026-05-02 11:33:50",134,"Nitin Sharma",100100000200,"Salary Account","SBI Pune Branch 43","Pune","Withdrawal","Cash",346012.90,1177242.54,"Pending","Cash withdrawal"
1302,"2024-08-15 04:56:47",99,"Komal Jain",100100000098,"Savings Account","SBI Noida Branch 32","Noida","Withdrawal","NEFT",477505.27,0.00,"Success","Cash withdrawal"
1303,"2023-05-14 14:26:50",120,"Nidhi Agarwal",100100000119,"Savings Account","SBI Kolkata Branch 42","Kolkata","Charge","ATM",278689.03,620035.24,"Success","Service charge"
1304,"2025-04-21 12:00:04",182,"Komal Gupta",100100000255,"Salary Account","SBI Noida Branch 18","Noida","Charge","Cheque",494884.59,0.00,"Success","Service charge"
1305,"2025-06-08 00:32:24",18,"Vivek Verma",100100000239,"NRI Savings Account","SBI Bengaluru Branch 7","Bengaluru","Interest","System",487533.61,487533.61,"Success","Interest credited"
1306,"2026-03-11 03:07:50",143,"Rohit Mishra",100100000277,"NRI Savings Account","SBI Patna Branch 9","Patna","Withdrawal","RTGS",278206.56,5746.93,"Success","Cash withdrawal"
1307,"2024-08-07 01:14:46",10,"Divya Patel",100100000009,"NRI Savings Account","SBI Nagpur Branch 34","Nagpur","Withdrawal","NEFT",392204.20,0.00,"Success","Cash withdrawal"
1308,"2023-11-14 02:31:46",92,"Ritu Chauhan",100100000291,"Savings Account","SBI Chandigarh Branch 5","Chandigarh","Interest","System",147451.26,147451.26,"Success","Interest credited"
1309,"2023-04-21 05:02:13",48,"Divya Yadav",100100000047,"Savings Account","SBI Patna Branch 17","Patna","Charge","System",361032.25,0.00,"Success","Service charge"
1310,"2024-11-16 20:53:50",72,"Anjali Singh",100100000217,"Savings Account","SBI Bengaluru Branch 38","Bengaluru","Deposit","NEFT",351859.40,0.00,"Pending","Cash deposit"
1311,"2022-09-07 21:35:15",34,"Rahul Sharma",100100000033,"NRI Savings Account","SBI Bhopal Branch 39","Bhopal","Deposit","ATM",187970.01,187970.01,"Success","Cash deposit"
1312,"2024-06-30 10:44:02",191,"Asha Sharma",100100000190,"Current Account","SBI Nagpur Branch 34","Nagpur","Charge","System",470467.05,492447.07,"Success","Service charge"
1313,"2025-05-01 23:53:47",30,"Vikas Gupta",100100000221,"Savings Account","SBI Noida Branch 2","Noida","Withdrawal","ATM",122055.73,651057.99,"Success","Cash withdrawal"
1314,"2023-07-25 15:16:36",102,"Asha Sinha",100100000101,"Student Account","SBI Bengaluru Branch 50","Bengaluru","Transfer","UPI",339486.85,540882.56,"Success","Fund transfer"
1315,"2022-04-15 06:05:27",140,"Arjun Sinha",100100000139,"Savings Account","SBI Bengaluru Branch 16","Bengaluru","Transfer","NEFT",244299.24,641590.97,"Success","Fund transfer"
1316,"2023-07-07 12:43:25",42,"Pooja Gupta",100100000211,"Current Account","SBI Chennai Branch 21","Chennai","Deposit","RTGS",32189.80,1035618.71,"Success","Cash deposit"
1317,"2024-09-07 02:46:06",137,"Priya Pandey",100100000136,"Fixed Deposit Account","SBI Bengaluru Branch 50","Bengaluru","Transfer","UPI",378288.96,493202.03,"Success","Fund transfer"
1318,"2025-09-06 14:35:28",101,"Rohit Yadav",100100000100,"Senior Citizen Savings Account","SBI Bengaluru Branch 38","Bengaluru","Deposit","Cheque",158620.13,158620.13,"Success","Cash deposit"
1319,"2023-07-23 20:07:37",152,"Mohit Mishra",100100000151,"Savings Account","SBI Gurugram Branch 49","Gurugram","Charge","ATM",392728.56,0.00,"Success","Service charge"
1320,"2022-08-31 02:08:14",90,"Sakshi Jain",100100000284,"Savings Account","SBI Patna Branch 17","Patna","Interest","System",296855.85,681845.49,"Success","Interest credited"
1321,"2024-07-02 13:15:56",94,"Shreya Mishra",100100000274,"Fixed Deposit Account","SBI Delhi Branch 14","Delhi","Withdrawal","NEFT",118033.66,658853.63,"Success","Cash withdrawal"
1322,"2025-12-28 01:40:11",148,"Harsh Sharma",100100000147,"NRI Savings Account","SBI Lucknow Branch 12","Lucknow","Transfer","UPI",99873.08,0.00,"Success","Fund transfer"
1323,"2024-09-10 17:42:02",72,"Anjali Singh",100100000217,"Savings Account","SBI Bengaluru Branch 38","Bengaluru","Withdrawal","Cash",52589.60,0.00,"Success","Cash withdrawal"
1324,"2022-07-31 05:44:54",95,"Rahul Kumar",100100000241,"Savings Account","SBI Delhi Branch 13","Delhi","Charge","System",27264.42,0.00,"Success","Service charge"
1325,"2023-12-16 08:54:04",133,"Priya Patel",100100000283,"NRI Savings Account","SBI Delhi Branch 13","Delhi","Transfer","Cheque",488682.79,0.00,"Success","Fund transfer"
1326,"2025-06-19 06:26:16",37,"Neha Pandey",100100000036,"Student Account","SBI Bengaluru Branch 50","Bengaluru","Transfer","NEFT",252461.06,701041.32,"Success","Fund transfer"
1327,"2024-05-06 03:55:43",94,"Shreya Mishra",100100000274,"Fixed Deposit Account","SBI Delhi Branch 14","Delhi","Charge","System",321156.47,337697.16,"Success","Service charge"
1328,"2023-10-18 01:14:35",79,"Vikas Agarwal",100100000078,"Student Account","SBI Surat Branch 4","Surat","Charge","ATM",230980.43,660798.58,"Success","Service charge"
1329,"2022-03-01 01:10:23",106,"Arjun Nair",100100000298,"Savings Account","SBI Noida Branch 47","Noida","Interest","System",231315.73,388392.56,"Success","Interest credited"
1330,"2023-02-11 10:04:21",106,"Arjun Nair",100100000298,"Savings Account","SBI Noida Branch 47","Noida","Interest","System",59773.05,448165.61,"Success","Interest credited"
1331,"2023-03-08 02:32:26",137,"Priya Pandey",100100000136,"Fixed Deposit Account","SBI Bengaluru Branch 50","Bengaluru","Withdrawal","IMPS",364594.31,128607.72,"Success","Cash withdrawal"
1332,"2022-03-04 22:44:49",83,"Nitin Verma",100100000286,"Salary Account","SBI Chennai Branch 40","Chennai","Deposit","ATM",428934.55,806365.92,"Success","Cash deposit"
1333,"2026-04-19 23:19:25",193,"Vikas Verma",100100000242,"Student Account","SBI Surat Branch 6","Surat","Transfer","Cheque",267142.93,0.00,"Success","Fund transfer"
1334,"2022-08-04 11:29:53",65,"Amit Sharma",100100000064,"Recurring Deposit Account","SBI Gurugram Branch 45","Gurugram","Deposit","NEFT",113546.20,123723.27,"Success","Cash deposit"
1335,"2023-08-21 20:29:20",94,"Shreya Mishra",100100000093,"Savings Account","SBI Hyderabad Branch 41","Hyderabad","Transfer","ATM",460579.16,359585.52,"Success","Fund transfer"
1336,"2022-01-07 18:19:33",101,"Rohit Yadav",100100000100,"Senior Citizen Savings Account","SBI Bengaluru Branch 38","Bengaluru","Charge","Cheque",400120.82,0.00,"Success","Service charge"
1337,"2023-06-23 17:17:10",191,"Asha Sharma",100100000190,"Current Account","SBI Nagpur Branch 34","Nagpur","Transfer","Cash",137998.49,354448.58,"Success","Fund transfer"
1338,"2025-09-01 00:26:09",9,"Rohit Chauhan",100100000008,"Savings Account","SBI Surat Branch 4","Surat","Deposit","Cheque",222433.56,222433.56,"Success","Cash deposit"
1339,"2025-05-10 02:28:13",198,"Suresh Singh",100100000197,"Recurring Deposit Account","SBI Nagpur Branch 34","Nagpur","Withdrawal","Cheque",353722.07,0.00,"Success","Cash withdrawal"
1340,"2024-03-01 06:38:13",89,"Rahul Kumar",100100000088,"Savings Account","SBI Pune Branch 1","Pune","Charge","System",174003.88,0.00,"Success","Service charge"
1341,"2025-07-07 01:47:25",77,"Anjali Mishra",100100000076,"Savings Account","SBI Gurugram Branch 33","Gurugram","Withdrawal","Cheque",436160.91,0.00,"Success","Cash withdrawal"
1342,"2026-05-03 08:44:24",153,"Mohit Sinha",100100000152,"Student Account","SBI Nagpur Branch 31","Nagpur","Withdrawal","Cash",435939.00,266583.08,"Success","Cash withdrawal"
1343,"2025-11-24 18:58:12",29,"Mohit Yadav",100100000028,"Student Account","SBI Bhopal Branch 39","Bhopal","Withdrawal","NEFT",27394.24,0.00,"Success","Cash withdrawal"
1344,"2022-02-06 13:48:29",163,"Anjali Gupta",100100000162,"Savings Account","SBI Ahmedabad Branch 24","Ahmedabad","Interest","System",435903.54,1025042.45,"Success","Interest credited"
1345,"2024-12-19 10:01:52",90,"Sakshi Jain",100100000292,"Recurring Deposit Account","SBI Bengaluru Branch 16","Bengaluru","Charge","System",287606.66,334182.35,"Success","Service charge"
1346,"2022-07-16 07:04:41",55,"Vikas Kumar",100100000229,"Savings Account","SBI Patna Branch 17","Patna","Deposit","ATM",227683.12,446609.87,"Success","Cash deposit"
1347,"2025-05-26 19:04:54",38,"Neha Patel",100100000037,"Student Account","SBI Bengaluru Branch 7","Bengaluru","Withdrawal","Cash",433248.20,0.00,"Success","Cash withdrawal"
1348,"2023-10-19 02:57:57",69,"Ritu Pandey",100100000068,"NRI Savings Account","SBI Surat Branch 30","Surat","Transfer","ATM",306878.42,0.00,"Success","Fund transfer"
1349,"2025-05-04 23:38:25",168,"Meena Gupta",100100000167,"Senior Citizen Savings Account","SBI Gurugram Branch 33","Gurugram","Charge","ATM",267694.99,238834.34,"Success","Service charge"
1350,"2025-07-01 16:09:44",65,"Amit Sharma",100100000064,"Recurring Deposit Account","SBI Gurugram Branch 45","Gurugram","Interest","System",432030.37,555753.64,"Success","Interest credited"
1351,"2023-07-14 05:43:14",103,"Vikas Nair",100100000102,"Senior Citizen Savings Account","SBI Gurugram Branch 36","Gurugram","Interest","System",193983.30,397543.11,"Success","Interest credited"
1352,"2024-03-30 16:51:52",137,"Priya Pandey",100100000246,"NRI Savings Account","SBI Chennai Branch 21","Chennai","Withdrawal","UPI",330405.99,113779.50,"Failed","Cash withdrawal"
1353,"2024-12-02 01:38:51",113,"Manish Yadav",100100000112,"Senior Citizen Savings Account","SBI Surat Branch 4","Surat","Deposit","NEFT",35204.53,476949.70,"Success","Cash deposit"
1354,"2023-11-17 16:18:46",198,"Suresh Singh",100100000235,"NRI Savings Account","SBI Bengaluru Branch 38","Bengaluru","Deposit","UPI",124496.58,596749.63,"Pending","Cash deposit"
1355,"2023-06-30 11:32:29",52,"Harsh Mishra",100100000051,"Savings Account","SBI Gurugram Branch 49","Gurugram","Transfer","NEFT",409658.92,0.00,"Success","Fund transfer"
1356,"2022-03-02 02:59:50",99,"Komal Jain",100100000098,"Savings Account","SBI Noida Branch 32","Noida","Transfer","IMPS",145744.43,0.00,"Success","Fund transfer"
1357,"2024-01-21 05:58:06",80,"Arjun Patel",100100000079,"Recurring Deposit Account","SBI Bhopal Branch 23","Bhopal","Transfer","Cheque",226238.04,0.00,"Success","Fund transfer"
1358,"2022-03-23 23:12:18",194,"Harsh Agarwal",100100000193,"Student Account","SBI Noida Branch 2","Noida","Deposit","UPI",284515.10,316448.49,"Success","Cash deposit"
1359,"2023-01-26 23:00:31",191,"Asha Sharma",100100000265,"Current Account","SBI Pune Branch 8","Pune","Transfer","NEFT",15714.50,148293.70,"Success","Fund transfer"
1360,"2024-12-10 12:41:37",189,"Rajesh Pandey",100100000188,"Fixed Deposit Account","SBI Pune Branch 8","Pune","Transfer","NEFT",45106.84,0.00,"Success","Fund transfer"
1361,"2023-07-22 16:46:03",171,"Vikas Patel",100100000170,"Student Account","SBI Gurugram Branch 36","Gurugram","Interest","System",229091.66,309149.50,"Success","Interest credited"
1362,"2023-03-04 22:55:35",106,"Arjun Nair",100100000105,"Fixed Deposit Account","SBI Gurugram Branch 33","Gurugram","Withdrawal","ATM",139476.41,209095.88,"Success","Cash withdrawal"
1363,"2022-06-23 01:14:11",119,"Meena Yadav",100100000118,"Salary Account","SBI Pune Branch 11","Pune","Deposit","RTGS",224793.43,1106555.97,"Success","Cash deposit"
1364,"2026-02-03 08:38:37",178,"Arjun Kumar",100100000227,"Current Account","SBI Kolkata Branch 42","Kolkata","Deposit","RTGS",319987.71,489888.21,"Success","Cash deposit"
1365,"2025-09-27 05:41:18",18,"Vivek Verma",100100000017,"NRI Savings Account","SBI Bengaluru Branch 38","Bengaluru","Deposit","ATM",382468.62,755188.89,"Success","Cash deposit"
1366,"2024-08-12 09:52:08",131,"Divya Yadav",100100000130,"Student Account","SBI Bhopal Branch 37","Bhopal","Charge","Cheque",403338.98,0.00,"Success","Service charge"
1367,"2026-05-13 14:54:40",92,"Ritu Chauhan",100100000291,"Savings Account","SBI Chandigarh Branch 5","Chandigarh","Charge","System",465148.24,0.00,"Success","Service charge"
1368,"2023-11-30 21:42:22",103,"Vikas Nair",100100000102,"Senior Citizen Savings Account","SBI Gurugram Branch 36","Gurugram","Interest","System",262259.45,397543.11,"Failed","Interest credited"
1369,"2025-06-04 17:25:18",88,"Arjun Kumar",100100000273,"NRI Savings Account","SBI Bengaluru Branch 50","Bengaluru","Charge","System",399381.81,110130.44,"Success","Service charge"
1370,"2025-05-30 16:58:23",97,"Riya Kumar",100100000096,"Fixed Deposit Account","SBI Indore Branch 20","Indore","Transfer","NEFT",233122.65,0.00,"Success","Fund transfer"
1371,"2025-07-28 11:02:01",5,"Amit Reddy",100100000287,"Salary Account","SBI Surat Branch 44","Surat","Interest","System",325457.55,1244256.17,"Success","Interest credited"
1372,"2022-09-30 03:26:17",145,"Nidhi Nair",100100000299,"Student Account","SBI Surat Branch 10","Surat","Charge","ATM",251148.17,263541.07,"Success","Service charge"
1373,"2022-05-09 05:17:45",129,"Priya Gupta",100100000128,"NRI Savings Account","SBI Noida Branch 47","Noida","Withdrawal","UPI",380865.97,0.00,"Success","Cash withdrawal"
1374,"2022-08-05 16:28:00",14,"Sneha Nair",100100000013,"Fixed Deposit Account","SBI Nagpur Branch 34","Nagpur","Withdrawal","Cash",330753.80,176988.51,"Success","Cash withdrawal"
1375,"2023-04-07 21:53:23",106,"Arjun Nair",100100000105,"Fixed Deposit Account","SBI Gurugram Branch 33","Gurugram","Charge","ATM",431828.30,0.00,"Success","Service charge"
1376,"2022-11-19 02:07:58",2,"Neha Gupta",100100000001,"NRI Savings Account","SBI Bhubaneswar Branch 22","Bhubaneswar","Interest","System",244804.35,244804.35,"Success","Interest credited"
1377,"2022-06-11 12:19:11",130,"Pooja Pandey",100100000129,"Salary Account","SBI Noida Branch 47","Noida","Transfer","Cash",359601.24,130914.90,"Success","Fund transfer"
1378,"2025-12-15 07:12:35",49,"Amit Sinha",100100000048,"Senior Citizen Savings Account","SBI Bhopal Branch 39","Bhopal","Withdrawal","Cheque",2632.74,0.00,"Success","Cash withdrawal"
1379,"2023-08-28 03:25:03",82,"Meena Gupta",100100000285,"NRI Savings Account","SBI Bhopal Branch 35","Bhopal","Transfer","IMPS",77536.75,180749.27,"Success","Fund transfer"
1380,"2023-08-19 08:43:47",138,"Sakshi Chauhan",100100000137,"Fixed Deposit Account","SBI Pune Branch 8","Pune","Deposit","Cash",286236.24,286236.24,"Success","Cash deposit"
1381,"2023-06-16 05:04:54",151,"Pooja Patel",100100000150,"Fixed Deposit Account","SBI Gurugram Branch 49","Gurugram","Charge","System",387459.65,0.00,"Success","Service charge"
1382,"2022-05-27 04:58:31",78,"Sneha Verma",100100000216,"Savings Account","SBI Bengaluru Branch 15","Bengaluru","Withdrawal","UPI",77017.66,257851.06,"Success","Cash withdrawal"
1383,"2025-03-18 16:35:55",147,"Nitin Jain",100100000146,"Student Account","SBI Kochi Branch 46","Kochi","Charge","ATM",248133.55,0.00,"Success","Service charge"
1384,"2024-12-23 23:51:19",194,"Harsh Agarwal",100100000257,"Current Account","SBI Delhi Branch 14","Delhi","Withdrawal","Cash",85150.49,0.00,"Pending","Cash withdrawal"
1385,"2022-07-18 05:43:13",136,"Priya Sharma",100100000135,"Savings Account","SBI Bhopal Branch 37","Bhopal","Interest","System",139933.83,168954.19,"Success","Interest credited"
1386,"2026-02-11 20:23:57",94,"Shreya Mishra",100100000264,"Savings Account","SBI Hyderabad Branch 41","Hyderabad","Deposit","IMPS",356224.31,1213163.60,"Success","Cash deposit"
1387,"2022-05-22 09:10:04",18,"Vivek Verma",100100000017,"NRI Savings Account","SBI Bengaluru Branch 38","Bengaluru","Charge","Cheque",73198.47,681990.42,"Success","Service charge"
1388,"2025-04-09 23:34:13",1,"Vivek Yadav",100100000000,"Savings Account","SBI Patna Branch 17","Patna","Charge","ATM",142153.90,0.00,"Success","Service charge"
1389,"2022-09-17 08:15:56",81,"Karan Reddy",100100000080,"Recurring Deposit Account","SBI Lucknow Branch 19","Lucknow","Deposit","Cash",18066.28,18066.28,"Success","Cash deposit"
1390,"2024-06-30 14:42:58",20,"Karan Sinha",100100000019,"NRI Savings Account","SBI Kolkata Branch 42","Kolkata","Transfer","ATM",176319.27,0.00,"Success","Fund transfer"
1391,"2025-07-12 02:07:47",189,"Rajesh Pandey",100100000188,"Fixed Deposit Account","SBI Pune Branch 8","Pune","Charge","ATM",222860.43,0.00,"Success","Service charge"
1392,"2024-02-10 15:51:10",143,"Rohit Mishra",100100000142,"Student Account","SBI Bhopal Branch 37","Bhopal","Charge","System",42199.19,0.00,"Success","Service charge"
1393,"2025-01-27 07:39:58",176,"Rohit Sharma",100100000213,"Fixed Deposit Account","SBI Lucknow Branch 19","Lucknow","Interest","System",411619.29,594322.02,"Success","Interest credited"
1394,"2026-04-21 06:36:13",93,"Arjun Sinha",100100000092,"Current Account","SBI Bengaluru Branch 38","Bengaluru","Deposit","ATM",375633.38,375633.38,"Success","Cash deposit"
1395,"2022-04-01 12:48:30",47,"Priya Sharma",100100000046,"Savings Account","SBI Indore Branch 27","Indore","Deposit","IMPS",295035.25,295035.25,"Success","Cash deposit"
1396,"2025-11-30 09:21:30",137,"Priya Pandey",100100000246,"NRI Savings Account","SBI Chennai Branch 21","Chennai","Transfer","ATM",460575.91,0.00,"Success","Fund transfer"
1397,"2024-04-26 23:17:00",55,"Vikas Kumar",100100000054,"Fixed Deposit Account","SBI Gurugram Branch 45","Gurugram","Withdrawal","ATM",464105.72,0.00,"Success","Cash withdrawal"
1398,"2022-03-10 00:39:39",127,"Anjali Verma",100100000126,"Salary Account","SBI Ahmedabad Branch 24","Ahmedabad","Charge","Cheque",114448.75,0.00,"Success","Service charge"
1399,"2022-05-28 13:53:28",21,"Anjali Yadav",100100000020,"Student Account","SBI Lucknow Branch 19","Lucknow","Transfer","UPI",493440.12,0.00,"Success","Fund transfer"
1400,"2022-07-27 04:46:09",10,"Divya Patel",100100000009,"NRI Savings Account","SBI Nagpur Branch 34","Nagpur","Deposit","RTGS",57987.36,57987.36,"Success","Cash deposit"
1401,"2024-09-02 03:43:26",154,"Vikas Sharma",100100000153,"Savings Account","SBI Noida Branch 32","Noida","Interest","System",446405.35,446405.35,"Success","Interest credited"
1402,"2025-06-23 09:06:12",90,"Sakshi Jain",100100000292,"Recurring Deposit Account","SBI Bengaluru Branch 16","Bengaluru","Withdrawal","NEFT",168032.31,166150.04,"Success","Cash withdrawal"
1403,"2026-03-14 08:56:03",62,"Ritu Yadav",100100000280,"Recurring Deposit Account","SBI Nagpur Branch 31","Nagpur","Interest","System",162236.29,162236.29,"Success","Interest credited"
1404,"2022-02-06 03:26:58",17,"Komal Patel",100100000275,"Savings Account","SBI Surat Branch 44","Surat","Interest","System",274994.07,274994.07,"Success","Interest credited"
1405,"2022-07-18 11:07:30",174,"Meena Verma",100100000173,"Savings Account","SBI Chennai Branch 40","Chennai","Charge","ATM",419892.99,0.00,"Success","Service charge"
1406,"2023-09-20 11:25:35",137,"Priya Pandey",100100000136,"Fixed Deposit Account","SBI Bengaluru Branch 50","Bengaluru","Withdrawal","NEFT",296221.42,0.00,"Success","Cash withdrawal"
1407,"2022-03-24 00:41:03",79,"Vikas Agarwal",100100000078,"Student Account","SBI Surat Branch 4","Surat","Withdrawal","Cash",186116.53,474682.05,"Success","Cash withdrawal"
1408,"2023-05-08 03:56:44",142,"Rahul Sinha",100100000141,"Salary Account","SBI Pune Branch 43","Pune","Deposit","ATM",1349.70,1349.70,"Success","Cash deposit"
1409,"2024-04-05 20:07:15",52,"Harsh Mishra",100100000051,"Savings Account","SBI Gurugram Branch 49","Gurugram","Interest","System",366163.74,366163.74,"Success","Interest credited"
1410,"2023-04-13 03:08:42",73,"Karan Yadav",100100000226,"NRI Savings Account","SBI Bhubaneswar Branch 22","Bhubaneswar","Transfer","RTGS",498163.79,0.00,"Success","Fund transfer"
1411,"2023-11-03 10:30:38",114,"Harsh Reddy",100100000290,"NRI Savings Account","SBI Surat Branch 3","Surat","Deposit","IMPS",320276.95,826500.39,"Success","Cash deposit"
1412,"2026-03-22 16:55:03",145,"Nidhi Nair",100100000144,"Senior Citizen Savings Account","SBI Noida Branch 2","Noida","Deposit","RTGS",129932.88,129932.88,"Success","Cash deposit"
1413,"2022-07-28 11:46:41",167,"Mohit Jain",100100000166,"Fixed Deposit Account","SBI Delhi Branch 14","Delhi","Withdrawal","RTGS",339217.33,0.00,"Success","Cash withdrawal"
1414,"2025-12-23 22:19:23",186,"Neha Gupta",100100000185,"Senior Citizen Savings Account","SBI Bhopal Branch 35","Bhopal","Transfer","RTGS",13527.46,0.00,"Success","Fund transfer"
1415,"2025-09-08 05:39:52",67,"Pooja Kumar",100100000066,"NRI Savings Account","SBI Chandigarh Branch 5","Chandigarh","Deposit","Cheque",193220.66,193220.66,"Success","Cash deposit"
1416,"2023-12-29 22:16:33",28,"Nitin Reddy",100100000027,"Savings Account","SBI Gurugram Branch 45","Gurugram","Interest","System",262077.16,1364320.47,"Success","Interest credited"
1417,"2022-07-03 23:40:19",28,"Nitin Reddy",100100000027,"Savings Account","SBI Gurugram Branch 45","Gurugram","Transfer","NEFT",307840.00,1056480.47,"Success","Fund transfer"
1418,"2022-06-29 02:17:16",81,"Karan Reddy",100100000080,"Recurring Deposit Account","SBI Lucknow Branch 19","Lucknow","Withdrawal","Cash",220686.80,0.00,"Success","Cash withdrawal"
1419,"2025-08-09 03:19:48",144,"Rahul Mishra",100100000143,"NRI Savings Account","SBI Surat Branch 6","Surat","Withdrawal","ATM",187679.20,0.00,"Pending","Cash withdrawal"
1420,"2023-11-13 22:06:48",66,"Harsh Sinha",100100000065,"Recurring Deposit Account","SBI Bhubaneswar Branch 22","Bhubaneswar","Charge","System",61476.69,0.00,"Success","Service charge"
1421,"2024-08-27 22:48:39",107,"Nitin Chauhan",100100000209,"Senior Citizen Savings Account","SBI Bengaluru Branch 7","Bengaluru","Transfer","ATM",130059.20,11532.21,"Success","Fund transfer"
1422,"2024-08-29 21:39:13",157,"Meena Mishra",100100000156,"Savings Account","SBI Bhubaneswar Branch 22","Bhubaneswar","Interest","System",179834.36,511895.72,"Success","Interest credited"
1423,"2024-03-28 05:27:46",118,"Sneha Singh",100100000117,"Savings Account","SBI Bengaluru Branch 15","Bengaluru","Deposit","NEFT",131677.07,131677.07,"Success","Cash deposit"
1424,"2023-06-11 14:25:21",190,"Divya Kumar",100100000189,"Recurring Deposit Account","SBI Noida Branch 47","Noida","Transfer","Cash",438987.71,0.00,"Success","Fund transfer"
1425,"2024-06-07 20:59:39",170,"Manish Verma",100100000169,"Savings Account","SBI Chennai Branch 40","Chennai","Withdrawal","Cash",422241.51,0.00,"Success","Cash withdrawal"
1426,"2023-03-13 01:54:01",110,"Rajesh Gupta",100100000109,"Student Account","SBI Pune Branch 43","Pune","Deposit","RTGS",435685.04,1198859.03,"Success","Cash deposit"
1427,"2025-04-07 00:10:58",121,"Manish Agarwal",100100000120,"Savings Account","SBI Indore Branch 27","Indore","Deposit","ATM",16861.80,776039.96,"Success","Cash deposit"
1428,"2023-06-16 17:15:06",12,"Vivek Mishra",100100000011,"Student Account","SBI Gurugram Branch 36","Gurugram","Transfer","UPI",474523.79,0.00,"Success","Fund transfer"
1429,"2022-04-11 18:26:37",47,"Priya Sharma",100100000219,"NRI Savings Account","SBI Chandigarh Branch 5","Chandigarh","Transfer","NEFT",410907.81,0.00,"Success","Fund transfer"
1430,"2022-11-19 20:00:58",83,"Nitin Verma",100100000286,"Salary Account","SBI Chennai Branch 40","Chennai","Withdrawal","ATM",37695.97,768669.95,"Success","Cash withdrawal"
1431,"2023-02-07 19:01:42",5,"Amit Reddy",100100000287,"Salary Account","SBI Surat Branch 44","Surat","Withdrawal","NEFT",350828.19,893427.98,"Success","Cash withdrawal"
1432,"2023-04-27 02:14:32",194,"Harsh Agarwal",100100000257,"Current Account","SBI Delhi Branch 14","Delhi","Interest","System",371544.26,371544.26,"Success","Interest credited"
1433,"2024-09-04 17:17:41",149,"Anjali Mishra",100100000148,"Student Account","SBI Bengaluru Branch 7","Bengaluru","Charge","System",260421.10,703107.95,"Success","Service charge"
1434,"2025-12-16 20:54:22",106,"Arjun Nair",100100000232,"Student Account","SBI Hyderabad Branch 41","Hyderabad","Interest","System",404436.99,404436.99,"Success","Interest credited"
1435,"2023-04-21 19:31:35",166,"Riya Singh",100100000165,"Fixed Deposit Account","SBI Pune Branch 43","Pune","Withdrawal","Cheque",419640.92,0.00,"Success","Cash withdrawal"
1436,"2023-03-20 14:53:14",99,"Komal Jain",100100000098,"Savings Account","SBI Noida Branch 32","Noida","Charge","ATM",218358.80,0.00,"Success","Service charge"
1437,"2024-06-10 12:17:00",43,"Shreya Singh",100100000042,"Savings Account","SBI Patna Branch 26","Patna","Interest","System",89681.14,89681.14,"Success","Interest credited"
1438,"2022-07-04 01:10:13",178,"Arjun Kumar",100100000227,"Current Account","SBI Kolkata Branch 42","Kolkata","Withdrawal","Cash",97072.65,392815.56,"Success","Cash withdrawal"
1439,"2026-05-20 23:42:14",78,"Sneha Verma",100100000077,"Savings Account","SBI Bengaluru Branch 7","Bengaluru","Withdrawal","Cheque",186257.92,0.00,"Success","Cash withdrawal"
1440,"2026-06-13 09:48:49",82,"Meena Gupta",100100000081,"Student Account","SBI Noida Branch 28","Noida","Charge","ATM",77228.77,85769.04,"Success","Service charge"
1441,"2024-06-06 01:49:58",145,"Nidhi Nair",100100000144,"Senior Citizen Savings Account","SBI Noida Branch 2","Noida","Withdrawal","Cash",197451.92,0.00,"Success","Cash withdrawal"
1442,"2023-10-06 20:41:41",162,"Asha Reddy",100100000161,"Savings Account","SBI Pune Branch 1","Pune","Deposit","ATM",426015.20,0.00,"Failed","Cash deposit"
1443,"2024-11-29 22:04:48",27,"Sakshi Sinha",100100000026,"Student Account","SBI Bhopal Branch 37","Bhopal","Withdrawal","IMPS",167202.08,52383.98,"Success","Cash withdrawal"
1444,"2024-02-06 02:45:56",194,"Harsh Agarwal",100100000193,"Student Account","SBI Noida Branch 2","Noida","Withdrawal","Cash",466568.63,0.00,"Success","Cash withdrawal"
1445,"2024-06-28 17:29:09",62,"Ritu Yadav",100100000280,"Recurring Deposit Account","SBI Nagpur Branch 31","Nagpur","Withdrawal","IMPS",110991.35,51244.94,"Success","Cash withdrawal"
1446,"2024-10-29 20:20:21",185,"Rahul Kumar",100100000281,"Senior Citizen Savings Account","SBI Surat Branch 30","Surat","Charge","Cheque",214573.78,245034.38,"Success","Service charge"
1447,"2022-10-19 06:36:56",45,"Vikas Patel",100100000044,"Fixed Deposit Account","SBI Noida Branch 47","Noida","Charge","System",458179.58,0.00,"Success","Service charge"
1448,"2024-02-08 04:02:48",109,"Kavita Jain",100100000108,"Recurring Deposit Account","SBI Ahmedabad Branch 24","Ahmedabad","Charge","System",142563.65,286072.76,"Success","Service charge"
1449,"2023-06-28 09:24:00",194,"Harsh Agarwal",100100000193,"Student Account","SBI Noida Branch 2","Noida","Withdrawal","ATM",99441.66,0.00,"Success","Cash withdrawal"
1450,"2023-10-07 07:11:57",131,"Divya Yadav",100100000130,"Student Account","SBI Bhopal Branch 37","Bhopal","Withdrawal","IMPS",424549.37,0.00,"Success","Cash withdrawal"
1451,"2022-05-09 16:23:29",5,"Amit Reddy",100100000004,"Salary Account","SBI Bhopal Branch 39","Bhopal","Charge","ATM",150974.58,0.00,"Success","Service charge"
1452,"2022-04-09 21:33:36",37,"Neha Pandey",100100000036,"Student Account","SBI Bengaluru Branch 50","Bengaluru","Deposit","IMPS",235268.11,936309.43,"Success","Cash deposit"
1453,"2025-04-18 22:56:34",179,"Ritu Mishra",100100000178,"Savings Account","SBI Bengaluru Branch 16","Bengaluru","Interest","System",397000.33,668720.10,"Success","Interest credited"
1454,"2025-10-15 02:18:35",77,"Anjali Mishra",100100000243,"Savings Account","SBI Kolkata Branch 42","Kolkata","Withdrawal","IMPS",88299.44,0.00,"Success","Cash withdrawal"
1455,"2026-05-29 01:41:47",31,"Suresh Verma",100100000030,"Recurring Deposit Account","SBI Patna Branch 9","Patna","Transfer","RTGS",246156.58,0.00,"Success","Fund transfer"
1456,"2025-08-15 01:19:47",51,"Rohit Yadav",100100000262,"Current Account","SBI Surat Branch 3","Surat","Charge","Cheque",380738.39,0.00,"Success","Service charge"
1457,"2025-05-21 14:30:42",181,"Arjun Singh",100100000180,"Recurring Deposit Account","SBI Bhopal Branch 39","Bhopal","Transfer","NEFT",121578.62,0.00,"Success","Fund transfer"
1458,"2025-09-10 03:42:54",176,"Rohit Sharma",100100000213,"Fixed Deposit Account","SBI Lucknow Branch 19","Lucknow","Charge","Cheque",18937.68,575384.34,"Success","Service charge"
1459,"2022-10-25 21:29:01",157,"Meena Mishra",100100000156,"Savings Account","SBI Bhubaneswar Branch 22","Bhubaneswar","Transfer","Cheque",447467.53,64428.19,"Success","Fund transfer"
1460,"2024-01-15 18:42:10",106,"Arjun Nair",100100000105,"Fixed Deposit Account","SBI Gurugram Branch 33","Gurugram","Interest","System",297782.82,297782.82,"Success","Interest credited"
1461,"2026-02-13 14:43:51",198,"Suresh Singh",100100000197,"Recurring Deposit Account","SBI Nagpur Branch 34","Nagpur","Transfer","Cash",27626.96,0.00,"Pending","Fund transfer"
1462,"2024-09-11 16:14:45",196,"Manish Chauhan",100100000236,"Fixed Deposit Account","SBI Bhubaneswar Branch 22","Bhubaneswar","Deposit","Cash",418521.68,91178.79,"Pending","Cash deposit"
1463,"2026-07-02 16:27:35",129,"Priya Gupta",100100000128,"NRI Savings Account","SBI Noida Branch 47","Noida","Withdrawal","IMPS",251324.99,0.00,"Success","Cash withdrawal"
1464,"2025-01-03 11:04:08",143,"Rohit Mishra",100100000142,"Student Account","SBI Bhopal Branch 37","Bhopal","Withdrawal","Cheque",422769.73,0.00,"Success","Cash withdrawal"
1465,"2025-03-22 19:47:24",13,"Nitin Yadav",100100000012,"Recurring Deposit Account","SBI Bengaluru Branch 16","Bengaluru","Interest","System",96199.19,96199.19,"Success","Interest credited"
1466,"2023-11-24 18:43:31",82,"Meena Gupta",100100000202,"Recurring Deposit Account","SBI Ahmedabad Branch 24","Ahmedabad","Charge","System",317924.92,140870.80,"Success","Service charge"
1467,"2022-10-05 14:49:24",111,"Shreya Singh",100100000220,"Senior Citizen Savings Account","SBI Indore Branch 27","Indore","Transfer","UPI",182943.57,908037.29,"Success","Fund transfer"
1468,"2023-12-14 07:15:27",52,"Harsh Mishra",100100000051,"Savings Account","SBI Gurugram Branch 49","Gurugram","Deposit","ATM",355567.37,721731.11,"Success","Cash deposit"
1469,"2026-03-14 03:24:06",28,"Nitin Reddy",100100000027,"Savings Account","SBI Gurugram Branch 45","Gurugram","Interest","System",20473.31,1076953.78,"Success","Interest credited"
1470,"2026-04-25 01:11:44",82,"Meena Gupta",100100000081,"Student Account","SBI Noida Branch 28","Noida","Interest","System",354050.95,439819.99,"Success","Interest credited"
1471,"2024-01-23 20:38:44",168,"Meena Gupta",100100000167,"Senior Citizen Savings Account","SBI Gurugram Branch 33","Gurugram","Charge","ATM",220502.74,18331.60,"Success","Service charge"
1472,"2024-09-28 01:31:08",163,"Anjali Gupta",100100000212,"Current Account","SBI Delhi Branch 14","Delhi","Transfer","ATM",43328.97,0.00,"Success","Fund transfer"
1473,"2026-05-08 23:01:39",17,"Komal Patel",100100000275,"Savings Account","SBI Surat Branch 44","Surat","Interest","System",117224.01,392218.08,"Success","Interest credited"
1474,"2024-12-09 06:38:25",62,"Ritu Yadav",100100000061,"Recurring Deposit Account","SBI Noida Branch 2","Noida","Interest","System",143426.59,625322.44,"Success","Interest credited"
1475,"2022-08-05 07:37:53",111,"Shreya Singh",100100000110,"Recurring Deposit Account","SBI Noida Branch 2","Noida","Charge","System",47799.95,578232.89,"Success","Service charge"
1476,"2025-03-08 03:16:59",39,"Riya Reddy",100100000038,"Senior Citizen Savings Account","SBI Chandigarh Branch 5","Chandigarh","Charge","Cheque",295930.08,0.00,"Success","Service charge"
1477,"2022-03-21 19:29:17",119,"Meena Yadav",100100000118,"Salary Account","SBI Pune Branch 11","Pune","Withdrawal","RTGS",81463.77,1025092.20,"Success","Cash withdrawal"
1478,"2023-10-27 09:08:56",182,"Komal Gupta",100100000255,"Salary Account","SBI Noida Branch 18","Noida","Deposit","RTGS",481462.25,481462.25,"Success","Cash deposit"
1479,"2024-08-13 17:15:54",193,"Vikas Verma",100100000203,"Salary Account","SBI Noida Branch 32","Noida","Deposit","NEFT",474706.72,543689.40,"Failed","Cash deposit"
1480,"2023-03-17 13:23:40",54,"Meena Singh",100100000269,"Fixed Deposit Account","SBI Bhopal Branch 23","Bhopal","Interest","System",311994.18,555229.10,"Success","Interest credited"
1481,"2025-08-03 13:08:37",5,"Amit Reddy",100100000234,"Savings Account","SBI Surat Branch 29","Surat","Interest","System",124060.75,301241.75,"Success","Interest credited"
1482,"2022-02-13 22:09:27",9,"Rohit Chauhan",100100000008,"Savings Account","SBI Surat Branch 4","Surat","Transfer","UPI",405189.84,0.00,"Success","Fund transfer"
1483,"2025-10-01 15:44:36",180,"Divya Mishra",100100000179,"Current Account","SBI Chennai Branch 21","Chennai","Interest","System",17412.04,132738.51,"Success","Interest credited"
1484,"2023-08-26 14:54:46",38,"Neha Patel",100100000037,"Student Account","SBI Bengaluru Branch 7","Bengaluru","Withdrawal","UPI",337908.72,0.00,"Success","Cash withdrawal"
1485,"2024-01-31 23:55:25",5,"Amit Reddy",100100000234,"Savings Account","SBI Surat Branch 29","Surat","Interest","System",295766.39,597008.14,"Success","Interest credited"
1486,"2023-09-07 07:38:08",48,"Divya Yadav",100100000047,"Savings Account","SBI Patna Branch 17","Patna","Transfer","Cheque",104106.15,0.00,"Success","Fund transfer"
1487,"2022-12-28 17:05:32",81,"Karan Reddy",100100000080,"Recurring Deposit Account","SBI Lucknow Branch 19","Lucknow","Charge","ATM",339327.41,0.00,"Success","Service charge"
1488,"2026-06-12 17:51:06",167,"Mohit Jain",100100000166,"Fixed Deposit Account","SBI Delhi Branch 14","Delhi","Deposit","IMPS",476696.94,0.00,"Pending","Cash deposit"
1489,"2022-10-13 06:50:59",137,"Priya Pandey",100100000136,"Fixed Deposit Account","SBI Bengaluru Branch 50","Bengaluru","Withdrawal","NEFT",256947.93,0.00,"Success","Cash withdrawal"
1490,"2022-08-14 01:50:44",137,"Priya Pandey",100100000246,"NRI Savings Account","SBI Chennai Branch 21","Chennai","Interest","System",430628.70,430628.70,"Success","Interest credited"
1491,"2024-06-24 11:43:10",138,"Sakshi Chauhan",100100000247,"Student Account","SBI Chennai Branch 21","Chennai","Deposit","IMPS",212229.79,212229.79,"Success","Cash deposit"
1492,"2022-12-04 03:52:35",149,"Anjali Mishra",100100000148,"Student Account","SBI Bengaluru Branch 7","Bengaluru","Interest","System",291228.93,994336.88,"Success","Interest credited"
1493,"2024-05-11 00:15:43",178,"Arjun Kumar",100100000177,"Savings Account","SBI Lucknow Branch 12","Lucknow","Withdrawal","RTGS",10837.72,235638.02,"Success","Cash withdrawal"
1494,"2023-12-27 08:54:22",5,"Amit Reddy",100100000004,"Salary Account","SBI Bhopal Branch 39","Bhopal","Interest","System",329328.99,0.00,"Pending","Interest credited"
1495,"2023-10-18 06:53:33",103,"Vikas Nair",100100000102,"Senior Citizen Savings Account","SBI Gurugram Branch 36","Gurugram","Deposit","Cash",214419.55,397543.11,"Pending","Cash deposit"
1496,"2022-03-27 14:21:10",33,"Deepak Jain",100100000210,"Savings Account","SBI Pune Branch 43","Pune","Deposit","IMPS",202545.00,550854.11,"Success","Cash deposit"
1497,"2023-12-24 19:01:22",136,"Priya Sharma",100100000256,"Student Account","SBI Surat Branch 3","Surat","Transfer","ATM",302959.39,0.00,"Success","Fund transfer"
1498,"2023-12-26 10:55:06",123,"Neha Patel",100100000122,"Senior Citizen Savings Account","SBI Surat Branch 29","Surat","Withdrawal","NEFT",329532.33,0.00,"Success","Cash withdrawal"
1499,"2022-12-23 08:29:54",50,"Suresh Chauhan",100100000251,"Fixed Deposit Account","SBI Surat Branch 30","Surat","Interest","System",472607.37,1187156.76,"Success","Interest credited"
1500,"2025-07-07 01:40:46",162,"Asha Reddy",100100000161,"Savings Account","SBI Pune Branch 1","Pune","Interest","System",465774.22,465774.22,"Success","Interest credited"
1501,"2022-07-25 03:53:36",84,"Karan Patel",100100000083,"Savings Account","SBI Bhopal Branch 35","Bhopal","Transfer","IMPS",88167.66,0.00,"Pending","Fund transfer"
1502,"2026-01-01 10:53:10",171,"Vikas Patel",100100000263,"Salary Account","SBI Bengaluru Branch 16","Bengaluru","Withdrawal","Cheque",346439.67,20014.53,"Success","Cash withdrawal"
1503,"2022-11-15 20:32:16",143,"Rohit Mishra",100100000277,"NRI Savings Account","SBI Patna Branch 9","Patna","Transfer","IMPS",135367.02,0.00,"Success","Fund transfer"
1504,"2024-09-30 09:19:40",165,"Riya Kumar",100100000164,"Recurring Deposit Account","SBI Surat Branch 6","Surat","Deposit","NEFT",316724.64,577877.64,"Success","Cash deposit"
1505,"2025-03-07 19:01:41",88,"Arjun Kumar",100100000273,"NRI Savings Account","SBI Bengaluru Branch 50","Bengaluru","Withdrawal","Cheque",352889.52,110130.44,"Failed","Cash withdrawal"
4925,"2024-05-28 19:47:00",51,"Rohit Yadav",100100000206,"Savings Account","SBI Noida Branch 2","Noida","Charge","ATM",170201.15,0.00,"Success","Service charge"
1506,"2022-04-02 08:59:34",193,"Vikas Verma",100100000242,"Student Account","SBI Surat Branch 6","Surat","Transfer","ATM",444126.94,0.00,"Success","Fund transfer"
1507,"2026-05-07 20:37:07",78,"Sneha Verma",100100000077,"Savings Account","SBI Bengaluru Branch 7","Bengaluru","Transfer","ATM",465086.90,0.00,"Failed","Fund transfer"
1508,"2025-12-10 18:34:06",77,"Anjali Mishra",100100000278,"NRI Savings Account","SBI Gurugram Branch 33","Gurugram","Charge","ATM",214532.81,0.00,"Success","Service charge"
1509,"2024-12-30 18:16:49",138,"Sakshi Chauhan",100100000247,"Student Account","SBI Chennai Branch 21","Chennai","Withdrawal","Cash",186041.57,26188.22,"Success","Cash withdrawal"
1510,"2025-12-21 11:59:07",120,"Nidhi Agarwal",100100000119,"Savings Account","SBI Kolkata Branch 42","Kolkata","Charge","Cheque",191892.51,428142.73,"Success","Service charge"
1511,"2022-01-11 19:51:26",144,"Rahul Mishra",100100000143,"NRI Savings Account","SBI Surat Branch 6","Surat","Interest","System",204918.15,204918.15,"Success","Interest credited"
1512,"2023-12-19 09:53:24",80,"Arjun Patel",100100000079,"Recurring Deposit Account","SBI Bhopal Branch 23","Bhopal","Withdrawal","NEFT",316512.26,0.00,"Success","Cash withdrawal"
1513,"2025-02-02 12:38:59",154,"Vikas Sharma",100100000153,"Savings Account","SBI Noida Branch 32","Noida","Withdrawal","ATM",290486.00,155919.35,"Success","Cash withdrawal"
1514,"2022-08-22 21:28:12",138,"Sakshi Chauhan",100100000137,"Fixed Deposit Account","SBI Pune Branch 8","Pune","Transfer","UPI",248746.63,286236.24,"Failed","Fund transfer"
1515,"2024-11-29 00:46:59",14,"Sneha Nair",100100000013,"Fixed Deposit Account","SBI Nagpur Branch 34","Nagpur","Withdrawal","IMPS",275604.00,0.00,"Success","Cash withdrawal"
1516,"2024-11-04 08:53:50",107,"Nitin Chauhan",100100000209,"Senior Citizen Savings Account","SBI Bengaluru Branch 7","Bengaluru","Transfer","UPI",437744.77,0.00,"Success","Fund transfer"
1517,"2024-06-28 05:03:33",87,"Rajesh Agarwal",100100000086,"Savings Account","SBI Chennai Branch 40","Chennai","Transfer","ATM",26638.53,0.00,"Success","Fund transfer"
1518,"2026-04-17 02:15:38",197,"Rajesh Yadav",100100000296,"Recurring Deposit Account","SBI Surat Branch 30","Surat","Withdrawal","RTGS",82884.26,273429.91,"Success","Cash withdrawal"
1519,"2025-07-22 20:31:51",183,"Neha Nair",100100000182,"Savings Account","SBI Hyderabad Branch 41","Hyderabad","Charge","ATM",114225.46,0.00,"Success","Service charge"
1520,"2022-12-21 06:13:55",179,"Ritu Mishra",100100000178,"Savings Account","SBI Bengaluru Branch 16","Bengaluru","Withdrawal","NEFT",53882.03,614838.07,"Success","Cash withdrawal"
1521,"2022-12-28 12:05:16",138,"Sakshi Chauhan",100100000137,"Fixed Deposit Account","SBI Pune Branch 8","Pune","Withdrawal","NEFT",216114.24,70122.00,"Success","Cash withdrawal"
1522,"2023-08-05 04:21:06",111,"Shreya Singh",100100000220,"Senior Citizen Savings Account","SBI Indore Branch 27","Indore","Withdrawal","ATM",425194.75,482842.54,"Success","Cash withdrawal"
1523,"2025-09-06 16:39:19",55,"Vikas Kumar",100100000261,"Salary Account","SBI Gurugram Branch 33","Gurugram","Deposit","Cheque",111827.89,111827.89,"Success","Cash deposit"
1524,"2024-12-09 13:02:04",169,"Rahul Pandey",100100000168,"Senior Citizen Savings Account","SBI Hyderabad Branch 41","Hyderabad","Transfer","NEFT",126489.17,0.00,"Success","Fund transfer"
1525,"2024-09-27 23:48:33",67,"Pooja Kumar",100100000066,"NRI Savings Account","SBI Chandigarh Branch 5","Chandigarh","Transfer","UPI",408772.66,0.00,"Success","Fund transfer"
1526,"2022-04-06 00:33:46",78,"Sneha Verma",100100000216,"Savings Account","SBI Bengaluru Branch 15","Bengaluru","Withdrawal","RTGS",183425.96,257851.06,"Pending","Cash withdrawal"
1527,"2023-02-02 01:25:50",115,"Nidhi Agarwal",100100000114,"Current Account","SBI Noida Branch 28","Noida","Charge","ATM",221283.73,0.00,"Success","Service charge"
1528,"2024-01-24 07:48:15",63,"Rajesh Kumar",100100000062,"Recurring Deposit Account","SBI Pune Branch 8","Pune","Charge","System",97387.23,472028.33,"Success","Service charge"
1529,"2023-02-18 15:35:39",72,"Anjali Singh",100100000071,"Savings Account","SBI Pune Branch 8","Pune","Interest","System",71006.37,71006.37,"Success","Interest credited"
1530,"2023-10-26 08:59:40",75,"Neha Chauhan",100100000294,"Recurring Deposit Account","SBI Indore Branch 27","Indore","Deposit","IMPS",454891.88,569638.52,"Success","Cash deposit"
1531,"2022-12-10 20:58:40",197,"Rajesh Yadav",100100000296,"Recurring Deposit Account","SBI Surat Branch 30","Surat","Interest","System",229924.65,503354.56,"Success","Interest credited"
1532,"2024-08-03 11:54:55",166,"Riya Singh",100100000165,"Fixed Deposit Account","SBI Pune Branch 43","Pune","Transfer","ATM",188449.36,0.00,"Success","Fund transfer"
1533,"2023-05-15 23:53:34",114,"Harsh Reddy",100100000205,"Current Account","SBI Chennai Branch 40","Chennai","Charge","System",107234.83,242144.65,"Success","Service charge"
1534,"2023-12-28 00:28:35",86,"Komal Verma",100100000276,"Savings Account","SBI Chandigarh Branch 5","Chandigarh","Deposit","ATM",14283.27,311797.98,"Success","Cash deposit"
1535,"2024-02-01 10:36:38",90,"Sakshi Jain",100100000089,"Current Account","SBI Surat Branch 44","Surat","Charge","System",43326.18,575877.13,"Success","Service charge"
1536,"2023-12-06 00:39:54",167,"Mohit Jain",100100000293,"Savings Account","SBI Ahmedabad Branch 24","Ahmedabad","Withdrawal","Cheque",94281.77,451551.51,"Failed","Cash withdrawal"
1537,"2023-11-10 17:04:42",111,"Shreya Singh",100100000204,"Savings Account","SBI Bengaluru Branch 7","Bengaluru","Transfer","NEFT",17562.13,792310.04,"Success","Fund transfer"
1538,"2024-08-07 17:51:36",102,"Asha Sinha",100100000268,"Fixed Deposit Account","SBI Chennai Branch 21","Chennai","Charge","Cheque",104494.37,0.00,"Success","Service charge"
1539,"2024-06-27 11:10:21",92,"Ritu Chauhan",100100000291,"Savings Account","SBI Chandigarh Branch 5","Chandigarh","Withdrawal","Cheque",84868.70,0.00,"Success","Cash withdrawal"
1540,"2025-08-07 18:09:09",127,"Anjali Verma",100100000126,"Salary Account","SBI Ahmedabad Branch 24","Ahmedabad","Deposit","IMPS",329166.10,329166.10,"Success","Cash deposit"
1541,"2026-05-08 21:02:06",9,"Rohit Chauhan",100100000008,"Savings Account","SBI Surat Branch 4","Surat","Charge","Cheque",407417.77,0.00,"Success","Service charge"
1542,"2025-02-18 02:49:40",21,"Anjali Yadav",100100000020,"Student Account","SBI Lucknow Branch 19","Lucknow","Interest","System",419518.46,419518.46,"Success","Interest credited"
1543,"2025-11-07 04:17:17",42,"Pooja Gupta",100100000267,"Current Account","SBI Bengaluru Branch 38","Bengaluru","Transfer","NEFT",64336.14,455662.60,"Success","Fund transfer"
1544,"2026-03-09 23:16:13",179,"Ritu Mishra",100100000260,"Savings Account","SBI Bengaluru Branch 16","Bengaluru","Transfer","RTGS",76499.24,0.00,"Success","Fund transfer"
1545,"2023-11-24 15:15:13",149,"Anjali Mishra",100100000270,"Student Account","SBI Kolkata Branch 42","Kolkata","Interest","System",366064.79,643946.91,"Success","Interest credited"
1546,"2023-12-19 06:08:08",54,"Meena Singh",100100000269,"Fixed Deposit Account","SBI Bhopal Branch 23","Bhopal","Charge","System",40963.61,514265.49,"Success","Service charge"
1547,"2023-03-29 19:38:17",188,"Nitin Jain",100100000187,"Recurring Deposit Account","SBI Patna Branch 9","Patna","Deposit","NEFT",499539.93,499539.93,"Success","Cash deposit"
1548,"2022-07-12 16:29:47",7,"Neha Gupta",100100000006,"Savings Account","SBI Surat Branch 3","Surat","Transfer","NEFT",81132.60,7477.34,"Success","Fund transfer"
1549,"2024-12-21 19:03:44",3,"Amit Kumar",100100000240,"Savings Account","SBI Bhubaneswar Branch 25","Bhubaneswar","Deposit","ATM",282896.82,506365.82,"Success","Cash deposit"
1550,"2023-09-30 09:33:59",172,"Komal Patel",100100000171,"Salary Account","SBI Kochi Branch 46","Kochi","Withdrawal","Cash",473967.87,0.00,"Success","Cash withdrawal"
1551,"2022-06-12 06:18:19",38,"Neha Patel",100100000037,"Student Account","SBI Bengaluru Branch 7","Bengaluru","Deposit","ATM",77468.91,0.00,"Failed","Cash deposit"
1552,"2023-08-23 07:51:31",32,"Ankit Reddy",100100000031,"Recurring Deposit Account","SBI Bengaluru Branch 7","Bengaluru","Deposit","NEFT",433501.02,437577.76,"Success","Cash deposit"
1553,"2025-01-10 20:40:23",48,"Divya Yadav",100100000047,"Savings Account","SBI Patna Branch 17","Patna","Charge","Cheque",479651.67,0.00,"Success","Service charge"
1554,"2022-10-29 04:53:42",92,"Ritu Chauhan",100100000249,"NRI Savings Account","SBI Pune Branch 43","Pune","Transfer","Cheque",393670.15,0.00,"Success","Fund transfer"
1555,"2024-10-30 02:44:09",185,"Rahul Kumar",100100000207,"Savings Account","SBI Bhopal Branch 23","Bhopal","Charge","Cheque",491697.38,0.00,"Success","Service charge"
1556,"2025-02-13 10:33:46",116,"Riya Sinha",100100000115,"Salary Account","SBI Noida Branch 47","Noida","Transfer","NEFT",29953.42,56563.90,"Success","Fund transfer"
1557,"2025-10-01 07:37:48",51,"Rohit Yadav",100100000288,"NRI Savings Account","SBI Patna Branch 26","Patna","Transfer","NEFT",230362.27,1129684.18,"Success","Fund transfer"
1558,"2024-06-28 15:23:31",20,"Karan Sinha",100100000019,"NRI Savings Account","SBI Kolkata Branch 42","Kolkata","Withdrawal","IMPS",292925.77,0.00,"Success","Cash withdrawal"
1559,"2022-03-20 03:55:05",136,"Priya Sharma",100100000256,"Student Account","SBI Surat Branch 3","Surat","Deposit","IMPS",350282.03,350282.03,"Success","Cash deposit"
1560,"2024-01-29 23:03:58",189,"Rajesh Pandey",100100000188,"Fixed Deposit Account","SBI Pune Branch 8","Pune","Charge","System",352303.90,0.00,"Success","Service charge"
1561,"2025-05-23 07:59:47",27,"Sakshi Sinha",100100000026,"Student Account","SBI Bhopal Branch 37","Bhopal","Charge","ATM",419074.79,0.00,"Success","Service charge"
1562,"2024-04-26 20:42:11",171,"Vikas Patel",100100000263,"Salary Account","SBI Bengaluru Branch 16","Bengaluru","Interest","System",169190.80,189205.33,"Success","Interest credited"
1563,"2023-02-18 21:09:05",114,"Harsh Reddy",100100000205,"Current Account","SBI Chennai Branch 40","Chennai","Deposit","UPI",294990.82,537135.47,"Success","Cash deposit"
1564,"2026-06-16 02:17:00",41,"Vivek Patel",100100000040,"Recurring Deposit Account","SBI Ahmedabad Branch 24","Ahmedabad","Interest","System",353688.40,697954.60,"Success","Interest credited"
1565,"2024-03-22 18:00:28",112,"Mohit Mishra",100100000111,"Salary Account","SBI Surat Branch 30","Surat","Transfer","RTGS",35123.92,0.00,"Success","Fund transfer"
1566,"2025-08-06 13:01:01",125,"Vivek Kumar",100100000124,"Salary Account","SBI Bhopal Branch 39","Bhopal","Transfer","UPI",349327.91,0.00,"Success","Fund transfer"
1567,"2024-01-05 21:36:56",114,"Harsh Reddy",100100000290,"NRI Savings Account","SBI Surat Branch 3","Surat","Transfer","Cheque",239098.07,587402.32,"Success","Fund transfer"
1568,"2025-10-31 09:33:08",197,"Rajesh Yadav",100100000296,"Recurring Deposit Account","SBI Surat Branch 30","Surat","Charge","Cheque",251089.82,252264.74,"Success","Service charge"
1569,"2023-10-21 23:20:06",165,"Riya Kumar",100100000164,"Recurring Deposit Account","SBI Surat Branch 6","Surat","Charge","System",317975.30,259902.34,"Success","Service charge"
1570,"2022-11-11 05:19:31",197,"Rajesh Yadav",100100000296,"Recurring Deposit Account","SBI Surat Branch 30","Surat","Deposit","RTGS",176835.85,429100.59,"Success","Cash deposit"
1571,"2023-07-15 10:10:38",9,"Rohit Chauhan",100100000008,"Savings Account","SBI Surat Branch 4","Surat","Interest","System",32211.47,32211.47,"Success","Interest credited"
1572,"2023-07-29 14:59:48",38,"Neha Patel",100100000037,"Student Account","SBI Bengaluru Branch 7","Bengaluru","Interest","System",466207.26,466207.26,"Success","Interest credited"
1573,"2024-03-11 19:14:08",49,"Amit Sinha",100100000048,"Senior Citizen Savings Account","SBI Bhopal Branch 39","Bhopal","Transfer","IMPS",5048.18,0.00,"Success","Fund transfer"
1574,"2024-01-16 08:59:23",78,"Sneha Verma",100100000216,"Savings Account","SBI Bengaluru Branch 15","Bengaluru","Charge","Cheque",361276.36,0.00,"Success","Service charge"
1575,"2023-10-24 11:05:42",86,"Komal Verma",100100000085,"Savings Account","SBI Noida Branch 18","Noida","Withdrawal","UPI",69236.38,470922.56,"Success","Cash withdrawal"
1576,"2024-08-30 23:18:28",198,"Suresh Singh",100100000197,"Recurring Deposit Account","SBI Nagpur Branch 34","Nagpur","Withdrawal","ATM",324190.39,0.00,"Success","Cash withdrawal"
1577,"2024-01-13 07:31:59",75,"Neha Chauhan",100100000074,"Salary Account","SBI Chennai Branch 40","Chennai","Withdrawal","Cash",94235.02,92071.41,"Success","Cash withdrawal"
1578,"2022-11-16 11:00:40",77,"Anjali Mishra",100100000076,"Savings Account","SBI Gurugram Branch 33","Gurugram","Deposit","UPI",34856.42,34856.42,"Success","Cash deposit"
1579,"2024-12-26 20:02:42",110,"Rajesh Gupta",100100000109,"Student Account","SBI Pune Branch 43","Pune","Transfer","IMPS",466691.19,732167.84,"Success","Fund transfer"
1580,"2025-08-19 00:30:07",51,"Rohit Yadav",100100000050,"Savings Account","SBI Chennai Branch 21","Chennai","Withdrawal","Cheque",318893.78,16976.80,"Success","Cash withdrawal"
1581,"2022-12-19 22:20:13",137,"Priya Pandey",100100000136,"Fixed Deposit Account","SBI Bengaluru Branch 50","Bengaluru","Withdrawal","NEFT",57602.49,0.00,"Success","Cash withdrawal"
1582,"2024-06-16 05:25:31",93,"Arjun Sinha",100100000092,"Current Account","SBI Bengaluru Branch 38","Bengaluru","Transfer","UPI",488503.21,0.00,"Success","Fund transfer"
1583,"2025-04-05 23:33:49",92,"Ritu Chauhan",100100000291,"Savings Account","SBI Chandigarh Branch 5","Chandigarh","Interest","System",475826.31,475826.31,"Success","Interest credited"
1584,"2025-11-20 03:34:46",124,"Asha Sinha",100100000123,"Student Account","SBI Lucknow Branch 12","Lucknow","Transfer","Cheque",348850.65,18559.55,"Success","Fund transfer"
1585,"2024-06-27 01:35:34",121,"Manish Agarwal",100100000120,"Savings Account","SBI Indore Branch 27","Indore","Transfer","UPI",483204.87,292835.09,"Success","Fund transfer"
1586,"2025-07-11 08:46:09",45,"Vikas Patel",100100000044,"Fixed Deposit Account","SBI Noida Branch 47","Noida","Charge","ATM",258597.40,0.00,"Success","Service charge"
1587,"2022-06-23 04:59:08",152,"Mohit Mishra",100100000151,"Savings Account","SBI Gurugram Branch 49","Gurugram","Transfer","Cash",59882.11,0.00,"Success","Fund transfer"
1588,"2022-03-18 18:14:51",199,"Sneha Agarwal",100100000198,"Senior Citizen Savings Account","SBI Surat Branch 4","Surat","Charge","Cheque",64554.70,1014769.20,"Success","Service charge"
1589,"2024-03-12 13:11:52",42,"Pooja Gupta",100100000041,"Current Account","SBI Gurugram Branch 45","Gurugram","Withdrawal","UPI",251383.11,0.00,"Pending","Cash withdrawal"
1590,"2024-03-26 20:34:06",57,"Divya Chauhan",100100000056,"Savings Account","SBI Bengaluru Branch 50","Bengaluru","Charge","Cheque",280618.13,0.00,"Success","Service charge"
1591,"2024-06-05 00:27:09",94,"Shreya Mishra",100100000093,"Savings Account","SBI Hyderabad Branch 41","Hyderabad","Withdrawal","NEFT",376697.74,0.00,"Success","Cash withdrawal"
1592,"2022-10-18 13:06:52",176,"Rohit Sharma",100100000213,"Fixed Deposit Account","SBI Lucknow Branch 19","Lucknow","Interest","System",24649.84,600034.18,"Success","Interest credited"
1593,"2025-12-14 02:26:03",64,"Riya Singh",100100000063,"Fixed Deposit Account","SBI Patna Branch 17","Patna","Withdrawal","Cheque",395980.58,0.00,"Success","Cash withdrawal"
1594,"2025-05-26 16:07:31",192,"Deepak Reddy",100100000191,"Salary Account","SBI Bengaluru Branch 38","Bengaluru","Deposit","ATM",476345.29,593901.93,"Success","Cash deposit"
1595,"2022-06-11 20:03:51",1,"Vivek Yadav",100100000000,"Savings Account","SBI Patna Branch 17","Patna","Interest","System",495691.42,495691.42,"Success","Interest credited"
1596,"2022-05-03 22:07:59",16,"Amit Verma",100100000015,"Recurring Deposit Account","SBI Noida Branch 32","Noida","Deposit","Cheque",368768.18,776729.35,"Success","Cash deposit"
1597,"2022-12-06 09:18:07",169,"Rahul Pandey",100100000168,"Senior Citizen Savings Account","SBI Hyderabad Branch 41","Hyderabad","Interest","System",190473.18,190473.18,"Success","Interest credited"
1598,"2025-11-27 01:25:42",171,"Vikas Patel",100100000170,"Student Account","SBI Gurugram Branch 36","Gurugram","Transfer","NEFT",482888.94,0.00,"Success","Fund transfer"
1599,"2025-12-15 17:25:39",120,"Nidhi Agarwal",100100000119,"Savings Account","SBI Kolkata Branch 42","Kolkata","Withdrawal","Cash",384335.54,43807.19,"Success","Cash withdrawal"
1600,"2024-10-02 11:20:52",198,"Suresh Singh",100100000235,"NRI Savings Account","SBI Bengaluru Branch 38","Bengaluru","Deposit","UPI",404776.47,1001526.10,"Success","Cash deposit"
1601,"2025-03-12 00:24:55",18,"Vivek Verma",100100000017,"NRI Savings Account","SBI Bengaluru Branch 38","Bengaluru","Interest","System",231630.15,913620.57,"Success","Interest credited"
1602,"2025-11-06 02:48:02",33,"Deepak Jain",100100000032,"Student Account","SBI Lucknow Branch 19","Lucknow","Interest","System",17829.28,192092.23,"Success","Interest credited"
1603,"2026-04-29 23:00:51",117,"Priya Patel",100100000116,"NRI Savings Account","SBI Chennai Branch 40","Chennai","Deposit","UPI",98470.06,268110.74,"Success","Cash deposit"
1604,"2024-05-23 23:06:31",86,"Komal Verma",100100000276,"Savings Account","SBI Chandigarh Branch 5","Chandigarh","Charge","Cheque",272089.55,39708.43,"Success","Service charge"
1605,"2023-09-20 21:27:02",135,"Shreya Chauhan",100100000134,"Fixed Deposit Account","SBI Gurugram Branch 36","Gurugram","Withdrawal","Cheque",332748.05,212932.67,"Success","Cash withdrawal"
1606,"2026-05-22 18:16:59",156,"Shreya Yadav",100100000155,"Recurring Deposit Account","SBI Bhubaneswar Branch 22","Bhubaneswar","Transfer","IMPS",305760.51,0.00,"Success","Fund transfer"
1607,"2024-11-06 06:52:23",174,"Meena Verma",100100000173,"Savings Account","SBI Chennai Branch 40","Chennai","Deposit","RTGS",144339.47,144339.47,"Success","Cash deposit"
1608,"2025-06-19 07:58:46",8,"Neha Gupta",100100000007,"Senior Citizen Savings Account","SBI Delhi Branch 14","Delhi","Deposit","NEFT",353964.33,769610.84,"Success","Cash deposit"
1609,"2025-03-04 22:40:40",36,"Sakshi Agarwal",100100000035,"Savings Account","SBI Chennai Branch 40","Chennai","Interest","System",119114.96,119114.96,"Success","Interest credited"
1610,"2025-12-07 16:33:30",164,"Shreya Sinha",100100000163,"Student Account","SBI Indore Branch 27","Indore","Transfer","Cheque",491682.14,0.00,"Success","Fund transfer"
1611,"2023-06-04 19:00:36",159,"Kavita Singh",100100000158,"Savings Account","SBI Noida Branch 32","Noida","Deposit","IMPS",396244.49,456627.16,"Success","Cash deposit"
1612,"2024-06-28 13:59:10",181,"Arjun Singh",100100000180,"Recurring Deposit Account","SBI Bhopal Branch 39","Bhopal","Transfer","UPI",326613.99,0.00,"Success","Fund transfer"
1613,"2024-05-07 23:48:40",166,"Riya Singh",100100000165,"Fixed Deposit Account","SBI Pune Branch 43","Pune","Transfer","Cash",38644.06,0.00,"Success","Fund transfer"
1614,"2022-03-26 13:54:18",92,"Ritu Chauhan",100100000291,"Savings Account","SBI Chandigarh Branch 5","Chandigarh","Interest","System",175168.22,650994.53,"Success","Interest credited"
1615,"2023-05-30 20:23:25",69,"Ritu Pandey",100100000245,"Savings Account","SBI Bengaluru Branch 7","Bengaluru","Deposit","Cheque",349121.55,356065.95,"Success","Cash deposit"
1616,"2025-03-19 19:07:27",95,"Rahul Kumar",100100000094,"Savings Account","SBI Bhubaneswar Branch 25","Bhubaneswar","Deposit","ATM",257346.58,335924.32,"Failed","Cash deposit"
1617,"2025-04-11 23:23:12",62,"Ritu Yadav",100100000280,"Recurring Deposit Account","SBI Nagpur Branch 31","Nagpur","Deposit","UPI",348761.41,400006.35,"Success","Cash deposit"
1618,"2022-09-01 10:59:22",164,"Shreya Sinha",100100000163,"Student Account","SBI Indore Branch 27","Indore","Charge","Cheque",56351.99,0.00,"Success","Service charge"
1619,"2023-06-11 20:15:21",78,"Sneha Verma",100100000216,"Savings Account","SBI Bengaluru Branch 15","Bengaluru","Deposit","UPI",252644.43,252644.43,"Success","Cash deposit"
1620,"2023-02-28 00:17:13",64,"Riya Singh",100100000063,"Fixed Deposit Account","SBI Patna Branch 17","Patna","Charge","Cheque",103301.26,0.00,"Success","Service charge"
1621,"2026-01-24 02:52:40",193,"Vikas Verma",100100000203,"Salary Account","SBI Noida Branch 32","Noida","Transfer","RTGS",458538.88,543689.40,"Pending","Fund transfer"
1622,"2026-03-23 05:05:28",116,"Riya Sinha",100100000115,"Salary Account","SBI Noida Branch 47","Noida","Deposit","NEFT",411241.57,467805.47,"Success","Cash deposit"
1623,"2023-05-27 16:19:10",70,"Asha Reddy",100100000069,"Salary Account","SBI Pune Branch 43","Pune","Charge","Cheque",471028.29,0.00,"Success","Service charge"
1624,"2022-11-03 13:39:20",132,"Karan Chauhan",100100000131,"Recurring Deposit Account","SBI Surat Branch 44","Surat","Withdrawal","ATM",450543.85,0.00,"Success","Cash withdrawal"
1625,"2023-01-16 06:04:05",86,"Komal Verma",100100000085,"Savings Account","SBI Noida Branch 18","Noida","Transfer","RTGS",311925.19,158997.37,"Success","Fund transfer"
1626,"2022-01-21 09:47:16",123,"Neha Patel",100100000122,"Senior Citizen Savings Account","SBI Surat Branch 29","Surat","Deposit","ATM",135760.30,135760.30,"Success","Cash deposit"
1627,"2025-09-26 16:44:16",149,"Anjali Mishra",100100000270,"Student Account","SBI Kolkata Branch 42","Kolkata","Transfer","ATM",279977.03,363969.88,"Success","Fund transfer"
1628,"2022-10-31 00:36:21",167,"Mohit Jain",100100000166,"Fixed Deposit Account","SBI Delhi Branch 14","Delhi","Transfer","UPI",232230.26,0.00,"Pending","Fund transfer"
1629,"2026-02-08 17:57:09",84,"Karan Patel",100100000083,"Savings Account","SBI Bhopal Branch 35","Bhopal","Charge","Cheque",417653.49,0.00,"Success","Service charge"
1630,"2022-03-03 02:01:05",49,"Amit Sinha",100100000048,"Senior Citizen Savings Account","SBI Bhopal Branch 39","Bhopal","Deposit","IMPS",195218.98,195218.98,"Success","Cash deposit"
1631,"2024-05-31 09:52:35",77,"Anjali Mishra",100100000243,"Savings Account","SBI Kolkata Branch 42","Kolkata","Deposit","RTGS",161501.98,0.00,"Pending","Cash deposit"
1632,"2024-04-16 20:20:51",10,"Divya Patel",100100000009,"NRI Savings Account","SBI Nagpur Branch 34","Nagpur","Interest","System",469590.00,527577.36,"Success","Interest credited"
1633,"2026-02-10 23:33:50",39,"Riya Reddy",100100000038,"Senior Citizen Savings Account","SBI Chandigarh Branch 5","Chandigarh","Deposit","UPI",233863.43,233863.43,"Success","Cash deposit"
1634,"2024-07-07 04:15:28",113,"Manish Yadav",100100000112,"Senior Citizen Savings Account","SBI Surat Branch 4","Surat","Deposit","Cash",460978.24,937927.94,"Success","Cash deposit"
1635,"2025-03-05 13:17:47",13,"Nitin Yadav",100100000012,"Recurring Deposit Account","SBI Bengaluru Branch 16","Bengaluru","Charge","Cheque",196495.62,0.00,"Success","Service charge"
1636,"2024-05-25 04:10:49",170,"Manish Verma",100100000271,"Current Account","SBI Bhopal Branch 23","Bhopal","Transfer","UPI",254458.88,0.00,"Success","Fund transfer"
1637,"2025-08-10 15:36:01",10,"Divya Patel",100100000009,"NRI Savings Account","SBI Nagpur Branch 34","Nagpur","Charge","System",162483.21,365094.15,"Success","Service charge"
1638,"2024-05-29 22:41:56",157,"Meena Mishra",100100000156,"Savings Account","SBI Bhubaneswar Branch 22","Bhubaneswar","Deposit","RTGS",155257.56,64428.19,"Pending","Cash deposit"
1639,"2022-09-26 08:02:19",188,"Nitin Jain",100100000266,"Current Account","SBI Nagpur Branch 31","Nagpur","Charge","Cheque",396610.97,0.00,"Success","Service charge"
1640,"2023-01-16 00:25:29",93,"Arjun Sinha",100100000092,"Current Account","SBI Bengaluru Branch 38","Bengaluru","Transfer","IMPS",176463.28,0.00,"Success","Fund transfer"
1641,"2022-01-16 20:41:26",141,"Rohit Patel",100100000140,"Savings Account","SBI Chennai Branch 21","Chennai","Charge","System",122303.81,0.00,"Success","Service charge"
1642,"2025-06-07 16:24:15",76,"Harsh Kumar",100100000075,"Savings Account","SBI Delhi Branch 13","Delhi","Withdrawal","IMPS",140451.70,287687.76,"Success","Cash withdrawal"
1643,"2024-07-30 03:06:43",92,"Ritu Chauhan",100100000291,"Savings Account","SBI Chandigarh Branch 5","Chandigarh","Transfer","UPI",495813.26,155181.27,"Success","Fund transfer"
1644,"2023-09-21 02:54:31",77,"Anjali Mishra",100100000278,"NRI Savings Account","SBI Gurugram Branch 33","Gurugram","Transfer","NEFT",316932.69,0.00,"Success","Fund transfer"
1645,"2025-12-25 02:53:33",64,"Riya Singh",100100000063,"Fixed Deposit Account","SBI Patna Branch 17","Patna","Deposit","ATM",166937.95,166937.95,"Success","Cash deposit"
1646,"2023-04-15 04:15:37",50,"Suresh Chauhan",100100000218,"Recurring Deposit Account","SBI Lucknow Branch 19","Lucknow","Transfer","Cash",369620.36,0.00,"Success","Fund transfer"
1647,"2022-06-22 04:42:37",156,"Shreya Yadav",100100000155,"Recurring Deposit Account","SBI Bhubaneswar Branch 22","Bhubaneswar","Charge","ATM",366348.40,0.00,"Success","Service charge"
1648,"2024-01-24 02:40:27",92,"Ritu Chauhan",100100000091,"Fixed Deposit Account","SBI Pune Branch 43","Pune","Withdrawal","Cash",88678.44,0.00,"Success","Cash withdrawal"
1649,"2025-10-02 18:42:11",117,"Priya Patel",100100000116,"NRI Savings Account","SBI Chennai Branch 40","Chennai","Interest","System",133176.11,401286.85,"Success","Interest credited"
1650,"2024-01-24 02:23:05",107,"Nitin Chauhan",100100000209,"Senior Citizen Savings Account","SBI Bengaluru Branch 7","Bengaluru","Transfer","NEFT",288454.77,0.00,"Success","Fund transfer"
1651,"2025-01-13 00:13:45",180,"Divya Mishra",100100000179,"Current Account","SBI Chennai Branch 21","Chennai","Interest","System",478922.93,132738.51,"Pending","Interest credited"
1652,"2023-07-09 05:29:14",176,"Rohit Sharma",100100000175,"Savings Account","SBI Noida Branch 47","Noida","Deposit","IMPS",468521.09,468521.09,"Success","Cash deposit"
1653,"2024-07-03 12:27:50",106,"Arjun Nair",100100000105,"Fixed Deposit Account","SBI Gurugram Branch 33","Gurugram","Transfer","NEFT",124659.23,173123.59,"Success","Fund transfer"
1654,"2022-12-08 11:19:38",89,"Rahul Kumar",100100000088,"Savings Account","SBI Pune Branch 1","Pune","Charge","System",232913.99,0.00,"Success","Service charge"
1655,"2022-01-13 09:20:06",26,"Rahul Patel",100100000025,"Savings Account","SBI Chennai Branch 21","Chennai","Deposit","NEFT",446337.00,642991.71,"Success","Cash deposit"
1656,"2025-03-16 04:18:57",143,"Rohit Mishra",100100000252,"Recurring Deposit Account","SBI Gurugram Branch 49","Gurugram","Interest","System",489384.93,904702.51,"Success","Interest credited"
1657,"2023-09-13 01:36:27",102,"Asha Sinha",100100000101,"Student Account","SBI Bengaluru Branch 50","Bengaluru","Withdrawal","Cash",258597.53,282285.03,"Success","Cash withdrawal"
1658,"2024-07-13 14:32:59",196,"Manish Chauhan",100100000236,"Fixed Deposit Account","SBI Bhubaneswar Branch 22","Bhubaneswar","Interest","System",453936.32,545115.11,"Success","Interest credited"
1659,"2022-04-29 15:32:50",64,"Riya Singh",100100000063,"Fixed Deposit Account","SBI Patna Branch 17","Patna","Deposit","Cheque",418820.48,585758.43,"Success","Cash deposit"
1660,"2025-08-19 06:07:06",94,"Shreya Mishra",100100000274,"Fixed Deposit Account","SBI Delhi Branch 14","Delhi","Transfer","UPI",92636.50,245060.66,"Success","Fund transfer"
1661,"2024-07-05 08:19:02",55,"Vikas Kumar",100100000261,"Salary Account","SBI Gurugram Branch 33","Gurugram","Interest","System",345529.35,457357.24,"Success","Interest credited"
1662,"2024-09-15 04:18:59",30,"Vikas Gupta",100100000029,"Savings Account","SBI Bhopal Branch 39","Bhopal","Charge","System",262461.63,134767.62,"Success","Service charge"
1663,"2024-10-01 09:21:31",15,"Riya Yadav",100100000014,"Salary Account","SBI Surat Branch 44","Surat","Interest","System",197019.45,197019.45,"Success","Interest credited"
1664,"2024-11-13 03:27:27",195,"Amit Agarwal",100100000279,"Current Account","SBI Patna Branch 17","Patna","Charge","Cheque",2726.00,1116080.95,"Pending","Service charge"
1665,"2025-04-13 15:03:18",143,"Rohit Mishra",100100000142,"Student Account","SBI Bhopal Branch 37","Bhopal","Interest","System",34171.54,34171.54,"Success","Interest credited"
1666,"2026-05-07 10:17:15",99,"Komal Jain",100100000098,"Savings Account","SBI Noida Branch 32","Noida","Withdrawal","IMPS",303651.45,0.00,"Success","Cash withdrawal"
1667,"2022-04-22 09:22:06",35,"Ankit Gupta",100100000034,"Savings Account","SBI Bengaluru Branch 7","Bengaluru","Withdrawal","IMPS",467775.03,0.00,"Pending","Cash withdrawal"
1668,"2025-08-11 23:37:29",136,"Priya Sharma",100100000135,"Savings Account","SBI Bhopal Branch 37","Bhopal","Interest","System",410133.96,579088.15,"Success","Interest credited"
1669,"2024-01-13 07:47:56",102,"Asha Sinha",100100000101,"Student Account","SBI Bengaluru Branch 50","Bengaluru","Withdrawal","NEFT",369370.31,282285.03,"Pending","Cash withdrawal"
1670,"2026-02-13 11:12:07",138,"Sakshi Chauhan",100100000247,"Student Account","SBI Chennai Branch 21","Chennai","Interest","System",131504.29,157692.51,"Success","Interest credited"
1671,"2025-07-31 10:55:49",137,"Priya Pandey",100100000136,"Fixed Deposit Account","SBI Bengaluru Branch 50","Bengaluru","Deposit","Cheque",129435.72,129435.72,"Success","Cash deposit"
1672,"2024-08-28 05:28:41",54,"Meena Singh",100100000053,"Senior Citizen Savings Account","SBI Pune Branch 11","Pune","Transfer","RTGS",63262.91,344395.09,"Success","Fund transfer"
1673,"2022-10-26 16:01:04",88,"Arjun Kumar",100100000087,"Senior Citizen Savings Account","SBI Gurugram Branch 49","Gurugram","Withdrawal","NEFT",329615.73,0.00,"Pending","Cash withdrawal"
1674,"2026-05-31 17:37:09",146,"Manish Agarwal",100100000145,"NRI Savings Account","SBI Bengaluru Branch 7","Bengaluru","Deposit","UPI",140249.84,140249.84,"Success","Cash deposit"
1675,"2025-05-13 12:39:05",88,"Arjun Kumar",100100000273,"NRI Savings Account","SBI Bengaluru Branch 50","Bengaluru","Charge","Cheque",294433.27,0.00,"Success","Service charge"
1676,"2023-09-04 22:46:08",42,"Pooja Gupta",100100000267,"Current Account","SBI Bengaluru Branch 38","Bengaluru","Deposit","Cash",217740.12,673402.72,"Success","Cash deposit"
1677,"2022-02-21 13:51:16",108,"Sakshi Chauhan",100100000107,"NRI Savings Account","SBI Delhi Branch 14","Delhi","Transfer","NEFT",286131.71,0.00,"Success","Fund transfer"
1678,"2024-08-24 15:58:26",118,"Sneha Singh",100100000117,"Savings Account","SBI Bengaluru Branch 15","Bengaluru","Deposit","NEFT",291487.42,423164.49,"Success","Cash deposit"
1679,"2023-10-03 07:04:37",121,"Manish Agarwal",100100000120,"Savings Account","SBI Indore Branch 27","Indore","Interest","System",3078.01,295913.10,"Success","Interest credited"
1680,"2025-01-29 15:58:16",111,"Shreya Singh",100100000110,"Recurring Deposit Account","SBI Noida Branch 2","Noida","Interest","System",367023.00,945255.89,"Success","Interest credited"
1681,"2022-12-12 12:15:02",72,"Anjali Singh",100100000217,"Savings Account","SBI Bengaluru Branch 38","Bengaluru","Transfer","NEFT",192989.81,0.00,"Success","Fund transfer"
1682,"2025-01-23 02:56:37",87,"Rajesh Agarwal",100100000282,"Current Account","SBI Gurugram Branch 45","Gurugram","Interest","System",307921.60,1438622.78,"Success","Interest credited"
1683,"2025-08-26 21:05:02",43,"Shreya Singh",100100000042,"Savings Account","SBI Patna Branch 26","Patna","Deposit","UPI",457182.85,546863.99,"Success","Cash deposit"
1684,"2025-07-09 22:19:03",5,"Amit Reddy",100100000287,"Salary Account","SBI Surat Branch 44","Surat","Interest","System",90628.65,984056.63,"Success","Interest credited"
1685,"2026-01-03 17:21:46",51,"Rohit Yadav",100100000288,"NRI Savings Account","SBI Patna Branch 26","Patna","Interest","System",132406.64,1262090.82,"Success","Interest credited"
1686,"2023-04-09 05:39:00",156,"Shreya Yadav",100100000155,"Recurring Deposit Account","SBI Bhubaneswar Branch 22","Bhubaneswar","Deposit","NEFT",391243.19,391243.19,"Success","Cash deposit"
1687,"2024-01-30 08:34:08",67,"Pooja Kumar",100100000066,"NRI Savings Account","SBI Chandigarh Branch 5","Chandigarh","Deposit","RTGS",382307.39,382307.39,"Success","Cash deposit"
1688,"2023-05-17 15:51:19",66,"Harsh Sinha",100100000065,"Recurring Deposit Account","SBI Bhubaneswar Branch 22","Bhubaneswar","Withdrawal","RTGS",42586.78,0.00,"Success","Cash withdrawal"
1689,"2025-09-09 11:14:43",74,"Rahul Kumar",100100000073,"Current Account","SBI Bengaluru Branch 16","Bengaluru","Withdrawal","Cheque",221877.86,756913.90,"Success","Cash withdrawal"
1690,"2025-10-13 00:20:22",136,"Priya Sharma",100100000256,"Student Account","SBI Surat Branch 3","Surat","Interest","System",246119.23,596401.26,"Success","Interest credited"
1691,"2023-02-25 02:59:49",94,"Shreya Mishra",100100000264,"Savings Account","SBI Hyderabad Branch 41","Hyderabad","Charge","Cheque",49466.81,1163696.79,"Success","Service charge"
1692,"2023-10-10 16:36:39",17,"Komal Patel",100100000016,"Student Account","SBI Chennai Branch 40","Chennai","Charge","System",134523.86,79266.67,"Success","Service charge"
1693,"2022-09-16 20:46:35",194,"Harsh Agarwal",100100000193,"Student Account","SBI Noida Branch 2","Noida","Charge","ATM",409540.45,0.00,"Success","Service charge"
1694,"2025-10-07 14:31:39",145,"Nidhi Nair",100100000299,"Student Account","SBI Surat Branch 10","Surat","Charge","System",336030.16,0.00,"Success","Service charge"
1695,"2025-10-09 17:39:16",185,"Rahul Kumar",100100000184,"Current Account","SBI Surat Branch 4","Surat","Transfer","Cheque",479312.76,0.00,"Success","Fund transfer"
1696,"2024-03-13 21:08:13",159,"Kavita Singh",100100000158,"Savings Account","SBI Noida Branch 32","Noida","Transfer","RTGS",199345.27,456627.16,"Pending","Fund transfer"
1697,"2022-10-25 10:55:11",50,"Suresh Chauhan",100100000218,"Recurring Deposit Account","SBI Lucknow Branch 19","Lucknow","Interest","System",353853.91,353853.91,"Success","Interest credited"
1698,"2024-04-05 19:13:58",125,"Vivek Kumar",100100000124,"Salary Account","SBI Bhopal Branch 39","Bhopal","Interest","System",247691.61,247691.61,"Success","Interest credited"
1699,"2025-02-17 02:30:18",178,"Arjun Kumar",100100000177,"Savings Account","SBI Lucknow Branch 12","Lucknow","Deposit","Cash",474149.68,709787.70,"Success","Cash deposit"
1700,"2023-06-16 23:06:16",47,"Priya Sharma",100100000046,"Savings Account","SBI Indore Branch 27","Indore","Charge","System",289299.33,5735.92,"Success","Service charge"
1701,"2025-02-15 13:25:06",47,"Priya Sharma",100100000046,"Savings Account","SBI Indore Branch 27","Indore","Deposit","RTGS",477935.69,483671.61,"Success","Cash deposit"
1702,"2023-06-24 20:01:06",185,"Rahul Kumar",100100000184,"Current Account","SBI Surat Branch 4","Surat","Deposit","ATM",369720.61,369720.61,"Success","Cash deposit"
1703,"2024-02-28 02:33:01",132,"Karan Chauhan",100100000131,"Recurring Deposit Account","SBI Surat Branch 44","Surat","Interest","System",432519.90,432519.90,"Success","Interest credited"
1704,"2024-06-27 22:22:29",94,"Shreya Mishra",100100000093,"Savings Account","SBI Hyderabad Branch 41","Hyderabad","Interest","System",354184.96,354184.96,"Success","Interest credited"
1705,"2022-02-16 09:30:35",166,"Riya Singh",100100000165,"Fixed Deposit Account","SBI Pune Branch 43","Pune","Interest","System",48582.45,48582.45,"Success","Interest credited"
1706,"2022-10-29 15:54:20",33,"Deepak Jain",100100000032,"Student Account","SBI Lucknow Branch 19","Lucknow","Deposit","UPI",335105.72,527197.95,"Success","Cash deposit"
1707,"2025-09-23 00:51:57",73,"Karan Yadav",100100000226,"NRI Savings Account","SBI Bhubaneswar Branch 22","Bhubaneswar","Withdrawal","Cash",383651.92,0.00,"Success","Cash withdrawal"
1708,"2022-03-30 13:14:26",194,"Harsh Agarwal",100100000193,"Student Account","SBI Noida Branch 2","Noida","Transfer","IMPS",400153.99,0.00,"Success","Fund transfer"
1709,"2023-10-22 20:10:54",100,"Pooja Mishra",100100000099,"Savings Account","SBI Noida Branch 28","Noida","Interest","System",357616.59,505530.37,"Success","Interest credited"
1710,"2025-04-25 18:59:19",9,"Rohit Chauhan",100100000008,"Savings Account","SBI Surat Branch 4","Surat","Interest","System",421629.30,453840.77,"Success","Interest credited"
1711,"2024-02-23 09:47:38",145,"Nidhi Nair",100100000299,"Student Account","SBI Surat Branch 10","Surat","Transfer","NEFT",394141.99,0.00,"Success","Fund transfer"
1712,"2025-01-08 08:20:41",113,"Manish Yadav",100100000112,"Senior Citizen Savings Account","SBI Surat Branch 4","Surat","Withdrawal","Cheque",414166.41,523761.53,"Success","Cash withdrawal"
1713,"2026-03-22 08:16:36",199,"Sneha Agarwal",100100000198,"Senior Citizen Savings Account","SBI Surat Branch 4","Surat","Charge","ATM",108322.28,906446.92,"Success","Service charge"
1714,"2023-07-13 17:38:50",191,"Asha Sharma",100100000190,"Current Account","SBI Nagpur Branch 34","Nagpur","Withdrawal","Cash",421442.55,0.00,"Success","Cash withdrawal"
1715,"2023-06-15 10:41:29",194,"Harsh Agarwal",100100000257,"Current Account","SBI Delhi Branch 14","Delhi","Interest","System",156124.01,527668.27,"Success","Interest credited"
1716,"2024-04-14 09:14:44",81,"Karan Reddy",100100000080,"Recurring Deposit Account","SBI Lucknow Branch 19","Lucknow","Charge","Cheque",208940.51,0.00,"Success","Service charge"
1717,"2023-12-05 19:24:00",111,"Shreya Singh",100100000204,"Savings Account","SBI Bengaluru Branch 7","Bengaluru","Charge","ATM",1044.50,791265.54,"Success","Service charge"
1718,"2022-10-13 01:27:49",125,"Vivek Kumar",100100000124,"Salary Account","SBI Bhopal Branch 39","Bhopal","Charge","ATM",66001.22,181690.39,"Success","Service charge"
1719,"2022-06-19 22:03:14",197,"Rajesh Yadav",100100000196,"Senior Citizen Savings Account","SBI Kochi Branch 46","Kochi","Transfer","Cash",187306.33,0.00,"Success","Fund transfer"
1720,"2022-12-16 17:29:01",55,"Vikas Kumar",100100000229,"Savings Account","SBI Patna Branch 17","Patna","Deposit","UPI",285994.48,732604.35,"Success","Cash deposit"
1721,"2026-03-12 23:21:52",143,"Rohit Mishra",100100000142,"Student Account","SBI Bhopal Branch 37","Bhopal","Charge","System",128044.19,0.00,"Success","Service charge"
1722,"2025-03-05 12:55:41",193,"Vikas Verma",100100000242,"Student Account","SBI Surat Branch 6","Surat","Withdrawal","UPI",289904.18,0.00,"Success","Cash withdrawal"
1723,"2025-02-10 16:18:15",199,"Sneha Agarwal",100100000198,"Senior Citizen Savings Account","SBI Surat Branch 4","Surat","Deposit","ATM",265403.87,1171850.79,"Success","Cash deposit"
1724,"2025-12-14 16:56:05",168,"Meena Gupta",100100000289,"Senior Citizen Savings Account","SBI Gurugram Branch 48","Gurugram","Deposit","NEFT",394128.35,528380.99,"Success","Cash deposit"
1725,"2023-10-01 04:50:41",176,"Rohit Sharma",100100000213,"Fixed Deposit Account","SBI Lucknow Branch 19","Lucknow","Withdrawal","RTGS",383962.01,216072.17,"Success","Cash withdrawal"
1726,"2026-04-07 06:07:46",124,"Asha Sinha",100100000123,"Student Account","SBI Lucknow Branch 12","Lucknow","Deposit","Cash",180760.48,199320.03,"Success","Cash deposit"
1727,"2026-06-12 01:25:24",127,"Anjali Verma",100100000126,"Salary Account","SBI Ahmedabad Branch 24","Ahmedabad","Charge","Cheque",433267.50,0.00,"Success","Service charge"
1728,"2023-06-30 13:05:11",98,"Suresh Sharma",100100000097,"Fixed Deposit Account","SBI Kolkata Branch 42","Kolkata","Deposit","Cheque",160396.35,420347.53,"Success","Cash deposit"
1729,"2025-01-19 08:30:12",185,"Rahul Kumar",100100000281,"Senior Citizen Savings Account","SBI Surat Branch 30","Surat","Interest","System",489474.00,734508.38,"Success","Interest credited"
1730,"2025-06-22 23:53:09",187,"Karan Chauhan",100100000186,"Savings Account","SBI Chandigarh Branch 5","Chandigarh","Interest","System",130725.74,445083.85,"Success","Interest credited"
1731,"2025-02-01 10:36:33",129,"Priya Gupta",100100000128,"NRI Savings Account","SBI Noida Branch 47","Noida","Withdrawal","Cash",495659.11,0.00,"Success","Cash withdrawal"
1732,"2024-01-12 17:22:37",62,"Ritu Yadav",100100000061,"Recurring Deposit Account","SBI Noida Branch 2","Noida","Withdrawal","ATM",382959.91,242362.53,"Success","Cash withdrawal"
1733,"2022-01-01 06:31:54",146,"Manish Agarwal",100100000145,"NRI Savings Account","SBI Bengaluru Branch 7","Bengaluru","Charge","Cheque",397805.90,0.00,"Success","Service charge"
1734,"2022-08-01 05:25:54",191,"Asha Sharma",100100000265,"Current Account","SBI Pune Branch 8","Pune","Withdrawal","UPI",114183.75,34109.95,"Success","Cash withdrawal"
1735,"2025-03-15 10:35:50",1,"Vivek Yadav",100100000000,"Savings Account","SBI Patna Branch 17","Patna","Transfer","Cash",318513.55,177177.87,"Success","Fund transfer"
1736,"2026-04-12 12:07:05",88,"Arjun Kumar",100100000087,"Senior Citizen Savings Account","SBI Gurugram Branch 49","Gurugram","Deposit","ATM",393668.67,393668.67,"Success","Cash deposit"
1737,"2023-07-06 15:45:17",143,"Rohit Mishra",100100000252,"Recurring Deposit Account","SBI Gurugram Branch 49","Gurugram","Withdrawal","ATM",9770.19,894932.32,"Success","Cash withdrawal"
1738,"2026-04-19 01:41:00",57,"Divya Chauhan",100100000056,"Savings Account","SBI Bengaluru Branch 50","Bengaluru","Charge","ATM",460340.79,0.00,"Success","Service charge"
1739,"2025-12-09 09:00:04",70,"Asha Reddy",100100000069,"Salary Account","SBI Pune Branch 43","Pune","Charge","System",287385.87,0.00,"Success","Service charge"
1740,"2023-10-29 20:36:22",99,"Komal Jain",100100000098,"Savings Account","SBI Noida Branch 32","Noida","Withdrawal","IMPS",472347.51,0.00,"Pending","Cash withdrawal"
1741,"2025-02-16 15:17:13",137,"Priya Pandey",100100000136,"Fixed Deposit Account","SBI Bengaluru Branch 50","Bengaluru","Deposit","ATM",43693.27,129435.72,"Pending","Cash deposit"
1742,"2025-11-20 09:05:18",90,"Sakshi Jain",100100000292,"Recurring Deposit Account","SBI Bengaluru Branch 16","Bengaluru","Deposit","RTGS",165810.32,331960.36,"Success","Cash deposit"
1743,"2022-09-06 22:24:33",111,"Shreya Singh",100100000110,"Recurring Deposit Account","SBI Noida Branch 2","Noida","Charge","Cheque",80141.77,865114.12,"Success","Service charge"
1744,"2022-12-21 12:09:02",15,"Riya Yadav",100100000014,"Salary Account","SBI Surat Branch 44","Surat","Withdrawal","NEFT",380882.13,0.00,"Success","Cash withdrawal"
1745,"2024-01-14 08:48:14",17,"Komal Patel",100100000016,"Student Account","SBI Chennai Branch 40","Chennai","Deposit","Cheque",1460.18,80726.85,"Success","Cash deposit"
1746,"2026-02-23 01:37:08",161,"Riya Singh",100100000160,"Savings Account","SBI Pune Branch 1","Pune","Transfer","IMPS",63435.49,238653.09,"Success","Fund transfer"
1747,"2022-11-16 08:36:07",102,"Asha Sinha",100100000268,"Fixed Deposit Account","SBI Chennai Branch 21","Chennai","Withdrawal","IMPS",180076.84,0.00,"Success","Cash withdrawal"
1748,"2023-11-21 15:48:08",148,"Harsh Sharma",100100000147,"NRI Savings Account","SBI Lucknow Branch 12","Lucknow","Interest","System",247892.57,247892.57,"Success","Interest credited"
1749,"2023-12-17 09:48:18",124,"Asha Sinha",100100000123,"Student Account","SBI Lucknow Branch 12","Lucknow","Interest","System",87850.12,287170.15,"Success","Interest credited"
1750,"2024-05-17 15:30:21",140,"Arjun Sinha",100100000139,"Savings Account","SBI Bengaluru Branch 16","Bengaluru","Transfer","Cheque",21192.56,620398.41,"Success","Fund transfer"
1751,"2025-06-18 14:08:06",113,"Manish Yadav",100100000238,"Senior Citizen Savings Account","SBI Surat Branch 6","Surat","Transfer","Cheque",98195.96,781408.13,"Success","Fund transfer"
1752,"2023-08-15 18:15:14",156,"Shreya Yadav",100100000272,"NRI Savings Account","SBI Indore Branch 27","Indore","Charge","Cheque",299787.67,383543.24,"Success","Service charge"
1753,"2025-07-06 08:57:06",195,"Amit Agarwal",100100000194,"Savings Account","SBI Surat Branch 3","Surat","Transfer","IMPS",222936.80,581036.23,"Success","Fund transfer"
1754,"2022-06-24 02:42:32",142,"Rahul Sinha",100100000141,"Salary Account","SBI Pune Branch 43","Pune","Deposit","NEFT",5208.17,6557.87,"Success","Cash deposit"
1755,"2022-10-07 22:44:53",140,"Arjun Sinha",100100000139,"Savings Account","SBI Bengaluru Branch 16","Bengaluru","Charge","System",12441.95,607956.46,"Success","Service charge"
1756,"2023-12-31 11:15:55",163,"Anjali Gupta",100100000162,"Savings Account","SBI Ahmedabad Branch 24","Ahmedabad","Transfer","UPI",397961.47,627080.98,"Success","Fund transfer"
1757,"2024-03-08 21:19:43",3,"Amit Kumar",100100000240,"Savings Account","SBI Bhubaneswar Branch 25","Bhubaneswar","Interest","System",458519.85,964885.67,"Success","Interest credited"
1758,"2025-06-29 01:03:13",122,"Ritu Pandey",100100000121,"Student Account","SBI Lucknow Branch 19","Lucknow","Deposit","Cash",355537.37,588641.50,"Success","Cash deposit"
1759,"2023-05-30 12:07:29",166,"Riya Singh",100100000165,"Fixed Deposit Account","SBI Pune Branch 43","Pune","Deposit","NEFT",123525.63,172108.08,"Success","Cash deposit"
1760,"2026-05-28 09:57:11",51,"Rohit Yadav",100100000050,"Savings Account","SBI Chennai Branch 21","Chennai","Deposit","IMPS",337193.76,354170.56,"Success","Cash deposit"
1761,"2023-04-20 19:27:24",107,"Nitin Chauhan",100100000209,"Senior Citizen Savings Account","SBI Bengaluru Branch 7","Bengaluru","Transfer","RTGS",292497.09,0.00,"Success","Fund transfer"
1762,"2026-04-25 19:50:37",183,"Neha Nair",100100000244,"Savings Account","SBI Bhubaneswar Branch 22","Bhubaneswar","Transfer","Cash",374938.67,0.00,"Success","Fund transfer"
1763,"2024-10-20 19:34:38",115,"Nidhi Agarwal",100100000233,"Salary Account","SBI Gurugram Branch 49","Gurugram","Deposit","Cheque",361406.06,361406.06,"Success","Cash deposit"
1764,"2026-03-02 11:48:03",116,"Riya Sinha",100100000115,"Salary Account","SBI Noida Branch 47","Noida","Withdrawal","Cheque",134645.79,333159.68,"Success","Cash withdrawal"
1765,"2022-07-21 14:46:59",7,"Neha Gupta",100100000006,"Savings Account","SBI Surat Branch 3","Surat","Withdrawal","Cheque",494141.92,0.00,"Success","Cash withdrawal"
1766,"2022-07-06 22:08:11",195,"Amit Agarwal",100100000194,"Savings Account","SBI Surat Branch 3","Surat","Charge","ATM",280272.84,300763.39,"Success","Service charge"
1767,"2023-03-03 05:30:59",33,"Deepak Jain",100100000032,"Student Account","SBI Lucknow Branch 19","Lucknow","Transfer","NEFT",260787.81,266410.14,"Success","Fund transfer"
1768,"2025-08-03 09:43:43",36,"Sakshi Agarwal",100100000035,"Savings Account","SBI Chennai Branch 40","Chennai","Charge","System",260772.22,119114.96,"Pending","Service charge"
1769,"2025-09-15 02:39:56",90,"Sakshi Jain",100100000089,"Current Account","SBI Surat Branch 44","Surat","Deposit","Cheque",145655.70,721532.83,"Success","Cash deposit"
1770,"2023-02-14 13:39:41",118,"Sneha Singh",100100000117,"Savings Account","SBI Bengaluru Branch 15","Bengaluru","Withdrawal","ATM",57838.27,365326.22,"Success","Cash withdrawal"
1771,"2024-05-16 03:38:43",102,"Asha Sinha",100100000101,"Student Account","SBI Bengaluru Branch 50","Bengaluru","Interest","System",39224.38,321509.41,"Success","Interest credited"
1772,"2023-04-26 02:42:42",115,"Nidhi Agarwal",100100000114,"Current Account","SBI Noida Branch 28","Noida","Charge","ATM",495054.42,0.00,"Success","Service charge"
1773,"2025-03-02 08:29:30",77,"Anjali Mishra",100100000243,"Savings Account","SBI Kolkata Branch 42","Kolkata","Charge","ATM",437428.88,0.00,"Success","Service charge"
1774,"2022-09-29 15:09:27",170,"Manish Verma",100100000169,"Savings Account","SBI Chennai Branch 40","Chennai","Charge","ATM",133604.18,0.00,"Success","Service charge"
1775,"2025-03-27 02:52:45",84,"Karan Patel",100100000083,"Savings Account","SBI Bhopal Branch 35","Bhopal","Transfer","RTGS",368948.69,0.00,"Success","Fund transfer"
1776,"2025-03-21 12:08:40",87,"Rajesh Agarwal",100100000282,"Current Account","SBI Gurugram Branch 45","Gurugram","Withdrawal","UPI",362707.40,1075915.38,"Success","Cash withdrawal"
1777,"2026-04-02 22:51:57",144,"Rahul Mishra",100100000143,"NRI Savings Account","SBI Surat Branch 6","Surat","Interest","System",112634.84,204918.15,"Pending","Interest credited"
1778,"2023-12-08 05:18:37",38,"Neha Patel",100100000037,"Student Account","SBI Bengaluru Branch 7","Bengaluru","Charge","ATM",172632.32,466207.26,"Failed","Service charge"
1779,"2024-01-04 23:14:23",19,"Vikas Yadav",100100000018,"Savings Account","SBI Bhubaneswar Branch 22","Bhubaneswar","Deposit","UPI",110298.06,110298.06,"Success","Cash deposit"
1780,"2023-07-09 15:20:04",44,"Meena Reddy",100100000043,"Senior Citizen Savings Account","SBI Gurugram Branch 49","Gurugram","Deposit","UPI",427149.15,621063.34,"Success","Cash deposit"
1781,"2023-05-02 13:11:43",60,"Rahul Sinha",100100000059,"Savings Account","SBI Pune Branch 11","Pune","Transfer","RTGS",111650.33,358919.66,"Success","Fund transfer"
1782,"2022-09-05 22:06:22",136,"Priya Sharma",100100000135,"Savings Account","SBI Bhopal Branch 37","Bhopal","Transfer","ATM",231914.89,347173.26,"Success","Fund transfer"
1783,"2026-03-27 18:38:15",146,"Manish Agarwal",100100000145,"NRI Savings Account","SBI Bengaluru Branch 7","Bengaluru","Deposit","IMPS",14443.72,14443.72,"Success","Cash deposit"
1784,"2026-02-13 14:27:57",47,"Priya Sharma",100100000259,"Savings Account","SBI Bengaluru Branch 15","Bengaluru","Deposit","RTGS",490749.90,0.00,"Pending","Cash deposit"
1785,"2024-11-05 20:49:31",62,"Ritu Yadav",100100000061,"Recurring Deposit Account","SBI Noida Branch 2","Noida","Withdrawal","RTGS",109531.59,242362.53,"Pending","Cash withdrawal"
1786,"2025-01-17 12:25:15",52,"Harsh Mishra",100100000051,"Savings Account","SBI Gurugram Branch 49","Gurugram","Deposit","Cash",190539.72,912270.83,"Success","Cash deposit"
1787,"2026-06-17 20:32:02",67,"Pooja Kumar",100100000066,"NRI Savings Account","SBI Chandigarh Branch 5","Chandigarh","Charge","ATM",487689.73,0.00,"Success","Service charge"
1788,"2024-09-13 15:31:37",159,"Kavita Singh",100100000158,"Savings Account","SBI Noida Branch 32","Noida","Deposit","Cash",341355.02,797982.18,"Success","Cash deposit"
1789,"2022-06-01 03:34:59",171,"Vikas Patel",100100000170,"Student Account","SBI Gurugram Branch 36","Gurugram","Charge","Cheque",493414.02,0.00,"Pending","Service charge"
1790,"2024-12-11 09:58:33",105,"Mohit Agarwal",100100000104,"Savings Account","SBI Kolkata Branch 42","Kolkata","Transfer","RTGS",384629.99,433058.17,"Success","Fund transfer"
1791,"2025-02-02 08:03:05",23,"Asha Agarwal",100100000022,"Student Account","SBI Bengaluru Branch 38","Bengaluru","Withdrawal","Cash",225997.69,0.00,"Success","Cash withdrawal"
1792,"2025-08-02 19:45:51",110,"Rajesh Gupta",100100000109,"Student Account","SBI Pune Branch 43","Pune","Withdrawal","NEFT",369023.87,363143.97,"Success","Cash withdrawal"
1793,"2023-04-08 15:52:59",49,"Amit Sinha",100100000048,"Senior Citizen Savings Account","SBI Bhopal Branch 39","Bhopal","Deposit","RTGS",454968.29,650187.27,"Success","Cash deposit"
1794,"2024-04-04 13:04:41",51,"Rohit Yadav",100100000262,"Current Account","SBI Surat Branch 3","Surat","Interest","System",101772.62,101772.62,"Success","Interest credited"
1795,"2023-05-09 11:58:45",193,"Vikas Verma",100100000242,"Student Account","SBI Surat Branch 6","Surat","Deposit","ATM",201444.49,201444.49,"Success","Cash deposit"
1796,"2022-09-24 17:25:06",62,"Ritu Yadav",100100000061,"Recurring Deposit Account","SBI Noida Branch 2","Noida","Withdrawal","NEFT",443762.16,0.00,"Success","Cash withdrawal"
1797,"2023-01-12 00:13:15",55,"Vikas Kumar",100100000054,"Fixed Deposit Account","SBI Gurugram Branch 45","Gurugram","Interest","System",497716.65,497716.65,"Success","Interest credited"
1798,"2024-08-06 18:30:16",90,"Sakshi Jain",100100000292,"Recurring Deposit Account","SBI Bengaluru Branch 16","Bengaluru","Withdrawal","ATM",456934.94,331960.36,"Failed","Cash withdrawal"
1799,"2026-04-27 00:16:43",49,"Amit Sinha",100100000048,"Senior Citizen Savings Account","SBI Bhopal Branch 39","Bhopal","Charge","ATM",232711.11,417476.16,"Success","Service charge"
1800,"2025-02-11 03:08:23",143,"Rohit Mishra",100100000142,"Student Account","SBI Bhopal Branch 37","Bhopal","Charge","System",327573.94,0.00,"Failed","Service charge"
1801,"2025-09-06 06:56:46",90,"Sakshi Jain",100100000292,"Recurring Deposit Account","SBI Bengaluru Branch 16","Bengaluru","Charge","Cheque",242824.62,89135.74,"Success","Service charge"
1802,"2023-03-13 20:43:14",115,"Nidhi Agarwal",100100000233,"Salary Account","SBI Gurugram Branch 49","Gurugram","Transfer","RTGS",396198.24,0.00,"Success","Fund transfer"
1803,"2024-06-08 01:36:48",26,"Rahul Patel",100100000025,"Savings Account","SBI Chennai Branch 21","Chennai","Interest","System",113838.84,756830.55,"Success","Interest credited"
1804,"2024-06-15 02:07:35",163,"Anjali Gupta",100100000212,"Current Account","SBI Delhi Branch 14","Delhi","Transfer","RTGS",299026.73,0.00,"Success","Fund transfer"
1805,"2026-01-29 06:16:40",191,"Asha Sharma",100100000248,"Student Account","SBI Bengaluru Branch 15","Bengaluru","Deposit","UPI",406843.84,489619.84,"Success","Cash deposit"
1806,"2022-03-05 15:22:46",85,"Kavita Nair",100100000084,"Current Account","SBI Bhubaneswar Branch 25","Bhubaneswar","Charge","ATM",452862.23,0.00,"Success","Service charge"
1807,"2023-09-11 00:07:30",142,"Rahul Sinha",100100000141,"Salary Account","SBI Pune Branch 43","Pune","Interest","System",151786.25,158344.12,"Success","Interest credited"
1808,"2024-03-17 14:38:08",109,"Kavita Jain",100100000108,"Recurring Deposit Account","SBI Ahmedabad Branch 24","Ahmedabad","Deposit","UPI",231450.96,517523.72,"Success","Cash deposit"
1809,"2026-06-11 16:38:46",1,"Vivek Yadav",100100000000,"Savings Account","SBI Patna Branch 17","Patna","Deposit","NEFT",203117.45,380295.32,"Success","Cash deposit"
1810,"2024-06-28 05:50:47",180,"Divya Mishra",100100000179,"Current Account","SBI Chennai Branch 21","Chennai","Interest","System",127381.97,260120.48,"Success","Interest credited"
1811,"2024-04-06 22:17:14",11,"Komal Pandey",100100000010,"Savings Account","SBI Surat Branch 29","Surat","Deposit","Cheque",226327.51,820108.46,"Success","Cash deposit"
1812,"2025-05-06 02:48:14",35,"Ankit Gupta",100100000034,"Savings Account","SBI Bengaluru Branch 7","Bengaluru","Charge","Cheque",286865.14,0.00,"Success","Service charge"
1813,"2026-02-04 16:12:51",189,"Rajesh Pandey",100100000188,"Fixed Deposit Account","SBI Pune Branch 8","Pune","Charge","ATM",60325.13,0.00,"Success","Service charge"
1814,"2024-01-05 03:04:02",186,"Neha Gupta",100100000185,"Senior Citizen Savings Account","SBI Bhopal Branch 35","Bhopal","Deposit","ATM",397797.50,0.00,"Pending","Cash deposit"
1815,"2023-03-22 23:29:10",143,"Rohit Mishra",100100000252,"Recurring Deposit Account","SBI Gurugram Branch 49","Gurugram","Charge","Cheque",15102.86,879829.46,"Success","Service charge"
1816,"2023-04-26 17:05:55",5,"Amit Reddy",100100000287,"Salary Account","SBI Surat Branch 44","Surat","Withdrawal","Cash",156122.70,827933.93,"Success","Cash withdrawal"
1817,"2024-01-02 02:26:06",140,"Arjun Sinha",100100000139,"Savings Account","SBI Bengaluru Branch 16","Bengaluru","Charge","ATM",469443.40,138513.06,"Success","Service charge"
1818,"2022-01-15 23:53:29",62,"Ritu Yadav",100100000280,"Recurring Deposit Account","SBI Nagpur Branch 31","Nagpur","Charge","ATM",63258.15,336748.20,"Success","Service charge"
1819,"2022-06-11 03:38:25",166,"Riya Singh",100100000165,"Fixed Deposit Account","SBI Pune Branch 43","Pune","Transfer","UPI",131729.14,40378.94,"Success","Fund transfer"
1820,"2024-01-30 09:59:57",133,"Priya Patel",100100000283,"NRI Savings Account","SBI Delhi Branch 13","Delhi","Deposit","ATM",279445.79,0.00,"Pending","Cash deposit"
1821,"2025-04-06 14:42:27",33,"Deepak Jain",100100000032,"Student Account","SBI Lucknow Branch 19","Lucknow","Deposit","NEFT",464881.83,731291.97,"Success","Cash deposit"
1822,"2026-05-01 10:30:33",135,"Shreya Chauhan",100100000134,"Fixed Deposit Account","SBI Gurugram Branch 36","Gurugram","Withdrawal","IMPS",186866.89,26065.78,"Success","Cash withdrawal"
1823,"2025-06-14 12:59:17",164,"Shreya Sinha",100100000163,"Student Account","SBI Indore Branch 27","Indore","Deposit","Cash",456361.47,456361.47,"Success","Cash deposit"
1824,"2024-01-16 08:14:41",36,"Sakshi Agarwal",100100000035,"Savings Account","SBI Chennai Branch 40","Chennai","Charge","System",80741.78,38373.18,"Success","Service charge"
1825,"2023-01-14 07:38:04",73,"Karan Yadav",100100000226,"NRI Savings Account","SBI Bhubaneswar Branch 22","Bhubaneswar","Withdrawal","IMPS",202425.14,0.00,"Success","Cash withdrawal"
1826,"2023-07-09 14:23:55",84,"Karan Patel",100100000083,"Savings Account","SBI Bhopal Branch 35","Bhopal","Transfer","ATM",260182.35,0.00,"Success","Fund transfer"
1827,"2024-03-16 14:23:30",188,"Nitin Jain",100100000187,"Recurring Deposit Account","SBI Patna Branch 9","Patna","Interest","System",143361.79,642901.72,"Success","Interest credited"
1828,"2025-01-31 15:28:03",129,"Priya Gupta",100100000128,"NRI Savings Account","SBI Noida Branch 47","Noida","Deposit","UPI",441053.39,441053.39,"Success","Cash deposit"
1829,"2022-04-24 03:46:05",26,"Rahul Patel",100100000025,"Savings Account","SBI Chennai Branch 21","Chennai","Interest","System",301687.73,1058518.28,"Success","Interest credited"
1830,"2025-12-09 11:08:27",140,"Arjun Sinha",100100000139,"Savings Account","SBI Bengaluru Branch 16","Bengaluru","Deposit","NEFT",136040.10,274553.16,"Success","Cash deposit"
1831,"2023-03-18 19:49:51",64,"Riya Singh",100100000063,"Fixed Deposit Account","SBI Patna Branch 17","Patna","Withdrawal","Cash",93739.58,492018.85,"Success","Cash withdrawal"
1832,"2025-09-23 23:29:18",113,"Manish Yadav",100100000112,"Senior Citizen Savings Account","SBI Surat Branch 4","Surat","Deposit","NEFT",322903.06,846664.59,"Success","Cash deposit"
1833,"2024-09-30 08:34:32",80,"Arjun Patel",100100000079,"Recurring Deposit Account","SBI Bhopal Branch 23","Bhopal","Deposit","Cheque",415066.84,415066.84,"Success","Cash deposit"
1834,"2025-02-06 11:29:59",28,"Nitin Reddy",100100000027,"Savings Account","SBI Gurugram Branch 45","Gurugram","Withdrawal","NEFT",44658.98,1032294.80,"Success","Cash withdrawal"
1835,"2022-10-09 01:58:32",38,"Neha Patel",100100000037,"Student Account","SBI Bengaluru Branch 7","Bengaluru","Interest","System",493913.12,960120.38,"Success","Interest credited"
1836,"2025-09-27 23:46:17",90,"Sakshi Jain",100100000284,"Savings Account","SBI Patna Branch 17","Patna","Transfer","Cheque",360863.64,681845.49,"Failed","Fund transfer"
1837,"2025-03-30 04:11:32",150,"Ankit Verma",100100000149,"Salary Account","SBI Chennai Branch 40","Chennai","Deposit","UPI",126318.97,315031.97,"Success","Cash deposit"
1838,"2026-06-30 14:19:25",193,"Vikas Verma",100100000192,"Savings Account","SBI Ahmedabad Branch 24","Ahmedabad","Charge","System",5361.39,466169.47,"Success","Service charge"
1839,"2023-11-14 01:30:24",114,"Harsh Reddy",100100000205,"Current Account","SBI Chennai Branch 40","Chennai","Interest","System",231882.99,769018.46,"Success","Interest credited"
1840,"2025-07-10 02:12:08",54,"Meena Singh",100100000053,"Senior Citizen Savings Account","SBI Pune Branch 11","Pune","Deposit","IMPS",261899.29,606294.38,"Success","Cash deposit"
1841,"2024-02-05 13:10:00",81,"Karan Reddy",100100000080,"Recurring Deposit Account","SBI Lucknow Branch 19","Lucknow","Charge","System",258199.61,0.00,"Success","Service charge"
1842,"2022-06-07 11:45:09",87,"Rajesh Agarwal",100100000086,"Savings Account","SBI Chennai Branch 40","Chennai","Interest","System",120631.79,120631.79,"Success","Interest credited"
1843,"2022-01-15 00:09:58",12,"Vivek Mishra",100100000011,"Student Account","SBI Gurugram Branch 36","Gurugram","Charge","System",317474.47,0.00,"Success","Service charge"
1844,"2022-12-01 15:56:54",62,"Ritu Yadav",100100000061,"Recurring Deposit Account","SBI Noida Branch 2","Noida","Charge","System",208774.03,0.00,"Success","Service charge"
1845,"2022-06-02 08:37:35",15,"Riya Yadav",100100000014,"Salary Account","SBI Surat Branch 44","Surat","Transfer","UPI",254137.23,0.00,"Success","Fund transfer"
1846,"2023-04-04 17:01:05",115,"Nidhi Agarwal",100100000233,"Salary Account","SBI Gurugram Branch 49","Gurugram","Transfer","RTGS",415414.95,0.00,"Success","Fund transfer"
1847,"2022-12-13 19:47:55",62,"Ritu Yadav",100100000280,"Recurring Deposit Account","SBI Nagpur Branch 31","Nagpur","Withdrawal","RTGS",460081.29,0.00,"Success","Cash withdrawal"
1848,"2023-12-08 15:24:01",54,"Meena Singh",100100000269,"Fixed Deposit Account","SBI Bhopal Branch 23","Bhopal","Charge","ATM",312286.04,201979.45,"Success","Service charge"
1849,"2022-08-03 12:50:32",55,"Vikas Kumar",100100000054,"Fixed Deposit Account","SBI Gurugram Branch 45","Gurugram","Charge","ATM",490959.49,6757.16,"Success","Service charge"
1850,"2022-10-04 01:15:30",170,"Manish Verma",100100000169,"Savings Account","SBI Chennai Branch 40","Chennai","Transfer","ATM",444170.11,0.00,"Success","Fund transfer"
1851,"2025-06-26 00:43:21",80,"Arjun Patel",100100000079,"Recurring Deposit Account","SBI Bhopal Branch 23","Bhopal","Charge","ATM",103470.50,311596.34,"Success","Service charge"
1852,"2023-02-17 23:09:19",179,"Ritu Mishra",100100000260,"Savings Account","SBI Bengaluru Branch 16","Bengaluru","Withdrawal","ATM",247971.71,0.00,"Success","Cash withdrawal"
1853,"2022-10-08 17:43:28",119,"Meena Yadav",100100000118,"Salary Account","SBI Pune Branch 11","Pune","Charge","Cheque",467917.34,557174.86,"Success","Service charge"
1854,"2023-09-25 23:59:09",166,"Riya Singh",100100000165,"Fixed Deposit Account","SBI Pune Branch 43","Pune","Interest","System",62726.90,103105.84,"Success","Interest credited"
1855,"2025-02-19 14:01:41",195,"Amit Agarwal",100100000279,"Current Account","SBI Patna Branch 17","Patna","Charge","ATM",154618.30,961462.65,"Success","Service charge"
1856,"2023-08-01 21:03:17",18,"Vivek Verma",100100000017,"NRI Savings Account","SBI Bengaluru Branch 38","Bengaluru","Deposit","IMPS",378608.06,1292228.63,"Success","Cash deposit"
1857,"2023-05-12 14:39:32",151,"Pooja Patel",100100000150,"Fixed Deposit Account","SBI Gurugram Branch 49","Gurugram","Withdrawal","ATM",424050.31,0.00,"Success","Cash withdrawal"
1858,"2025-04-08 16:32:19",5,"Amit Reddy",100100000287,"Salary Account","SBI Surat Branch 44","Surat","Transfer","RTGS",970.44,826963.49,"Success","Fund transfer"
1859,"2022-01-21 09:03:27",12,"Vivek Mishra",100100000011,"Student Account","SBI Gurugram Branch 36","Gurugram","Transfer","Cheque",433701.39,0.00,"Success","Fund transfer"
1860,"2022-01-20 06:57:56",168,"Meena Gupta",100100000289,"Senior Citizen Savings Account","SBI Gurugram Branch 48","Gurugram","Interest","System",355888.57,884269.56,"Success","Interest credited"
1861,"2023-05-15 03:28:12",138,"Sakshi Chauhan",100100000247,"Student Account","SBI Chennai Branch 21","Chennai","Interest","System",261791.56,419484.07,"Success","Interest credited"
1862,"2025-03-09 12:17:15",77,"Anjali Mishra",100100000243,"Savings Account","SBI Kolkata Branch 42","Kolkata","Interest","System",477508.03,477508.03,"Success","Interest credited"
1863,"2024-07-29 19:34:45",19,"Vikas Yadav",100100000018,"Savings Account","SBI Bhubaneswar Branch 22","Bhubaneswar","Withdrawal","Cheque",328740.00,0.00,"Success","Cash withdrawal"
1864,"2023-04-30 16:17:25",81,"Karan Reddy",100100000080,"Recurring Deposit Account","SBI Lucknow Branch 19","Lucknow","Charge","System",351882.39,0.00,"Success","Service charge"
1865,"2022-08-17 09:30:43",51,"Rohit Yadav",100100000050,"Savings Account","SBI Chennai Branch 21","Chennai","Interest","System",195929.79,550100.35,"Success","Interest credited"
1866,"2026-02-13 01:13:44",178,"Arjun Kumar",100100000227,"Current Account","SBI Kolkata Branch 42","Kolkata","Charge","Cheque",489176.25,0.00,"Success","Service charge"
1867,"2023-10-06 03:45:20",197,"Rajesh Yadav",100100000296,"Recurring Deposit Account","SBI Surat Branch 30","Surat","Withdrawal","UPI",165067.92,264032.67,"Success","Cash withdrawal"
1868,"2022-11-23 02:34:53",10,"Divya Patel",100100000009,"NRI Savings Account","SBI Nagpur Branch 34","Nagpur","Interest","System",233272.77,598366.92,"Success","Interest credited"
1869,"2023-04-26 12:30:28",173,"Shreya Reddy",100100000172,"NRI Savings Account","SBI Hyderabad Branch 41","Hyderabad","Transfer","IMPS",343067.46,384430.03,"Success","Fund transfer"
1870,"2025-03-12 21:07:03",80,"Arjun Patel",100100000079,"Recurring Deposit Account","SBI Bhopal Branch 23","Bhopal","Deposit","UPI",293995.75,605592.09,"Success","Cash deposit"
1871,"2025-06-04 13:26:43",65,"Amit Sharma",100100000064,"Recurring Deposit Account","SBI Gurugram Branch 45","Gurugram","Withdrawal","NEFT",467071.29,88682.35,"Success","Cash withdrawal"
1872,"2022-08-06 00:05:25",81,"Karan Reddy",100100000080,"Recurring Deposit Account","SBI Lucknow Branch 19","Lucknow","Interest","System",353823.32,353823.32,"Success","Interest credited"
1873,"2022-04-16 12:42:24",185,"Rahul Kumar",100100000281,"Senior Citizen Savings Account","SBI Surat Branch 30","Surat","Charge","ATM",352589.41,381918.97,"Success","Service charge"
1874,"2025-10-24 22:45:13",127,"Anjali Verma",100100000126,"Salary Account","SBI Ahmedabad Branch 24","Ahmedabad","Deposit","NEFT",299454.07,299454.07,"Success","Cash deposit"
1875,"2024-12-04 20:08:19",137,"Priya Pandey",100100000136,"Fixed Deposit Account","SBI Bengaluru Branch 50","Bengaluru","Transfer","RTGS",333290.28,0.00,"Success","Fund transfer"
1876,"2026-03-17 09:41:46",100,"Pooja Mishra",100100000099,"Savings Account","SBI Noida Branch 28","Noida","Withdrawal","Cash",144378.38,361151.99,"Success","Cash withdrawal"
1877,"2023-12-13 09:31:23",115,"Nidhi Agarwal",100100000114,"Current Account","SBI Noida Branch 28","Noida","Transfer","NEFT",221840.44,0.00,"Success","Fund transfer"
1878,"2025-06-07 03:25:26",94,"Shreya Mishra",100100000274,"Fixed Deposit Account","SBI Delhi Branch 14","Delhi","Charge","ATM",495640.24,0.00,"Success","Service charge"
1879,"2025-10-21 08:43:09",83,"Nitin Verma",100100000286,"Salary Account","SBI Chennai Branch 40","Chennai","Deposit","NEFT",335525.90,1104195.85,"Success","Cash deposit"
1880,"2022-10-01 05:10:18",5,"Amit Reddy",100100000287,"Salary Account","SBI Surat Branch 44","Surat","Withdrawal","UPI",8660.38,818303.11,"Success","Cash withdrawal"
1881,"2023-09-20 12:35:59",77,"Anjali Mishra",100100000278,"NRI Savings Account","SBI Gurugram Branch 33","Gurugram","Interest","System",494889.25,494889.25,"Success","Interest credited"
1882,"2024-05-12 04:30:10",28,"Nitin Reddy",100100000027,"Savings Account","SBI Gurugram Branch 45","Gurugram","Withdrawal","RTGS",461765.06,570529.74,"Success","Cash withdrawal"
1883,"2023-06-08 13:30:04",5,"Amit Reddy",100100000004,"Salary Account","SBI Bhopal Branch 39","Bhopal","Deposit","RTGS",406114.13,406114.13,"Success","Cash deposit"
1884,"2023-05-08 01:03:54",111,"Shreya Singh",100100000204,"Savings Account","SBI Bengaluru Branch 7","Bengaluru","Deposit","IMPS",340444.56,1131710.10,"Success","Cash deposit"
1885,"2023-05-07 04:13:33",14,"Sneha Nair",100100000013,"Fixed Deposit Account","SBI Nagpur Branch 34","Nagpur","Withdrawal","NEFT",364899.11,0.00,"Success","Cash withdrawal"
1886,"2024-10-19 05:05:00",118,"Sneha Singh",100100000117,"Savings Account","SBI Bengaluru Branch 15","Bengaluru","Withdrawal","RTGS",467224.43,0.00,"Success","Cash withdrawal"
1887,"2026-03-22 11:51:11",176,"Rohit Sharma",100100000175,"Savings Account","SBI Noida Branch 47","Noida","Charge","ATM",227827.99,240693.10,"Success","Service charge"
1888,"2022-06-14 03:47:04",39,"Riya Reddy",100100000038,"Senior Citizen Savings Account","SBI Chandigarh Branch 5","Chandigarh","Deposit","NEFT",145286.82,379150.25,"Success","Cash deposit"
1889,"2026-05-12 18:18:21",107,"Nitin Chauhan",100100000209,"Senior Citizen Savings Account","SBI Bengaluru Branch 7","Bengaluru","Transfer","UPI",267360.77,0.00,"Success","Fund transfer"
1890,"2025-03-23 19:48:02",161,"Riya Singh",100100000253,"Senior Citizen Savings Account","SBI Chennai Branch 40","Chennai","Deposit","Cheque",181868.55,348171.29,"Success","Cash deposit"
1891,"2024-11-21 12:06:53",61,"Sakshi Pandey",100100000060,"Savings Account","SBI Kolkata Branch 42","Kolkata","Deposit","UPI",128805.21,128805.21,"Success","Cash deposit"
1892,"2025-12-27 18:50:14",55,"Vikas Kumar",100100000229,"Savings Account","SBI Patna Branch 17","Patna","Transfer","ATM",297885.30,434719.05,"Success","Fund transfer"
1893,"2023-10-05 17:32:55",185,"Rahul Kumar",100100000207,"Savings Account","SBI Bhopal Branch 23","Bhopal","Withdrawal","NEFT",241947.41,0.00,"Success","Cash withdrawal"
1894,"2023-02-28 17:55:23",79,"Vikas Agarwal",100100000078,"Student Account","SBI Surat Branch 4","Surat","Charge","System",378060.26,96621.79,"Success","Service charge"
1895,"2025-11-27 02:28:55",199,"Sneha Agarwal",100100000198,"Senior Citizen Savings Account","SBI Surat Branch 4","Surat","Withdrawal","IMPS",482109.59,689741.20,"Success","Cash withdrawal"
1896,"2022-02-26 05:43:22",198,"Suresh Singh",100100000235,"NRI Savings Account","SBI Bengaluru Branch 38","Bengaluru","Deposit","Cheque",420361.95,1421888.05,"Success","Cash deposit"
1897,"2025-05-07 18:30:47",85,"Kavita Nair",100100000084,"Current Account","SBI Bhubaneswar Branch 25","Bhubaneswar","Transfer","UPI",339046.21,0.00,"Success","Fund transfer"
1898,"2026-02-27 22:32:08",192,"Deepak Reddy",100100000228,"Salary Account","SBI Kolkata Branch 42","Kolkata","Interest","System",292444.46,315868.98,"Success","Interest credited"
1899,"2025-05-29 14:49:48",145,"Nidhi Nair",100100000144,"Senior Citizen Savings Account","SBI Noida Branch 2","Noida","Charge","ATM",470167.05,0.00,"Success","Service charge"
1900,"2023-07-30 20:57:07",89,"Rahul Kumar",100100000088,"Savings Account","SBI Pune Branch 1","Pune","Deposit","Cash",105434.58,105434.58,"Success","Cash deposit"
1901,"2024-12-08 09:31:16",108,"Sakshi Chauhan",100100000107,"NRI Savings Account","SBI Delhi Branch 14","Delhi","Transfer","NEFT",420747.94,0.00,"Success","Fund transfer"
1902,"2025-06-23 06:40:06",20,"Karan Sinha",100100000019,"NRI Savings Account","SBI Kolkata Branch 42","Kolkata","Charge","Cheque",20273.98,0.00,"Success","Service charge"
1903,"2025-09-01 19:33:03",42,"Pooja Gupta",100100000267,"Current Account","SBI Bengaluru Branch 38","Bengaluru","Charge","ATM",471710.35,673402.72,"Pending","Service charge"
1904,"2022-02-03 13:50:51",87,"Rajesh Agarwal",100100000282,"Current Account","SBI Gurugram Branch 45","Gurugram","Deposit","Cheque",259085.41,1075915.38,"Pending","Cash deposit"
1905,"2023-12-24 22:18:12",165,"Riya Kumar",100100000164,"Recurring Deposit Account","SBI Surat Branch 6","Surat","Withdrawal","UPI",230397.94,29504.40,"Success","Cash withdrawal"
1906,"2022-08-03 22:34:55",73,"Karan Yadav",100100000226,"NRI Savings Account","SBI Bhubaneswar Branch 22","Bhubaneswar","Transfer","ATM",333284.25,0.00,"Success","Fund transfer"
1907,"2025-01-22 13:03:20",2,"Neha Gupta",100100000001,"NRI Savings Account","SBI Bhubaneswar Branch 22","Bhubaneswar","Transfer","Cheque",264226.88,0.00,"Success","Fund transfer"
1908,"2024-10-12 01:58:52",102,"Asha Sinha",100100000101,"Student Account","SBI Bengaluru Branch 50","Bengaluru","Transfer","Cheque",389303.58,0.00,"Success","Fund transfer"
1909,"2023-12-10 12:49:03",185,"Rahul Kumar",100100000184,"Current Account","SBI Surat Branch 4","Surat","Transfer","Cheque",88299.86,281420.75,"Success","Fund transfer"
1910,"2022-11-10 23:28:50",26,"Rahul Patel",100100000025,"Savings Account","SBI Chennai Branch 21","Chennai","Withdrawal","Cheque",326223.20,732295.08,"Success","Cash withdrawal"
1911,"2022-01-03 19:33:05",31,"Suresh Verma",100100000030,"Recurring Deposit Account","SBI Patna Branch 9","Patna","Withdrawal","Cash",279465.47,0.00,"Success","Cash withdrawal"
1912,"2025-07-11 22:56:31",168,"Meena Gupta",100100000167,"Senior Citizen Savings Account","SBI Gurugram Branch 33","Gurugram","Transfer","UPI",103882.24,0.00,"Success","Fund transfer"
1913,"2026-01-26 18:09:18",74,"Rahul Kumar",100100000073,"Current Account","SBI Bengaluru Branch 16","Bengaluru","Withdrawal","UPI",23087.91,733825.99,"Success","Cash withdrawal"
1914,"2023-10-16 09:59:44",9,"Rohit Chauhan",100100000008,"Savings Account","SBI Surat Branch 4","Surat","Withdrawal","Cash",34724.74,453840.77,"Pending","Cash withdrawal"
1915,"2023-07-25 23:35:53",151,"Pooja Patel",100100000150,"Fixed Deposit Account","SBI Gurugram Branch 49","Gurugram","Charge","ATM",184980.02,0.00,"Success","Service charge"
1916,"2025-11-07 17:14:41",62,"Ritu Yadav",100100000280,"Recurring Deposit Account","SBI Nagpur Branch 31","Nagpur","Interest","System",377454.23,377454.23,"Success","Interest credited"
1917,"2022-04-19 04:37:52",82,"Meena Gupta",100100000285,"NRI Savings Account","SBI Bhopal Branch 35","Bhopal","Transfer","UPI",146355.02,34394.25,"Success","Fund transfer"
1918,"2026-02-22 20:37:12",178,"Arjun Kumar",100100000227,"Current Account","SBI Kolkata Branch 42","Kolkata","Deposit","Cheque",265211.95,265211.95,"Success","Cash deposit"
1919,"2024-02-18 14:32:24",50,"Suresh Chauhan",100100000049,"Current Account","SBI Bhubaneswar Branch 22","Bhubaneswar","Transfer","UPI",103983.81,50235.94,"Success","Fund transfer"
1920,"2025-04-10 21:51:40",95,"Rahul Kumar",100100000094,"Savings Account","SBI Bhubaneswar Branch 25","Bhubaneswar","Withdrawal","ATM",123573.94,212350.38,"Success","Cash withdrawal"
1921,"2026-04-15 08:45:49",22,"Asha Pandey",100100000021,"Student Account","SBI Gurugram Branch 33","Gurugram","Interest","System",338840.41,557900.08,"Success","Interest credited"
1922,"2022-01-08 03:00:59",196,"Manish Chauhan",100100000195,"Fixed Deposit Account","SBI Pune Branch 11","Pune","Transfer","Cash",67102.45,0.00,"Success","Fund transfer"
1923,"2024-11-07 03:19:35",158,"Suresh Verma",100100000157,"Senior Citizen Savings Account","SBI Surat Branch 29","Surat","Withdrawal","UPI",85634.89,0.00,"Success","Cash withdrawal"
1924,"2026-05-04 09:47:31",124,"Asha Sinha",100100000123,"Student Account","SBI Lucknow Branch 12","Lucknow","Transfer","RTGS",324586.55,287170.15,"Pending","Fund transfer"
1925,"2026-06-08 13:07:28",168,"Meena Gupta",100100000289,"Senior Citizen Savings Account","SBI Gurugram Branch 48","Gurugram","Transfer","NEFT",70319.64,813949.92,"Success","Fund transfer"
1926,"2023-01-20 19:49:44",49,"Amit Sinha",100100000048,"Senior Citizen Savings Account","SBI Bhopal Branch 39","Bhopal","Interest","System",266246.00,417476.16,"Pending","Interest credited"
1927,"2022-08-10 10:55:28",191,"Asha Sharma",100100000248,"Student Account","SBI Bengaluru Branch 15","Bengaluru","Withdrawal","IMPS",336558.11,153061.73,"Success","Cash withdrawal"
1928,"2023-08-25 03:48:52",76,"Harsh Kumar",100100000075,"Savings Account","SBI Delhi Branch 13","Delhi","Deposit","ATM",52559.48,340247.24,"Success","Cash deposit"
1929,"2025-09-30 13:23:54",48,"Divya Yadav",100100000047,"Savings Account","SBI Patna Branch 17","Patna","Transfer","RTGS",38685.95,0.00,"Success","Fund transfer"
1930,"2026-04-07 17:51:40",90,"Sakshi Jain",100100000292,"Recurring Deposit Account","SBI Bengaluru Branch 16","Bengaluru","Deposit","ATM",183959.34,273095.08,"Success","Cash deposit"
1931,"2022-06-17 19:57:08",133,"Priya Patel",100100000283,"NRI Savings Account","SBI Delhi Branch 13","Delhi","Transfer","NEFT",108661.69,0.00,"Failed","Fund transfer"
1932,"2022-10-29 18:41:58",50,"Suresh Chauhan",100100000049,"Current Account","SBI Bhubaneswar Branch 22","Bhubaneswar","Withdrawal","UPI",342069.50,0.00,"Success","Cash withdrawal"
1933,"2022-11-30 06:41:48",161,"Riya Singh",100100000160,"Savings Account","SBI Pune Branch 1","Pune","Deposit","ATM",82859.99,321513.08,"Success","Cash deposit"
1934,"2024-12-22 17:58:21",143,"Rohit Mishra",100100000142,"Student Account","SBI Bhopal Branch 37","Bhopal","Transfer","Cheque",135019.74,0.00,"Success","Fund transfer"
1935,"2026-02-10 19:38:46",200,"Harsh Mishra",100100000225,"Salary Account","SBI Gurugram Branch 36","Gurugram","Withdrawal","Cheque",378093.80,857547.36,"Failed","Cash withdrawal"
1936,"2023-07-07 17:56:22",21,"Anjali Yadav",100100000020,"Student Account","SBI Lucknow Branch 19","Lucknow","Charge","ATM",241455.44,178063.02,"Success","Service charge"
1937,"2026-03-06 05:35:42",145,"Nidhi Nair",100100000299,"Student Account","SBI Surat Branch 10","Surat","Withdrawal","RTGS",167517.10,0.00,"Success","Cash withdrawal"
1938,"2025-12-20 16:26:57",124,"Asha Sinha",100100000123,"Student Account","SBI Lucknow Branch 12","Lucknow","Transfer","IMPS",337380.65,0.00,"Success","Fund transfer"
1939,"2024-09-18 17:02:31",94,"Shreya Mishra",100100000093,"Savings Account","SBI Hyderabad Branch 41","Hyderabad","Transfer","RTGS",174746.04,179438.92,"Success","Fund transfer"
1940,"2026-01-17 23:53:18",48,"Divya Yadav",100100000047,"Savings Account","SBI Patna Branch 17","Patna","Deposit","IMPS",143833.89,143833.89,"Success","Cash deposit"
1941,"2025-05-28 11:18:26",48,"Divya Yadav",100100000047,"Savings Account","SBI Patna Branch 17","Patna","Charge","Cheque",379215.05,0.00,"Success","Service charge"
1942,"2022-07-16 00:08:22",101,"Rohit Yadav",100100000100,"Senior Citizen Savings Account","SBI Bengaluru Branch 38","Bengaluru","Interest","System",213475.14,213475.14,"Success","Interest credited"
1943,"2025-01-16 01:16:50",90,"Sakshi Jain",100100000292,"Recurring Deposit Account","SBI Bengaluru Branch 16","Bengaluru","Deposit","Cash",220799.91,493894.99,"Success","Cash deposit"
1944,"2023-05-14 08:17:53",120,"Nidhi Agarwal",100100000297,"Salary Account","SBI Kolkata Branch 42","Kolkata","Withdrawal","Cash",104068.15,0.00,"Success","Cash withdrawal"
1945,"2024-09-04 11:51:00",148,"Harsh Sharma",100100000147,"NRI Savings Account","SBI Lucknow Branch 12","Lucknow","Deposit","Cheque",317324.80,565217.37,"Success","Cash deposit"
1946,"2022-11-28 18:07:29",83,"Nitin Verma",100100000286,"Salary Account","SBI Chennai Branch 40","Chennai","Deposit","Cheque",27931.87,1132127.72,"Success","Cash deposit"
1947,"2026-02-24 09:28:18",75,"Neha Chauhan",100100000294,"Recurring Deposit Account","SBI Indore Branch 27","Indore","Withdrawal","IMPS",307583.32,262055.20,"Success","Cash withdrawal"
1948,"2023-10-20 06:17:50",42,"Pooja Gupta",100100000211,"Current Account","SBI Chennai Branch 21","Chennai","Interest","System",307495.78,1343114.49,"Success","Interest credited"
1949,"2023-01-15 17:10:58",165,"Riya Kumar",100100000164,"Recurring Deposit Account","SBI Surat Branch 6","Surat","Deposit","Cash",483609.05,513113.45,"Success","Cash deposit"
1950,"2022-01-30 04:15:04",75,"Neha Chauhan",100100000250,"Recurring Deposit Account","SBI Bengaluru Branch 7","Bengaluru","Interest","System",184633.31,397115.33,"Success","Interest credited"
1951,"2022-07-05 17:29:23",82,"Meena Gupta",100100000081,"Student Account","SBI Noida Branch 28","Noida","Withdrawal","RTGS",274432.78,165387.21,"Success","Cash withdrawal"
1952,"2023-06-03 07:30:55",146,"Manish Agarwal",100100000231,"Recurring Deposit Account","SBI Hyderabad Branch 41","Hyderabad","Deposit","RTGS",81868.63,117779.36,"Success","Cash deposit"
1953,"2026-01-27 17:16:24",81,"Karan Reddy",100100000080,"Recurring Deposit Account","SBI Lucknow Branch 19","Lucknow","Deposit","UPI",175050.76,528874.08,"Success","Cash deposit"
1954,"2022-10-08 00:09:53",36,"Sakshi Agarwal",100100000035,"Savings Account","SBI Chennai Branch 40","Chennai","Interest","System",208988.47,247361.65,"Success","Interest credited"
1955,"2022-10-23 08:29:09",94,"Shreya Mishra",100100000274,"Fixed Deposit Account","SBI Delhi Branch 14","Delhi","Transfer","IMPS",398636.99,0.00,"Success","Fund transfer"
1956,"2023-08-14 02:36:13",33,"Deepak Jain",100100000210,"Savings Account","SBI Pune Branch 43","Pune","Charge","ATM",400390.94,150463.17,"Success","Service charge"
1957,"2024-02-17 06:58:12",103,"Vikas Nair",100100000102,"Senior Citizen Savings Account","SBI Gurugram Branch 36","Gurugram","Interest","System",293091.14,690634.25,"Success","Interest credited"
1958,"2022-09-30 05:38:25",146,"Manish Agarwal",100100000231,"Recurring Deposit Account","SBI Hyderabad Branch 41","Hyderabad","Deposit","NEFT",450915.41,568694.77,"Success","Cash deposit"
1959,"2023-03-03 20:37:09",183,"Neha Nair",100100000182,"Savings Account","SBI Hyderabad Branch 41","Hyderabad","Withdrawal","RTGS",17811.89,0.00,"Success","Cash withdrawal"
1960,"2025-03-01 09:01:54",89,"Rahul Kumar",100100000088,"Savings Account","SBI Pune Branch 1","Pune","Charge","Cheque",301627.11,0.00,"Success","Service charge"
1961,"2026-04-14 09:04:29",88,"Arjun Kumar",100100000273,"NRI Savings Account","SBI Bengaluru Branch 50","Bengaluru","Interest","System",423733.91,423733.91,"Success","Interest credited"
1962,"2022-05-15 18:40:38",51,"Rohit Yadav",100100000262,"Current Account","SBI Surat Branch 3","Surat","Charge","Cheque",164264.83,0.00,"Success","Service charge"
1963,"2024-12-15 12:37:29",90,"Sakshi Jain",100100000284,"Savings Account","SBI Patna Branch 17","Patna","Deposit","IMPS",384397.26,1066242.75,"Success","Cash deposit"
1964,"2023-09-08 05:09:32",42,"Pooja Gupta",100100000267,"Current Account","SBI Bengaluru Branch 38","Bengaluru","Deposit","ATM",72756.87,746159.59,"Success","Cash deposit"
1965,"2025-06-29 02:50:11",200,"Harsh Mishra",100100000225,"Salary Account","SBI Gurugram Branch 36","Gurugram","Charge","ATM",237425.97,620121.39,"Success","Service charge"
1966,"2026-05-19 01:06:13",181,"Arjun Singh",100100000180,"Recurring Deposit Account","SBI Bhopal Branch 39","Bhopal","Withdrawal","Cheque",353431.54,0.00,"Success","Cash withdrawal"
1967,"2023-10-14 17:03:22",184,"Asha Singh",100100000183,"Savings Account","SBI Surat Branch 29","Surat","Deposit","Cheque",270107.01,948720.00,"Success","Cash deposit"
1968,"2022-04-01 13:29:47",15,"Riya Yadav",100100000014,"Salary Account","SBI Surat Branch 44","Surat","Transfer","RTGS",429424.89,0.00,"Success","Fund transfer"
1969,"2023-08-07 11:00:25",189,"Rajesh Pandey",100100000188,"Fixed Deposit Account","SBI Pune Branch 8","Pune","Interest","System",365178.03,365178.03,"Success","Interest credited"
1970,"2026-05-29 16:27:55",117,"Priya Patel",100100000215,"Senior Citizen Savings Account","SBI Gurugram Branch 33","Gurugram","Deposit","IMPS",250647.26,510627.16,"Success","Cash deposit"
1971,"2025-01-22 16:56:22",83,"Nitin Verma",100100000286,"Salary Account","SBI Chennai Branch 40","Chennai","Charge","ATM",31669.01,1100458.71,"Success","Service charge"
1972,"2024-05-01 15:18:49",65,"Amit Sharma",100100000064,"Recurring Deposit Account","SBI Gurugram Branch 45","Gurugram","Transfer","Cash",202361.91,0.00,"Success","Fund transfer"
1973,"2023-04-16 22:19:21",164,"Shreya Sinha",100100000163,"Student Account","SBI Indore Branch 27","Indore","Transfer","RTGS",378549.91,77811.56,"Success","Fund transfer"
1974,"2022-06-10 15:40:38",30,"Vikas Gupta",100100000029,"Savings Account","SBI Bhopal Branch 39","Bhopal","Withdrawal","NEFT",58557.42,76210.20,"Success","Cash withdrawal"
1975,"2026-01-22 01:53:52",64,"Riya Singh",100100000063,"Fixed Deposit Account","SBI Patna Branch 17","Patna","Withdrawal","IMPS",301650.69,190368.16,"Success","Cash withdrawal"
1976,"2025-02-28 07:13:37",173,"Shreya Reddy",100100000172,"NRI Savings Account","SBI Hyderabad Branch 41","Hyderabad","Transfer","IMPS",198192.08,186237.95,"Success","Fund transfer"
1977,"2024-10-03 09:44:50",129,"Priya Gupta",100100000128,"NRI Savings Account","SBI Noida Branch 47","Noida","Transfer","Cash",117136.14,323917.25,"Success","Fund transfer"
1978,"2024-11-13 23:20:10",75,"Neha Chauhan",100100000074,"Salary Account","SBI Chennai Branch 40","Chennai","Transfer","ATM",189064.46,0.00,"Success","Fund transfer"
1979,"2025-05-08 05:12:26",189,"Rajesh Pandey",100100000188,"Fixed Deposit Account","SBI Pune Branch 8","Pune","Withdrawal","ATM",337472.39,27705.64,"Success","Cash withdrawal"
1980,"2025-03-17 16:16:01",174,"Meena Verma",100100000173,"Savings Account","SBI Chennai Branch 40","Chennai","Interest","System",199132.93,343472.40,"Success","Interest credited"
1981,"2023-11-24 05:58:05",184,"Asha Singh",100100000183,"Savings Account","SBI Surat Branch 29","Surat","Charge","ATM",362901.57,585818.43,"Success","Service charge"
1982,"2026-01-25 04:22:44",191,"Asha Sharma",100100000248,"Student Account","SBI Bengaluru Branch 15","Bengaluru","Deposit","ATM",344613.89,497675.62,"Success","Cash deposit"
1983,"2022-01-28 21:39:33",167,"Mohit Jain",100100000230,"Recurring Deposit Account","SBI Bengaluru Branch 7","Bengaluru","Interest","System",203824.67,203824.67,"Success","Interest credited"
1984,"2023-07-25 11:48:20",92,"Ritu Chauhan",100100000291,"Savings Account","SBI Chandigarh Branch 5","Chandigarh","Transfer","Cheque",346362.12,0.00,"Success","Fund transfer"
1985,"2023-10-27 09:25:16",102,"Asha Sinha",100100000268,"Fixed Deposit Account","SBI Chennai Branch 21","Chennai","Charge","ATM",428063.69,0.00,"Success","Service charge"
1986,"2024-03-10 20:03:11",77,"Anjali Mishra",100100000237,"Savings Account","SBI Kochi Branch 46","Kochi","Transfer","Cash",171359.47,405747.17,"Success","Fund transfer"
1987,"2023-06-17 06:43:40",124,"Asha Sinha",100100000123,"Student Account","SBI Lucknow Branch 12","Lucknow","Charge","ATM",481156.75,0.00,"Success","Service charge"
1988,"2024-10-19 00:58:51",22,"Asha Pandey",100100000021,"Student Account","SBI Gurugram Branch 33","Gurugram","Interest","System",130733.83,688633.91,"Success","Interest credited"
1989,"2025-12-22 05:37:33",156,"Shreya Yadav",100100000272,"NRI Savings Account","SBI Indore Branch 27","Indore","Transfer","NEFT",10336.93,383543.24,"Pending","Fund transfer"
1990,"2023-06-20 13:10:03",37,"Neha Pandey",100100000036,"Student Account","SBI Bengaluru Branch 50","Bengaluru","Transfer","NEFT",251933.94,684375.49,"Success","Fund transfer"
1991,"2023-06-20 10:31:21",149,"Anjali Mishra",100100000148,"Student Account","SBI Bengaluru Branch 7","Bengaluru","Withdrawal","RTGS",495200.94,499135.94,"Success","Cash withdrawal"
1992,"2025-03-21 10:51:39",181,"Arjun Singh",100100000180,"Recurring Deposit Account","SBI Bhopal Branch 39","Bhopal","Transfer","ATM",268476.47,0.00,"Success","Fund transfer"
1993,"2023-05-24 14:16:41",50,"Suresh Chauhan",100100000218,"Recurring Deposit Account","SBI Lucknow Branch 19","Lucknow","Charge","Cheque",57282.87,296571.04,"Success","Service charge"
1994,"2024-10-23 06:02:23",4,"Ankit Chauhan",100100000003,"Fixed Deposit Account","SBI Pune Branch 11","Pune","Withdrawal","RTGS",33529.86,45583.96,"Pending","Cash withdrawal"
1995,"2025-03-30 09:34:11",18,"Vivek Verma",100100000017,"NRI Savings Account","SBI Bengaluru Branch 38","Bengaluru","Interest","System",353370.80,1645599.43,"Success","Interest credited"
1996,"2024-12-15 20:06:01",107,"Nitin Chauhan",100100000209,"Senior Citizen Savings Account","SBI Bengaluru Branch 7","Bengaluru","Transfer","Cash",302590.85,0.00,"Success","Fund transfer"
1997,"2022-01-27 08:55:32",78,"Sneha Verma",100100000077,"Savings Account","SBI Bengaluru Branch 7","Bengaluru","Deposit","Cheque",351721.56,351721.56,"Success","Cash deposit"
1998,"2024-06-27 16:59:10",49,"Amit Sinha",100100000048,"Senior Citizen Savings Account","SBI Bhopal Branch 39","Bhopal","Withdrawal","UPI",399790.15,17686.01,"Success","Cash withdrawal"
1999,"2023-03-02 04:53:02",30,"Vikas Gupta",100100000029,"Savings Account","SBI Bhopal Branch 39","Bhopal","Transfer","Cheque",297445.16,0.00,"Success","Fund transfer"
2000,"2026-04-17 13:37:20",120,"Nidhi Agarwal",100100000119,"Savings Account","SBI Kolkata Branch 42","Kolkata","Charge","ATM",144301.47,0.00,"Success","Service charge"
2001,"2022-11-14 05:17:23",124,"Asha Sinha",100100000214,"Student Account","SBI Gurugram Branch 45","Gurugram","Withdrawal","IMPS",54711.33,0.00,"Success","Cash withdrawal"
2002,"2026-05-04 02:31:41",62,"Ritu Yadav",100100000061,"Recurring Deposit Account","SBI Noida Branch 2","Noida","Deposit","IMPS",104441.23,104441.23,"Success","Cash deposit"
2003,"2023-07-30 06:17:51",30,"Vikas Gupta",100100000221,"Savings Account","SBI Noida Branch 2","Noida","Withdrawal","RTGS",327872.49,323185.50,"Success","Cash withdrawal"
2004,"2022-06-19 20:55:42",136,"Priya Sharma",100100000256,"Student Account","SBI Surat Branch 3","Surat","Deposit","UPI",321964.36,918365.62,"Success","Cash deposit"
2005,"2024-12-18 16:08:52",193,"Vikas Verma",100100000242,"Student Account","SBI Surat Branch 6","Surat","Charge","ATM",4733.21,196711.28,"Success","Service charge"
2006,"2024-07-12 04:19:01",83,"Nitin Verma",100100000082,"Savings Account","SBI Surat Branch 44","Surat","Withdrawal","RTGS",374364.46,0.00,"Success","Cash withdrawal"
2007,"2024-01-28 12:58:10",191,"Asha Sharma",100100000295,"Senior Citizen Savings Account","SBI Gurugram Branch 36","Gurugram","Interest","System",201164.10,880711.54,"Success","Interest credited"
2008,"2025-12-08 01:07:56",115,"Nidhi Agarwal",100100000233,"Salary Account","SBI Gurugram Branch 49","Gurugram","Transfer","IMPS",137552.63,0.00,"Success","Fund transfer"
2009,"2023-08-26 14:16:22",194,"Harsh Agarwal",100100000193,"Student Account","SBI Noida Branch 2","Noida","Transfer","UPI",469680.10,0.00,"Success","Fund transfer"
2010,"2022-10-07 11:22:05",164,"Shreya Sinha",100100000163,"Student Account","SBI Indore Branch 27","Indore","Withdrawal","IMPS",78793.85,0.00,"Success","Cash withdrawal"
2011,"2024-02-19 17:52:52",197,"Rajesh Yadav",100100000296,"Recurring Deposit Account","SBI Surat Branch 30","Surat","Deposit","UPI",365517.24,629549.91,"Success","Cash deposit"
2012,"2024-05-18 13:00:43",40,"Sneha Nair",100100000039,"Salary Account","SBI Pune Branch 11","Pune","Withdrawal","Cheque",281775.15,0.00,"Failed","Cash withdrawal"
2013,"2024-12-28 09:48:34",78,"Sneha Verma",100100000216,"Savings Account","SBI Bengaluru Branch 15","Bengaluru","Transfer","ATM",287215.85,0.00,"Success","Fund transfer"
2014,"2025-06-05 20:18:57",137,"Priya Pandey",100100000246,"NRI Savings Account","SBI Chennai Branch 21","Chennai","Charge","ATM",493162.58,0.00,"Success","Service charge"
2015,"2026-01-03 12:37:21",18,"Vivek Verma",100100000017,"NRI Savings Account","SBI Bengaluru Branch 38","Bengaluru","Charge","Cheque",119955.26,1525644.17,"Success","Service charge"
2016,"2023-08-26 15:41:45",38,"Neha Patel",100100000037,"Student Account","SBI Bengaluru Branch 7","Bengaluru","Charge","Cheque",279318.60,960120.38,"Failed","Service charge"
2017,"2025-01-19 03:52:24",41,"Vivek Patel",100100000040,"Recurring Deposit Account","SBI Ahmedabad Branch 24","Ahmedabad","Deposit","UPI",102613.01,697954.60,"Failed","Cash deposit"
2018,"2023-09-01 15:19:51",142,"Rahul Sinha",100100000141,"Salary Account","SBI Pune Branch 43","Pune","Interest","System",150419.14,308763.26,"Success","Interest credited"
2019,"2025-01-10 12:41:27",34,"Rahul Sharma",100100000033,"NRI Savings Account","SBI Bhopal Branch 39","Bhopal","Charge","ATM",262426.51,0.00,"Success","Service charge"
2020,"2023-04-13 20:22:46",184,"Asha Singh",100100000183,"Savings Account","SBI Surat Branch 29","Surat","Transfer","NEFT",362014.73,223803.70,"Success","Fund transfer"
2021,"2023-02-10 08:37:27",197,"Rajesh Yadav",100100000296,"Recurring Deposit Account","SBI Surat Branch 30","Surat","Charge","Cheque",314799.74,629549.91,"Failed","Service charge"
2022,"2022-04-18 02:34:46",149,"Anjali Mishra",100100000148,"Student Account","SBI Bengaluru Branch 7","Bengaluru","Transfer","Cheque",8733.60,490402.34,"Success","Fund transfer"
2023,"2024-08-19 08:37:34",106,"Arjun Nair",100100000298,"Savings Account","SBI Noida Branch 47","Noida","Charge","System",210021.19,238144.42,"Success","Service charge"
2024,"2024-03-25 12:03:50",36,"Sakshi Agarwal",100100000035,"Savings Account","SBI Chennai Branch 40","Chennai","Transfer","ATM",492423.05,0.00,"Success","Fund transfer"
2025,"2024-12-10 11:30:43",173,"Shreya Reddy",100100000172,"NRI Savings Account","SBI Hyderabad Branch 41","Hyderabad","Transfer","IMPS",348131.58,0.00,"Success","Fund transfer"
2026,"2022-06-07 02:12:18",168,"Meena Gupta",100100000289,"Senior Citizen Savings Account","SBI Gurugram Branch 48","Gurugram","Withdrawal","ATM",383790.45,430159.47,"Success","Cash withdrawal"
2027,"2022-02-16 15:48:46",178,"Arjun Kumar",100100000177,"Savings Account","SBI Lucknow Branch 12","Lucknow","Withdrawal","NEFT",78172.31,631615.39,"Success","Cash withdrawal"
2028,"2022-06-23 23:25:01",197,"Rajesh Yadav",100100000223,"Savings Account","SBI Noida Branch 32","Noida","Charge","Cheque",253661.44,0.00,"Success","Service charge"
2029,"2024-03-28 12:17:59",50,"Suresh Chauhan",100100000251,"Fixed Deposit Account","SBI Surat Branch 30","Surat","Deposit","Cheque",229847.46,1417004.22,"Success","Cash deposit"
2030,"2026-01-20 13:17:28",196,"Manish Chauhan",100100000195,"Fixed Deposit Account","SBI Pune Branch 11","Pune","Deposit","ATM",256080.93,256080.93,"Success","Cash deposit"
2031,"2025-12-13 22:47:31",91,"Amit Chauhan",100100000090,"Salary Account","SBI Nagpur Branch 31","Nagpur","Charge","Cheque",98105.39,0.00,"Success","Service charge"
2032,"2025-04-18 10:17:48",4,"Ankit Chauhan",100100000003,"Fixed Deposit Account","SBI Pune Branch 11","Pune","Withdrawal","NEFT",426217.43,0.00,"Success","Cash withdrawal"
2033,"2023-11-03 12:44:39",117,"Priya Patel",100100000215,"Senior Citizen Savings Account","SBI Gurugram Branch 33","Gurugram","Charge","ATM",250364.05,510627.16,"Pending","Service charge"
2034,"2025-01-07 23:39:44",170,"Manish Verma",100100000271,"Current Account","SBI Bhopal Branch 23","Bhopal","Transfer","ATM",429889.30,0.00,"Success","Fund transfer"
2035,"2024-04-15 10:24:29",118,"Sneha Singh",100100000117,"Savings Account","SBI Bengaluru Branch 15","Bengaluru","Deposit","RTGS",455484.36,455484.36,"Success","Cash deposit"
2036,"2025-02-06 00:33:00",87,"Rajesh Agarwal",100100000086,"Savings Account","SBI Chennai Branch 40","Chennai","Charge","ATM",89399.13,31232.66,"Success","Service charge"
2037,"2022-02-21 21:10:08",171,"Vikas Patel",100100000170,"Student Account","SBI Gurugram Branch 36","Gurugram","Deposit","IMPS",475836.62,475836.62,"Success","Cash deposit"
2038,"2025-02-06 06:25:41",98,"Suresh Sharma",100100000097,"Fixed Deposit Account","SBI Kolkata Branch 42","Kolkata","Deposit","Cash",189186.88,609534.41,"Success","Cash deposit"
2039,"2025-10-23 02:42:13",185,"Rahul Kumar",100100000207,"Savings Account","SBI Bhopal Branch 23","Bhopal","Charge","ATM",421469.17,0.00,"Success","Service charge"
2040,"2024-05-21 06:54:28",146,"Manish Agarwal",100100000145,"NRI Savings Account","SBI Bengaluru Branch 7","Bengaluru","Charge","Cheque",278136.63,0.00,"Success","Service charge"
2041,"2022-09-24 15:48:12",3,"Amit Kumar",100100000002,"Savings Account","SBI Kolkata Branch 42","Kolkata","Deposit","ATM",285506.70,285506.70,"Success","Cash deposit"
2042,"2025-04-27 05:13:04",116,"Riya Sinha",100100000201,"Salary Account","SBI Bengaluru Branch 7","Bengaluru","Interest","System",321887.96,1150563.46,"Success","Interest credited"
2043,"2025-07-17 10:56:03",41,"Vivek Patel",100100000040,"Recurring Deposit Account","SBI Ahmedabad Branch 24","Ahmedabad","Deposit","UPI",132152.23,830106.83,"Success","Cash deposit"
2044,"2023-01-14 00:47:09",170,"Manish Verma",100100000169,"Savings Account","SBI Chennai Branch 40","Chennai","Interest","System",262910.73,262910.73,"Success","Interest credited"
2045,"2024-09-01 05:26:50",18,"Vivek Verma",100100000017,"NRI Savings Account","SBI Bengaluru Branch 38","Bengaluru","Interest","System",198483.04,1724127.21,"Success","Interest credited"
2046,"2022-08-26 08:17:01",87,"Rajesh Agarwal",100100000282,"Current Account","SBI Gurugram Branch 45","Gurugram","Transfer","Cash",85364.75,990550.63,"Success","Fund transfer"
2047,"2024-07-22 01:35:15",177,"Riya Verma",100100000176,"Salary Account","SBI Bhubaneswar Branch 25","Bhubaneswar","Transfer","IMPS",356860.02,0.00,"Success","Fund transfer"
2048,"2025-08-31 21:26:10",51,"Rohit Yadav",100100000206,"Savings Account","SBI Noida Branch 2","Noida","Transfer","UPI",246771.26,0.00,"Success","Fund transfer"
2049,"2025-03-26 09:52:25",31,"Suresh Verma",100100000030,"Recurring Deposit Account","SBI Patna Branch 9","Patna","Transfer","UPI",125467.81,0.00,"Success","Fund transfer"
2050,"2022-10-22 09:11:28",106,"Arjun Nair",100100000105,"Fixed Deposit Account","SBI Gurugram Branch 33","Gurugram","Interest","System",270529.55,443653.14,"Success","Interest credited"
2051,"2023-07-26 01:56:25",183,"Neha Nair",100100000182,"Savings Account","SBI Hyderabad Branch 41","Hyderabad","Transfer","NEFT",230186.57,0.00,"Success","Fund transfer"
2052,"2025-04-08 21:26:11",164,"Shreya Sinha",100100000163,"Student Account","SBI Indore Branch 27","Indore","Deposit","UPI",342334.53,342334.53,"Success","Cash deposit"
2053,"2022-02-13 01:43:58",85,"Kavita Nair",100100000084,"Current Account","SBI Bhubaneswar Branch 25","Bhubaneswar","Withdrawal","ATM",37304.96,0.00,"Success","Cash withdrawal"
2054,"2024-08-01 15:01:58",145,"Nidhi Nair",100100000144,"Senior Citizen Savings Account","SBI Noida Branch 2","Noida","Withdrawal","UPI",350959.24,0.00,"Success","Cash withdrawal"
2055,"2022-09-20 06:54:13",54,"Meena Singh",100100000269,"Fixed Deposit Account","SBI Bhopal Branch 23","Bhopal","Interest","System",441130.21,643109.66,"Success","Interest credited"
2056,"2024-12-22 10:33:21",51,"Rohit Yadav",100100000206,"Savings Account","SBI Noida Branch 2","Noida","Withdrawal","Cheque",18378.48,0.00,"Success","Cash withdrawal"
2057,"2023-09-03 07:08:42",162,"Asha Reddy",100100000161,"Savings Account","SBI Pune Branch 1","Pune","Interest","System",286451.73,752225.95,"Success","Interest credited"
2058,"2022-04-17 23:38:39",51,"Rohit Yadav",100100000050,"Savings Account","SBI Chennai Branch 21","Chennai","Charge","Cheque",257127.34,292973.01,"Success","Service charge"
2059,"2022-12-26 10:02:22",47,"Priya Sharma",100100000046,"Savings Account","SBI Indore Branch 27","Indore","Withdrawal","UPI",83008.01,400663.60,"Success","Cash withdrawal"
2060,"2023-04-18 01:19:27",116,"Riya Sinha",100100000201,"Salary Account","SBI Bengaluru Branch 7","Bengaluru","Interest","System",341122.99,1491686.45,"Success","Interest credited"
2061,"2025-01-13 21:40:17",190,"Divya Kumar",100100000189,"Recurring Deposit Account","SBI Noida Branch 47","Noida","Deposit","UPI",323452.55,323452.55,"Success","Cash deposit"
2062,"2023-10-22 18:53:26",18,"Vivek Verma",100100000239,"NRI Savings Account","SBI Bengaluru Branch 7","Bengaluru","Deposit","RTGS",56143.57,543677.18,"Success","Cash deposit"
2063,"2025-06-12 07:50:12",50,"Suresh Chauhan",100100000218,"Recurring Deposit Account","SBI Lucknow Branch 19","Lucknow","Charge","ATM",319124.91,0.00,"Success","Service charge"
2064,"2023-06-10 14:51:38",63,"Rajesh Kumar",100100000062,"Recurring Deposit Account","SBI Pune Branch 8","Pune","Charge","Cheque",494567.92,0.00,"Success","Service charge"
2065,"2025-06-22 08:26:18",67,"Pooja Kumar",100100000066,"NRI Savings Account","SBI Chandigarh Branch 5","Chandigarh","Interest","System",77721.94,77721.94,"Success","Interest credited"
2066,"2026-06-07 03:02:24",8,"Neha Gupta",100100000007,"Senior Citizen Savings Account","SBI Delhi Branch 14","Delhi","Transfer","NEFT",217139.72,552471.12,"Success","Fund transfer"
2067,"2023-07-08 06:40:38",113,"Manish Yadav",100100000112,"Senior Citizen Savings Account","SBI Surat Branch 4","Surat","Transfer","Cash",336011.04,510653.55,"Success","Fund transfer"
2068,"2026-05-11 06:03:21",88,"Arjun Kumar",100100000273,"NRI Savings Account","SBI Bengaluru Branch 50","Bengaluru","Withdrawal","NEFT",275140.85,148593.06,"Success","Cash withdrawal"
2069,"2022-09-17 06:51:29",62,"Ritu Yadav",100100000061,"Recurring Deposit Account","SBI Noida Branch 2","Noida","Interest","System",314872.34,419313.57,"Success","Interest credited"
2070,"2023-03-19 11:23:54",92,"Ritu Chauhan",100100000291,"Savings Account","SBI Chandigarh Branch 5","Chandigarh","Interest","System",421562.11,421562.11,"Success","Interest credited"
2071,"2024-07-04 11:29:53",146,"Manish Agarwal",100100000145,"NRI Savings Account","SBI Bengaluru Branch 7","Bengaluru","Transfer","Cheque",63759.94,0.00,"Success","Fund transfer"
2072,"2023-10-05 15:32:19",108,"Sakshi Chauhan",100100000107,"NRI Savings Account","SBI Delhi Branch 14","Delhi","Withdrawal","UPI",22256.01,0.00,"Success","Cash withdrawal"
2073,"2024-05-03 12:33:16",186,"Neha Gupta",100100000185,"Senior Citizen Savings Account","SBI Bhopal Branch 35","Bhopal","Deposit","NEFT",203207.40,203207.40,"Success","Cash deposit"
2074,"2022-11-03 21:27:34",130,"Pooja Pandey",100100000129,"Salary Account","SBI Noida Branch 47","Noida","Transfer","NEFT",438283.62,0.00,"Success","Fund transfer"
2075,"2024-08-07 08:07:31",97,"Riya Kumar",100100000096,"Fixed Deposit Account","SBI Indore Branch 20","Indore","Withdrawal","RTGS",413762.38,0.00,"Success","Cash withdrawal"
2076,"2024-06-14 14:48:22",167,"Mohit Jain",100100000230,"Recurring Deposit Account","SBI Bengaluru Branch 7","Bengaluru","Deposit","RTGS",309642.83,513467.50,"Success","Cash deposit"
2077,"2025-11-19 08:14:25",54,"Meena Singh",100100000269,"Fixed Deposit Account","SBI Bhopal Branch 23","Bhopal","Transfer","RTGS",225361.63,417748.03,"Success","Fund transfer"
2078,"2025-02-28 14:40:34",91,"Amit Chauhan",100100000090,"Salary Account","SBI Nagpur Branch 31","Nagpur","Withdrawal","Cash",211229.39,0.00,"Success","Cash withdrawal"
2079,"2022-07-31 18:35:00",22,"Asha Pandey",100100000021,"Student Account","SBI Gurugram Branch 33","Gurugram","Withdrawal","IMPS",38648.52,688633.91,"Pending","Cash withdrawal"
2080,"2022-07-08 06:46:39",168,"Meena Gupta",100100000289,"Senior Citizen Savings Account","SBI Gurugram Branch 48","Gurugram","Charge","ATM",283123.23,147036.24,"Success","Service charge"
2081,"2024-07-06 23:40:52",139,"Neha Pandey",100100000138,"Savings Account","SBI Lucknow Branch 19","Lucknow","Transfer","IMPS",242626.11,328571.01,"Success","Fund transfer"
2082,"2022-01-12 23:09:08",186,"Neha Gupta",100100000185,"Senior Citizen Savings Account","SBI Bhopal Branch 35","Bhopal","Withdrawal","IMPS",479708.01,0.00,"Success","Cash withdrawal"
2083,"2022-01-13 02:26:42",13,"Nitin Yadav",100100000012,"Recurring Deposit Account","SBI Bengaluru Branch 16","Bengaluru","Charge","ATM",100288.89,0.00,"Success","Service charge"
2084,"2025-02-03 11:52:48",92,"Ritu Chauhan",100100000249,"NRI Savings Account","SBI Pune Branch 43","Pune","Deposit","Cash",282991.50,282991.50,"Success","Cash deposit"
2085,"2023-01-28 11:51:25",196,"Manish Chauhan",100100000195,"Fixed Deposit Account","SBI Pune Branch 11","Pune","Transfer","UPI",59732.51,196348.42,"Success","Fund transfer"
2086,"2024-11-08 23:50:35",104,"Harsh Pandey",100100000103,"Student Account","SBI Bhopal Branch 35","Bhopal","Charge","Cheque",360516.34,0.00,"Success","Service charge"
2087,"2024-07-12 13:08:13",169,"Rahul Pandey",100100000168,"Senior Citizen Savings Account","SBI Hyderabad Branch 41","Hyderabad","Interest","System",230242.18,420715.36,"Success","Interest credited"
2088,"2022-11-29 08:38:27",61,"Sakshi Pandey",100100000060,"Savings Account","SBI Kolkata Branch 42","Kolkata","Charge","System",403058.57,0.00,"Success","Service charge"
2089,"2023-06-26 02:21:52",35,"Ankit Gupta",100100000034,"Savings Account","SBI Bengaluru Branch 7","Bengaluru","Deposit","Cash",384745.84,384745.84,"Success","Cash deposit"
2090,"2023-12-04 20:14:01",91,"Amit Chauhan",100100000090,"Salary Account","SBI Nagpur Branch 31","Nagpur","Withdrawal","IMPS",494558.58,0.00,"Success","Cash withdrawal"
2091,"2026-06-30 19:07:45",167,"Mohit Jain",100100000230,"Recurring Deposit Account","SBI Bengaluru Branch 7","Bengaluru","Withdrawal","Cash",98135.48,415332.02,"Success","Cash withdrawal"
2092,"2023-04-13 07:56:26",172,"Komal Patel",100100000171,"Salary Account","SBI Kochi Branch 46","Kochi","Withdrawal","Cheque",135974.04,0.00,"Success","Cash withdrawal"
2093,"2022-05-24 06:48:12",197,"Rajesh Yadav",100100000223,"Savings Account","SBI Noida Branch 32","Noida","Charge","Cheque",128370.72,0.00,"Success","Service charge"
2094,"2023-09-26 01:15:42",124,"Asha Sinha",100100000214,"Student Account","SBI Gurugram Branch 45","Gurugram","Transfer","RTGS",332606.34,0.00,"Success","Fund transfer"
2095,"2026-01-12 22:26:26",139,"Neha Pandey",100100000138,"Savings Account","SBI Lucknow Branch 19","Lucknow","Transfer","NEFT",133623.53,194947.48,"Success","Fund transfer"
2096,"2025-02-16 20:09:33",90,"Sakshi Jain",100100000284,"Savings Account","SBI Patna Branch 17","Patna","Charge","ATM",212564.11,1066242.75,"Pending","Service charge"
2097,"2022-08-04 12:09:37",73,"Karan Yadav",100100000226,"NRI Savings Account","SBI Bhubaneswar Branch 22","Bhubaneswar","Deposit","RTGS",249407.86,249407.86,"Success","Cash deposit"
2098,"2024-11-14 18:00:08",183,"Neha Nair",100100000244,"Savings Account","SBI Bhubaneswar Branch 22","Bhubaneswar","Withdrawal","NEFT",420315.26,0.00,"Success","Cash withdrawal"
2099,"2023-10-19 20:04:06",27,"Sakshi Sinha",100100000026,"Student Account","SBI Bhopal Branch 37","Bhopal","Withdrawal","ATM",370447.12,0.00,"Success","Cash withdrawal"
2100,"2023-09-10 15:03:41",159,"Kavita Singh",100100000158,"Savings Account","SBI Noida Branch 32","Noida","Withdrawal","RTGS",131451.40,666530.78,"Success","Cash withdrawal"
2101,"2022-04-06 09:14:22",73,"Karan Yadav",100100000072,"Current Account","SBI Lucknow Branch 19","Lucknow","Transfer","NEFT",358857.20,268349.97,"Success","Fund transfer"
2102,"2022-10-09 13:23:30",69,"Ritu Pandey",100100000068,"NRI Savings Account","SBI Surat Branch 30","Surat","Interest","System",129564.64,0.00,"Pending","Interest credited"
2103,"2025-12-05 21:47:51",76,"Harsh Kumar",100100000075,"Savings Account","SBI Delhi Branch 13","Delhi","Deposit","Cheque",290490.59,630737.83,"Success","Cash deposit"
2104,"2024-11-11 23:52:02",140,"Arjun Sinha",100100000139,"Savings Account","SBI Bengaluru Branch 16","Bengaluru","Deposit","NEFT",27643.01,274553.16,"Failed","Cash deposit"
2105,"2023-10-02 11:55:26",6,"Meena Singh",100100000005,"Savings Account","SBI Nagpur Branch 34","Nagpur","Charge","Cheque",439798.17,0.00,"Success","Service charge"
2106,"2025-01-05 20:48:56",102,"Asha Sinha",100100000268,"Fixed Deposit Account","SBI Chennai Branch 21","Chennai","Deposit","Cash",182436.06,182436.06,"Success","Cash deposit"
2107,"2023-01-06 09:32:45",178,"Arjun Kumar",100100000227,"Current Account","SBI Kolkata Branch 42","Kolkata","Transfer","Cheque",144685.31,120526.64,"Success","Fund transfer"
2108,"2024-01-20 16:26:19",14,"Sneha Nair",100100000013,"Fixed Deposit Account","SBI Nagpur Branch 34","Nagpur","Interest","System",306835.04,0.00,"Pending","Interest credited"
2109,"2022-01-16 15:09:42",92,"Ritu Chauhan",100100000291,"Savings Account","SBI Chandigarh Branch 5","Chandigarh","Withdrawal","NEFT",36456.48,385105.63,"Success","Cash withdrawal"
2110,"2024-01-05 00:26:44",119,"Meena Yadav",100100000118,"Salary Account","SBI Pune Branch 11","Pune","Interest","System",74732.05,631906.91,"Success","Interest credited"
2111,"2023-04-20 06:20:54",85,"Kavita Nair",100100000084,"Current Account","SBI Bhubaneswar Branch 25","Bhubaneswar","Charge","System",102773.60,0.00,"Success","Service charge"
2112,"2025-08-26 02:23:10",90,"Sakshi Jain",100100000089,"Current Account","SBI Surat Branch 44","Surat","Deposit","UPI",338785.67,1060318.50,"Success","Cash deposit"
2113,"2024-09-22 11:46:26",89,"Rahul Kumar",100100000088,"Savings Account","SBI Pune Branch 1","Pune","Withdrawal","UPI",229404.49,0.00,"Success","Cash withdrawal"
2114,"2023-04-22 03:31:25",171,"Vikas Patel",100100000263,"Salary Account","SBI Bengaluru Branch 16","Bengaluru","Interest","System",1171.12,190376.45,"Success","Interest credited"
2115,"2026-01-02 09:44:20",168,"Meena Gupta",100100000289,"Senior Citizen Savings Account","SBI Gurugram Branch 48","Gurugram","Charge","System",6830.30,140205.94,"Success","Service charge"
2116,"2025-03-06 18:32:28",142,"Rahul Sinha",100100000141,"Salary Account","SBI Pune Branch 43","Pune","Charge","ATM",394159.21,0.00,"Success","Service charge"
2117,"2022-11-19 00:46:35",79,"Vikas Agarwal",100100000078,"Student Account","SBI Surat Branch 4","Surat","Charge","System",14191.89,82429.90,"Success","Service charge"
2118,"2022-12-21 12:04:29",62,"Ritu Yadav",100100000061,"Recurring Deposit Account","SBI Noida Branch 2","Noida","Charge","System",385860.00,419313.57,"Pending","Service charge"
2119,"2025-10-23 10:31:46",103,"Vikas Nair",100100000102,"Senior Citizen Savings Account","SBI Gurugram Branch 36","Gurugram","Transfer","NEFT",412197.57,278436.68,"Success","Fund transfer"
2120,"2026-06-28 12:19:00",195,"Amit Agarwal",100100000279,"Current Account","SBI Patna Branch 17","Patna","Transfer","RTGS",155666.08,805796.57,"Success","Fund transfer"
2121,"2025-06-30 13:46:36",34,"Rahul Sharma",100100000033,"NRI Savings Account","SBI Bhopal Branch 39","Bhopal","Deposit","ATM",361698.46,0.00,"Pending","Cash deposit"
2122,"2022-04-03 10:20:06",34,"Rahul Sharma",100100000033,"NRI Savings Account","SBI Bhopal Branch 39","Bhopal","Deposit","UPI",273469.52,273469.52,"Success","Cash deposit"
2123,"2026-06-05 05:20:47",48,"Divya Yadav",100100000047,"Savings Account","SBI Patna Branch 17","Patna","Withdrawal","Cash",452599.23,0.00,"Success","Cash withdrawal"
2124,"2023-06-20 12:56:19",164,"Shreya Sinha",100100000163,"Student Account","SBI Indore Branch 27","Indore","Charge","ATM",57866.71,284467.82,"Success","Service charge"
2125,"2026-04-25 20:50:51",23,"Asha Agarwal",100100000022,"Student Account","SBI Bengaluru Branch 38","Bengaluru","Charge","System",242581.69,0.00,"Success","Service charge"
2126,"2026-03-18 00:01:27",78,"Sneha Verma",100100000077,"Savings Account","SBI Bengaluru Branch 7","Bengaluru","Withdrawal","IMPS",34771.31,316950.25,"Success","Cash withdrawal"
2127,"2025-03-18 03:16:01",58,"Kavita Sharma",100100000057,"Fixed Deposit Account","SBI Kochi Branch 46","Kochi","Interest","System",78047.87,78047.87,"Success","Interest credited"
2128,"2026-04-21 21:14:39",49,"Amit Sinha",100100000048,"Senior Citizen Savings Account","SBI Bhopal Branch 39","Bhopal","Deposit","UPI",416716.69,17686.01,"Pending","Cash deposit"
2129,"2022-03-15 19:19:00",134,"Nitin Sharma",100100000133,"Savings Account","SBI Bengaluru Branch 50","Bengaluru","Withdrawal","NEFT",290104.90,0.00,"Success","Cash withdrawal"
2130,"2024-01-29 18:28:59",164,"Shreya Sinha",100100000163,"Student Account","SBI Indore Branch 27","Indore","Interest","System",343258.21,284467.82,"Pending","Interest credited"
2131,"2024-09-18 22:17:49",15,"Riya Yadav",100100000014,"Salary Account","SBI Surat Branch 44","Surat","Deposit","RTGS",384811.76,384811.76,"Success","Cash deposit"
2132,"2025-11-09 10:51:33",136,"Priya Sharma",100100000256,"Student Account","SBI Surat Branch 3","Surat","Withdrawal","UPI",203482.96,714882.66,"Success","Cash withdrawal"
2133,"2024-12-08 18:20:47",62,"Ritu Yadav",100100000061,"Recurring Deposit Account","SBI Noida Branch 2","Noida","Deposit","Cash",455837.66,875151.23,"Success","Cash deposit"
2134,"2025-04-14 22:33:21",37,"Neha Pandey",100100000036,"Student Account","SBI Bengaluru Branch 50","Bengaluru","Withdrawal","IMPS",294890.42,389485.07,"Success","Cash withdrawal"
2135,"2024-10-08 01:33:23",179,"Ritu Mishra",100100000178,"Savings Account","SBI Bengaluru Branch 16","Bengaluru","Transfer","RTGS",58284.88,556553.19,"Success","Fund transfer"
2136,"2024-04-02 01:07:33",76,"Harsh Kumar",100100000075,"Savings Account","SBI Delhi Branch 13","Delhi","Charge","ATM",212053.51,418684.32,"Success","Service charge"
2137,"2022-02-06 16:23:08",74,"Rahul Kumar",100100000073,"Current Account","SBI Bengaluru Branch 16","Bengaluru","Deposit","ATM",154884.81,888710.80,"Success","Cash deposit"
2138,"2024-12-20 19:11:40",77,"Anjali Mishra",100100000237,"Savings Account","SBI Kochi Branch 46","Kochi","Withdrawal","ATM",395119.48,10627.69,"Success","Cash withdrawal"
2139,"2024-06-29 10:00:24",5,"Amit Reddy",100100000287,"Salary Account","SBI Surat Branch 44","Surat","Transfer","RTGS",89845.02,728458.09,"Success","Fund transfer"
2140,"2023-08-18 13:05:22",146,"Manish Agarwal",100100000231,"Recurring Deposit Account","SBI Hyderabad Branch 41","Hyderabad","Withdrawal","UPI",94697.93,473996.84,"Success","Cash withdrawal"
2141,"2025-09-30 05:15:24",111,"Shreya Singh",100100000220,"Senior Citizen Savings Account","SBI Indore Branch 27","Indore","Transfer","Cheque",412844.12,69998.42,"Success","Fund transfer"
2142,"2023-08-27 09:44:20",196,"Manish Chauhan",100100000195,"Fixed Deposit Account","SBI Pune Branch 11","Pune","Withdrawal","Cheque",69712.56,126635.86,"Success","Cash withdrawal"
2143,"2025-07-16 11:36:04",70,"Asha Reddy",100100000069,"Salary Account","SBI Pune Branch 43","Pune","Interest","System",224921.32,224921.32,"Success","Interest credited"
2144,"2026-06-11 08:55:48",19,"Vikas Yadav",100100000018,"Savings Account","SBI Bhubaneswar Branch 22","Bhubaneswar","Interest","System",92303.24,92303.24,"Success","Interest credited"
2145,"2025-09-30 11:40:59",156,"Shreya Yadav",100100000272,"NRI Savings Account","SBI Indore Branch 27","Indore","Transfer","Cheque",299084.10,84459.14,"Success","Fund transfer"
2146,"2026-03-05 21:28:49",88,"Arjun Kumar",100100000087,"Senior Citizen Savings Account","SBI Gurugram Branch 49","Gurugram","Transfer","RTGS",462651.65,0.00,"Success","Fund transfer"
2147,"2022-09-05 16:35:29",66,"Harsh Sinha",100100000065,"Recurring Deposit Account","SBI Bhubaneswar Branch 22","Bhubaneswar","Deposit","ATM",228762.19,228762.19,"Success","Cash deposit"
2148,"2022-07-16 11:56:42",132,"Karan Chauhan",100100000131,"Recurring Deposit Account","SBI Surat Branch 44","Surat","Transfer","Cash",85870.89,346649.01,"Success","Fund transfer"
2149,"2022-01-25 11:31:50",95,"Rahul Kumar",100100000241,"Savings Account","SBI Delhi Branch 13","Delhi","Deposit","RTGS",239134.63,239134.63,"Success","Cash deposit"
2150,"2026-06-05 21:50:35",35,"Ankit Gupta",100100000034,"Savings Account","SBI Bengaluru Branch 7","Bengaluru","Deposit","RTGS",117893.36,502639.20,"Success","Cash deposit"
2151,"2024-11-14 06:05:32",75,"Neha Chauhan",100100000294,"Recurring Deposit Account","SBI Indore Branch 27","Indore","Withdrawal","UPI",414753.86,0.00,"Success","Cash withdrawal"
2152,"2023-07-28 16:00:40",99,"Komal Jain",100100000098,"Savings Account","SBI Noida Branch 32","Noida","Deposit","UPI",435232.84,435232.84,"Success","Cash deposit"
2153,"2022-10-25 16:32:40",183,"Neha Nair",100100000244,"Savings Account","SBI Bhubaneswar Branch 22","Bhubaneswar","Charge","Cheque",372424.94,0.00,"Success","Service charge"
2154,"2025-05-02 00:04:58",167,"Mohit Jain",100100000166,"Fixed Deposit Account","SBI Delhi Branch 14","Delhi","Deposit","RTGS",260190.19,260190.19,"Success","Cash deposit"
2155,"2025-07-21 18:47:02",105,"Mohit Agarwal",100100000104,"Savings Account","SBI Kolkata Branch 42","Kolkata","Transfer","UPI",481492.23,0.00,"Success","Fund transfer"
2156,"2024-09-15 01:11:26",38,"Neha Patel",100100000037,"Student Account","SBI Bengaluru Branch 7","Bengaluru","Deposit","IMPS",342641.25,1302761.63,"Success","Cash deposit"
2157,"2023-12-24 09:37:33",184,"Asha Singh",100100000183,"Savings Account","SBI Surat Branch 29","Surat","Withdrawal","Cash",200430.56,23373.14,"Success","Cash withdrawal"
2158,"2023-09-23 18:39:08",111,"Shreya Singh",100100000204,"Savings Account","SBI Bengaluru Branch 7","Bengaluru","Withdrawal","Cheque",281423.11,850286.99,"Success","Cash withdrawal"
2159,"2025-05-23 15:10:30",65,"Amit Sharma",100100000064,"Recurring Deposit Account","SBI Gurugram Branch 45","Gurugram","Transfer","ATM",499622.86,0.00,"Success","Fund transfer"
2160,"2024-03-09 09:31:05",75,"Neha Chauhan",100100000294,"Recurring Deposit Account","SBI Indore Branch 27","Indore","Transfer","Cash",383965.36,0.00,"Success","Fund transfer"
2161,"2024-11-08 02:08:12",171,"Vikas Patel",100100000170,"Student Account","SBI Gurugram Branch 36","Gurugram","Deposit","IMPS",68522.94,544359.56,"Success","Cash deposit"
2162,"2025-02-21 21:23:55",164,"Shreya Sinha",100100000163,"Student Account","SBI Indore Branch 27","Indore","Deposit","IMPS",260335.50,544803.32,"Success","Cash deposit"
2163,"2026-03-03 23:03:00",195,"Amit Agarwal",100100000279,"Current Account","SBI Patna Branch 17","Patna","Transfer","Cash",5548.05,800248.52,"Success","Fund transfer"
2164,"2022-07-30 06:12:48",82,"Meena Gupta",100100000081,"Student Account","SBI Noida Branch 28","Noida","Withdrawal","NEFT",183539.46,0.00,"Success","Cash withdrawal"
2165,"2022-02-20 20:08:06",76,"Harsh Kumar",100100000075,"Savings Account","SBI Delhi Branch 13","Delhi","Deposit","IMPS",400385.68,819070.00,"Success","Cash deposit"
2166,"2024-08-13 02:07:52",90,"Sakshi Jain",100100000292,"Recurring Deposit Account","SBI Bengaluru Branch 16","Bengaluru","Transfer","ATM",311740.98,182154.01,"Success","Fund transfer"
2167,"2024-07-14 01:30:47",133,"Priya Patel",100100000283,"NRI Savings Account","SBI Delhi Branch 13","Delhi","Interest","System",201676.75,0.00,"Failed","Interest credited"
2168,"2022-09-13 12:00:47",90,"Sakshi Jain",100100000089,"Current Account","SBI Surat Branch 44","Surat","Transfer","UPI",80844.67,979473.83,"Success","Fund transfer"
2169,"2023-08-24 00:06:12",175,"Pooja Jain",100100000174,"Fixed Deposit Account","SBI Pune Branch 11","Pune","Charge","System",419702.32,0.00,"Success","Service charge"
2170,"2023-02-20 09:03:52",34,"Rahul Sharma",100100000033,"NRI Savings Account","SBI Bhopal Branch 39","Bhopal","Deposit","RTGS",395399.93,668869.45,"Success","Cash deposit"
2171,"2024-10-15 16:50:09",114,"Harsh Reddy",100100000290,"NRI Savings Account","SBI Surat Branch 3","Surat","Withdrawal","NEFT",377513.31,209889.01,"Success","Cash withdrawal"
2172,"2026-02-26 04:47:22",197,"Rajesh Yadav",100100000223,"Savings Account","SBI Noida Branch 32","Noida","Deposit","Cheque",24094.22,24094.22,"Success","Cash deposit"
2173,"2024-01-05 22:55:39",57,"Divya Chauhan",100100000056,"Savings Account","SBI Bengaluru Branch 50","Bengaluru","Withdrawal","IMPS",274826.98,0.00,"Success","Cash withdrawal"
2174,"2024-02-29 00:30:14",85,"Kavita Nair",100100000084,"Current Account","SBI Bhubaneswar Branch 25","Bhubaneswar","Deposit","ATM",41512.58,0.00,"Failed","Cash deposit"
2175,"2022-01-21 21:14:34",193,"Vikas Verma",100100000192,"Savings Account","SBI Ahmedabad Branch 24","Ahmedabad","Charge","Cheque",234684.55,231484.92,"Success","Service charge"
2176,"2025-06-08 15:05:26",189,"Rajesh Pandey",100100000188,"Fixed Deposit Account","SBI Pune Branch 8","Pune","Transfer","Cash",110080.45,0.00,"Success","Fund transfer"
2177,"2024-08-30 16:05:42",5,"Amit Reddy",100100000234,"Savings Account","SBI Surat Branch 29","Surat","Transfer","UPI",171745.05,425263.09,"Success","Fund transfer"
2178,"2024-04-03 11:38:58",128,"Riya Mishra",100100000127,"Current Account","SBI Lucknow Branch 19","Lucknow","Transfer","UPI",2007.66,24848.34,"Success","Fund transfer"
2179,"2023-02-05 02:26:48",143,"Rohit Mishra",100100000277,"NRI Savings Account","SBI Patna Branch 9","Patna","Deposit","Cash",1437.07,1437.07,"Success","Cash deposit"
2180,"2025-09-25 19:35:57",189,"Rajesh Pandey",100100000188,"Fixed Deposit Account","SBI Pune Branch 8","Pune","Withdrawal","IMPS",354704.83,0.00,"Success","Cash withdrawal"
2181,"2025-10-09 09:04:42",134,"Nitin Sharma",100100000200,"Salary Account","SBI Pune Branch 43","Pune","Transfer","IMPS",132332.07,1044910.47,"Success","Fund transfer"
2182,"2022-09-05 10:54:46",88,"Arjun Kumar",100100000087,"Senior Citizen Savings Account","SBI Gurugram Branch 49","Gurugram","Withdrawal","ATM",377793.44,0.00,"Success","Cash withdrawal"
2183,"2023-08-02 16:02:11",43,"Shreya Singh",100100000042,"Savings Account","SBI Patna Branch 26","Patna","Interest","System",357725.46,904589.45,"Success","Interest credited"
2184,"2026-02-27 16:13:17",54,"Meena Singh",100100000053,"Senior Citizen Savings Account","SBI Pune Branch 11","Pune","Charge","Cheque",427486.22,178808.16,"Success","Service charge"
2185,"2025-05-20 12:21:16",155,"Manish Pandey",100100000154,"Fixed Deposit Account","SBI Pune Branch 11","Pune","Transfer","IMPS",404316.71,0.00,"Success","Fund transfer"
2186,"2025-03-23 06:32:07",33,"Deepak Jain",100100000032,"Student Account","SBI Lucknow Branch 19","Lucknow","Charge","Cheque",463296.03,267995.94,"Success","Service charge"
2187,"2024-10-21 03:19:42",64,"Riya Singh",100100000063,"Fixed Deposit Account","SBI Patna Branch 17","Patna","Interest","System",230348.74,420716.90,"Success","Interest credited"
2188,"2024-07-08 02:27:58",198,"Suresh Singh",100100000235,"NRI Savings Account","SBI Bengaluru Branch 38","Bengaluru","Withdrawal","NEFT",458296.46,1421888.05,"Pending","Cash withdrawal"
2189,"2022-06-04 02:51:50",102,"Asha Sinha",100100000101,"Student Account","SBI Bengaluru Branch 50","Bengaluru","Charge","ATM",23216.74,0.00,"Success","Service charge"
2190,"2022-01-07 12:32:28",21,"Anjali Yadav",100100000020,"Student Account","SBI Lucknow Branch 19","Lucknow","Transfer","UPI",90011.38,88051.64,"Success","Fund transfer"
2191,"2025-01-04 03:08:05",182,"Komal Gupta",100100000255,"Salary Account","SBI Noida Branch 18","Noida","Deposit","NEFT",67197.03,548659.28,"Success","Cash deposit"
2192,"2024-03-19 03:03:35",60,"Rahul Sinha",100100000059,"Savings Account","SBI Pune Branch 11","Pune","Deposit","ATM",493516.08,852435.74,"Success","Cash deposit"
2193,"2022-12-16 04:01:41",167,"Mohit Jain",100100000293,"Savings Account","SBI Ahmedabad Branch 24","Ahmedabad","Withdrawal","IMPS",295263.90,156287.61,"Success","Cash withdrawal"
2194,"2023-02-10 21:27:17",82,"Meena Gupta",100100000285,"NRI Savings Account","SBI Bhopal Branch 35","Bhopal","Withdrawal","NEFT",433515.95,0.00,"Success","Cash withdrawal"
2195,"2025-12-19 04:35:43",134,"Nitin Sharma",100100000133,"Savings Account","SBI Bengaluru Branch 50","Bengaluru","Transfer","Cash",383151.62,0.00,"Success","Fund transfer"
2196,"2023-10-31 20:21:10",133,"Priya Patel",100100000132,"NRI Savings Account","SBI Nagpur Branch 34","Nagpur","Deposit","NEFT",144318.20,643973.12,"Success","Cash deposit"
2197,"2024-09-14 21:55:40",90,"Sakshi Jain",100100000284,"Savings Account","SBI Patna Branch 17","Patna","Withdrawal","UPI",252892.44,813350.31,"Success","Cash withdrawal"
2198,"2022-11-12 13:37:51",60,"Rahul Sinha",100100000059,"Savings Account","SBI Pune Branch 11","Pune","Interest","System",163491.16,852435.74,"Failed","Interest credited"
2199,"2022-10-21 14:14:13",78,"Sneha Verma",100100000077,"Savings Account","SBI Bengaluru Branch 7","Bengaluru","Deposit","ATM",280337.46,597287.71,"Success","Cash deposit"
2200,"2023-07-20 11:41:24",111,"Shreya Singh",100100000204,"Savings Account","SBI Bengaluru Branch 7","Bengaluru","Interest","System",396592.11,1246879.10,"Success","Interest credited"
2201,"2023-10-01 02:16:46",130,"Pooja Pandey",100100000129,"Salary Account","SBI Noida Branch 47","Noida","Withdrawal","RTGS",149310.26,0.00,"Success","Cash withdrawal"
2202,"2025-05-14 16:11:15",53,"Arjun Jain",100100000052,"Student Account","SBI Delhi Branch 13","Delhi","Interest","System",380593.15,774106.89,"Success","Interest credited"
2203,"2023-10-09 20:43:23",71,"Sakshi Reddy",100100000070,"Fixed Deposit Account","SBI Pune Branch 43","Pune","Deposit","Cash",225358.98,0.00,"Pending","Cash deposit"
2204,"2022-05-20 00:00:13",35,"Ankit Gupta",100100000034,"Savings Account","SBI Bengaluru Branch 7","Bengaluru","Interest","System",16835.88,519475.08,"Success","Interest credited"
2205,"2022-02-17 23:36:05",131,"Divya Yadav",100100000130,"Student Account","SBI Bhopal Branch 37","Bhopal","Withdrawal","Cheque",390089.41,0.00,"Success","Cash withdrawal"
2206,"2023-04-15 10:55:02",178,"Arjun Kumar",100100000177,"Savings Account","SBI Lucknow Branch 12","Lucknow","Transfer","UPI",73002.26,631615.39,"Pending","Fund transfer"
2207,"2023-09-01 19:09:19",42,"Pooja Gupta",100100000211,"Current Account","SBI Chennai Branch 21","Chennai","Transfer","RTGS",224628.26,1118486.23,"Success","Fund transfer"
2208,"2023-11-28 03:08:20",18,"Vivek Verma",100100000017,"NRI Savings Account","SBI Bengaluru Branch 38","Bengaluru","Charge","Cheque",124007.35,1600119.86,"Success","Service charge"
2209,"2022-09-01 07:02:08",134,"Nitin Sharma",100100000200,"Salary Account","SBI Pune Branch 43","Pune","Withdrawal","IMPS",253430.04,1044910.47,"Failed","Cash withdrawal"
2210,"2025-04-12 00:08:19",110,"Rajesh Gupta",100100000109,"Student Account","SBI Pune Branch 43","Pune","Withdrawal","RTGS",400686.53,0.00,"Success","Cash withdrawal"
2211,"2023-05-25 23:16:07",11,"Komal Pandey",100100000010,"Savings Account","SBI Surat Branch 29","Surat","Charge","ATM",132863.36,687245.10,"Success","Service charge"
2212,"2025-12-18 09:50:45",195,"Amit Agarwal",100100000194,"Savings Account","SBI Surat Branch 3","Surat","Charge","Cheque",96664.01,204099.38,"Success","Service charge"
2213,"2022-06-23 16:16:19",86,"Komal Verma",100100000276,"Savings Account","SBI Chandigarh Branch 5","Chandigarh","Transfer","Cash",69740.53,0.00,"Success","Fund transfer"
2214,"2022-10-02 21:09:04",154,"Vikas Sharma",100100000153,"Savings Account","SBI Noida Branch 32","Noida","Deposit","IMPS",484005.80,639925.15,"Success","Cash deposit"
2215,"2022-09-19 07:43:45",50,"Suresh Chauhan",100100000049,"Current Account","SBI Bhubaneswar Branch 22","Bhubaneswar","Charge","ATM",201251.54,0.00,"Success","Service charge"
2216,"2022-06-01 05:18:27",53,"Arjun Jain",100100000052,"Student Account","SBI Delhi Branch 13","Delhi","Interest","System",68016.00,842122.89,"Success","Interest credited"
2217,"2025-11-25 09:33:49",82,"Meena Gupta",100100000081,"Student Account","SBI Noida Branch 28","Noida","Deposit","Cash",368101.24,368101.24,"Success","Cash deposit"
2218,"2026-03-07 13:18:25",138,"Sakshi Chauhan",100100000137,"Fixed Deposit Account","SBI Pune Branch 8","Pune","Withdrawal","IMPS",416649.52,0.00,"Success","Cash withdrawal"
2219,"2024-01-26 14:22:20",167,"Mohit Jain",100100000293,"Savings Account","SBI Ahmedabad Branch 24","Ahmedabad","Charge","ATM",54466.49,101821.12,"Success","Service charge"
2220,"2023-11-14 16:32:10",194,"Harsh Agarwal",100100000257,"Current Account","SBI Delhi Branch 14","Delhi","Transfer","NEFT",329654.31,198013.96,"Success","Fund transfer"
2221,"2026-02-09 03:36:05",54,"Meena Singh",100100000053,"Senior Citizen Savings Account","SBI Pune Branch 11","Pune","Withdrawal","RTGS",206094.52,0.00,"Success","Cash withdrawal"
2222,"2022-09-10 19:26:29",105,"Mohit Agarwal",100100000104,"Savings Account","SBI Kolkata Branch 42","Kolkata","Interest","System",58909.23,58909.23,"Success","Interest credited"
2223,"2024-06-21 21:00:23",176,"Rohit Sharma",100100000213,"Fixed Deposit Account","SBI Lucknow Branch 19","Lucknow","Transfer","RTGS",330879.85,0.00,"Success","Fund transfer"
2224,"2025-08-06 16:51:57",161,"Riya Singh",100100000160,"Savings Account","SBI Pune Branch 1","Pune","Interest","System",36427.22,357940.30,"Success","Interest credited"
2225,"2022-03-28 07:02:02",94,"Shreya Mishra",100100000264,"Savings Account","SBI Hyderabad Branch 41","Hyderabad","Deposit","Cheque",385840.84,1549537.63,"Success","Cash deposit"
2226,"2025-04-14 14:53:45",89,"Rahul Kumar",100100000088,"Savings Account","SBI Pune Branch 1","Pune","Withdrawal","NEFT",236345.51,0.00,"Success","Cash withdrawal"
2227,"2022-08-11 01:32:10",113,"Manish Yadav",100100000238,"Senior Citizen Savings Account","SBI Surat Branch 6","Surat","Charge","System",430957.92,350450.21,"Success","Service charge"
2228,"2025-08-26 06:00:02",77,"Anjali Mishra",100100000237,"Savings Account","SBI Kochi Branch 46","Kochi","Charge","Cheque",226996.92,0.00,"Success","Service charge"
2229,"2024-08-30 20:40:28",92,"Ritu Chauhan",100100000249,"NRI Savings Account","SBI Pune Branch 43","Pune","Transfer","ATM",78690.27,204301.23,"Success","Fund transfer"
2230,"2022-07-23 12:14:19",112,"Mohit Mishra",100100000111,"Salary Account","SBI Surat Branch 30","Surat","Interest","System",91974.11,91974.11,"Success","Interest credited"
2231,"2024-03-20 00:38:17",85,"Kavita Nair",100100000084,"Current Account","SBI Bhubaneswar Branch 25","Bhubaneswar","Charge","ATM",465663.75,0.00,"Success","Service charge"
2232,"2024-02-05 08:54:04",158,"Suresh Verma",100100000157,"Senior Citizen Savings Account","SBI Surat Branch 29","Surat","Interest","System",199030.52,199030.52,"Success","Interest credited"
2233,"2022-07-09 03:03:41",99,"Komal Jain",100100000098,"Savings Account","SBI Noida Branch 32","Noida","Deposit","RTGS",83420.86,518653.70,"Success","Cash deposit"
2234,"2025-10-16 07:15:06",14,"Sneha Nair",100100000013,"Fixed Deposit Account","SBI Nagpur Branch 34","Nagpur","Interest","System",392004.32,392004.32,"Success","Interest credited"
2235,"2023-05-28 15:36:42",116,"Riya Sinha",100100000115,"Salary Account","SBI Noida Branch 47","Noida","Deposit","IMPS",363998.26,697157.94,"Success","Cash deposit"
2236,"2026-01-27 22:50:43",55,"Vikas Kumar",100100000054,"Fixed Deposit Account","SBI Gurugram Branch 45","Gurugram","Charge","ATM",311520.07,0.00,"Success","Service charge"
2237,"2025-08-19 19:40:12",5,"Amit Reddy",100100000234,"Savings Account","SBI Surat Branch 29","Surat","Withdrawal","NEFT",286418.95,138844.14,"Success","Cash withdrawal"
2238,"2023-10-19 03:09:34",107,"Nitin Chauhan",100100000209,"Senior Citizen Savings Account","SBI Bengaluru Branch 7","Bengaluru","Withdrawal","NEFT",412560.54,0.00,"Success","Cash withdrawal"
2239,"2026-01-04 03:02:49",5,"Amit Reddy",100100000004,"Salary Account","SBI Bhopal Branch 39","Bhopal","Interest","System",483167.73,889281.86,"Success","Interest credited"
2240,"2026-01-18 22:36:04",151,"Pooja Patel",100100000150,"Fixed Deposit Account","SBI Gurugram Branch 49","Gurugram","Deposit","Cash",324102.81,324102.81,"Success","Cash deposit"
2241,"2023-07-12 17:31:07",104,"Harsh Pandey",100100000103,"Student Account","SBI Bhopal Branch 35","Bhopal","Interest","System",291280.82,291280.82,"Success","Interest credited"
2242,"2022-01-30 19:39:38",197,"Rajesh Yadav",100100000296,"Recurring Deposit Account","SBI Surat Branch 30","Surat","Withdrawal","RTGS",413173.82,216376.09,"Success","Cash withdrawal"
2243,"2024-07-26 03:36:47",198,"Suresh Singh",100100000197,"Recurring Deposit Account","SBI Nagpur Branch 34","Nagpur","Withdrawal","NEFT",472196.79,0.00,"Success","Cash withdrawal"
2244,"2023-10-23 13:07:14",7,"Neha Gupta",100100000006,"Savings Account","SBI Surat Branch 3","Surat","Interest","System",319718.78,319718.78,"Success","Interest credited"
2245,"2022-02-06 22:30:37",104,"Harsh Pandey",100100000103,"Student Account","SBI Bhopal Branch 35","Bhopal","Interest","System",441656.31,732937.13,"Success","Interest credited"
2246,"2025-08-27 06:25:46",8,"Neha Gupta",100100000007,"Senior Citizen Savings Account","SBI Delhi Branch 14","Delhi","Deposit","IMPS",408222.46,960693.58,"Success","Cash deposit"
2247,"2022-11-29 15:22:34",172,"Komal Patel",100100000171,"Salary Account","SBI Kochi Branch 46","Kochi","Withdrawal","Cash",112400.83,0.00,"Success","Cash withdrawal"
2248,"2026-01-19 20:53:56",148,"Harsh Sharma",100100000147,"NRI Savings Account","SBI Lucknow Branch 12","Lucknow","Transfer","Cash",73495.15,491722.22,"Success","Fund transfer"
2249,"2024-02-16 14:54:32",56,"Vikas Reddy",100100000055,"Senior Citizen Savings Account","SBI Surat Branch 3","Surat","Interest","System",312840.54,654791.44,"Success","Interest credited"
2250,"2026-02-18 21:01:41",160,"Arjun Chauhan",100100000159,"Salary Account","SBI Bengaluru Branch 15","Bengaluru","Charge","ATM",72957.40,238783.76,"Success","Service charge"
2251,"2022-03-27 18:42:32",93,"Arjun Sinha",100100000092,"Current Account","SBI Bengaluru Branch 38","Bengaluru","Transfer","IMPS",325500.76,0.00,"Success","Fund transfer"
2252,"2024-10-07 15:53:53",6,"Meena Singh",100100000005,"Savings Account","SBI Nagpur Branch 34","Nagpur","Charge","System",27643.32,0.00,"Success","Service charge"
2253,"2025-02-08 00:37:52",122,"Ritu Pandey",100100000121,"Student Account","SBI Lucknow Branch 19","Lucknow","Interest","System",145544.59,734186.09,"Success","Interest credited"
2254,"2023-05-24 18:43:54",101,"Rohit Yadav",100100000100,"Senior Citizen Savings Account","SBI Bengaluru Branch 38","Bengaluru","Withdrawal","UPI",350668.20,0.00,"Success","Cash withdrawal"
2255,"2024-02-18 21:44:46",94,"Shreya Mishra",100100000264,"Savings Account","SBI Hyderabad Branch 41","Hyderabad","Interest","System",222634.14,1772171.77,"Success","Interest credited"
2256,"2022-10-25 15:59:11",157,"Meena Mishra",100100000156,"Savings Account","SBI Bhubaneswar Branch 22","Bhubaneswar","Deposit","ATM",2654.61,67082.80,"Success","Cash deposit"
2257,"2023-09-12 00:09:20",195,"Amit Agarwal",100100000279,"Current Account","SBI Patna Branch 17","Patna","Charge","Cheque",330085.50,470163.02,"Success","Service charge"
2258,"2025-08-21 02:17:15",55,"Vikas Kumar",100100000261,"Salary Account","SBI Gurugram Branch 33","Gurugram","Deposit","RTGS",326723.17,784080.41,"Success","Cash deposit"
2259,"2023-06-13 02:06:50",50,"Suresh Chauhan",100100000251,"Fixed Deposit Account","SBI Surat Branch 30","Surat","Interest","System",491200.46,1908204.68,"Success","Interest credited"
2260,"2022-04-10 08:10:14",173,"Shreya Reddy",100100000172,"NRI Savings Account","SBI Hyderabad Branch 41","Hyderabad","Interest","System",423485.05,423485.05,"Success","Interest credited"
2261,"2022-07-25 03:50:17",61,"Sakshi Pandey",100100000060,"Savings Account","SBI Kolkata Branch 42","Kolkata","Charge","Cheque",446477.05,0.00,"Success","Service charge"
2262,"2025-02-09 01:05:38",116,"Riya Sinha",100100000115,"Salary Account","SBI Noida Branch 47","Noida","Withdrawal","NEFT",62897.68,634260.26,"Success","Cash withdrawal"
2263,"2022-07-28 12:40:44",183,"Neha Nair",100100000182,"Savings Account","SBI Hyderabad Branch 41","Hyderabad","Interest","System",451679.11,451679.11,"Success","Interest credited"
2264,"2025-04-08 19:48:36",3,"Amit Kumar",100100000002,"Savings Account","SBI Kolkata Branch 42","Kolkata","Charge","System",128401.53,157105.17,"Success","Service charge"
2265,"2026-06-10 13:15:39",171,"Vikas Patel",100100000263,"Salary Account","SBI Bengaluru Branch 16","Bengaluru","Transfer","Cash",41501.83,148874.62,"Success","Fund transfer"
2266,"2025-03-12 01:22:10",99,"Komal Jain",100100000098,"Savings Account","SBI Noida Branch 32","Noida","Interest","System",167162.98,685816.68,"Success","Interest credited"
2267,"2025-03-28 22:02:14",47,"Priya Sharma",100100000219,"NRI Savings Account","SBI Chandigarh Branch 5","Chandigarh","Interest","System",241300.71,241300.71,"Success","Interest credited"
2268,"2025-09-28 13:23:59",188,"Nitin Jain",100100000187,"Recurring Deposit Account","SBI Patna Branch 9","Patna","Interest","System",395146.58,1038048.30,"Success","Interest credited"
2269,"2023-09-08 19:05:00",21,"Anjali Yadav",100100000020,"Student Account","SBI Lucknow Branch 19","Lucknow","Charge","Cheque",58492.97,29558.67,"Success","Service charge"
2270,"2026-01-30 15:28:59",35,"Ankit Gupta",100100000034,"Savings Account","SBI Bengaluru Branch 7","Bengaluru","Withdrawal","NEFT",446642.33,72832.75,"Success","Cash withdrawal"
2271,"2023-01-19 19:58:21",168,"Meena Gupta",100100000289,"Senior Citizen Savings Account","SBI Gurugram Branch 48","Gurugram","Withdrawal","RTGS",171996.07,0.00,"Success","Cash withdrawal"
2272,"2023-02-17 09:55:44",199,"Sneha Agarwal",100100000198,"Senior Citizen Savings Account","SBI Surat Branch 4","Surat","Deposit","Cheque",4384.06,694125.26,"Success","Cash deposit"
2273,"2023-05-14 12:10:02",49,"Amit Sinha",100100000048,"Senior Citizen Savings Account","SBI Bhopal Branch 39","Bhopal","Transfer","Cash",385957.43,0.00,"Success","Fund transfer"
2274,"2025-02-28 13:34:27",183,"Neha Nair",100100000244,"Savings Account","SBI Bhubaneswar Branch 22","Bhubaneswar","Withdrawal","ATM",386070.07,0.00,"Success","Cash withdrawal"
2275,"2024-03-03 09:35:07",188,"Nitin Jain",100100000266,"Current Account","SBI Nagpur Branch 31","Nagpur","Charge","Cheque",279596.71,0.00,"Success","Service charge"
2276,"2026-05-23 19:47:28",183,"Neha Nair",100100000182,"Savings Account","SBI Hyderabad Branch 41","Hyderabad","Interest","System",295539.74,747218.85,"Success","Interest credited"
2277,"2024-12-26 16:36:26",5,"Amit Reddy",100100000004,"Salary Account","SBI Bhopal Branch 39","Bhopal","Charge","System",12576.52,876705.34,"Success","Service charge"
2278,"2023-07-04 14:35:31",106,"Arjun Nair",100100000298,"Savings Account","SBI Noida Branch 47","Noida","Interest","System",374504.08,612648.50,"Success","Interest credited"
2279,"2025-01-26 16:08:02",171,"Vikas Patel",100100000170,"Student Account","SBI Gurugram Branch 36","Gurugram","Charge","Cheque",6417.30,537942.26,"Success","Service charge"
2280,"2023-06-22 05:25:32",163,"Anjali Gupta",100100000212,"Current Account","SBI Delhi Branch 14","Delhi","Withdrawal","NEFT",5177.81,0.00,"Success","Cash withdrawal"
2281,"2026-04-01 18:42:11",32,"Ankit Reddy",100100000031,"Recurring Deposit Account","SBI Bengaluru Branch 7","Bengaluru","Deposit","UPI",5673.80,443251.56,"Success","Cash deposit"
2282,"2026-01-23 19:36:24",62,"Ritu Yadav",100100000061,"Recurring Deposit Account","SBI Noida Branch 2","Noida","Deposit","RTGS",309454.66,1184605.89,"Success","Cash deposit"
2283,"2022-07-11 05:29:50",127,"Anjali Verma",100100000126,"Salary Account","SBI Ahmedabad Branch 24","Ahmedabad","Transfer","NEFT",264346.74,35107.33,"Success","Fund transfer"
2284,"2025-05-24 19:07:10",33,"Deepak Jain",100100000210,"Savings Account","SBI Pune Branch 43","Pune","Deposit","UPI",76341.42,226804.59,"Success","Cash deposit"
2285,"2025-03-14 03:34:10",3,"Amit Kumar",100100000240,"Savings Account","SBI Bhubaneswar Branch 25","Bhubaneswar","Deposit","RTGS",183956.30,1148841.97,"Success","Cash deposit"
2286,"2023-11-30 06:31:07",167,"Mohit Jain",100100000293,"Savings Account","SBI Ahmedabad Branch 24","Ahmedabad","Transfer","Cash",252365.01,0.00,"Success","Fund transfer"
2287,"2023-09-06 23:12:40",64,"Riya Singh",100100000063,"Fixed Deposit Account","SBI Patna Branch 17","Patna","Interest","System",400147.99,820864.89,"Success","Interest credited"
2288,"2023-11-04 03:28:27",55,"Vikas Kumar",100100000054,"Fixed Deposit Account","SBI Gurugram Branch 45","Gurugram","Deposit","Cash",84140.06,84140.06,"Success","Cash deposit"
2289,"2024-06-12 02:28:43",95,"Rahul Kumar",100100000241,"Savings Account","SBI Delhi Branch 13","Delhi","Interest","System",313035.93,552170.56,"Success","Interest credited"
2290,"2022-06-21 09:12:06",22,"Asha Pandey",100100000021,"Student Account","SBI Gurugram Branch 33","Gurugram","Interest","System",463868.78,1152502.69,"Success","Interest credited"
2291,"2025-11-18 21:28:21",110,"Rajesh Gupta",100100000109,"Student Account","SBI Pune Branch 43","Pune","Deposit","UPI",442345.91,442345.91,"Success","Cash deposit"
2292,"2023-09-23 23:48:14",91,"Amit Chauhan",100100000090,"Salary Account","SBI Nagpur Branch 31","Nagpur","Charge","Cheque",278583.12,0.00,"Success","Service charge"
2293,"2022-12-28 15:13:23",110,"Rajesh Gupta",100100000109,"Student Account","SBI Pune Branch 43","Pune","Transfer","RTGS",32744.81,442345.91,"Failed","Fund transfer"
2294,"2025-10-29 19:37:22",115,"Nidhi Agarwal",100100000233,"Salary Account","SBI Gurugram Branch 49","Gurugram","Transfer","IMPS",188409.84,0.00,"Pending","Fund transfer"
2295,"2024-02-17 02:39:26",11,"Komal Pandey",100100000010,"Savings Account","SBI Surat Branch 29","Surat","Withdrawal","NEFT",333431.62,687245.10,"Failed","Cash withdrawal"
2296,"2024-06-08 18:04:48",183,"Neha Nair",100100000244,"Savings Account","SBI Bhubaneswar Branch 22","Bhubaneswar","Deposit","RTGS",422854.76,422854.76,"Success","Cash deposit"
2297,"2023-04-22 23:54:44",7,"Neha Gupta",100100000006,"Savings Account","SBI Surat Branch 3","Surat","Deposit","Cheque",87287.91,407006.69,"Success","Cash deposit"
2298,"2024-01-23 10:26:55",50,"Suresh Chauhan",100100000218,"Recurring Deposit Account","SBI Lucknow Branch 19","Lucknow","Charge","ATM",364277.90,0.00,"Success","Service charge"
2299,"2023-05-15 02:58:45",14,"Sneha Nair",100100000013,"Fixed Deposit Account","SBI Nagpur Branch 34","Nagpur","Deposit","Cash",392544.54,784548.86,"Success","Cash deposit"
2300,"2026-02-10 20:52:56",174,"Meena Verma",100100000173,"Savings Account","SBI Chennai Branch 40","Chennai","Interest","System",242132.31,343472.40,"Pending","Interest credited"
2301,"2024-11-15 13:13:18",83,"Nitin Verma",100100000286,"Salary Account","SBI Chennai Branch 40","Chennai","Charge","Cheque",195001.76,905456.95,"Success","Service charge"
2302,"2022-02-27 03:12:11",197,"Rajesh Yadav",100100000223,"Savings Account","SBI Noida Branch 32","Noida","Charge","System",260806.34,0.00,"Success","Service charge"
2303,"2023-08-17 17:50:58",17,"Komal Patel",100100000275,"Savings Account","SBI Surat Branch 44","Surat","Deposit","IMPS",98293.81,490511.89,"Success","Cash deposit"
2304,"2025-03-02 15:31:12",117,"Priya Patel",100100000116,"NRI Savings Account","SBI Chennai Branch 40","Chennai","Withdrawal","RTGS",36809.47,364477.38,"Success","Cash withdrawal"
2305,"2022-11-28 17:56:14",127,"Anjali Verma",100100000126,"Salary Account","SBI Ahmedabad Branch 24","Ahmedabad","Withdrawal","Cheque",933.44,34173.89,"Success","Cash withdrawal"
2306,"2026-04-11 21:44:03",190,"Divya Kumar",100100000189,"Recurring Deposit Account","SBI Noida Branch 47","Noida","Withdrawal","RTGS",331058.67,0.00,"Success","Cash withdrawal"
2307,"2024-02-07 19:27:20",54,"Meena Singh",100100000053,"Senior Citizen Savings Account","SBI Pune Branch 11","Pune","Interest","System",363194.87,363194.87,"Success","Interest credited"
2308,"2024-03-26 04:13:57",120,"Nidhi Agarwal",100100000119,"Savings Account","SBI Kolkata Branch 42","Kolkata","Charge","System",470749.76,0.00,"Success","Service charge"
2309,"2023-04-23 19:29:10",191,"Asha Sharma",100100000265,"Current Account","SBI Pune Branch 8","Pune","Charge","ATM",267955.33,0.00,"Success","Service charge"
2310,"2023-05-07 01:57:30",66,"Harsh Sinha",100100000065,"Recurring Deposit Account","SBI Bhubaneswar Branch 22","Bhubaneswar","Interest","System",255963.22,484725.41,"Success","Interest credited"
2311,"2022-07-30 16:42:34",45,"Vikas Patel",100100000044,"Fixed Deposit Account","SBI Noida Branch 47","Noida","Charge","Cheque",74404.14,0.00,"Success","Service charge"
2312,"2022-09-06 05:35:21",156,"Shreya Yadav",100100000155,"Recurring Deposit Account","SBI Bhubaneswar Branch 22","Bhubaneswar","Withdrawal","RTGS",299602.46,91640.73,"Success","Cash withdrawal"
2313,"2022-10-09 08:42:27",78,"Sneha Verma",100100000216,"Savings Account","SBI Bengaluru Branch 15","Bengaluru","Interest","System",50245.40,50245.40,"Success","Interest credited"
2314,"2022-03-22 11:54:19",134,"Nitin Sharma",100100000133,"Savings Account","SBI Bengaluru Branch 50","Bengaluru","Transfer","Cash",96650.09,0.00,"Success","Fund transfer"
2315,"2022-04-02 08:51:42",176,"Rohit Sharma",100100000175,"Savings Account","SBI Noida Branch 47","Noida","Interest","System",204077.55,444770.65,"Success","Interest credited"
2316,"2023-04-13 15:39:02",191,"Asha Sharma",100100000295,"Senior Citizen Savings Account","SBI Gurugram Branch 36","Gurugram","Transfer","UPI",255109.38,625602.16,"Success","Fund transfer"
2317,"2024-07-01 20:37:25",143,"Rohit Mishra",100100000277,"NRI Savings Account","SBI Patna Branch 9","Patna","Interest","System",128946.83,130383.90,"Success","Interest credited"
2318,"2024-07-04 03:41:50",121,"Manish Agarwal",100100000120,"Savings Account","SBI Indore Branch 27","Indore","Deposit","UPI",404193.73,700106.83,"Success","Cash deposit"
2319,"2024-05-09 01:01:47",53,"Arjun Jain",100100000052,"Student Account","SBI Delhi Branch 13","Delhi","Withdrawal","Cheque",186394.56,655728.33,"Success","Cash withdrawal"
2320,"2024-07-12 06:06:39",43,"Shreya Singh",100100000042,"Savings Account","SBI Patna Branch 26","Patna","Transfer","RTGS",478650.73,425938.72,"Success","Fund transfer"
2321,"2023-05-25 10:37:04",160,"Arjun Chauhan",100100000159,"Salary Account","SBI Bengaluru Branch 15","Bengaluru","Charge","Cheque",114571.62,124212.14,"Success","Service charge"
2322,"2023-12-04 23:35:42",83,"Nitin Verma",100100000286,"Salary Account","SBI Chennai Branch 40","Chennai","Withdrawal","Cash",17092.34,888364.61,"Success","Cash withdrawal"
2323,"2025-04-21 03:37:34",43,"Shreya Singh",100100000042,"Savings Account","SBI Patna Branch 26","Patna","Withdrawal","ATM",2771.06,423167.66,"Success","Cash withdrawal"
2324,"2022-12-15 22:27:27",101,"Rohit Yadav",100100000100,"Senior Citizen Savings Account","SBI Bengaluru Branch 38","Bengaluru","Deposit","NEFT",244388.09,244388.09,"Success","Cash deposit"
2325,"2023-01-14 21:28:42",79,"Vikas Agarwal",100100000078,"Student Account","SBI Surat Branch 4","Surat","Deposit","RTGS",225463.44,307893.34,"Success","Cash deposit"
2326,"2025-09-11 14:32:47",14,"Sneha Nair",100100000013,"Fixed Deposit Account","SBI Nagpur Branch 34","Nagpur","Charge","System",161414.90,623133.96,"Success","Service charge"
2327,"2023-09-14 19:58:50",111,"Shreya Singh",100100000220,"Senior Citizen Savings Account","SBI Indore Branch 27","Indore","Transfer","Cheque",28005.27,41993.15,"Success","Fund transfer"
2328,"2024-09-06 18:05:46",17,"Komal Patel",100100000275,"Savings Account","SBI Surat Branch 44","Surat","Charge","ATM",176056.23,314455.66,"Success","Service charge"
2329,"2022-05-28 14:35:46",195,"Amit Agarwal",100100000194,"Savings Account","SBI Surat Branch 3","Surat","Interest","System",411757.20,615856.58,"Success","Interest credited"
2330,"2025-01-08 11:31:44",185,"Rahul Kumar",100100000281,"Senior Citizen Savings Account","SBI Surat Branch 30","Surat","Interest","System",221859.30,603778.27,"Success","Interest credited"
2331,"2023-03-11 20:27:24",3,"Amit Kumar",100100000002,"Savings Account","SBI Kolkata Branch 42","Kolkata","Interest","System",137204.77,294309.94,"Success","Interest credited"
2332,"2022-03-19 23:19:58",44,"Meena Reddy",100100000043,"Senior Citizen Savings Account","SBI Gurugram Branch 49","Gurugram","Interest","System",278896.64,899959.98,"Success","Interest credited"
2333,"2022-01-24 07:50:08",12,"Vivek Mishra",100100000011,"Student Account","SBI Gurugram Branch 36","Gurugram","Charge","ATM",395487.73,0.00,"Success","Service charge"
2334,"2025-01-15 12:13:52",44,"Meena Reddy",100100000043,"Senior Citizen Savings Account","SBI Gurugram Branch 49","Gurugram","Transfer","UPI",164577.67,735382.31,"Success","Fund transfer"
2335,"2024-05-20 00:22:37",5,"Amit Reddy",100100000004,"Salary Account","SBI Bhopal Branch 39","Bhopal","Charge","Cheque",431755.68,444949.66,"Success","Service charge"
2336,"2024-12-27 03:43:19",88,"Arjun Kumar",100100000273,"NRI Savings Account","SBI Bengaluru Branch 50","Bengaluru","Deposit","IMPS",125001.89,273594.95,"Success","Cash deposit"
2337,"2023-07-22 02:32:34",129,"Priya Gupta",100100000128,"NRI Savings Account","SBI Noida Branch 47","Noida","Charge","System",416533.64,0.00,"Success","Service charge"
2338,"2022-10-28 15:36:52",104,"Harsh Pandey",100100000103,"Student Account","SBI Bhopal Branch 35","Bhopal","Deposit","Cheque",338473.76,1071410.89,"Success","Cash deposit"
2339,"2024-02-18 22:25:17",158,"Suresh Verma",100100000157,"Senior Citizen Savings Account","SBI Surat Branch 29","Surat","Deposit","NEFT",446628.05,645658.57,"Success","Cash deposit"
2340,"2025-05-01 06:04:23",178,"Arjun Kumar",100100000208,"NRI Savings Account","SBI Gurugram Branch 49","Gurugram","Charge","ATM",369032.58,0.00,"Success","Service charge"
2341,"2025-03-12 15:49:59",88,"Arjun Kumar",100100000087,"Senior Citizen Savings Account","SBI Gurugram Branch 49","Gurugram","Deposit","IMPS",426445.38,426445.38,"Success","Cash deposit"
2342,"2022-04-28 05:15:13",42,"Pooja Gupta",100100000211,"Current Account","SBI Chennai Branch 21","Chennai","Interest","System",38353.40,1156839.63,"Success","Interest credited"
2343,"2025-07-14 15:12:27",192,"Deepak Reddy",100100000228,"Salary Account","SBI Kolkata Branch 42","Kolkata","Interest","System",39619.45,315868.98,"Pending","Interest credited"
2344,"2022-03-03 22:24:28",52,"Harsh Mishra",100100000051,"Savings Account","SBI Gurugram Branch 49","Gurugram","Transfer","IMPS",498997.92,413272.91,"Success","Fund transfer"
2345,"2022-01-03 12:36:41",27,"Sakshi Sinha",100100000026,"Student Account","SBI Bhopal Branch 37","Bhopal","Deposit","UPI",281210.67,281210.67,"Success","Cash deposit"
2346,"2022-02-09 04:20:13",113,"Manish Yadav",100100000112,"Senior Citizen Savings Account","SBI Surat Branch 4","Surat","Transfer","Cheque",464795.31,45858.24,"Success","Fund transfer"
2347,"2022-06-08 18:42:32",66,"Harsh Sinha",100100000065,"Recurring Deposit Account","SBI Bhubaneswar Branch 22","Bhubaneswar","Interest","System",144676.91,629402.32,"Success","Interest credited"
2348,"2026-04-07 19:10:58",5,"Amit Reddy",100100000004,"Salary Account","SBI Bhopal Branch 39","Bhopal","Deposit","RTGS",310381.16,755330.82,"Success","Cash deposit"
2349,"2023-08-01 03:50:49",191,"Asha Sharma",100100000248,"Student Account","SBI Bengaluru Branch 15","Bengaluru","Charge","ATM",406751.32,90924.30,"Success","Service charge"
2350,"2026-04-08 00:52:02",11,"Komal Pandey",100100000010,"Savings Account","SBI Surat Branch 29","Surat","Transfer","ATM",308991.68,378253.42,"Success","Fund transfer"
2351,"2023-11-22 23:44:56",93,"Arjun Sinha",100100000092,"Current Account","SBI Bengaluru Branch 38","Bengaluru","Deposit","IMPS",369735.38,369735.38,"Success","Cash deposit"
2352,"2022-08-03 23:45:44",179,"Ritu Mishra",100100000260,"Savings Account","SBI Bengaluru Branch 16","Bengaluru","Withdrawal","RTGS",133619.46,0.00,"Success","Cash withdrawal"
2353,"2022-07-26 08:25:11",47,"Priya Sharma",100100000259,"Savings Account","SBI Bengaluru Branch 15","Bengaluru","Deposit","IMPS",273325.43,273325.43,"Success","Cash deposit"
2354,"2025-02-27 19:11:52",61,"Sakshi Pandey",100100000060,"Savings Account","SBI Kolkata Branch 42","Kolkata","Deposit","Cash",316603.87,0.00,"Pending","Cash deposit"
2355,"2025-05-02 20:45:12",200,"Harsh Mishra",100100000225,"Salary Account","SBI Gurugram Branch 36","Gurugram","Deposit","NEFT",279160.47,899281.86,"Success","Cash deposit"
2356,"2026-06-04 19:52:14",118,"Sneha Singh",100100000117,"Savings Account","SBI Bengaluru Branch 15","Bengaluru","Charge","System",264416.17,191068.19,"Success","Service charge"
2357,"2026-04-23 08:06:26",191,"Asha Sharma",100100000190,"Current Account","SBI Nagpur Branch 34","Nagpur","Charge","ATM",486949.00,0.00,"Success","Service charge"
2358,"2025-04-29 04:34:42",98,"Suresh Sharma",100100000097,"Fixed Deposit Account","SBI Kolkata Branch 42","Kolkata","Transfer","Cash",307377.05,302157.36,"Success","Fund transfer"
2359,"2025-10-09 07:58:39",175,"Pooja Jain",100100000174,"Fixed Deposit Account","SBI Pune Branch 11","Pune","Transfer","IMPS",409480.29,0.00,"Success","Fund transfer"
2360,"2025-10-29 16:53:33",114,"Harsh Reddy",100100000205,"Current Account","SBI Chennai Branch 40","Chennai","Charge","ATM",86053.45,682965.01,"Success","Service charge"
2361,"2022-08-20 08:13:24",111,"Shreya Singh",100100000110,"Recurring Deposit Account","SBI Noida Branch 2","Noida","Deposit","Cash",448680.70,1313794.82,"Success","Cash deposit"
2362,"2025-03-24 05:14:54",149,"Anjali Mishra",100100000148,"Student Account","SBI Bengaluru Branch 7","Bengaluru","Deposit","IMPS",449868.81,940271.15,"Success","Cash deposit"
2363,"2022-04-26 03:06:11",116,"Riya Sinha",100100000115,"Salary Account","SBI Noida Branch 47","Noida","Interest","System",305693.53,939953.79,"Success","Interest credited"
2364,"2024-11-15 03:49:01",5,"Amit Reddy",100100000234,"Savings Account","SBI Surat Branch 29","Surat","Interest","System",471291.90,610136.04,"Success","Interest credited"
2365,"2022-01-27 08:02:15",138,"Sakshi Chauhan",100100000247,"Student Account","SBI Chennai Branch 21","Chennai","Transfer","IMPS",444499.39,419484.07,"Pending","Fund transfer"
2366,"2026-06-02 07:23:46",53,"Arjun Jain",100100000052,"Student Account","SBI Delhi Branch 13","Delhi","Deposit","NEFT",463951.43,1119679.76,"Success","Cash deposit"
2367,"2022-05-05 10:30:35",161,"Riya Singh",100100000253,"Senior Citizen Savings Account","SBI Chennai Branch 40","Chennai","Interest","System",431134.31,779305.60,"Success","Interest credited"
2368,"2023-05-11 07:55:53",82,"Meena Gupta",100100000202,"Recurring Deposit Account","SBI Ahmedabad Branch 24","Ahmedabad","Charge","Cheque",448631.78,0.00,"Success","Service charge"
2369,"2025-02-16 14:47:12",145,"Nidhi Nair",100100000299,"Student Account","SBI Surat Branch 10","Surat","Withdrawal","UPI",385472.32,0.00,"Success","Cash withdrawal"
2370,"2023-08-07 20:35:24",163,"Anjali Gupta",100100000162,"Savings Account","SBI Ahmedabad Branch 24","Ahmedabad","Transfer","ATM",409232.29,217848.69,"Success","Fund transfer"
2371,"2024-10-15 11:40:30",178,"Arjun Kumar",100100000208,"NRI Savings Account","SBI Gurugram Branch 49","Gurugram","Interest","System",211048.73,211048.73,"Success","Interest credited"
2372,"2023-01-01 19:20:20",33,"Deepak Jain",100100000032,"Student Account","SBI Lucknow Branch 19","Lucknow","Charge","System",98873.62,169122.32,"Success","Service charge"
2373,"2025-03-03 19:06:59",122,"Ritu Pandey",100100000121,"Student Account","SBI Lucknow Branch 19","Lucknow","Transfer","NEFT",375868.75,358317.34,"Success","Fund transfer"
2374,"2026-04-29 21:58:59",35,"Ankit Gupta",100100000034,"Savings Account","SBI Bengaluru Branch 7","Bengaluru","Deposit","NEFT",484526.16,557358.91,"Success","Cash deposit"
2375,"2024-08-22 22:34:43",14,"Sneha Nair",100100000013,"Fixed Deposit Account","SBI Nagpur Branch 34","Nagpur","Charge","ATM",304170.25,318963.71,"Success","Service charge"
2376,"2024-04-12 14:07:08",102,"Asha Sinha",100100000101,"Student Account","SBI Bengaluru Branch 50","Bengaluru","Transfer","IMPS",116710.17,0.00,"Success","Fund transfer"
2377,"2025-05-15 05:25:31",30,"Vikas Gupta",100100000221,"Savings Account","SBI Noida Branch 2","Noida","Interest","System",174624.25,497809.75,"Success","Interest credited"
2378,"2026-05-27 06:21:10",107,"Nitin Chauhan",100100000106,"Current Account","SBI Lucknow Branch 12","Lucknow","Interest","System",363713.93,363713.93,"Success","Interest credited"
2379,"2026-03-13 06:39:13",189,"Rajesh Pandey",100100000254,"Fixed Deposit Account","SBI Kolkata Branch 42","Kolkata","Charge","ATM",91740.65,0.00,"Success","Service charge"
2380,"2023-04-30 07:45:21",92,"Ritu Chauhan",100100000291,"Savings Account","SBI Chandigarh Branch 5","Chandigarh","Withdrawal","IMPS",90806.20,294299.43,"Success","Cash withdrawal"
2381,"2023-06-08 05:25:38",165,"Riya Kumar",100100000164,"Recurring Deposit Account","SBI Surat Branch 6","Surat","Withdrawal","NEFT",64002.96,449110.49,"Success","Cash withdrawal"
2382,"2022-04-16 22:58:54",191,"Asha Sharma",100100000295,"Senior Citizen Savings Account","SBI Gurugram Branch 36","Gurugram","Transfer","Cheque",21823.65,603778.51,"Success","Fund transfer"
2383,"2023-01-02 22:30:53",167,"Mohit Jain",100100000293,"Savings Account","SBI Ahmedabad Branch 24","Ahmedabad","Withdrawal","IMPS",410892.66,0.00,"Success","Cash withdrawal"
2384,"2026-06-09 18:47:06",95,"Rahul Kumar",100100000094,"Savings Account","SBI Bhubaneswar Branch 25","Bhubaneswar","Deposit","Cheque",270515.99,482866.37,"Success","Cash deposit"
2385,"2022-01-06 01:50:18",143,"Rohit Mishra",100100000252,"Recurring Deposit Account","SBI Gurugram Branch 49","Gurugram","Transfer","Cash",228336.15,651493.31,"Success","Fund transfer"
2386,"2025-08-13 12:01:17",90,"Sakshi Jain",100100000292,"Recurring Deposit Account","SBI Bengaluru Branch 16","Bengaluru","Transfer","ATM",262449.55,0.00,"Success","Fund transfer"
2387,"2025-11-13 02:35:37",126,"Rahul Kumar",100100000125,"Current Account","SBI Chennai Branch 40","Chennai","Transfer","UPI",300914.80,1003489.97,"Pending","Fund transfer"
2388,"2023-09-23 13:51:53",78,"Sneha Verma",100100000077,"Savings Account","SBI Bengaluru Branch 7","Bengaluru","Charge","ATM",395959.31,201328.40,"Success","Service charge"
2389,"2026-01-18 12:50:37",82,"Meena Gupta",100100000081,"Student Account","SBI Noida Branch 28","Noida","Transfer","RTGS",287097.23,81004.01,"Success","Fund transfer"
2390,"2024-01-17 20:03:56",171,"Vikas Patel",100100000170,"Student Account","SBI Gurugram Branch 36","Gurugram","Withdrawal","Cash",65047.29,472894.97,"Success","Cash withdrawal"
2391,"2026-02-24 22:01:17",7,"Neha Gupta",100100000006,"Savings Account","SBI Surat Branch 3","Surat","Charge","ATM",32284.95,374721.74,"Success","Service charge"
2392,"2024-08-11 04:35:32",69,"Ritu Pandey",100100000068,"NRI Savings Account","SBI Surat Branch 30","Surat","Interest","System",125587.72,125587.72,"Success","Interest credited"
2393,"2025-07-27 09:50:22",87,"Rajesh Agarwal",100100000086,"Savings Account","SBI Chennai Branch 40","Chennai","Deposit","IMPS",169595.90,200828.56,"Success","Cash deposit"
2394,"2024-11-09 01:21:18",130,"Pooja Pandey",100100000129,"Salary Account","SBI Noida Branch 47","Noida","Interest","System",290384.33,290384.33,"Success","Interest credited"
2395,"2025-12-19 06:58:22",196,"Manish Chauhan",100100000195,"Fixed Deposit Account","SBI Pune Branch 11","Pune","Withdrawal","RTGS",202729.41,0.00,"Success","Cash withdrawal"
2396,"2024-12-05 23:02:41",189,"Rajesh Pandey",100100000254,"Fixed Deposit Account","SBI Kolkata Branch 42","Kolkata","Withdrawal","UPI",116824.47,0.00,"Success","Cash withdrawal"
2397,"2022-07-24 23:24:27",149,"Anjali Mishra",100100000148,"Student Account","SBI Bengaluru Branch 7","Bengaluru","Withdrawal","NEFT",438350.75,940271.15,"Pending","Cash withdrawal"
2398,"2025-01-30 18:17:27",191,"Asha Sharma",100100000248,"Student Account","SBI Bengaluru Branch 15","Bengaluru","Transfer","NEFT",497473.17,0.00,"Success","Fund transfer"
2399,"2024-10-05 02:41:01",115,"Nidhi Agarwal",100100000114,"Current Account","SBI Noida Branch 28","Noida","Transfer","ATM",61189.98,0.00,"Success","Fund transfer"
2400,"2022-05-01 12:54:01",170,"Manish Verma",100100000271,"Current Account","SBI Bhopal Branch 23","Bhopal","Deposit","IMPS",337497.53,337497.53,"Success","Cash deposit"
2401,"2023-07-17 22:21:14",134,"Nitin Sharma",100100000133,"Savings Account","SBI Bengaluru Branch 50","Bengaluru","Interest","System",362416.39,362416.39,"Success","Interest credited"
2402,"2023-10-23 16:26:47",10,"Divya Patel",100100000009,"NRI Savings Account","SBI Nagpur Branch 34","Nagpur","Interest","System",417923.43,1016290.35,"Success","Interest credited"
2403,"2025-04-02 19:29:36",151,"Pooja Patel",100100000150,"Fixed Deposit Account","SBI Gurugram Branch 49","Gurugram","Withdrawal","RTGS",21667.33,302435.48,"Success","Cash withdrawal"
2404,"2024-01-01 01:40:27",200,"Harsh Mishra",100100000225,"Salary Account","SBI Gurugram Branch 36","Gurugram","Withdrawal","UPI",473952.15,425329.71,"Success","Cash withdrawal"
2405,"2024-12-27 11:47:09",145,"Nidhi Nair",100100000144,"Senior Citizen Savings Account","SBI Noida Branch 2","Noida","Charge","System",369275.60,0.00,"Success","Service charge"
2406,"2022-08-26 16:25:19",195,"Amit Agarwal",100100000194,"Savings Account","SBI Surat Branch 3","Surat","Deposit","UPI",410101.41,1025957.99,"Success","Cash deposit"
2407,"2023-04-14 04:23:05",171,"Vikas Patel",100100000170,"Student Account","SBI Gurugram Branch 36","Gurugram","Deposit","ATM",123925.15,596820.12,"Success","Cash deposit"
2408,"2024-06-29 23:09:49",114,"Harsh Reddy",100100000205,"Current Account","SBI Chennai Branch 40","Chennai","Interest","System",373273.26,1056238.27,"Success","Interest credited"
2409,"2022-09-28 01:43:45",194,"Harsh Agarwal",100100000193,"Student Account","SBI Noida Branch 2","Noida","Transfer","RTGS",231664.41,0.00,"Success","Fund transfer"
2410,"2024-05-24 21:10:28",77,"Anjali Mishra",100100000243,"Savings Account","SBI Kolkata Branch 42","Kolkata","Transfer","NEFT",272279.57,205228.46,"Success","Fund transfer"
2411,"2024-02-26 15:15:04",82,"Meena Gupta",100100000285,"NRI Savings Account","SBI Bhopal Branch 35","Bhopal","Withdrawal","NEFT",189989.86,0.00,"Success","Cash withdrawal"
2412,"2022-04-28 16:20:07",144,"Rahul Mishra",100100000143,"NRI Savings Account","SBI Surat Branch 6","Surat","Interest","System",430772.70,635690.85,"Success","Interest credited"
2413,"2024-07-11 00:13:24",148,"Harsh Sharma",100100000147,"NRI Savings Account","SBI Lucknow Branch 12","Lucknow","Charge","ATM",481307.69,10414.53,"Success","Service charge"
2414,"2025-12-21 00:53:24",127,"Anjali Verma",100100000126,"Salary Account","SBI Ahmedabad Branch 24","Ahmedabad","Charge","System",243807.23,0.00,"Success","Service charge"
2415,"2024-04-19 16:37:32",142,"Rahul Sinha",100100000141,"Salary Account","SBI Pune Branch 43","Pune","Withdrawal","UPI",167034.52,0.00,"Success","Cash withdrawal"
2416,"2022-05-04 18:19:50",176,"Rohit Sharma",100100000175,"Savings Account","SBI Noida Branch 47","Noida","Deposit","IMPS",90563.98,535334.63,"Success","Cash deposit"
2417,"2026-02-28 11:50:30",5,"Amit Reddy",100100000287,"Salary Account","SBI Surat Branch 44","Surat","Charge","ATM",429874.64,298583.45,"Success","Service charge"
2418,"2024-10-14 13:10:08",54,"Meena Singh",100100000053,"Senior Citizen Savings Account","SBI Pune Branch 11","Pune","Interest","System",384695.41,747890.28,"Success","Interest credited"
2419,"2025-06-24 01:41:01",199,"Sneha Agarwal",100100000198,"Senior Citizen Savings Account","SBI Surat Branch 4","Surat","Withdrawal","Cash",364833.94,329291.32,"Success","Cash withdrawal"
2420,"2025-10-11 10:19:32",114,"Harsh Reddy",100100000113,"Fixed Deposit Account","SBI Surat Branch 3","Surat","Transfer","NEFT",454770.52,0.00,"Success","Fund transfer"
2421,"2024-11-19 13:09:18",87,"Rajesh Agarwal",100100000086,"Savings Account","SBI Chennai Branch 40","Chennai","Withdrawal","Cheque",364582.23,0.00,"Success","Cash withdrawal"
2422,"2023-05-09 05:48:47",38,"Neha Patel",100100000037,"Student Account","SBI Bengaluru Branch 7","Bengaluru","Transfer","Cheque",342959.00,959802.63,"Success","Fund transfer"
2423,"2024-10-26 13:35:35",131,"Divya Yadav",100100000130,"Student Account","SBI Bhopal Branch 37","Bhopal","Charge","Cheque",182794.94,0.00,"Success","Service charge"
2424,"2026-03-31 23:18:18",51,"Rohit Yadav",100100000288,"NRI Savings Account","SBI Patna Branch 26","Patna","Interest","System",127600.74,1389691.56,"Success","Interest credited"
2425,"2023-11-11 10:43:49",90,"Sakshi Jain",100100000089,"Current Account","SBI Surat Branch 44","Surat","Deposit","ATM",392683.56,1372157.39,"Success","Cash deposit"
2426,"2024-07-04 14:09:25",126,"Rahul Kumar",100100000125,"Current Account","SBI Chennai Branch 40","Chennai","Deposit","IMPS",470089.65,1473579.62,"Success","Cash deposit"
2427,"2023-12-09 21:16:28",58,"Kavita Sharma",100100000057,"Fixed Deposit Account","SBI Kochi Branch 46","Kochi","Interest","System",284650.26,362698.13,"Success","Interest credited"
2428,"2025-11-05 22:38:24",24,"Riya Patel",100100000023,"NRI Savings Account","SBI Nagpur Branch 34","Nagpur","Transfer","IMPS",129114.89,958369.26,"Failed","Fund transfer"
2429,"2024-09-27 17:27:39",185,"Rahul Kumar",100100000281,"Senior Citizen Savings Account","SBI Surat Branch 30","Surat","Deposit","Cheque",42669.25,646447.52,"Success","Cash deposit"
2430,"2025-04-08 21:03:33",97,"Riya Kumar",100100000096,"Fixed Deposit Account","SBI Indore Branch 20","Indore","Withdrawal","ATM",293089.89,0.00,"Success","Cash withdrawal"
2431,"2026-04-04 23:06:56",124,"Asha Sinha",100100000214,"Student Account","SBI Gurugram Branch 45","Gurugram","Withdrawal","RTGS",278344.00,0.00,"Success","Cash withdrawal"
2432,"2023-03-10 22:43:16",19,"Vikas Yadav",100100000018,"Savings Account","SBI Bhubaneswar Branch 22","Bhubaneswar","Deposit","IMPS",56631.47,148934.71,"Success","Cash deposit"
2433,"2022-04-01 15:41:40",117,"Priya Patel",100100000116,"NRI Savings Account","SBI Chennai Branch 40","Chennai","Withdrawal","Cheque",58095.87,306381.51,"Success","Cash withdrawal"
2434,"2024-02-27 01:57:00",143,"Rohit Mishra",100100000252,"Recurring Deposit Account","SBI Gurugram Branch 49","Gurugram","Charge","System",182033.76,469459.55,"Success","Service charge"
2435,"2024-08-06 22:29:26",108,"Sakshi Chauhan",100100000107,"NRI Savings Account","SBI Delhi Branch 14","Delhi","Interest","System",488120.63,488120.63,"Success","Interest credited"
2436,"2022-07-10 05:24:17",47,"Priya Sharma",100100000046,"Savings Account","SBI Indore Branch 27","Indore","Withdrawal","Cheque",13158.81,387504.79,"Success","Cash withdrawal"
2437,"2026-06-15 21:46:35",86,"Komal Verma",100100000085,"Savings Account","SBI Noida Branch 18","Noida","Charge","ATM",491852.39,0.00,"Success","Service charge"
2438,"2022-06-13 04:02:22",154,"Vikas Sharma",100100000153,"Savings Account","SBI Noida Branch 32","Noida","Deposit","ATM",430475.46,1070400.61,"Success","Cash deposit"
2439,"2022-09-04 16:21:01",6,"Meena Singh",100100000005,"Savings Account","SBI Nagpur Branch 34","Nagpur","Deposit","Cheque",468327.67,468327.67,"Success","Cash deposit"
2440,"2023-05-03 19:07:33",95,"Rahul Kumar",100100000241,"Savings Account","SBI Delhi Branch 13","Delhi","Withdrawal","NEFT",59872.67,492297.89,"Success","Cash withdrawal"
2441,"2026-04-08 18:43:05",114,"Harsh Reddy",100100000205,"Current Account","SBI Chennai Branch 40","Chennai","Charge","ATM",347974.19,708264.08,"Success","Service charge"
2442,"2023-01-07 00:41:50",80,"Arjun Patel",100100000079,"Recurring Deposit Account","SBI Bhopal Branch 23","Bhopal","Interest","System",470510.73,1076102.82,"Success","Interest credited"
2443,"2023-08-29 08:25:56",77,"Anjali Mishra",100100000076,"Savings Account","SBI Gurugram Branch 33","Gurugram","Deposit","ATM",303028.15,337884.57,"Success","Cash deposit"
2444,"2025-02-16 02:37:33",94,"Shreya Mishra",100100000274,"Fixed Deposit Account","SBI Delhi Branch 14","Delhi","Deposit","RTGS",245957.21,245957.21,"Success","Cash deposit"
2445,"2024-06-14 00:33:01",32,"Ankit Reddy",100100000031,"Recurring Deposit Account","SBI Bengaluru Branch 7","Bengaluru","Charge","Cheque",472747.51,0.00,"Success","Service charge"
2446,"2024-10-22 08:36:18",110,"Rajesh Gupta",100100000109,"Student Account","SBI Pune Branch 43","Pune","Transfer","Cheque",448410.38,0.00,"Success","Fund transfer"
2447,"2022-07-30 03:51:46",141,"Rohit Patel",100100000140,"Savings Account","SBI Chennai Branch 21","Chennai","Interest","System",491352.54,491352.54,"Success","Interest credited"
2448,"2024-04-03 12:09:19",4,"Ankit Chauhan",100100000003,"Fixed Deposit Account","SBI Pune Branch 11","Pune","Charge","Cheque",195194.06,0.00,"Success","Service charge"
2449,"2023-09-19 22:07:13",10,"Divya Patel",100100000009,"NRI Savings Account","SBI Nagpur Branch 34","Nagpur","Transfer","Cheque",277044.31,739246.04,"Success","Fund transfer"
2450,"2024-11-06 14:47:55",30,"Vikas Gupta",100100000029,"Savings Account","SBI Bhopal Branch 39","Bhopal","Transfer","NEFT",428018.00,0.00,"Success","Fund transfer"
2451,"2023-10-08 04:15:55",47,"Priya Sharma",100100000219,"NRI Savings Account","SBI Chandigarh Branch 5","Chandigarh","Withdrawal","ATM",461501.98,0.00,"Success","Cash withdrawal"
2452,"2022-09-24 12:43:32",32,"Ankit Reddy",100100000031,"Recurring Deposit Account","SBI Bengaluru Branch 7","Bengaluru","Withdrawal","UPI",409146.48,0.00,"Success","Cash withdrawal"
2453,"2023-03-03 17:26:49",117,"Priya Patel",100100000215,"Senior Citizen Savings Account","SBI Gurugram Branch 33","Gurugram","Deposit","Cash",96212.51,606839.67,"Success","Cash deposit"
2454,"2022-12-04 15:23:03",182,"Komal Gupta",100100000255,"Salary Account","SBI Noida Branch 18","Noida","Transfer","UPI",431725.73,116933.55,"Success","Fund transfer"
2455,"2025-03-04 01:37:30",94,"Shreya Mishra",100100000093,"Savings Account","SBI Hyderabad Branch 41","Hyderabad","Transfer","Cash",57123.59,179438.92,"Pending","Fund transfer"
2456,"2024-12-11 23:58:54",146,"Manish Agarwal",100100000231,"Recurring Deposit Account","SBI Hyderabad Branch 41","Hyderabad","Transfer","IMPS",220062.25,253934.59,"Success","Fund transfer"
2457,"2023-04-11 20:29:31",150,"Ankit Verma",100100000149,"Salary Account","SBI Chennai Branch 40","Chennai","Deposit","UPI",446000.51,761032.48,"Success","Cash deposit"
2458,"2025-10-14 12:35:09",145,"Nidhi Nair",100100000144,"Senior Citizen Savings Account","SBI Noida Branch 2","Noida","Interest","System",478494.45,478494.45,"Success","Interest credited"
2459,"2024-12-16 14:11:41",189,"Rajesh Pandey",100100000188,"Fixed Deposit Account","SBI Pune Branch 8","Pune","Deposit","NEFT",431360.46,431360.46,"Success","Cash deposit"
2460,"2025-12-12 22:58:14",191,"Asha Sharma",100100000295,"Senior Citizen Savings Account","SBI Gurugram Branch 36","Gurugram","Deposit","UPI",348866.40,952644.91,"Success","Cash deposit"
2461,"2025-06-03 11:03:06",161,"Riya Singh",100100000160,"Savings Account","SBI Pune Branch 1","Pune","Interest","System",247792.20,605732.50,"Success","Interest credited"
2462,"2026-01-26 02:17:16",185,"Rahul Kumar",100100000281,"Senior Citizen Savings Account","SBI Surat Branch 30","Surat","Interest","System",129370.26,775817.78,"Success","Interest credited"
2463,"2025-11-30 20:31:47",76,"Harsh Kumar",100100000075,"Savings Account","SBI Delhi Branch 13","Delhi","Charge","Cheque",302762.20,516307.80,"Success","Service charge"
2464,"2023-04-05 06:45:29",127,"Anjali Verma",100100000126,"Salary Account","SBI Ahmedabad Branch 24","Ahmedabad","Withdrawal","IMPS",491335.11,0.00,"Success","Cash withdrawal"
2465,"2022-05-01 11:25:56",92,"Ritu Chauhan",100100000291,"Savings Account","SBI Chandigarh Branch 5","Chandigarh","Transfer","Cash",204874.19,89425.24,"Success","Fund transfer"
2466,"2024-04-14 07:41:51",200,"Harsh Mishra",100100000225,"Salary Account","SBI Gurugram Branch 36","Gurugram","Transfer","Cheque",131003.49,294326.22,"Success","Fund transfer"
2467,"2022-02-17 04:17:28",200,"Harsh Mishra",100100000199,"Savings Account","SBI Gurugram Branch 45","Gurugram","Withdrawal","IMPS",152210.70,58565.66,"Success","Cash withdrawal"
2468,"2023-04-13 02:19:16",115,"Nidhi Agarwal",100100000233,"Salary Account","SBI Gurugram Branch 49","Gurugram","Deposit","RTGS",461214.07,461214.07,"Success","Cash deposit"
2469,"2025-02-11 11:42:46",56,"Vikas Reddy",100100000055,"Senior Citizen Savings Account","SBI Surat Branch 3","Surat","Transfer","RTGS",274187.90,380603.54,"Success","Fund transfer"
2470,"2025-03-31 07:12:54",178,"Arjun Kumar",100100000208,"NRI Savings Account","SBI Gurugram Branch 49","Gurugram","Interest","System",282806.57,493855.30,"Success","Interest credited"
2471,"2026-03-14 23:38:04",58,"Kavita Sharma",100100000057,"Fixed Deposit Account","SBI Kochi Branch 46","Kochi","Charge","System",471056.42,0.00,"Success","Service charge"
2472,"2025-10-23 08:37:39",153,"Mohit Sinha",100100000152,"Student Account","SBI Nagpur Branch 31","Nagpur","Interest","System",38489.85,305072.93,"Success","Interest credited"
2473,"2026-01-16 09:37:49",50,"Suresh Chauhan",100100000251,"Fixed Deposit Account","SBI Surat Branch 30","Surat","Deposit","NEFT",271808.11,2180012.79,"Success","Cash deposit"
2474,"2022-08-24 00:47:43",114,"Harsh Reddy",100100000290,"NRI Savings Account","SBI Surat Branch 3","Surat","Interest","System",426244.13,209889.01,"Failed","Interest credited"
2475,"2023-11-21 15:58:47",63,"Rajesh Kumar",100100000062,"Recurring Deposit Account","SBI Pune Branch 8","Pune","Charge","ATM",432663.51,0.00,"Success","Service charge"
2476,"2024-06-05 04:43:48",87,"Rajesh Agarwal",100100000086,"Savings Account","SBI Chennai Branch 40","Chennai","Interest","System",59163.59,59163.59,"Success","Interest credited"
2477,"2022-10-03 15:34:59",95,"Rahul Kumar",100100000241,"Savings Account","SBI Delhi Branch 13","Delhi","Charge","Cheque",439534.49,52763.40,"Success","Service charge"
2478,"2025-02-27 03:30:05",6,"Meena Singh",100100000005,"Savings Account","SBI Nagpur Branch 34","Nagpur","Transfer","Cheque",292434.50,175893.17,"Success","Fund transfer"
2479,"2023-09-06 06:37:27",168,"Meena Gupta",100100000167,"Senior Citizen Savings Account","SBI Gurugram Branch 33","Gurugram","Interest","System",161652.22,0.00,"Pending","Interest credited"
2480,"2026-03-07 03:03:23",135,"Shreya Chauhan",100100000134,"Fixed Deposit Account","SBI Gurugram Branch 36","Gurugram","Interest","System",82442.98,108508.76,"Success","Interest credited"
2481,"2023-10-31 17:20:27",145,"Nidhi Nair",100100000299,"Student Account","SBI Surat Branch 10","Surat","Withdrawal","NEFT",48444.70,0.00,"Success","Cash withdrawal"
2482,"2026-03-07 15:44:39",68,"Vikas Patel",100100000067,"Current Account","SBI Nagpur Branch 31","Nagpur","Interest","System",265793.12,1101788.53,"Success","Interest credited"
2483,"2022-06-30 11:38:31",82,"Meena Gupta",100100000285,"NRI Savings Account","SBI Bhopal Branch 35","Bhopal","Interest","System",129466.55,129466.55,"Success","Interest credited"
2484,"2024-04-06 19:22:34",69,"Ritu Pandey",100100000068,"NRI Savings Account","SBI Surat Branch 30","Surat","Withdrawal","IMPS",453827.63,0.00,"Success","Cash withdrawal"
2485,"2025-03-20 11:39:17",114,"Harsh Reddy",100100000290,"NRI Savings Account","SBI Surat Branch 3","Surat","Transfer","Cash",179429.21,30459.80,"Success","Fund transfer"
2486,"2026-04-15 08:12:22",6,"Meena Singh",100100000005,"Savings Account","SBI Nagpur Branch 34","Nagpur","Transfer","Cash",103325.42,72567.75,"Success","Fund transfer"
2487,"2023-12-09 06:25:26",80,"Arjun Patel",100100000079,"Recurring Deposit Account","SBI Bhopal Branch 23","Bhopal","Withdrawal","Cheque",369214.78,706888.04,"Success","Cash withdrawal"
2488,"2022-04-15 22:49:17",195,"Amit Agarwal",100100000279,"Current Account","SBI Patna Branch 17","Patna","Interest","System",103620.45,470163.02,"Pending","Interest credited"
2489,"2023-04-04 19:17:20",120,"Nidhi Agarwal",100100000119,"Savings Account","SBI Kolkata Branch 42","Kolkata","Charge","ATM",242166.74,0.00,"Success","Service charge"
2490,"2022-05-28 19:18:05",75,"Neha Chauhan",100100000294,"Recurring Deposit Account","SBI Indore Branch 27","Indore","Interest","System",222753.85,222753.85,"Success","Interest credited"
2491,"2022-10-05 13:59:55",117,"Priya Patel",100100000116,"NRI Savings Account","SBI Chennai Branch 40","Chennai","Withdrawal","IMPS",322886.04,0.00,"Success","Cash withdrawal"
2492,"2023-07-26 07:21:26",72,"Anjali Singh",100100000217,"Savings Account","SBI Bengaluru Branch 38","Bengaluru","Withdrawal","NEFT",333555.98,0.00,"Pending","Cash withdrawal"
2493,"2025-01-15 09:30:01",77,"Anjali Mishra",100100000237,"Savings Account","SBI Kochi Branch 46","Kochi","Withdrawal","RTGS",347305.02,0.00,"Success","Cash withdrawal"
2494,"2022-07-18 10:20:04",171,"Vikas Patel",100100000263,"Salary Account","SBI Bengaluru Branch 16","Bengaluru","Deposit","ATM",176632.73,325507.35,"Success","Cash deposit"
2495,"2025-01-31 14:04:09",96,"Manish Yadav",100100000095,"Student Account","SBI Bengaluru Branch 7","Bengaluru","Withdrawal","UPI",412231.87,0.00,"Success","Cash withdrawal"
2496,"2025-02-01 08:35:33",78,"Sneha Verma",100100000077,"Savings Account","SBI Bengaluru Branch 7","Bengaluru","Deposit","UPI",365695.73,567024.13,"Success","Cash deposit"
2497,"2022-03-28 11:36:54",185,"Rahul Kumar",100100000184,"Current Account","SBI Surat Branch 4","Surat","Deposit","Cash",440353.70,721774.45,"Success","Cash deposit"
2498,"2022-12-10 23:06:03",12,"Vivek Mishra",100100000011,"Student Account","SBI Gurugram Branch 36","Gurugram","Charge","ATM",461338.95,0.00,"Success","Service charge"
2499,"2024-03-24 13:47:03",152,"Mohit Mishra",100100000151,"Savings Account","SBI Gurugram Branch 49","Gurugram","Deposit","Cheque",384401.81,384401.81,"Success","Cash deposit"
2500,"2024-11-26 08:53:39",158,"Suresh Verma",100100000157,"Senior Citizen Savings Account","SBI Surat Branch 29","Surat","Transfer","ATM",119717.02,525941.55,"Success","Fund transfer"
2501,"2023-01-17 23:37:17",55,"Vikas Kumar",100100000261,"Salary Account","SBI Gurugram Branch 33","Gurugram","Withdrawal","Cheque",430237.08,353843.33,"Success","Cash withdrawal"
2502,"2026-03-21 06:16:09",182,"Komal Gupta",100100000255,"Salary Account","SBI Noida Branch 18","Noida","Charge","ATM",152209.41,0.00,"Success","Service charge"
2503,"2026-04-30 07:31:25",146,"Manish Agarwal",100100000231,"Recurring Deposit Account","SBI Hyderabad Branch 41","Hyderabad","Transfer","NEFT",313897.95,253934.59,"Failed","Fund transfer"
2504,"2026-05-08 18:35:07",82,"Meena Gupta",100100000202,"Recurring Deposit Account","SBI Ahmedabad Branch 24","Ahmedabad","Withdrawal","NEFT",492020.08,0.00,"Success","Cash withdrawal"
2505,"2025-03-15 04:15:56",51,"Rohit Yadav",100100000262,"Current Account","SBI Surat Branch 3","Surat","Interest","System",132744.56,132744.56,"Success","Interest credited"
2506,"2024-01-03 07:47:50",124,"Asha Sinha",100100000214,"Student Account","SBI Gurugram Branch 45","Gurugram","Charge","ATM",355892.58,0.00,"Success","Service charge"
2507,"2022-06-30 05:59:15",177,"Riya Verma",100100000176,"Salary Account","SBI Bhubaneswar Branch 25","Bhubaneswar","Deposit","UPI",495094.51,495094.51,"Success","Cash deposit"
2508,"2025-12-06 10:18:37",134,"Nitin Sharma",100100000200,"Salary Account","SBI Pune Branch 43","Pune","Deposit","NEFT",209964.38,1254874.85,"Success","Cash deposit"
2509,"2023-11-17 12:03:01",39,"Riya Reddy",100100000038,"Senior Citizen Savings Account","SBI Chandigarh Branch 5","Chandigarh","Interest","System",313857.34,379150.25,"Pending","Interest credited"
2510,"2024-04-29 10:06:43",37,"Neha Pandey",100100000036,"Student Account","SBI Bengaluru Branch 50","Bengaluru","Interest","System",141858.07,531343.14,"Success","Interest credited"
2511,"2025-05-21 12:11:07",146,"Manish Agarwal",100100000145,"NRI Savings Account","SBI Bengaluru Branch 7","Bengaluru","Withdrawal","RTGS",228711.46,0.00,"Success","Cash withdrawal"
2512,"2023-10-22 01:56:09",91,"Amit Chauhan",100100000090,"Salary Account","SBI Nagpur Branch 31","Nagpur","Withdrawal","Cheque",204248.46,0.00,"Success","Cash withdrawal"
2513,"2023-04-09 01:46:53",2,"Neha Gupta",100100000001,"NRI Savings Account","SBI Bhubaneswar Branch 22","Bhubaneswar","Charge","ATM",327619.66,0.00,"Success","Service charge"
2514,"2023-10-07 17:56:17",73,"Karan Yadav",100100000072,"Current Account","SBI Lucknow Branch 19","Lucknow","Interest","System",62264.33,330614.30,"Success","Interest credited"
2515,"2025-10-26 03:48:54",50,"Suresh Chauhan",100100000218,"Recurring Deposit Account","SBI Lucknow Branch 19","Lucknow","Deposit","Cash",138674.05,138674.05,"Success","Cash deposit"
2516,"2025-08-25 22:01:34",36,"Sakshi Agarwal",100100000035,"Savings Account","SBI Chennai Branch 40","Chennai","Charge","Cheque",496334.85,0.00,"Success","Service charge"
2517,"2026-06-04 19:56:39",162,"Asha Reddy",100100000161,"Savings Account","SBI Pune Branch 1","Pune","Deposit","UPI",108903.48,752225.95,"Failed","Cash deposit"
2518,"2025-06-12 19:24:20",149,"Anjali Mishra",100100000270,"Student Account","SBI Kolkata Branch 42","Kolkata","Withdrawal","IMPS",178666.43,185303.45,"Success","Cash withdrawal"
2519,"2022-01-30 03:45:56",113,"Manish Yadav",100100000238,"Senior Citizen Savings Account","SBI Surat Branch 6","Surat","Interest","System",367043.01,717493.22,"Success","Interest credited"
2520,"2022-11-14 19:03:18",98,"Suresh Sharma",100100000097,"Fixed Deposit Account","SBI Kolkata Branch 42","Kolkata","Withdrawal","UPI",339123.89,0.00,"Success","Cash withdrawal"
2521,"2022-01-25 04:04:06",163,"Anjali Gupta",100100000162,"Savings Account","SBI Ahmedabad Branch 24","Ahmedabad","Charge","ATM",198267.21,19581.48,"Success","Service charge"
2522,"2022-05-27 06:27:16",27,"Sakshi Sinha",100100000026,"Student Account","SBI Bhopal Branch 37","Bhopal","Transfer","ATM",136153.85,145056.82,"Success","Fund transfer"
2523,"2022-08-04 01:50:06",47,"Priya Sharma",100100000046,"Savings Account","SBI Indore Branch 27","Indore","Withdrawal","Cash",253360.40,134144.39,"Success","Cash withdrawal"
2524,"2023-03-03 04:38:54",30,"Vikas Gupta",100100000221,"Savings Account","SBI Noida Branch 2","Noida","Charge","Cheque",250326.95,247482.80,"Success","Service charge"
2525,"2023-04-29 10:49:55",159,"Kavita Singh",100100000158,"Savings Account","SBI Noida Branch 32","Noida","Withdrawal","Cash",127423.07,539107.71,"Success","Cash withdrawal"
2526,"2025-09-14 12:09:22",132,"Karan Chauhan",100100000131,"Recurring Deposit Account","SBI Surat Branch 44","Surat","Interest","System",98629.83,445278.84,"Success","Interest credited"
2527,"2023-07-27 15:19:18",72,"Anjali Singh",100100000217,"Savings Account","SBI Bengaluru Branch 38","Bengaluru","Withdrawal","IMPS",58685.30,0.00,"Success","Cash withdrawal"
2528,"2022-09-11 07:33:09",50,"Suresh Chauhan",100100000049,"Current Account","SBI Bhubaneswar Branch 22","Bhubaneswar","Deposit","IMPS",384219.65,0.00,"Pending","Cash deposit"
2529,"2023-01-05 16:09:42",158,"Suresh Verma",100100000157,"Senior Citizen Savings Account","SBI Surat Branch 29","Surat","Deposit","UPI",111487.68,637429.23,"Success","Cash deposit"
2530,"2025-11-08 03:41:28",162,"Asha Reddy",100100000161,"Savings Account","SBI Pune Branch 1","Pune","Transfer","IMPS",329294.95,422931.00,"Success","Fund transfer"
2531,"2023-01-26 22:30:52",13,"Nitin Yadav",100100000012,"Recurring Deposit Account","SBI Bengaluru Branch 16","Bengaluru","Withdrawal","UPI",429861.92,0.00,"Success","Cash withdrawal"
2532,"2022-10-04 23:20:12",166,"Riya Singh",100100000165,"Fixed Deposit Account","SBI Pune Branch 43","Pune","Transfer","Cheque",405717.76,0.00,"Success","Fund transfer"
2533,"2024-05-07 09:54:44",92,"Ritu Chauhan",100100000091,"Fixed Deposit Account","SBI Pune Branch 43","Pune","Transfer","Cash",12125.04,0.00,"Success","Fund transfer"
2534,"2024-05-05 21:41:43",116,"Riya Sinha",100100000201,"Salary Account","SBI Bengaluru Branch 7","Bengaluru","Transfer","ATM",437801.24,1053885.21,"Success","Fund transfer"
2535,"2023-06-29 14:35:51",111,"Shreya Singh",100100000110,"Recurring Deposit Account","SBI Noida Branch 2","Noida","Interest","System",190062.30,1313794.82,"Pending","Interest credited"
2536,"2024-12-18 12:18:52",110,"Rajesh Gupta",100100000109,"Student Account","SBI Pune Branch 43","Pune","Deposit","IMPS",346253.15,346253.15,"Success","Cash deposit"
2537,"2024-03-29 03:50:05",42,"Pooja Gupta",100100000041,"Current Account","SBI Gurugram Branch 45","Gurugram","Transfer","NEFT",16736.19,0.00,"Pending","Fund transfer"
2538,"2023-12-15 14:16:06",107,"Nitin Chauhan",100100000106,"Current Account","SBI Lucknow Branch 12","Lucknow","Transfer","RTGS",185507.93,178206.00,"Success","Fund transfer"
2539,"2022-11-25 02:55:07",75,"Neha Chauhan",100100000250,"Recurring Deposit Account","SBI Bengaluru Branch 7","Bengaluru","Withdrawal","Cash",213145.24,183970.09,"Success","Cash withdrawal"
2540,"2023-02-21 18:14:18",150,"Ankit Verma",100100000149,"Salary Account","SBI Chennai Branch 40","Chennai","Transfer","Cheque",472370.67,288661.81,"Success","Fund transfer"
2541,"2023-10-27 06:21:00",146,"Manish Agarwal",100100000231,"Recurring Deposit Account","SBI Hyderabad Branch 41","Hyderabad","Charge","ATM",234285.02,19649.57,"Success","Service charge"
2542,"2022-11-09 14:58:17",191,"Asha Sharma",100100000295,"Senior Citizen Savings Account","SBI Gurugram Branch 36","Gurugram","Interest","System",76838.90,1029483.81,"Success","Interest credited"
2543,"2024-11-28 01:18:46",87,"Rajesh Agarwal",100100000282,"Current Account","SBI Gurugram Branch 45","Gurugram","Transfer","ATM",411638.48,990550.63,"Pending","Fund transfer"
2544,"2025-04-11 18:29:33",45,"Vikas Patel",100100000044,"Fixed Deposit Account","SBI Noida Branch 47","Noida","Interest","System",281188.22,281188.22,"Success","Interest credited"
2545,"2023-07-05 23:51:12",164,"Shreya Sinha",100100000163,"Student Account","SBI Indore Branch 27","Indore","Charge","System",257784.02,287019.30,"Success","Service charge"
2546,"2022-05-21 07:57:05",47,"Priya Sharma",100100000259,"Savings Account","SBI Bengaluru Branch 15","Bengaluru","Deposit","NEFT",186433.80,459759.23,"Success","Cash deposit"
2547,"2022-03-23 08:01:12",180,"Divya Mishra",100100000179,"Current Account","SBI Chennai Branch 21","Chennai","Transfer","Cash",155515.13,104605.35,"Success","Fund transfer"
2548,"2024-09-03 09:53:27",191,"Asha Sharma",100100000190,"Current Account","SBI Nagpur Branch 34","Nagpur","Charge","System",250338.97,0.00,"Success","Service charge"
2549,"2025-04-23 09:42:42",198,"Suresh Singh",100100000197,"Recurring Deposit Account","SBI Nagpur Branch 34","Nagpur","Charge","Cheque",237819.06,0.00,"Success","Service charge"
2550,"2022-03-19 18:22:35",68,"Vikas Patel",100100000067,"Current Account","SBI Nagpur Branch 31","Nagpur","Deposit","ATM",179920.31,1281708.84,"Success","Cash deposit"
2551,"2023-02-05 09:20:00",111,"Shreya Singh",100100000110,"Recurring Deposit Account","SBI Noida Branch 2","Noida","Deposit","UPI",292102.76,1605897.58,"Success","Cash deposit"
2552,"2025-05-15 18:53:33",178,"Arjun Kumar",100100000208,"NRI Savings Account","SBI Gurugram Branch 49","Gurugram","Withdrawal","Cash",22903.87,470951.43,"Success","Cash withdrawal"
2553,"2022-11-14 14:31:20",106,"Arjun Nair",100100000232,"Student Account","SBI Hyderabad Branch 41","Hyderabad","Interest","System",35133.51,439570.50,"Success","Interest credited"
2554,"2023-08-16 02:30:55",84,"Karan Patel",100100000083,"Savings Account","SBI Bhopal Branch 35","Bhopal","Transfer","UPI",244213.91,0.00,"Pending","Fund transfer"
2555,"2026-03-21 06:30:31",192,"Deepak Reddy",100100000191,"Salary Account","SBI Bengaluru Branch 38","Bengaluru","Charge","System",437196.52,593901.93,"Failed","Service charge"
2556,"2024-01-25 08:18:29",43,"Shreya Singh",100100000042,"Savings Account","SBI Patna Branch 26","Patna","Deposit","Cash",151156.74,574324.40,"Success","Cash deposit"
2557,"2023-12-19 07:47:31",72,"Anjali Singh",100100000071,"Savings Account","SBI Pune Branch 8","Pune","Charge","ATM",160916.18,0.00,"Success","Service charge"
2558,"2022-07-05 21:25:50",16,"Amit Verma",100100000015,"Recurring Deposit Account","SBI Noida Branch 32","Noida","Deposit","NEFT",419309.41,1196038.76,"Success","Cash deposit"
2559,"2024-02-20 03:29:13",191,"Asha Sharma",100100000295,"Senior Citizen Savings Account","SBI Gurugram Branch 36","Gurugram","Interest","System",135893.31,1165377.12,"Success","Interest credited"
2560,"2022-04-09 02:50:33",146,"Manish Agarwal",100100000145,"NRI Savings Account","SBI Bengaluru Branch 7","Bengaluru","Interest","System",322278.04,322278.04,"Success","Interest credited"
2561,"2023-03-14 09:39:19",179,"Ritu Mishra",100100000178,"Savings Account","SBI Bengaluru Branch 16","Bengaluru","Interest","System",208644.36,765197.55,"Success","Interest credited"
2562,"2022-07-30 16:25:39",158,"Suresh Verma",100100000157,"Senior Citizen Savings Account","SBI Surat Branch 29","Surat","Withdrawal","Cash",121804.75,515624.48,"Success","Cash withdrawal"
2563,"2025-03-26 12:57:12",24,"Riya Patel",100100000023,"NRI Savings Account","SBI Nagpur Branch 34","Nagpur","Interest","System",203535.61,1161904.87,"Success","Interest credited"
2564,"2024-07-04 12:07:23",117,"Priya Patel",100100000215,"Senior Citizen Savings Account","SBI Gurugram Branch 33","Gurugram","Interest","System",354015.99,960855.66,"Success","Interest credited"
2565,"2026-06-29 03:46:11",18,"Vivek Verma",100100000239,"NRI Savings Account","SBI Bengaluru Branch 7","Bengaluru","Withdrawal","RTGS",40274.17,503403.01,"Success","Cash withdrawal"
2566,"2025-02-16 22:55:37",83,"Nitin Verma",100100000286,"Salary Account","SBI Chennai Branch 40","Chennai","Withdrawal","NEFT",422172.30,466192.31,"Success","Cash withdrawal"
2567,"2025-11-24 06:42:49",116,"Riya Sinha",100100000201,"Salary Account","SBI Bengaluru Branch 7","Bengaluru","Transfer","RTGS",266037.11,787848.10,"Success","Fund transfer"
2568,"2026-05-17 18:01:22",200,"Harsh Mishra",100100000199,"Savings Account","SBI Gurugram Branch 45","Gurugram","Charge","System",466273.27,0.00,"Success","Service charge"
2569,"2024-12-24 23:03:06",84,"Karan Patel",100100000083,"Savings Account","SBI Bhopal Branch 35","Bhopal","Interest","System",119791.04,119791.04,"Success","Interest credited"
2570,"2026-01-21 05:01:36",13,"Nitin Yadav",100100000012,"Recurring Deposit Account","SBI Bengaluru Branch 16","Bengaluru","Deposit","Cheque",169180.46,169180.46,"Success","Cash deposit"
2571,"2022-05-02 19:45:11",117,"Priya Patel",100100000215,"Senior Citizen Savings Account","SBI Gurugram Branch 33","Gurugram","Withdrawal","IMPS",162659.51,798196.15,"Success","Cash withdrawal"
2572,"2024-01-15 07:05:39",77,"Anjali Mishra",100100000243,"Savings Account","SBI Kolkata Branch 42","Kolkata","Withdrawal","RTGS",365168.70,0.00,"Success","Cash withdrawal"
2573,"2023-05-15 08:59:37",92,"Ritu Chauhan",100100000091,"Fixed Deposit Account","SBI Pune Branch 43","Pune","Transfer","Cash",305914.14,0.00,"Success","Fund transfer"
2574,"2025-05-12 08:45:36",136,"Priya Sharma",100100000135,"Savings Account","SBI Bhopal Branch 37","Bhopal","Deposit","ATM",162620.53,509793.79,"Success","Cash deposit"
2575,"2024-03-24 23:32:15",198,"Suresh Singh",100100000235,"NRI Savings Account","SBI Bengaluru Branch 38","Bengaluru","Transfer","IMPS",406263.31,1015624.74,"Success","Fund transfer"
2576,"2023-12-14 23:22:29",69,"Ritu Pandey",100100000245,"Savings Account","SBI Bengaluru Branch 7","Bengaluru","Transfer","UPI",367356.55,0.00,"Success","Fund transfer"
2577,"2026-06-21 20:07:43",141,"Rohit Patel",100100000140,"Savings Account","SBI Chennai Branch 21","Chennai","Withdrawal","ATM",293831.09,197521.45,"Success","Cash withdrawal"
2578,"2026-01-18 04:38:07",192,"Deepak Reddy",100100000228,"Salary Account","SBI Kolkata Branch 42","Kolkata","Charge","System",136413.61,179455.37,"Success","Service charge"
2579,"2025-02-14 14:55:27",48,"Divya Yadav",100100000047,"Savings Account","SBI Patna Branch 17","Patna","Interest","System",341196.33,341196.33,"Success","Interest credited"
2580,"2023-05-23 20:58:26",138,"Sakshi Chauhan",100100000247,"Student Account","SBI Chennai Branch 21","Chennai","Interest","System",395572.47,815056.54,"Success","Interest credited"
2581,"2026-06-01 18:13:51",113,"Manish Yadav",100100000112,"Senior Citizen Savings Account","SBI Surat Branch 4","Surat","Withdrawal","RTGS",398310.61,45858.24,"Failed","Cash withdrawal"
2582,"2026-06-16 17:48:21",39,"Riya Reddy",100100000038,"Senior Citizen Savings Account","SBI Chandigarh Branch 5","Chandigarh","Charge","ATM",494628.62,0.00,"Success","Service charge"
2583,"2023-07-13 03:50:24",182,"Komal Gupta",100100000181,"Savings Account","SBI Surat Branch 30","Surat","Transfer","UPI",251604.95,0.00,"Success","Fund transfer"
2584,"2025-11-11 16:18:43",63,"Rajesh Kumar",100100000062,"Recurring Deposit Account","SBI Pune Branch 8","Pune","Charge","System",63678.72,0.00,"Success","Service charge"
2585,"2023-09-03 07:17:03",130,"Pooja Pandey",100100000129,"Salary Account","SBI Noida Branch 47","Noida","Withdrawal","IMPS",26740.00,290384.33,"Pending","Cash withdrawal"
2586,"2025-03-28 00:59:27",3,"Amit Kumar",100100000240,"Savings Account","SBI Bhubaneswar Branch 25","Bhubaneswar","Charge","Cheque",391175.64,757666.33,"Success","Service charge"
2587,"2024-07-17 20:45:54",136,"Priya Sharma",100100000256,"Student Account","SBI Surat Branch 3","Surat","Charge","Cheque",75915.69,638966.97,"Success","Service charge"
2588,"2025-04-20 14:58:15",134,"Nitin Sharma",100100000133,"Savings Account","SBI Bengaluru Branch 50","Bengaluru","Deposit","IMPS",193524.95,555941.34,"Success","Cash deposit"
2589,"2024-12-03 06:30:48",83,"Nitin Verma",100100000082,"Savings Account","SBI Surat Branch 44","Surat","Transfer","RTGS",439070.15,0.00,"Success","Fund transfer"
2590,"2022-11-27 23:46:42",190,"Divya Kumar",100100000189,"Recurring Deposit Account","SBI Noida Branch 47","Noida","Transfer","Cash",4437.64,0.00,"Success","Fund transfer"
2591,"2023-10-30 13:34:54",198,"Suresh Singh",100100000235,"NRI Savings Account","SBI Bengaluru Branch 38","Bengaluru","Transfer","Cash",189280.65,826344.09,"Success","Fund transfer"
2592,"2023-10-21 03:45:56",123,"Neha Patel",100100000122,"Senior Citizen Savings Account","SBI Surat Branch 29","Surat","Transfer","ATM",292207.97,0.00,"Success","Fund transfer"
2593,"2026-04-29 11:11:01",175,"Pooja Jain",100100000174,"Fixed Deposit Account","SBI Pune Branch 11","Pune","Deposit","IMPS",273368.04,273368.04,"Success","Cash deposit"
2594,"2023-08-29 01:44:54",114,"Harsh Reddy",100100000290,"NRI Savings Account","SBI Surat Branch 3","Surat","Charge","System",132407.59,0.00,"Success","Service charge"
2595,"2024-12-20 01:25:32",33,"Deepak Jain",100100000032,"Student Account","SBI Lucknow Branch 19","Lucknow","Deposit","ATM",174915.25,344037.57,"Success","Cash deposit"
2596,"2022-12-30 08:39:10",34,"Rahul Sharma",100100000033,"NRI Savings Account","SBI Bhopal Branch 39","Bhopal","Transfer","RTGS",478860.08,190009.37,"Success","Fund transfer"
2597,"2023-03-13 16:14:07",19,"Vikas Yadav",100100000018,"Savings Account","SBI Bhubaneswar Branch 22","Bhubaneswar","Withdrawal","RTGS",273475.12,0.00,"Success","Cash withdrawal"
2598,"2025-09-11 00:46:54",196,"Manish Chauhan",100100000195,"Fixed Deposit Account","SBI Pune Branch 11","Pune","Withdrawal","Cash",461306.13,0.00,"Success","Cash withdrawal"
2599,"2024-05-15 22:35:47",191,"Asha Sharma",100100000295,"Senior Citizen Savings Account","SBI Gurugram Branch 36","Gurugram","Charge","System",95660.29,1165377.12,"Pending","Service charge"
2600,"2024-12-13 23:06:00",111,"Shreya Singh",100100000220,"Senior Citizen Savings Account","SBI Indore Branch 27","Indore","Interest","System",325870.66,367863.81,"Success","Interest credited"
2601,"2024-01-17 18:29:41",68,"Vikas Patel",100100000067,"Current Account","SBI Nagpur Branch 31","Nagpur","Charge","ATM",55997.88,1225710.96,"Success","Service charge"
2602,"2024-10-19 08:02:06",129,"Priya Gupta",100100000128,"NRI Savings Account","SBI Noida Branch 47","Noida","Deposit","IMPS",498625.80,498625.80,"Success","Cash deposit"
2603,"2024-06-30 07:02:15",115,"Nidhi Agarwal",100100000233,"Salary Account","SBI Gurugram Branch 49","Gurugram","Interest","System",84659.24,545873.31,"Success","Interest credited"
2604,"2023-07-25 22:41:34",130,"Pooja Pandey",100100000129,"Salary Account","SBI Noida Branch 47","Noida","Interest","System",206945.35,497329.68,"Success","Interest credited"
2605,"2024-08-28 20:25:46",167,"Mohit Jain",100100000166,"Fixed Deposit Account","SBI Delhi Branch 14","Delhi","Deposit","Cheque",308437.46,568627.65,"Success","Cash deposit"
2606,"2025-01-23 08:08:20",114,"Harsh Reddy",100100000205,"Current Account","SBI Chennai Branch 40","Chennai","Transfer","RTGS",494902.45,213361.63,"Success","Fund transfer"
2607,"2022-11-21 21:44:15",193,"Vikas Verma",100100000203,"Salary Account","SBI Noida Branch 32","Noida","Charge","ATM",471453.83,543689.40,"Pending","Service charge"
2608,"2023-12-07 23:22:27",117,"Priya Patel",100100000215,"Senior Citizen Savings Account","SBI Gurugram Branch 33","Gurugram","Withdrawal","NEFT",425568.99,372627.16,"Success","Cash withdrawal"
2609,"2024-03-21 22:38:55",64,"Riya Singh",100100000063,"Fixed Deposit Account","SBI Patna Branch 17","Patna","Deposit","Cheque",3852.68,824717.57,"Success","Cash deposit"
2610,"2024-03-07 06:07:37",45,"Vikas Patel",100100000044,"Fixed Deposit Account","SBI Noida Branch 47","Noida","Deposit","IMPS",30529.96,311718.18,"Success","Cash deposit"
2611,"2024-02-13 06:04:28",32,"Ankit Reddy",100100000031,"Recurring Deposit Account","SBI Bengaluru Branch 7","Bengaluru","Transfer","UPI",443037.54,0.00,"Success","Fund transfer"
2612,"2022-12-16 08:10:10",148,"Harsh Sharma",100100000147,"NRI Savings Account","SBI Lucknow Branch 12","Lucknow","Withdrawal","NEFT",352796.00,0.00,"Success","Cash withdrawal"
2613,"2025-07-12 22:58:13",191,"Asha Sharma",100100000295,"Senior Citizen Savings Account","SBI Gurugram Branch 36","Gurugram","Transfer","NEFT",78470.85,1086906.27,"Success","Fund transfer"
2614,"2026-04-26 19:08:55",48,"Divya Yadav",100100000047,"Savings Account","SBI Patna Branch 17","Patna","Deposit","ATM",11175.18,352371.51,"Success","Cash deposit"
2615,"2022-10-31 04:40:24",50,"Suresh Chauhan",100100000251,"Fixed Deposit Account","SBI Surat Branch 30","Surat","Charge","Cheque",183788.38,1996224.41,"Success","Service charge"
2616,"2024-11-06 15:02:10",152,"Mohit Mishra",100100000151,"Savings Account","SBI Gurugram Branch 49","Gurugram","Transfer","IMPS",316836.07,384401.81,"Pending","Fund transfer"
2617,"2026-02-24 07:37:31",86,"Komal Verma",100100000276,"Savings Account","SBI Chandigarh Branch 5","Chandigarh","Withdrawal","Cheque",230908.98,0.00,"Success","Cash withdrawal"
2618,"2023-03-05 17:04:24",189,"Rajesh Pandey",100100000188,"Fixed Deposit Account","SBI Pune Branch 8","Pune","Deposit","RTGS",186037.89,617398.35,"Success","Cash deposit"
2619,"2024-07-12 22:49:09",182,"Komal Gupta",100100000255,"Salary Account","SBI Noida Branch 18","Noida","Charge","System",248163.79,0.00,"Success","Service charge"
2620,"2022-12-01 06:49:05",60,"Rahul Sinha",100100000059,"Savings Account","SBI Pune Branch 11","Pune","Withdrawal","RTGS",414828.10,852435.74,"Pending","Cash withdrawal"
2621,"2024-05-19 23:16:39",33,"Deepak Jain",100100000210,"Savings Account","SBI Pune Branch 43","Pune","Transfer","Cash",249458.61,0.00,"Success","Fund transfer"
2622,"2023-01-29 16:48:22",35,"Ankit Gupta",100100000034,"Savings Account","SBI Bengaluru Branch 7","Bengaluru","Charge","ATM",207705.30,349653.61,"Success","Service charge"
2623,"2022-02-18 23:49:29",18,"Vivek Verma",100100000239,"NRI Savings Account","SBI Bengaluru Branch 7","Bengaluru","Deposit","IMPS",375810.27,879213.28,"Success","Cash deposit"
2624,"2025-04-30 20:04:02",50,"Suresh Chauhan",100100000251,"Fixed Deposit Account","SBI Surat Branch 30","Surat","Transfer","UPI",320248.49,1675975.92,"Success","Fund transfer"
2625,"2026-02-05 22:51:05",77,"Anjali Mishra",100100000243,"Savings Account","SBI Kolkata Branch 42","Kolkata","Deposit","ATM",152572.64,152572.64,"Success","Cash deposit"
2626,"2025-02-11 22:30:16",198,"Suresh Singh",100100000235,"NRI Savings Account","SBI Bengaluru Branch 38","Bengaluru","Interest","System",99546.10,925890.19,"Success","Interest credited"
2627,"2023-12-04 10:37:41",31,"Suresh Verma",100100000030,"Recurring Deposit Account","SBI Patna Branch 9","Patna","Interest","System",205808.72,205808.72,"Success","Interest credited"
2628,"2024-09-23 00:16:30",34,"Rahul Sharma",100100000033,"NRI Savings Account","SBI Bhopal Branch 39","Bhopal","Transfer","IMPS",274832.44,0.00,"Success","Fund transfer"
2629,"2022-10-24 11:44:25",143,"Rohit Mishra",100100000142,"Student Account","SBI Bhopal Branch 37","Bhopal","Transfer","Cheque",365988.15,0.00,"Success","Fund transfer"
2630,"2023-05-13 20:05:49",13,"Nitin Yadav",100100000012,"Recurring Deposit Account","SBI Bengaluru Branch 16","Bengaluru","Withdrawal","ATM",316513.42,0.00,"Success","Cash withdrawal"
2631,"2022-03-13 06:20:23",86,"Komal Verma",100100000276,"Savings Account","SBI Chandigarh Branch 5","Chandigarh","Transfer","IMPS",104429.98,0.00,"Success","Fund transfer"
2632,"2022-04-02 06:17:25",196,"Manish Chauhan",100100000236,"Fixed Deposit Account","SBI Bhubaneswar Branch 22","Bhubaneswar","Interest","System",199217.47,545115.11,"Failed","Interest credited"
2633,"2024-01-04 10:34:07",33,"Deepak Jain",100100000210,"Savings Account","SBI Pune Branch 43","Pune","Transfer","ATM",349368.18,0.00,"Success","Fund transfer"
2634,"2025-08-10 10:08:51",195,"Amit Agarwal",100100000279,"Current Account","SBI Patna Branch 17","Patna","Interest","System",228753.57,698916.59,"Success","Interest credited"
2635,"2023-08-26 00:34:38",10,"Divya Patel",100100000009,"NRI Savings Account","SBI Nagpur Branch 34","Nagpur","Withdrawal","UPI",298139.23,441106.81,"Success","Cash withdrawal"
2636,"2026-02-13 01:06:28",75,"Neha Chauhan",100100000250,"Recurring Deposit Account","SBI Bengaluru Branch 7","Bengaluru","Interest","System",204413.37,388383.46,"Success","Interest credited"
2637,"2026-04-19 22:14:05",51,"Rohit Yadav",100100000206,"Savings Account","SBI Noida Branch 2","Noida","Charge","System",23530.68,0.00,"Success","Service charge"
2638,"2024-04-17 03:07:36",168,"Meena Gupta",100100000289,"Senior Citizen Savings Account","SBI Gurugram Branch 48","Gurugram","Charge","System",319218.65,0.00,"Success","Service charge"
2639,"2023-11-04 20:46:19",154,"Vikas Sharma",100100000153,"Savings Account","SBI Noida Branch 32","Noida","Interest","System",194495.58,1264896.19,"Success","Interest credited"
2640,"2026-01-17 09:21:54",55,"Vikas Kumar",100100000229,"Savings Account","SBI Patna Branch 17","Patna","Deposit","Cheque",202110.33,636829.38,"Success","Cash deposit"
2641,"2025-08-20 19:47:35",154,"Vikas Sharma",100100000153,"Savings Account","SBI Noida Branch 32","Noida","Withdrawal","Cash",432271.62,832624.57,"Success","Cash withdrawal"
2642,"2026-06-09 03:25:52",200,"Harsh Mishra",100100000225,"Salary Account","SBI Gurugram Branch 36","Gurugram","Transfer","Cheque",404071.84,294326.22,"Pending","Fund transfer"
2643,"2026-01-22 03:51:39",40,"Sneha Nair",100100000039,"Salary Account","SBI Pune Branch 11","Pune","Interest","System",264863.73,264863.73,"Success","Interest credited"
2644,"2022-04-01 14:02:23",167,"Mohit Jain",100100000166,"Fixed Deposit Account","SBI Delhi Branch 14","Delhi","Deposit","Cash",30198.30,598825.95,"Success","Cash deposit"
2645,"2023-01-01 03:11:35",77,"Anjali Mishra",100100000278,"NRI Savings Account","SBI Gurugram Branch 33","Gurugram","Transfer","Cash",278722.91,216166.34,"Success","Fund transfer"
2646,"2025-11-06 10:32:57",183,"Neha Nair",100100000244,"Savings Account","SBI Bhubaneswar Branch 22","Bhubaneswar","Withdrawal","ATM",251014.25,171840.51,"Success","Cash withdrawal"
2647,"2025-04-14 19:03:26",85,"Kavita Nair",100100000084,"Current Account","SBI Bhubaneswar Branch 25","Bhubaneswar","Deposit","RTGS",145758.99,145758.99,"Success","Cash deposit"
2648,"2024-03-17 08:01:40",111,"Shreya Singh",100100000110,"Recurring Deposit Account","SBI Noida Branch 2","Noida","Transfer","RTGS",201464.36,1404433.22,"Success","Fund transfer"
2649,"2025-12-20 01:33:50",17,"Komal Patel",100100000275,"Savings Account","SBI Surat Branch 44","Surat","Charge","Cheque",112244.09,202211.57,"Success","Service charge"
2650,"2022-07-28 07:05:13",55,"Vikas Kumar",100100000261,"Salary Account","SBI Gurugram Branch 33","Gurugram","Interest","System",389928.68,353843.33,"Pending","Interest credited"
2651,"2025-02-24 00:38:02",100,"Pooja Mishra",100100000099,"Savings Account","SBI Noida Branch 28","Noida","Deposit","RTGS",416142.18,777294.17,"Success","Cash deposit"
2652,"2025-03-09 11:36:54",149,"Anjali Mishra",100100000270,"Student Account","SBI Kolkata Branch 42","Kolkata","Charge","Cheque",389948.81,0.00,"Success","Service charge"
2653,"2024-12-09 19:55:14",87,"Rajesh Agarwal",100100000282,"Current Account","SBI Gurugram Branch 45","Gurugram","Deposit","RTGS",172298.50,1162849.13,"Success","Cash deposit"
2654,"2023-11-17 02:13:11",4,"Ankit Chauhan",100100000003,"Fixed Deposit Account","SBI Pune Branch 11","Pune","Charge","ATM",107556.26,0.00,"Success","Service charge"
2655,"2024-05-10 22:46:44",36,"Sakshi Agarwal",100100000035,"Savings Account","SBI Chennai Branch 40","Chennai","Interest","System",475089.41,0.00,"Failed","Interest credited"
2656,"2022-07-15 13:26:53",76,"Harsh Kumar",100100000075,"Savings Account","SBI Delhi Branch 13","Delhi","Deposit","UPI",241504.27,757812.07,"Success","Cash deposit"
2657,"2024-02-09 14:28:18",165,"Riya Kumar",100100000164,"Recurring Deposit Account","SBI Surat Branch 6","Surat","Charge","System",206110.40,243000.09,"Success","Service charge"
2658,"2023-12-31 14:59:17",137,"Priya Pandey",100100000246,"NRI Savings Account","SBI Chennai Branch 21","Chennai","Transfer","Cash",192666.66,0.00,"Success","Fund transfer"
2659,"2024-01-30 07:38:17",182,"Komal Gupta",100100000181,"Savings Account","SBI Surat Branch 30","Surat","Transfer","NEFT",316500.51,0.00,"Success","Fund transfer"
2660,"2023-08-26 13:46:09",116,"Riya Sinha",100100000115,"Salary Account","SBI Noida Branch 47","Noida","Charge","ATM",16970.50,922983.29,"Success","Service charge"
2661,"2024-06-14 07:02:33",10,"Divya Patel",100100000009,"NRI Savings Account","SBI Nagpur Branch 34","Nagpur","Transfer","ATM",135288.15,305818.66,"Success","Fund transfer"
2662,"2022-07-24 03:16:29",156,"Shreya Yadav",100100000155,"Recurring Deposit Account","SBI Bhubaneswar Branch 22","Bhubaneswar","Deposit","RTGS",89688.94,181329.67,"Success","Cash deposit"
2663,"2024-10-13 18:04:52",72,"Anjali Singh",100100000071,"Savings Account","SBI Pune Branch 8","Pune","Transfer","ATM",204342.47,0.00,"Success","Fund transfer"
2664,"2025-05-03 23:21:05",20,"Karan Sinha",100100000019,"NRI Savings Account","SBI Kolkata Branch 42","Kolkata","Withdrawal","ATM",345563.64,0.00,"Success","Cash withdrawal"
2665,"2024-07-30 23:01:06",200,"Harsh Mishra",100100000225,"Salary Account","SBI Gurugram Branch 36","Gurugram","Withdrawal","IMPS",278969.46,15356.76,"Success","Cash withdrawal"
2666,"2024-10-20 05:41:16",138,"Sakshi Chauhan",100100000247,"Student Account","SBI Chennai Branch 21","Chennai","Deposit","Cheque",420860.91,1235917.45,"Success","Cash deposit"
2667,"2022-11-02 11:12:44",169,"Rahul Pandey",100100000168,"Senior Citizen Savings Account","SBI Hyderabad Branch 41","Hyderabad","Withdrawal","NEFT",471571.44,0.00,"Success","Cash withdrawal"
2668,"2024-05-19 13:46:55",51,"Rohit Yadav",100100000050,"Savings Account","SBI Chennai Branch 21","Chennai","Transfer","RTGS",61850.52,231122.49,"Success","Fund transfer"
2669,"2023-08-22 18:55:32",67,"Pooja Kumar",100100000066,"NRI Savings Account","SBI Chandigarh Branch 5","Chandigarh","Deposit","RTGS",122095.64,199817.58,"Success","Cash deposit"
2670,"2025-03-04 08:28:51",191,"Asha Sharma",100100000190,"Current Account","SBI Nagpur Branch 34","Nagpur","Withdrawal","IMPS",193615.29,0.00,"Success","Cash withdrawal"
2671,"2023-11-30 08:29:12",143,"Rohit Mishra",100100000277,"NRI Savings Account","SBI Patna Branch 9","Patna","Transfer","Cheque",446757.76,0.00,"Success","Fund transfer"
2672,"2023-11-19 17:19:38",3,"Amit Kumar",100100000240,"Savings Account","SBI Bhubaneswar Branch 25","Bhubaneswar","Charge","System",201640.60,556025.73,"Success","Service charge"
2673,"2023-11-26 06:16:15",62,"Ritu Yadav",100100000280,"Recurring Deposit Account","SBI Nagpur Branch 31","Nagpur","Deposit","IMPS",489972.26,867426.49,"Success","Cash deposit"
2674,"2022-05-26 02:56:17",42,"Pooja Gupta",100100000041,"Current Account","SBI Gurugram Branch 45","Gurugram","Transfer","Cheque",320922.85,0.00,"Success","Fund transfer"
2675,"2023-10-22 15:44:55",41,"Vivek Patel",100100000040,"Recurring Deposit Account","SBI Ahmedabad Branch 24","Ahmedabad","Withdrawal","ATM",16640.46,813466.37,"Success","Cash withdrawal"
2676,"2024-08-12 02:18:16",120,"Nidhi Agarwal",100100000119,"Savings Account","SBI Kolkata Branch 42","Kolkata","Interest","System",384384.43,384384.43,"Success","Interest credited"
2677,"2022-09-16 21:36:22",33,"Deepak Jain",100100000032,"Student Account","SBI Lucknow Branch 19","Lucknow","Interest","System",373484.66,717522.23,"Success","Interest credited"
2678,"2022-12-28 21:01:26",50,"Suresh Chauhan",100100000251,"Fixed Deposit Account","SBI Surat Branch 30","Surat","Transfer","RTGS",406718.86,1269257.06,"Success","Fund transfer"
2679,"2025-10-31 11:35:11",2,"Neha Gupta",100100000001,"NRI Savings Account","SBI Bhubaneswar Branch 22","Bhubaneswar","Interest","System",323262.27,323262.27,"Success","Interest credited"
2680,"2025-04-16 02:30:38",44,"Meena Reddy",100100000043,"Senior Citizen Savings Account","SBI Gurugram Branch 49","Gurugram","Withdrawal","Cash",240371.69,495010.62,"Success","Cash withdrawal"
2681,"2025-02-17 11:14:37",137,"Priya Pandey",100100000136,"Fixed Deposit Account","SBI Bengaluru Branch 50","Bengaluru","Deposit","IMPS",179316.71,179316.71,"Success","Cash deposit"
2682,"2022-10-16 15:00:58",178,"Arjun Kumar",100100000227,"Current Account","SBI Kolkata Branch 42","Kolkata","Withdrawal","UPI",422701.33,0.00,"Success","Cash withdrawal"
2683,"2024-02-19 18:58:35",52,"Harsh Mishra",100100000051,"Savings Account","SBI Gurugram Branch 49","Gurugram","Charge","System",489187.30,0.00,"Success","Service charge"
2684,"2023-12-17 01:09:00",100,"Pooja Mishra",100100000099,"Savings Account","SBI Noida Branch 28","Noida","Withdrawal","IMPS",149911.24,627382.93,"Success","Cash withdrawal"
2685,"2024-01-10 19:11:04",68,"Vikas Patel",100100000067,"Current Account","SBI Nagpur Branch 31","Nagpur","Interest","System",204266.51,1429977.47,"Success","Interest credited"
2686,"2025-03-25 17:07:51",83,"Nitin Verma",100100000286,"Salary Account","SBI Chennai Branch 40","Chennai","Interest","System",155788.24,621980.55,"Success","Interest credited"
2687,"2023-10-23 02:46:36",30,"Vikas Gupta",100100000221,"Savings Account","SBI Noida Branch 2","Noida","Interest","System",311868.73,559351.53,"Success","Interest credited"
2688,"2023-08-22 22:30:06",88,"Arjun Kumar",100100000273,"NRI Savings Account","SBI Bengaluru Branch 50","Bengaluru","Transfer","RTGS",51242.12,222352.83,"Success","Fund transfer"
2689,"2022-10-31 22:25:20",25,"Riya Reddy",100100000024,"Savings Account","SBI Gurugram Branch 33","Gurugram","Transfer","Cash",43569.43,0.00,"Success","Fund transfer"
2690,"2024-05-03 19:27:47",153,"Mohit Sinha",100100000152,"Student Account","SBI Nagpur Branch 31","Nagpur","Deposit","Cash",210694.07,515767.00,"Success","Cash deposit"
2691,"2026-02-17 06:14:52",185,"Rahul Kumar",100100000184,"Current Account","SBI Surat Branch 4","Surat","Transfer","RTGS",174019.90,547754.55,"Success","Fund transfer"
2692,"2025-03-18 07:02:23",157,"Meena Mishra",100100000156,"Savings Account","SBI Bhubaneswar Branch 22","Bhubaneswar","Withdrawal","UPI",129402.81,67082.80,"Failed","Cash withdrawal"
2693,"2022-01-25 14:38:11",180,"Divya Mishra",100100000179,"Current Account","SBI Chennai Branch 21","Chennai","Transfer","UPI",111754.95,0.00,"Success","Fund transfer"
2694,"2022-07-21 13:23:24",111,"Shreya Singh",100100000110,"Recurring Deposit Account","SBI Noida Branch 2","Noida","Deposit","RTGS",182108.28,1586541.50,"Success","Cash deposit"
2695,"2025-09-04 05:23:46",39,"Riya Reddy",100100000038,"Senior Citizen Savings Account","SBI Chandigarh Branch 5","Chandigarh","Charge","Cheque",440372.30,0.00,"Success","Service charge"
2696,"2024-08-29 08:08:21",5,"Amit Reddy",100100000004,"Salary Account","SBI Bhopal Branch 39","Bhopal","Withdrawal","Cheque",28541.45,726789.37,"Success","Cash withdrawal"
2697,"2025-08-29 12:30:11",188,"Nitin Jain",100100000266,"Current Account","SBI Nagpur Branch 31","Nagpur","Deposit","Cheque",399240.84,399240.84,"Success","Cash deposit"
2698,"2024-07-14 10:09:59",149,"Anjali Mishra",100100000148,"Student Account","SBI Bengaluru Branch 7","Bengaluru","Interest","System",172145.39,1112416.54,"Success","Interest credited"
2699,"2022-06-25 20:50:27",191,"Asha Sharma",100100000265,"Current Account","SBI Pune Branch 8","Pune","Interest","System",49728.84,49728.84,"Success","Interest credited"
2700,"2025-10-14 04:28:31",37,"Neha Pandey",100100000036,"Student Account","SBI Bengaluru Branch 50","Bengaluru","Interest","System",305115.51,836458.65,"Success","Interest credited"
2701,"2024-05-24 09:42:30",93,"Arjun Sinha",100100000092,"Current Account","SBI Bengaluru Branch 38","Bengaluru","Interest","System",48908.43,418643.81,"Success","Interest credited"
2702,"2022-02-12 18:35:57",43,"Shreya Singh",100100000042,"Savings Account","SBI Patna Branch 26","Patna","Deposit","ATM",281916.48,856240.88,"Success","Cash deposit"
2703,"2024-09-04 05:14:55",176,"Rohit Sharma",100100000213,"Fixed Deposit Account","SBI Lucknow Branch 19","Lucknow","Interest","System",339902.38,339902.38,"Success","Interest credited"
2704,"2026-06-02 21:58:50",130,"Pooja Pandey",100100000129,"Salary Account","SBI Noida Branch 47","Noida","Interest","System",159349.71,656679.39,"Success","Interest credited"
2705,"2026-02-17 01:24:33",143,"Rohit Mishra",100100000142,"Student Account","SBI Bhopal Branch 37","Bhopal","Transfer","UPI",387841.56,0.00,"Success","Fund transfer"
2706,"2022-09-22 17:29:30",21,"Anjali Yadav",100100000020,"Student Account","SBI Lucknow Branch 19","Lucknow","Withdrawal","RTGS",367251.56,0.00,"Success","Cash withdrawal"
2707,"2024-01-10 01:23:02",75,"Neha Chauhan",100100000074,"Salary Account","SBI Chennai Branch 40","Chennai","Deposit","IMPS",343184.43,343184.43,"Success","Cash deposit"
2708,"2025-01-15 19:36:48",163,"Anjali Gupta",100100000162,"Savings Account","SBI Ahmedabad Branch 24","Ahmedabad","Deposit","IMPS",421324.02,440905.50,"Success","Cash deposit"
2709,"2023-12-31 07:13:11",164,"Shreya Sinha",100100000163,"Student Account","SBI Indore Branch 27","Indore","Charge","ATM",408219.88,287019.30,"Pending","Service charge"
2710,"2022-10-19 19:45:21",163,"Anjali Gupta",100100000162,"Savings Account","SBI Ahmedabad Branch 24","Ahmedabad","Charge","Cheque",94318.00,346587.50,"Success","Service charge"
2711,"2022-05-27 21:20:30",193,"Vikas Verma",100100000242,"Student Account","SBI Surat Branch 6","Surat","Interest","System",233119.49,429830.77,"Success","Interest credited"
2712,"2022-02-26 10:14:57",29,"Mohit Yadav",100100000028,"Student Account","SBI Bhopal Branch 39","Bhopal","Withdrawal","Cheque",391963.00,0.00,"Success","Cash withdrawal"
2713,"2026-03-25 18:21:33",125,"Vivek Kumar",100100000124,"Salary Account","SBI Bhopal Branch 39","Bhopal","Charge","ATM",354442.72,0.00,"Success","Service charge"
2714,"2026-03-24 08:27:26",170,"Manish Verma",100100000169,"Savings Account","SBI Chennai Branch 40","Chennai","Transfer","NEFT",492279.58,0.00,"Success","Fund transfer"
2715,"2023-10-19 23:23:08",157,"Meena Mishra",100100000156,"Savings Account","SBI Bhubaneswar Branch 22","Bhubaneswar","Withdrawal","UPI",91447.83,0.00,"Success","Cash withdrawal"
2716,"2023-02-04 20:28:04",57,"Divya Chauhan",100100000056,"Savings Account","SBI Bengaluru Branch 50","Bengaluru","Interest","System",96082.75,96082.75,"Success","Interest credited"
2717,"2025-02-21 13:02:59",72,"Anjali Singh",100100000217,"Savings Account","SBI Bengaluru Branch 38","Bengaluru","Withdrawal","RTGS",359697.75,0.00,"Success","Cash withdrawal"
2718,"2025-10-08 02:54:12",102,"Asha Sinha",100100000268,"Fixed Deposit Account","SBI Chennai Branch 21","Chennai","Withdrawal","Cash",215988.08,0.00,"Success","Cash withdrawal"
2719,"2023-04-17 13:21:47",32,"Ankit Reddy",100100000031,"Recurring Deposit Account","SBI Bengaluru Branch 7","Bengaluru","Deposit","NEFT",257399.58,257399.58,"Success","Cash deposit"
2720,"2026-02-22 02:38:12",74,"Rahul Kumar",100100000073,"Current Account","SBI Bengaluru Branch 16","Bengaluru","Charge","System",256195.37,632515.43,"Success","Service charge"
2721,"2025-03-06 11:53:04",46,"Priya Mishra",100100000045,"Current Account","SBI Bengaluru Branch 7","Bengaluru","Withdrawal","NEFT",393324.19,0.00,"Success","Cash withdrawal"
2722,"2024-02-26 16:31:17",94,"Shreya Mishra",100100000093,"Savings Account","SBI Hyderabad Branch 41","Hyderabad","Interest","System",224975.04,404413.96,"Success","Interest credited"
2723,"2023-07-15 19:40:12",62,"Ritu Yadav",100100000061,"Recurring Deposit Account","SBI Noida Branch 2","Noida","Interest","System",104677.58,1289283.47,"Success","Interest credited"
2724,"2022-12-06 21:14:46",24,"Riya Patel",100100000023,"NRI Savings Account","SBI Nagpur Branch 34","Nagpur","Deposit","UPI",359380.70,1521285.57,"Success","Cash deposit"
2725,"2022-05-22 11:53:07",117,"Priya Patel",100100000116,"NRI Savings Account","SBI Chennai Branch 40","Chennai","Interest","System",333127.39,333127.39,"Success","Interest credited"
2726,"2024-06-28 14:52:42",118,"Sneha Singh",100100000117,"Savings Account","SBI Bengaluru Branch 15","Bengaluru","Withdrawal","NEFT",450101.65,0.00,"Success","Cash withdrawal"
2727,"2024-02-26 23:41:59",119,"Meena Yadav",100100000118,"Salary Account","SBI Pune Branch 11","Pune","Transfer","NEFT",399801.41,232105.50,"Success","Fund transfer"
2728,"2024-09-15 23:58:22",133,"Priya Patel",100100000283,"NRI Savings Account","SBI Delhi Branch 13","Delhi","Interest","System",11170.16,11170.16,"Success","Interest credited"
2729,"2025-05-06 22:26:14",134,"Nitin Sharma",100100000200,"Salary Account","SBI Pune Branch 43","Pune","Interest","System",442800.51,1697675.36,"Success","Interest credited"
2730,"2024-04-24 04:36:11",161,"Riya Singh",100100000253,"Senior Citizen Savings Account","SBI Chennai Branch 40","Chennai","Withdrawal","IMPS",22421.24,756884.36,"Success","Cash withdrawal"
2731,"2024-12-26 23:38:52",115,"Nidhi Agarwal",100100000114,"Current Account","SBI Noida Branch 28","Noida","Charge","System",183665.16,0.00,"Success","Service charge"
2732,"2024-11-29 07:14:54",167,"Mohit Jain",100100000293,"Savings Account","SBI Ahmedabad Branch 24","Ahmedabad","Charge","System",319746.75,0.00,"Success","Service charge"
2733,"2025-04-07 07:44:08",186,"Neha Gupta",100100000185,"Senior Citizen Savings Account","SBI Bhopal Branch 35","Bhopal","Withdrawal","ATM",394650.92,0.00,"Success","Cash withdrawal"
2734,"2023-02-01 01:41:00",92,"Ritu Chauhan",100100000291,"Savings Account","SBI Chandigarh Branch 5","Chandigarh","Deposit","NEFT",206994.53,296419.77,"Success","Cash deposit"
2735,"2023-05-14 22:48:27",17,"Komal Patel",100100000275,"Savings Account","SBI Surat Branch 44","Surat","Interest","System",203811.49,406023.06,"Success","Interest credited"
2736,"2024-02-28 15:26:32",192,"Deepak Reddy",100100000228,"Salary Account","SBI Kolkata Branch 42","Kolkata","Transfer","IMPS",34365.91,145089.46,"Success","Fund transfer"
2737,"2025-04-22 12:44:41",84,"Karan Patel",100100000083,"Savings Account","SBI Bhopal Branch 35","Bhopal","Transfer","Cash",268912.94,0.00,"Success","Fund transfer"
2738,"2025-09-02 09:34:10",114,"Harsh Reddy",100100000205,"Current Account","SBI Chennai Branch 40","Chennai","Deposit","Cheque",61735.07,275096.70,"Success","Cash deposit"
2739,"2024-10-25 20:39:05",35,"Ankit Gupta",100100000034,"Savings Account","SBI Bengaluru Branch 7","Bengaluru","Deposit","RTGS",438664.70,788318.31,"Success","Cash deposit"
2740,"2024-08-07 00:56:54",107,"Nitin Chauhan",100100000209,"Senior Citizen Savings Account","SBI Bengaluru Branch 7","Bengaluru","Charge","Cheque",17266.94,0.00,"Success","Service charge"
2741,"2025-01-07 11:20:04",88,"Arjun Kumar",100100000087,"Senior Citizen Savings Account","SBI Gurugram Branch 49","Gurugram","Transfer","ATM",286781.07,139664.31,"Success","Fund transfer"
2742,"2022-03-23 20:31:58",73,"Karan Yadav",100100000226,"NRI Savings Account","SBI Bhubaneswar Branch 22","Bhubaneswar","Charge","ATM",439094.73,0.00,"Success","Service charge"
2743,"2025-12-17 02:00:15",197,"Rajesh Yadav",100100000223,"Savings Account","SBI Noida Branch 32","Noida","Interest","System",368534.17,368534.17,"Success","Interest credited"
2744,"2025-06-26 06:21:35",77,"Anjali Mishra",100100000243,"Savings Account","SBI Kolkata Branch 42","Kolkata","Charge","ATM",240402.22,0.00,"Success","Service charge"
2745,"2023-01-22 03:50:02",96,"Manish Yadav",100100000095,"Student Account","SBI Bengaluru Branch 7","Bengaluru","Deposit","ATM",336423.64,336423.64,"Success","Cash deposit"
2746,"2024-07-03 11:06:35",68,"Vikas Patel",100100000067,"Current Account","SBI Nagpur Branch 31","Nagpur","Withdrawal","RTGS",307110.85,1122866.62,"Success","Cash withdrawal"
2747,"2025-07-07 01:15:28",49,"Amit Sinha",100100000048,"Senior Citizen Savings Account","SBI Bhopal Branch 39","Bhopal","Charge","Cheque",163145.07,0.00,"Success","Service charge"
2748,"2025-02-17 18:07:43",178,"Arjun Kumar",100100000227,"Current Account","SBI Kolkata Branch 42","Kolkata","Transfer","ATM",20962.87,0.00,"Success","Fund transfer"
2749,"2026-01-28 14:30:32",122,"Ritu Pandey",100100000121,"Student Account","SBI Lucknow Branch 19","Lucknow","Deposit","Cash",309553.23,667870.57,"Success","Cash deposit"
2750,"2025-03-18 10:00:28",111,"Shreya Singh",100100000220,"Senior Citizen Savings Account","SBI Indore Branch 27","Indore","Transfer","ATM",236691.52,367863.81,"Pending","Fund transfer"
2751,"2023-07-04 05:09:01",189,"Rajesh Pandey",100100000188,"Fixed Deposit Account","SBI Pune Branch 8","Pune","Charge","ATM",274278.49,343119.86,"Success","Service charge"
2752,"2025-09-10 01:07:19",32,"Ankit Reddy",100100000031,"Recurring Deposit Account","SBI Bengaluru Branch 7","Bengaluru","Withdrawal","Cash",46572.19,210827.39,"Success","Cash withdrawal"
2753,"2022-04-10 20:04:32",66,"Harsh Sinha",100100000065,"Recurring Deposit Account","SBI Bhubaneswar Branch 22","Bhubaneswar","Interest","System",53734.29,683136.61,"Success","Interest credited"
2754,"2022-03-26 01:16:56",60,"Rahul Sinha",100100000059,"Savings Account","SBI Pune Branch 11","Pune","Deposit","IMPS",241983.97,1094419.71,"Success","Cash deposit"
2755,"2023-04-30 04:59:31",51,"Rohit Yadav",100100000206,"Savings Account","SBI Noida Branch 2","Noida","Interest","System",138591.94,138591.94,"Success","Interest credited"
2756,"2023-10-23 02:41:20",196,"Manish Chauhan",100100000195,"Fixed Deposit Account","SBI Pune Branch 11","Pune","Charge","ATM",197309.47,0.00,"Success","Service charge"
2757,"2024-07-14 00:20:51",195,"Amit Agarwal",100100000194,"Savings Account","SBI Surat Branch 3","Surat","Charge","System",499876.89,526081.10,"Success","Service charge"
2758,"2026-04-16 15:04:48",9,"Rohit Chauhan",100100000008,"Savings Account","SBI Surat Branch 4","Surat","Charge","ATM",163837.67,453840.77,"Failed","Service charge"
2759,"2024-03-28 06:43:22",25,"Riya Reddy",100100000024,"Savings Account","SBI Gurugram Branch 33","Gurugram","Deposit","RTGS",269716.76,269716.76,"Success","Cash deposit"
2760,"2026-04-02 02:17:32",178,"Arjun Kumar",100100000208,"NRI Savings Account","SBI Gurugram Branch 49","Gurugram","Interest","System",36078.92,507030.35,"Success","Interest credited"
2761,"2022-05-05 22:00:39",193,"Vikas Verma",100100000192,"Savings Account","SBI Ahmedabad Branch 24","Ahmedabad","Transfer","UPI",498218.59,0.00,"Success","Fund transfer"
2762,"2024-03-09 04:44:27",144,"Rahul Mishra",100100000143,"NRI Savings Account","SBI Surat Branch 6","Surat","Transfer","Cash",321659.83,314031.02,"Success","Fund transfer"
2763,"2026-02-17 07:42:32",194,"Harsh Agarwal",100100000257,"Current Account","SBI Delhi Branch 14","Delhi","Transfer","NEFT",134685.56,63328.40,"Success","Fund transfer"
2764,"2026-03-22 13:57:42",100,"Pooja Mishra",100100000099,"Savings Account","SBI Noida Branch 28","Noida","Deposit","Cheque",223232.80,627382.93,"Pending","Cash deposit"
2765,"2022-07-02 21:24:43",182,"Komal Gupta",100100000255,"Salary Account","SBI Noida Branch 18","Noida","Interest","System",275342.57,275342.57,"Success","Interest credited"
2766,"2023-11-16 09:49:05",64,"Riya Singh",100100000063,"Fixed Deposit Account","SBI Patna Branch 17","Patna","Withdrawal","IMPS",278929.35,545788.22,"Success","Cash withdrawal"
2767,"2023-05-10 00:47:56",132,"Karan Chauhan",100100000131,"Recurring Deposit Account","SBI Surat Branch 44","Surat","Interest","System",170704.81,615983.65,"Success","Interest credited"
2768,"2025-08-15 01:08:21",170,"Manish Verma",100100000271,"Current Account","SBI Bhopal Branch 23","Bhopal","Interest","System",181236.09,518733.62,"Success","Interest credited"
2769,"2024-12-03 20:56:45",193,"Vikas Verma",100100000203,"Salary Account","SBI Noida Branch 32","Noida","Interest","System",89565.79,633255.19,"Success","Interest credited"
2770,"2023-04-30 23:40:16",51,"Rohit Yadav",100100000262,"Current Account","SBI Surat Branch 3","Surat","Withdrawal","NEFT",195742.42,0.00,"Success","Cash withdrawal"
2771,"2024-07-08 23:42:46",62,"Ritu Yadav",100100000061,"Recurring Deposit Account","SBI Noida Branch 2","Noida","Charge","ATM",336366.19,952917.28,"Success","Service charge"
2772,"2025-07-10 15:41:11",54,"Meena Singh",100100000269,"Fixed Deposit Account","SBI Bhopal Branch 23","Bhopal","Deposit","NEFT",434629.95,852377.98,"Success","Cash deposit"
2773,"2022-12-16 22:40:33",111,"Shreya Singh",100100000110,"Recurring Deposit Account","SBI Noida Branch 2","Noida","Charge","ATM",5150.06,1581391.44,"Success","Service charge"
2774,"2026-01-13 16:07:23",92,"Ritu Chauhan",100100000249,"NRI Savings Account","SBI Pune Branch 43","Pune","Charge","Cheque",117430.50,86870.73,"Success","Service charge"
2775,"2023-10-15 11:41:12",32,"Ankit Reddy",100100000031,"Recurring Deposit Account","SBI Bengaluru Branch 7","Bengaluru","Charge","System",63802.74,147024.65,"Success","Service charge"
2776,"2024-11-11 05:55:05",70,"Asha Reddy",100100000069,"Salary Account","SBI Pune Branch 43","Pune","Withdrawal","IMPS",431838.56,0.00,"Success","Cash withdrawal"
2777,"2023-05-20 15:19:56",77,"Anjali Mishra",100100000243,"Savings Account","SBI Kolkata Branch 42","Kolkata","Interest","System",226654.75,226654.75,"Success","Interest credited"
2778,"2024-11-02 11:01:22",168,"Meena Gupta",100100000167,"Senior Citizen Savings Account","SBI Gurugram Branch 33","Gurugram","Deposit","IMPS",483871.54,483871.54,"Success","Cash deposit"
2779,"2025-04-02 03:47:37",167,"Mohit Jain",100100000166,"Fixed Deposit Account","SBI Delhi Branch 14","Delhi","Withdrawal","Cheque",152376.71,598825.95,"Pending","Cash withdrawal"
2780,"2022-01-21 13:32:14",107,"Nitin Chauhan",100100000106,"Current Account","SBI Lucknow Branch 12","Lucknow","Transfer","RTGS",486913.50,0.00,"Success","Fund transfer"
2781,"2022-08-16 12:50:33",49,"Amit Sinha",100100000048,"Senior Citizen Savings Account","SBI Bhopal Branch 39","Bhopal","Interest","System",112928.47,0.00,"Failed","Interest credited"
2782,"2024-06-19 05:31:45",12,"Vivek Mishra",100100000011,"Student Account","SBI Gurugram Branch 36","Gurugram","Deposit","ATM",243170.05,243170.05,"Success","Cash deposit"
2783,"2022-09-05 09:44:24",50,"Suresh Chauhan",100100000218,"Recurring Deposit Account","SBI Lucknow Branch 19","Lucknow","Interest","System",385846.62,138674.05,"Pending","Interest credited"
2784,"2023-12-21 13:39:54",185,"Rahul Kumar",100100000281,"Senior Citizen Savings Account","SBI Surat Branch 30","Surat","Withdrawal","Cheque",319075.13,456742.65,"Success","Cash withdrawal"
2785,"2022-02-28 23:36:35",117,"Priya Patel",100100000116,"NRI Savings Account","SBI Chennai Branch 40","Chennai","Deposit","RTGS",177370.90,510498.29,"Success","Cash deposit"
2786,"2023-04-05 19:15:00",137,"Priya Pandey",100100000246,"NRI Savings Account","SBI Chennai Branch 21","Chennai","Withdrawal","NEFT",321543.78,0.00,"Success","Cash withdrawal"
2787,"2024-12-09 05:03:24",131,"Divya Yadav",100100000258,"Savings Account","SBI Surat Branch 3","Surat","Charge","System",21204.49,231530.79,"Success","Service charge"
2788,"2024-08-15 13:11:02",162,"Asha Reddy",100100000161,"Savings Account","SBI Pune Branch 1","Pune","Transfer","RTGS",47461.26,375469.74,"Success","Fund transfer"
2789,"2022-10-20 09:29:45",151,"Pooja Patel",100100000150,"Fixed Deposit Account","SBI Gurugram Branch 49","Gurugram","Deposit","NEFT",376379.32,678814.80,"Success","Cash deposit"
2790,"2024-11-14 17:54:09",68,"Vikas Patel",100100000067,"Current Account","SBI Nagpur Branch 31","Nagpur","Transfer","ATM",401235.58,721631.04,"Success","Fund transfer"
2791,"2024-05-01 18:27:32",77,"Anjali Mishra",100100000076,"Savings Account","SBI Gurugram Branch 33","Gurugram","Interest","System",283038.56,620923.13,"Success","Interest credited"
2792,"2022-05-05 08:02:40",77,"Anjali Mishra",100100000278,"NRI Savings Account","SBI Gurugram Branch 33","Gurugram","Interest","System",19330.72,235497.06,"Success","Interest credited"
2793,"2024-06-29 06:26:12",198,"Suresh Singh",100100000197,"Recurring Deposit Account","SBI Nagpur Branch 34","Nagpur","Deposit","RTGS",302878.41,302878.41,"Success","Cash deposit"
2794,"2025-09-03 16:23:58",193,"Vikas Verma",100100000192,"Savings Account","SBI Ahmedabad Branch 24","Ahmedabad","Transfer","UPI",35611.14,0.00,"Pending","Fund transfer"
2795,"2025-09-30 12:18:41",23,"Asha Agarwal",100100000022,"Student Account","SBI Bengaluru Branch 38","Bengaluru","Transfer","ATM",94603.08,0.00,"Success","Fund transfer"
2796,"2022-03-07 07:33:11",197,"Rajesh Yadav",100100000196,"Senior Citizen Savings Account","SBI Kochi Branch 46","Kochi","Transfer","RTGS",345024.68,0.00,"Success","Fund transfer"
2797,"2024-05-08 13:41:24",45,"Vikas Patel",100100000044,"Fixed Deposit Account","SBI Noida Branch 47","Noida","Withdrawal","ATM",65201.15,246517.03,"Success","Cash withdrawal"
2798,"2025-09-02 06:40:18",114,"Harsh Reddy",100100000113,"Fixed Deposit Account","SBI Surat Branch 3","Surat","Charge","System",356135.70,0.00,"Success","Service charge"
2799,"2024-08-09 18:30:51",34,"Rahul Sharma",100100000033,"NRI Savings Account","SBI Bhopal Branch 39","Bhopal","Charge","System",353583.95,0.00,"Success","Service charge"
2800,"2023-02-23 08:35:33",119,"Meena Yadav",100100000118,"Salary Account","SBI Pune Branch 11","Pune","Withdrawal","Cash",112476.99,232105.50,"Pending","Cash withdrawal"
2801,"2022-10-07 09:45:23",66,"Harsh Sinha",100100000065,"Recurring Deposit Account","SBI Bhubaneswar Branch 22","Bhubaneswar","Interest","System",40880.45,724017.06,"Success","Interest credited"
2802,"2024-10-10 04:02:27",114,"Harsh Reddy",100100000290,"NRI Savings Account","SBI Surat Branch 3","Surat","Transfer","NEFT",204556.83,0.00,"Success","Fund transfer"
2803,"2025-02-12 02:04:05",67,"Pooja Kumar",100100000066,"NRI Savings Account","SBI Chandigarh Branch 5","Chandigarh","Withdrawal","Cash",218442.95,0.00,"Success","Cash withdrawal"
2804,"2026-05-12 11:33:43",10,"Divya Patel",100100000009,"NRI Savings Account","SBI Nagpur Branch 34","Nagpur","Interest","System",404551.54,710370.20,"Success","Interest credited"
2805,"2026-01-02 14:02:18",141,"Rohit Patel",100100000140,"Savings Account","SBI Chennai Branch 21","Chennai","Deposit","ATM",32914.31,230435.76,"Success","Cash deposit"
2806,"2022-11-09 04:33:42",170,"Manish Verma",100100000169,"Savings Account","SBI Chennai Branch 40","Chennai","Charge","ATM",131866.04,0.00,"Success","Service charge"
2807,"2022-10-25 02:39:35",18,"Vivek Verma",100100000239,"NRI Savings Account","SBI Bengaluru Branch 7","Bengaluru","Withdrawal","RTGS",6078.48,873134.80,"Success","Cash withdrawal"
2808,"2023-05-14 16:56:57",72,"Anjali Singh",100100000071,"Savings Account","SBI Pune Branch 8","Pune","Charge","System",41550.73,0.00,"Success","Service charge"
2809,"2022-12-12 00:02:11",116,"Riya Sinha",100100000201,"Salary Account","SBI Bengaluru Branch 7","Bengaluru","Withdrawal","RTGS",146088.34,641759.76,"Success","Cash withdrawal"
2810,"2024-05-21 19:31:26",60,"Rahul Sinha",100100000059,"Savings Account","SBI Pune Branch 11","Pune","Charge","System",56727.67,1037692.04,"Success","Service charge"
2811,"2026-07-02 15:30:13",122,"Ritu Pandey",100100000121,"Student Account","SBI Lucknow Branch 19","Lucknow","Transfer","ATM",59229.94,608640.63,"Success","Fund transfer"
2812,"2024-12-17 05:47:32",74,"Rahul Kumar",100100000073,"Current Account","SBI Bengaluru Branch 16","Bengaluru","Transfer","NEFT",41596.30,590919.13,"Success","Fund transfer"
2813,"2024-10-17 11:27:11",55,"Vikas Kumar",100100000054,"Fixed Deposit Account","SBI Gurugram Branch 45","Gurugram","Transfer","UPI",71012.81,13127.25,"Success","Fund transfer"
2814,"2024-12-25 04:14:56",9,"Rohit Chauhan",100100000008,"Savings Account","SBI Surat Branch 4","Surat","Interest","System",111717.83,565558.60,"Success","Interest credited"
2815,"2022-10-20 04:34:02",168,"Meena Gupta",100100000289,"Senior Citizen Savings Account","SBI Gurugram Branch 48","Gurugram","Deposit","NEFT",335831.51,335831.51,"Success","Cash deposit"
2816,"2023-02-18 11:43:22",200,"Harsh Mishra",100100000199,"Savings Account","SBI Gurugram Branch 45","Gurugram","Deposit","NEFT",436044.25,436044.25,"Success","Cash deposit"
2817,"2024-08-23 06:16:51",76,"Harsh Kumar",100100000075,"Savings Account","SBI Delhi Branch 13","Delhi","Charge","System",309883.03,447929.04,"Success","Service charge"
2818,"2025-04-09 15:56:18",181,"Arjun Singh",100100000180,"Recurring Deposit Account","SBI Bhopal Branch 39","Bhopal","Interest","System",277838.94,277838.94,"Success","Interest credited"
2819,"2025-02-05 04:59:22",29,"Mohit Yadav",100100000028,"Student Account","SBI Bhopal Branch 39","Bhopal","Interest","System",395771.17,395771.17,"Success","Interest credited"
2820,"2022-08-17 07:32:09",193,"Vikas Verma",100100000203,"Salary Account","SBI Noida Branch 32","Noida","Transfer","RTGS",499128.29,134126.90,"Success","Fund transfer"
2821,"2022-02-15 02:30:25",41,"Vivek Patel",100100000040,"Recurring Deposit Account","SBI Ahmedabad Branch 24","Ahmedabad","Transfer","ATM",230484.41,582981.96,"Success","Fund transfer"
2822,"2022-12-12 08:00:53",187,"Karan Chauhan",100100000186,"Savings Account","SBI Chandigarh Branch 5","Chandigarh","Deposit","Cheque",103094.95,548178.80,"Success","Cash deposit"
2823,"2026-04-22 13:45:59",126,"Rahul Kumar",100100000125,"Current Account","SBI Chennai Branch 40","Chennai","Interest","System",83006.20,1556585.82,"Success","Interest credited"
2824,"2022-01-31 15:09:08",78,"Sneha Verma",100100000216,"Savings Account","SBI Bengaluru Branch 15","Bengaluru","Interest","System",363018.37,413263.77,"Success","Interest credited"
2825,"2022-05-28 19:28:11",67,"Pooja Kumar",100100000066,"NRI Savings Account","SBI Chandigarh Branch 5","Chandigarh","Withdrawal","Cheque",454530.95,0.00,"Success","Cash withdrawal"
2826,"2022-06-18 04:36:09",167,"Mohit Jain",100100000293,"Savings Account","SBI Ahmedabad Branch 24","Ahmedabad","Deposit","RTGS",474639.28,474639.28,"Success","Cash deposit"
2827,"2023-01-15 04:38:55",116,"Riya Sinha",100100000201,"Salary Account","SBI Bengaluru Branch 7","Bengaluru","Deposit","Cheque",204202.68,845962.44,"Success","Cash deposit"
2828,"2025-01-15 02:57:31",1,"Vivek Yadav",100100000000,"Savings Account","SBI Patna Branch 17","Patna","Charge","System",435290.95,0.00,"Success","Service charge"
2829,"2024-10-09 00:52:21",17,"Komal Patel",100100000016,"Student Account","SBI Chennai Branch 40","Chennai","Charge","Cheque",285644.13,0.00,"Success","Service charge"
2830,"2026-02-14 13:23:01",94,"Shreya Mishra",100100000264,"Savings Account","SBI Hyderabad Branch 41","Hyderabad","Charge","Cheque",165389.87,1772171.77,"Failed","Service charge"
2831,"2022-10-27 09:01:15",57,"Divya Chauhan",100100000056,"Savings Account","SBI Bengaluru Branch 50","Bengaluru","Withdrawal","NEFT",44235.64,51847.11,"Success","Cash withdrawal"
2832,"2023-10-27 19:48:06",175,"Pooja Jain",100100000174,"Fixed Deposit Account","SBI Pune Branch 11","Pune","Interest","System",166901.01,440269.05,"Success","Interest credited"
2833,"2025-01-12 17:44:43",33,"Deepak Jain",100100000032,"Student Account","SBI Lucknow Branch 19","Lucknow","Deposit","RTGS",229732.85,947255.08,"Success","Cash deposit"
2834,"2026-02-19 02:48:15",161,"Riya Singh",100100000160,"Savings Account","SBI Pune Branch 1","Pune","Deposit","IMPS",204124.73,809857.23,"Success","Cash deposit"
2835,"2023-12-08 13:03:18",95,"Rahul Kumar",100100000094,"Savings Account","SBI Bhubaneswar Branch 25","Bhubaneswar","Withdrawal","IMPS",67167.37,415699.00,"Success","Cash withdrawal"
2836,"2025-10-05 01:57:58",46,"Priya Mishra",100100000045,"Current Account","SBI Bengaluru Branch 7","Bengaluru","Charge","ATM",347624.51,0.00,"Pending","Service charge"
2837,"2026-05-28 17:14:55",184,"Asha Singh",100100000183,"Savings Account","SBI Surat Branch 29","Surat","Withdrawal","NEFT",333493.56,0.00,"Success","Cash withdrawal"
2838,"2024-10-29 17:26:54",91,"Amit Chauhan",100100000090,"Salary Account","SBI Nagpur Branch 31","Nagpur","Interest","System",270125.35,270125.35,"Success","Interest credited"
2839,"2023-02-10 12:53:29",55,"Vikas Kumar",100100000054,"Fixed Deposit Account","SBI Gurugram Branch 45","Gurugram","Transfer","IMPS",334182.85,0.00,"Success","Fund transfer"
2840,"2023-03-12 02:08:01",115,"Nidhi Agarwal",100100000114,"Current Account","SBI Noida Branch 28","Noida","Withdrawal","IMPS",442976.95,0.00,"Success","Cash withdrawal"
2841,"2023-11-02 04:48:38",51,"Rohit Yadav",100100000262,"Current Account","SBI Surat Branch 3","Surat","Interest","System",340172.68,340172.68,"Success","Interest credited"
2842,"2024-11-21 20:36:46",109,"Kavita Jain",100100000108,"Recurring Deposit Account","SBI Ahmedabad Branch 24","Ahmedabad","Interest","System",155832.82,673356.54,"Success","Interest credited"
2843,"2025-08-03 08:11:54",36,"Sakshi Agarwal",100100000035,"Savings Account","SBI Chennai Branch 40","Chennai","Transfer","UPI",40500.17,0.00,"Success","Fund transfer"
2844,"2022-10-31 22:52:06",182,"Komal Gupta",100100000181,"Savings Account","SBI Surat Branch 30","Surat","Withdrawal","RTGS",42774.52,0.00,"Success","Cash withdrawal"
2845,"2022-04-30 19:06:49",100,"Pooja Mishra",100100000099,"Savings Account","SBI Noida Branch 28","Noida","Transfer","RTGS",124465.44,502917.49,"Success","Fund transfer"
2846,"2025-05-19 18:28:27",153,"Mohit Sinha",100100000152,"Student Account","SBI Nagpur Branch 31","Nagpur","Deposit","IMPS",472239.56,988006.56,"Success","Cash deposit"
2847,"2025-07-06 14:49:32",95,"Rahul Kumar",100100000094,"Savings Account","SBI Bhubaneswar Branch 25","Bhubaneswar","Withdrawal","UPI",164921.21,250777.79,"Success","Cash withdrawal"
2848,"2022-08-15 01:29:58",194,"Harsh Agarwal",100100000193,"Student Account","SBI Noida Branch 2","Noida","Transfer","ATM",33582.76,0.00,"Success","Fund transfer"
2849,"2025-06-13 10:18:44",62,"Ritu Yadav",100100000280,"Recurring Deposit Account","SBI Nagpur Branch 31","Nagpur","Charge","Cheque",318459.19,548967.30,"Success","Service charge"
2850,"2024-06-26 02:12:28",124,"Asha Sinha",100100000123,"Student Account","SBI Lucknow Branch 12","Lucknow","Withdrawal","RTGS",204231.75,0.00,"Success","Cash withdrawal"
2851,"2025-10-19 05:31:38",10,"Divya Patel",100100000009,"NRI Savings Account","SBI Nagpur Branch 34","Nagpur","Withdrawal","IMPS",54381.05,655989.15,"Success","Cash withdrawal"
2852,"2022-04-17 15:27:19",169,"Rahul Pandey",100100000168,"Senior Citizen Savings Account","SBI Hyderabad Branch 41","Hyderabad","Withdrawal","UPI",250915.88,0.00,"Success","Cash withdrawal"
2853,"2022-12-24 10:12:44",200,"Harsh Mishra",100100000225,"Salary Account","SBI Gurugram Branch 36","Gurugram","Charge","Cheque",291553.96,0.00,"Success","Service charge"
2854,"2022-02-19 08:46:17",41,"Vivek Patel",100100000040,"Recurring Deposit Account","SBI Ahmedabad Branch 24","Ahmedabad","Interest","System",408054.11,991036.07,"Success","Interest credited"
2855,"2024-10-10 17:57:12",92,"Ritu Chauhan",100100000291,"Savings Account","SBI Chandigarh Branch 5","Chandigarh","Charge","ATM",328349.23,0.00,"Success","Service charge"
2856,"2023-07-20 11:05:50",105,"Mohit Agarwal",100100000104,"Savings Account","SBI Kolkata Branch 42","Kolkata","Deposit","RTGS",7557.54,66466.77,"Success","Cash deposit"
2857,"2026-06-27 07:05:13",157,"Meena Mishra",100100000156,"Savings Account","SBI Bhubaneswar Branch 22","Bhubaneswar","Transfer","Cheque",126655.20,0.00,"Success","Fund transfer"
2858,"2023-04-29 10:30:46",171,"Vikas Patel",100100000263,"Salary Account","SBI Bengaluru Branch 16","Bengaluru","Interest","System",100454.71,425962.06,"Success","Interest credited"
2859,"2024-09-09 04:47:13",81,"Karan Reddy",100100000080,"Recurring Deposit Account","SBI Lucknow Branch 19","Lucknow","Interest","System",438976.92,967851.00,"Success","Interest credited"
2860,"2024-05-02 18:35:42",124,"Asha Sinha",100100000123,"Student Account","SBI Lucknow Branch 12","Lucknow","Transfer","Cheque",71352.21,0.00,"Success","Fund transfer"
2861,"2022-03-25 00:15:18",193,"Vikas Verma",100100000242,"Student Account","SBI Surat Branch 6","Surat","Charge","System",94418.86,335411.91,"Success","Service charge"
2862,"2023-02-28 14:54:51",145,"Nidhi Nair",100100000299,"Student Account","SBI Surat Branch 10","Surat","Charge","Cheque",225209.11,0.00,"Failed","Service charge"
2863,"2026-05-26 18:47:42",153,"Mohit Sinha",100100000152,"Student Account","SBI Nagpur Branch 31","Nagpur","Interest","System",218685.36,1206691.92,"Success","Interest credited"
2864,"2024-03-31 05:28:31",142,"Rahul Sinha",100100000141,"Salary Account","SBI Pune Branch 43","Pune","Transfer","NEFT",67244.04,0.00,"Success","Fund transfer"
2865,"2025-05-20 20:12:06",168,"Meena Gupta",100100000167,"Senior Citizen Savings Account","SBI Gurugram Branch 33","Gurugram","Interest","System",66370.36,550241.90,"Success","Interest credited"
2866,"2025-09-02 17:32:37",93,"Arjun Sinha",100100000092,"Current Account","SBI Bengaluru Branch 38","Bengaluru","Transfer","Cash",491428.24,0.00,"Success","Fund transfer"
2867,"2022-01-03 04:10:38",33,"Deepak Jain",100100000210,"Savings Account","SBI Pune Branch 43","Pune","Interest","System",112758.33,112758.33,"Success","Interest credited"
2868,"2022-09-16 06:47:16",34,"Rahul Sharma",100100000033,"NRI Savings Account","SBI Bhopal Branch 39","Bhopal","Transfer","ATM",83190.58,0.00,"Success","Fund transfer"
2869,"2025-02-25 17:17:36",75,"Neha Chauhan",100100000250,"Recurring Deposit Account","SBI Bengaluru Branch 7","Bengaluru","Withdrawal","Cheque",459314.93,388383.46,"Pending","Cash withdrawal"
2870,"2025-05-05 07:49:12",5,"Amit Reddy",100100000287,"Salary Account","SBI Surat Branch 44","Surat","Interest","System",185990.04,484573.49,"Success","Interest credited"
2871,"2022-01-30 13:35:48",114,"Harsh Reddy",100100000205,"Current Account","SBI Chennai Branch 40","Chennai","Interest","System",455534.34,730631.04,"Success","Interest credited"
2872,"2022-06-14 11:01:05",140,"Arjun Sinha",100100000139,"Savings Account","SBI Bengaluru Branch 16","Bengaluru","Deposit","RTGS",102194.28,274553.16,"Failed","Cash deposit"
2873,"2022-02-22 13:35:13",34,"Rahul Sharma",100100000033,"NRI Savings Account","SBI Bhopal Branch 39","Bhopal","Interest","System",195696.06,195696.06,"Success","Interest credited"
2874,"2023-03-03 08:42:37",88,"Arjun Kumar",100100000087,"Senior Citizen Savings Account","SBI Gurugram Branch 49","Gurugram","Charge","Cheque",411410.83,0.00,"Success","Service charge"
2875,"2025-11-08 00:41:04",196,"Manish Chauhan",100100000195,"Fixed Deposit Account","SBI Pune Branch 11","Pune","Transfer","Cheque",396054.45,0.00,"Success","Fund transfer"
2876,"2022-10-27 08:33:22",5,"Amit Reddy",100100000004,"Salary Account","SBI Bhopal Branch 39","Bhopal","Charge","System",224570.99,502218.38,"Success","Service charge"
2877,"2026-01-27 10:02:02",58,"Kavita Sharma",100100000057,"Fixed Deposit Account","SBI Kochi Branch 46","Kochi","Withdrawal","UPI",94967.45,0.00,"Success","Cash withdrawal"
2878,"2025-01-06 11:05:56",171,"Vikas Patel",100100000170,"Student Account","SBI Gurugram Branch 36","Gurugram","Charge","Cheque",264823.21,331996.91,"Success","Service charge"
2879,"2022-07-20 17:19:33",178,"Arjun Kumar",100100000177,"Savings Account","SBI Lucknow Branch 12","Lucknow","Interest","System",310409.10,942024.49,"Success","Interest credited"
2880,"2024-10-26 19:04:18",94,"Shreya Mishra",100100000274,"Fixed Deposit Account","SBI Delhi Branch 14","Delhi","Interest","System",150002.24,395959.45,"Success","Interest credited"
2881,"2023-10-21 04:11:02",31,"Suresh Verma",100100000030,"Recurring Deposit Account","SBI Patna Branch 9","Patna","Deposit","RTGS",467775.85,673584.57,"Success","Cash deposit"
2882,"2025-06-18 02:26:09",45,"Vikas Patel",100100000044,"Fixed Deposit Account","SBI Noida Branch 47","Noida","Transfer","RTGS",346044.75,0.00,"Success","Fund transfer"
2883,"2026-05-20 18:54:37",95,"Rahul Kumar",100100000094,"Savings Account","SBI Bhubaneswar Branch 25","Bhubaneswar","Transfer","IMPS",456575.48,0.00,"Success","Fund transfer"
2884,"2022-12-21 18:51:33",182,"Komal Gupta",100100000181,"Savings Account","SBI Surat Branch 30","Surat","Charge","System",136067.52,0.00,"Success","Service charge"
2885,"2022-09-24 11:45:46",195,"Amit Agarwal",100100000279,"Current Account","SBI Patna Branch 17","Patna","Charge","ATM",66042.45,632874.14,"Success","Service charge"
2886,"2025-12-18 15:35:05",102,"Asha Sinha",100100000101,"Student Account","SBI Bengaluru Branch 50","Bengaluru","Deposit","Cheque",225800.97,225800.97,"Success","Cash deposit"
2887,"2025-04-06 22:25:21",113,"Manish Yadav",100100000112,"Senior Citizen Savings Account","SBI Surat Branch 4","Surat","Transfer","IMPS",321549.36,0.00,"Success","Fund transfer"
2888,"2022-12-27 20:18:10",116,"Riya Sinha",100100000115,"Salary Account","SBI Noida Branch 47","Noida","Interest","System",450343.85,1373327.14,"Success","Interest credited"
2889,"2022-09-24 06:38:40",42,"Pooja Gupta",100100000267,"Current Account","SBI Bengaluru Branch 38","Bengaluru","Charge","ATM",352263.81,393895.78,"Success","Service charge"
2890,"2025-10-13 20:26:09",99,"Komal Jain",100100000098,"Savings Account","SBI Noida Branch 32","Noida","Charge","System",12229.02,673587.66,"Success","Service charge"
2891,"2024-09-13 07:46:33",88,"Arjun Kumar",100100000087,"Senior Citizen Savings Account","SBI Gurugram Branch 49","Gurugram","Transfer","ATM",277504.10,0.00,"Success","Fund transfer"
2892,"2026-03-16 19:37:09",114,"Harsh Reddy",100100000205,"Current Account","SBI Chennai Branch 40","Chennai","Deposit","UPI",124706.76,855337.80,"Success","Cash deposit"
2893,"2025-07-10 23:02:06",96,"Manish Yadav",100100000095,"Student Account","SBI Bengaluru Branch 7","Bengaluru","Charge","ATM",231640.11,104783.53,"Success","Service charge"
2894,"2023-04-16 07:17:52",143,"Rohit Mishra",100100000142,"Student Account","SBI Bhopal Branch 37","Bhopal","Deposit","ATM",36793.63,36793.63,"Success","Cash deposit"
2895,"2026-06-06 01:49:18",69,"Ritu Pandey",100100000245,"Savings Account","SBI Bengaluru Branch 7","Bengaluru","Deposit","IMPS",109413.46,0.00,"Pending","Cash deposit"
2896,"2022-06-07 23:29:52",66,"Harsh Sinha",100100000065,"Recurring Deposit Account","SBI Bhubaneswar Branch 22","Bhubaneswar","Interest","System",340580.03,1064597.09,"Success","Interest credited"
2897,"2024-06-25 21:11:48",138,"Sakshi Chauhan",100100000137,"Fixed Deposit Account","SBI Pune Branch 8","Pune","Interest","System",118792.71,118792.71,"Success","Interest credited"
2898,"2024-09-15 21:09:44",136,"Priya Sharma",100100000135,"Savings Account","SBI Bhopal Branch 37","Bhopal","Withdrawal","NEFT",133075.18,376718.61,"Success","Cash withdrawal"
2899,"2025-09-13 05:25:16",75,"Neha Chauhan",100100000074,"Salary Account","SBI Chennai Branch 40","Chennai","Interest","System",149001.81,492186.24,"Success","Interest credited"
2900,"2025-11-06 02:39:18",77,"Anjali Mishra",100100000237,"Savings Account","SBI Kochi Branch 46","Kochi","Withdrawal","IMPS",340900.88,0.00,"Success","Cash withdrawal"
2901,"2024-02-18 18:17:25",36,"Sakshi Agarwal",100100000035,"Savings Account","SBI Chennai Branch 40","Chennai","Deposit","Cash",86505.36,86505.36,"Success","Cash deposit"
2902,"2022-01-02 12:53:15",144,"Rahul Mishra",100100000143,"NRI Savings Account","SBI Surat Branch 6","Surat","Charge","ATM",338786.57,0.00,"Success","Service charge"
2903,"2023-11-14 16:47:17",92,"Ritu Chauhan",100100000291,"Savings Account","SBI Chandigarh Branch 5","Chandigarh","Interest","System",155331.88,155331.88,"Success","Interest credited"
2904,"2025-10-26 12:16:27",65,"Amit Sharma",100100000064,"Recurring Deposit Account","SBI Gurugram Branch 45","Gurugram","Withdrawal","UPI",381013.20,0.00,"Success","Cash withdrawal"
2905,"2026-05-03 05:53:42",134,"Nitin Sharma",100100000200,"Salary Account","SBI Pune Branch 43","Pune","Interest","System",271493.01,1969168.37,"Success","Interest credited"
2906,"2026-01-10 13:00:38",24,"Riya Patel",100100000023,"NRI Savings Account","SBI Nagpur Branch 34","Nagpur","Withdrawal","RTGS",429326.83,1091958.74,"Success","Cash withdrawal"
2907,"2022-10-07 17:18:28",191,"Asha Sharma",100100000265,"Current Account","SBI Pune Branch 8","Pune","Deposit","Cheque",157185.73,206914.57,"Success","Cash deposit"
2908,"2025-09-07 08:19:19",32,"Ankit Reddy",100100000031,"Recurring Deposit Account","SBI Bengaluru Branch 7","Bengaluru","Charge","ATM",369177.04,0.00,"Success","Service charge"
2909,"2022-08-21 14:39:22",131,"Divya Yadav",100100000258,"Savings Account","SBI Surat Branch 3","Surat","Charge","ATM",192954.89,231530.79,"Failed","Service charge"
2910,"2022-10-31 15:28:41",131,"Divya Yadav",100100000130,"Student Account","SBI Bhopal Branch 37","Bhopal","Transfer","Cash",333368.22,0.00,"Success","Fund transfer"
2911,"2023-10-02 16:41:11",72,"Anjali Singh",100100000217,"Savings Account","SBI Bengaluru Branch 38","Bengaluru","Charge","ATM",437780.45,0.00,"Success","Service charge"
2912,"2022-07-22 08:32:14",79,"Vikas Agarwal",100100000078,"Student Account","SBI Surat Branch 4","Surat","Withdrawal","ATM",128037.93,179855.41,"Success","Cash withdrawal"
2913,"2023-03-10 12:53:02",17,"Komal Patel",100100000275,"Savings Account","SBI Surat Branch 44","Surat","Transfer","IMPS",337758.16,68264.90,"Success","Fund transfer"
2914,"2023-09-15 06:14:34",136,"Priya Sharma",100100000256,"Student Account","SBI Surat Branch 3","Surat","Withdrawal","UPI",8907.75,630059.22,"Success","Cash withdrawal"
2915,"2025-09-11 06:32:58",145,"Nidhi Nair",100100000144,"Senior Citizen Savings Account","SBI Noida Branch 2","Noida","Charge","Cheque",319704.15,158790.30,"Success","Service charge"
2916,"2022-03-16 06:59:10",197,"Rajesh Yadav",100100000196,"Senior Citizen Savings Account","SBI Kochi Branch 46","Kochi","Withdrawal","Cash",100169.07,0.00,"Success","Cash withdrawal"
2917,"2022-05-16 21:40:17",160,"Arjun Chauhan",100100000159,"Salary Account","SBI Bengaluru Branch 15","Bengaluru","Charge","System",234662.52,0.00,"Success","Service charge"
2918,"2024-04-01 10:49:15",32,"Ankit Reddy",100100000031,"Recurring Deposit Account","SBI Bengaluru Branch 7","Bengaluru","Charge","Cheque",291589.78,0.00,"Failed","Service charge"
2919,"2023-12-20 06:30:04",79,"Vikas Agarwal",100100000078,"Student Account","SBI Surat Branch 4","Surat","Transfer","Cheque",99922.89,79932.52,"Success","Fund transfer"
2920,"2024-08-20 12:27:11",72,"Anjali Singh",100100000071,"Savings Account","SBI Pune Branch 8","Pune","Transfer","Cheque",228358.97,0.00,"Pending","Fund transfer"
2921,"2024-03-14 00:33:53",87,"Rajesh Agarwal",100100000086,"Savings Account","SBI Chennai Branch 40","Chennai","Charge","System",48256.08,10907.51,"Success","Service charge"
2922,"2022-06-25 03:37:21",52,"Harsh Mishra",100100000051,"Savings Account","SBI Gurugram Branch 49","Gurugram","Interest","System",40295.06,40295.06,"Success","Interest credited"
2923,"2025-09-21 16:19:57",145,"Nidhi Nair",100100000144,"Senior Citizen Savings Account","SBI Noida Branch 2","Noida","Withdrawal","Cheque",53847.70,104942.60,"Success","Cash withdrawal"
2924,"2025-02-22 16:26:04",180,"Divya Mishra",100100000179,"Current Account","SBI Chennai Branch 21","Chennai","Charge","System",391118.64,0.00,"Success","Service charge"
2925,"2024-01-16 04:05:37",175,"Pooja Jain",100100000174,"Fixed Deposit Account","SBI Pune Branch 11","Pune","Withdrawal","ATM",262223.22,178045.83,"Success","Cash withdrawal"
2926,"2023-09-28 17:16:52",191,"Asha Sharma",100100000265,"Current Account","SBI Pune Branch 8","Pune","Transfer","RTGS",53977.15,152937.42,"Success","Fund transfer"
2927,"2023-01-07 20:25:40",180,"Divya Mishra",100100000179,"Current Account","SBI Chennai Branch 21","Chennai","Transfer","Cheque",419911.42,0.00,"Success","Fund transfer"
2928,"2022-05-17 21:41:05",158,"Suresh Verma",100100000157,"Senior Citizen Savings Account","SBI Surat Branch 29","Surat","Transfer","NEFT",16351.07,499273.41,"Success","Fund transfer"
2929,"2026-02-16 07:41:46",178,"Arjun Kumar",100100000177,"Savings Account","SBI Lucknow Branch 12","Lucknow","Deposit","UPI",37921.97,979946.46,"Success","Cash deposit"
2930,"2022-06-23 13:14:50",148,"Harsh Sharma",100100000147,"NRI Savings Account","SBI Lucknow Branch 12","Lucknow","Charge","Cheque",400010.86,0.00,"Success","Service charge"
2931,"2022-01-06 17:30:22",102,"Asha Sinha",100100000268,"Fixed Deposit Account","SBI Chennai Branch 21","Chennai","Deposit","IMPS",474647.89,474647.89,"Success","Cash deposit"
2932,"2022-10-22 10:44:20",118,"Sneha Singh",100100000117,"Savings Account","SBI Bengaluru Branch 15","Bengaluru","Withdrawal","Cash",56660.42,0.00,"Success","Cash withdrawal"
2933,"2022-04-19 11:42:24",104,"Harsh Pandey",100100000103,"Student Account","SBI Bhopal Branch 35","Bhopal","Withdrawal","RTGS",461521.28,609889.61,"Success","Cash withdrawal"
2934,"2025-07-09 01:11:45",98,"Suresh Sharma",100100000097,"Fixed Deposit Account","SBI Kolkata Branch 42","Kolkata","Deposit","RTGS",112290.49,112290.49,"Success","Cash deposit"
2935,"2025-01-19 09:28:22",178,"Arjun Kumar",100100000177,"Savings Account","SBI Lucknow Branch 12","Lucknow","Withdrawal","ATM",316778.21,663168.25,"Success","Cash withdrawal"
2936,"2022-07-17 21:01:09",18,"Vivek Verma",100100000017,"NRI Savings Account","SBI Bengaluru Branch 38","Bengaluru","Transfer","UPI",359665.20,1240454.66,"Success","Fund transfer"
2937,"2022-02-13 15:19:46",16,"Amit Verma",100100000015,"Recurring Deposit Account","SBI Noida Branch 32","Noida","Deposit","RTGS",189146.50,1385185.26,"Success","Cash deposit"
2938,"2024-04-06 20:05:30",5,"Amit Reddy",100100000234,"Savings Account","SBI Surat Branch 29","Surat","Deposit","RTGS",287901.99,898038.03,"Success","Cash deposit"
2939,"2025-02-09 16:54:08",92,"Ritu Chauhan",100100000091,"Fixed Deposit Account","SBI Pune Branch 43","Pune","Charge","Cheque",360206.33,0.00,"Success","Service charge"
2940,"2023-09-12 17:10:08",197,"Rajesh Yadav",100100000196,"Senior Citizen Savings Account","SBI Kochi Branch 46","Kochi","Withdrawal","ATM",104512.71,0.00,"Success","Cash withdrawal"
2941,"2023-09-11 05:42:11",135,"Shreya Chauhan",100100000134,"Fixed Deposit Account","SBI Gurugram Branch 36","Gurugram","Deposit","RTGS",2562.39,111071.15,"Success","Cash deposit"
2942,"2025-12-13 13:01:04",185,"Rahul Kumar",100100000184,"Current Account","SBI Surat Branch 4","Surat","Charge","Cheque",122629.26,425125.29,"Success","Service charge"
2943,"2024-10-27 07:58:07",158,"Suresh Verma",100100000157,"Senior Citizen Savings Account","SBI Surat Branch 29","Surat","Transfer","UPI",138392.45,360880.96,"Success","Fund transfer"
2944,"2023-08-22 20:59:52",183,"Neha Nair",100100000182,"Savings Account","SBI Hyderabad Branch 41","Hyderabad","Transfer","RTGS",291006.50,456212.35,"Success","Fund transfer"
2945,"2023-07-30 21:44:13",47,"Priya Sharma",100100000046,"Savings Account","SBI Indore Branch 27","Indore","Transfer","ATM",484003.28,0.00,"Success","Fund transfer"
2946,"2022-05-30 22:32:23",107,"Nitin Chauhan",100100000209,"Senior Citizen Savings Account","SBI Bengaluru Branch 7","Bengaluru","Withdrawal","NEFT",285333.41,0.00,"Success","Cash withdrawal"
2947,"2022-02-23 19:31:35",63,"Rajesh Kumar",100100000062,"Recurring Deposit Account","SBI Pune Branch 8","Pune","Charge","System",299884.26,0.00,"Success","Service charge"
2948,"2023-09-29 23:58:44",32,"Ankit Reddy",100100000031,"Recurring Deposit Account","SBI Bengaluru Branch 7","Bengaluru","Interest","System",328314.93,328314.93,"Success","Interest credited"
2949,"2022-11-02 10:03:46",110,"Rajesh Gupta",100100000109,"Student Account","SBI Pune Branch 43","Pune","Charge","ATM",281468.11,346253.15,"Failed","Service charge"
2950,"2023-03-22 10:05:54",187,"Karan Chauhan",100100000186,"Savings Account","SBI Chandigarh Branch 5","Chandigarh","Interest","System",263020.01,811198.81,"Success","Interest credited"
2951,"2025-05-28 19:36:35",42,"Pooja Gupta",100100000267,"Current Account","SBI Bengaluru Branch 38","Bengaluru","Transfer","Cheque",210945.34,182950.44,"Success","Fund transfer"
2952,"2024-12-08 19:10:05",177,"Riya Verma",100100000176,"Salary Account","SBI Bhubaneswar Branch 25","Bhubaneswar","Interest","System",278574.54,773669.05,"Success","Interest credited"
2953,"2025-02-24 12:08:46",146,"Manish Agarwal",100100000231,"Recurring Deposit Account","SBI Hyderabad Branch 41","Hyderabad","Charge","Cheque",63188.57,0.00,"Success","Service charge"
2954,"2026-01-31 16:20:25",173,"Shreya Reddy",100100000172,"NRI Savings Account","SBI Hyderabad Branch 41","Hyderabad","Withdrawal","ATM",257328.57,166156.48,"Success","Cash withdrawal"
2955,"2023-09-04 16:23:28",189,"Rajesh Pandey",100100000254,"Fixed Deposit Account","SBI Kolkata Branch 42","Kolkata","Deposit","Cheque",202705.20,202705.20,"Success","Cash deposit"
2956,"2024-08-18 03:21:38",51,"Rohit Yadav",100100000262,"Current Account","SBI Surat Branch 3","Surat","Interest","System",119213.78,459386.46,"Success","Interest credited"
2957,"2023-10-05 06:20:21",47,"Priya Sharma",100100000046,"Savings Account","SBI Indore Branch 27","Indore","Transfer","ATM",229090.03,0.00,"Success","Fund transfer"
2958,"2023-10-04 06:31:31",50,"Suresh Chauhan",100100000049,"Current Account","SBI Bhubaneswar Branch 22","Bhubaneswar","Deposit","ATM",94877.90,94877.90,"Success","Cash deposit"
2959,"2025-10-21 04:00:23",111,"Shreya Singh",100100000204,"Savings Account","SBI Bengaluru Branch 7","Bengaluru","Transfer","Cash",273546.61,973332.49,"Success","Fund transfer"
2960,"2026-01-11 06:20:43",198,"Suresh Singh",100100000235,"NRI Savings Account","SBI Bengaluru Branch 38","Bengaluru","Charge","Cheque",474715.36,451174.83,"Success","Service charge"
2961,"2022-08-08 15:54:49",73,"Karan Yadav",100100000226,"NRI Savings Account","SBI Bhubaneswar Branch 22","Bhubaneswar","Interest","System",160564.46,160564.46,"Success","Interest credited"
2962,"2022-02-28 03:54:17",30,"Vikas Gupta",100100000029,"Savings Account","SBI Bhopal Branch 39","Bhopal","Withdrawal","RTGS",207858.56,0.00,"Success","Cash withdrawal"
2963,"2022-01-08 09:51:01",69,"Ritu Pandey",100100000245,"Savings Account","SBI Bengaluru Branch 7","Bengaluru","Transfer","UPI",488506.91,0.00,"Success","Fund transfer"
2964,"2024-11-26 04:23:13",87,"Rajesh Agarwal",100100000282,"Current Account","SBI Gurugram Branch 45","Gurugram","Transfer","Cheque",455060.46,707788.67,"Success","Fund transfer"
2965,"2026-04-14 10:21:10",80,"Arjun Patel",100100000079,"Recurring Deposit Account","SBI Bhopal Branch 23","Bhopal","Transfer","Cheque",250634.76,456253.28,"Success","Fund transfer"
2966,"2022-12-28 09:46:05",108,"Sakshi Chauhan",100100000107,"NRI Savings Account","SBI Delhi Branch 14","Delhi","Withdrawal","IMPS",206087.94,282032.69,"Success","Cash withdrawal"
2967,"2024-02-11 21:00:59",168,"Meena Gupta",100100000167,"Senior Citizen Savings Account","SBI Gurugram Branch 33","Gurugram","Interest","System",58143.85,608385.75,"Success","Interest credited"
2968,"2022-02-26 20:42:34",17,"Komal Patel",100100000275,"Savings Account","SBI Surat Branch 44","Surat","Withdrawal","NEFT",492412.77,0.00,"Success","Cash withdrawal"
2969,"2023-12-11 03:23:16",135,"Shreya Chauhan",100100000134,"Fixed Deposit Account","SBI Gurugram Branch 36","Gurugram","Deposit","RTGS",365711.41,476782.56,"Success","Cash deposit"
2970,"2025-04-08 00:39:12",128,"Riya Mishra",100100000127,"Current Account","SBI Lucknow Branch 19","Lucknow","Charge","System",298761.53,0.00,"Success","Service charge"
2971,"2023-05-31 21:08:14",94,"Shreya Mishra",100100000274,"Fixed Deposit Account","SBI Delhi Branch 14","Delhi","Deposit","ATM",126555.03,522514.48,"Success","Cash deposit"
2972,"2023-04-15 08:03:50",87,"Rajesh Agarwal",100100000086,"Savings Account","SBI Chennai Branch 40","Chennai","Deposit","Cash",342739.97,353647.48,"Success","Cash deposit"
2973,"2025-04-17 03:15:38",72,"Anjali Singh",100100000217,"Savings Account","SBI Bengaluru Branch 38","Bengaluru","Transfer","Cheque",59401.17,0.00,"Success","Fund transfer"
2974,"2022-03-06 16:11:04",132,"Karan Chauhan",100100000131,"Recurring Deposit Account","SBI Surat Branch 44","Surat","Interest","System",335553.36,951537.01,"Success","Interest credited"
2975,"2026-06-22 14:50:37",185,"Rahul Kumar",100100000207,"Savings Account","SBI Bhopal Branch 23","Bhopal","Charge","Cheque",47481.87,0.00,"Success","Service charge"
2976,"2023-08-14 19:26:47",53,"Arjun Jain",100100000052,"Student Account","SBI Delhi Branch 13","Delhi","Charge","ATM",43712.42,1075967.34,"Success","Service charge"
2977,"2024-10-30 19:29:48",189,"Rajesh Pandey",100100000254,"Fixed Deposit Account","SBI Kolkata Branch 42","Kolkata","Withdrawal","Cash",312003.58,0.00,"Success","Cash withdrawal"
2978,"2022-04-24 20:59:56",21,"Anjali Yadav",100100000020,"Student Account","SBI Lucknow Branch 19","Lucknow","Interest","System",398863.76,398863.76,"Success","Interest credited"
2979,"2023-09-12 14:33:51",46,"Priya Mishra",100100000222,"Salary Account","SBI Indore Branch 27","Indore","Transfer","Cheque",251028.99,0.00,"Success","Fund transfer"
2980,"2024-08-11 15:31:23",133,"Priya Patel",100100000132,"NRI Savings Account","SBI Nagpur Branch 34","Nagpur","Deposit","RTGS",290576.57,934549.69,"Success","Cash deposit"
2981,"2022-12-11 10:37:38",191,"Asha Sharma",100100000265,"Current Account","SBI Pune Branch 8","Pune","Deposit","NEFT",206713.26,359650.68,"Success","Cash deposit"
2982,"2022-10-06 15:53:01",189,"Rajesh Pandey",100100000188,"Fixed Deposit Account","SBI Pune Branch 8","Pune","Interest","System",102164.11,445283.97,"Success","Interest credited"
2983,"2022-06-14 23:32:44",72,"Anjali Singh",100100000071,"Savings Account","SBI Pune Branch 8","Pune","Interest","System",316248.56,316248.56,"Success","Interest credited"
2984,"2025-02-08 03:28:05",6,"Meena Singh",100100000005,"Savings Account","SBI Nagpur Branch 34","Nagpur","Withdrawal","ATM",138805.12,0.00,"Success","Cash withdrawal"
2985,"2025-12-27 02:53:15",51,"Rohit Yadav",100100000206,"Savings Account","SBI Noida Branch 2","Noida","Transfer","Cheque",70422.41,68169.53,"Success","Fund transfer"
2986,"2025-08-11 08:43:30",45,"Vikas Patel",100100000044,"Fixed Deposit Account","SBI Noida Branch 47","Noida","Deposit","Cash",262082.50,262082.50,"Success","Cash deposit"
2987,"2025-07-30 22:34:26",191,"Asha Sharma",100100000295,"Senior Citizen Savings Account","SBI Gurugram Branch 36","Gurugram","Charge","System",166414.82,920491.45,"Success","Service charge"
2988,"2022-01-12 07:21:35",116,"Riya Sinha",100100000115,"Salary Account","SBI Noida Branch 47","Noida","Withdrawal","IMPS",355432.95,1017894.19,"Success","Cash withdrawal"
2989,"2022-04-08 10:06:55",82,"Meena Gupta",100100000285,"NRI Savings Account","SBI Bhopal Branch 35","Bhopal","Deposit","ATM",343889.21,473355.76,"Success","Cash deposit"
2990,"2023-07-03 02:41:50",97,"Riya Kumar",100100000096,"Fixed Deposit Account","SBI Indore Branch 20","Indore","Charge","Cheque",479752.19,0.00,"Success","Service charge"
2991,"2023-12-22 04:00:58",85,"Kavita Nair",100100000084,"Current Account","SBI Bhubaneswar Branch 25","Bhubaneswar","Charge","System",21692.24,124066.75,"Success","Service charge"
2992,"2023-01-26 22:23:37",170,"Manish Verma",100100000271,"Current Account","SBI Bhopal Branch 23","Bhopal","Charge","Cheque",8958.75,509774.87,"Success","Service charge"
2993,"2025-11-09 17:07:33",13,"Nitin Yadav",100100000012,"Recurring Deposit Account","SBI Bengaluru Branch 16","Bengaluru","Charge","Cheque",130465.79,0.00,"Success","Service charge"
2994,"2024-11-12 18:20:55",180,"Divya Mishra",100100000179,"Current Account","SBI Chennai Branch 21","Chennai","Charge","ATM",24424.88,0.00,"Success","Service charge"
2995,"2022-12-16 14:47:10",72,"Anjali Singh",100100000217,"Savings Account","SBI Bengaluru Branch 38","Bengaluru","Deposit","Cash",239232.41,239232.41,"Success","Cash deposit"
2996,"2024-07-20 05:35:39",113,"Manish Yadav",100100000112,"Senior Citizen Savings Account","SBI Surat Branch 4","Surat","Withdrawal","RTGS",230399.06,0.00,"Success","Cash withdrawal"
2997,"2023-08-25 10:38:35",69,"Ritu Pandey",100100000245,"Savings Account","SBI Bengaluru Branch 7","Bengaluru","Interest","System",394531.44,394531.44,"Success","Interest credited"
2998,"2026-03-25 18:04:37",61,"Sakshi Pandey",100100000224,"Savings Account","SBI Nagpur Branch 34","Nagpur","Interest","System",148108.07,148108.07,"Success","Interest credited"
2999,"2023-03-01 13:52:06",185,"Rahul Kumar",100100000184,"Current Account","SBI Surat Branch 4","Surat","Charge","Cheque",182442.55,425125.29,"Pending","Service charge"
3000,"2022-12-15 14:18:29",136,"Priya Sharma",100100000135,"Savings Account","SBI Bhopal Branch 37","Bhopal","Withdrawal","IMPS",116557.98,260160.63,"Success","Cash withdrawal"
3001,"2024-06-18 02:22:35",96,"Manish Yadav",100100000095,"Student Account","SBI Bengaluru Branch 7","Bengaluru","Charge","System",380933.86,0.00,"Success","Service charge"
3002,"2025-10-29 22:07:57",39,"Riya Reddy",100100000038,"Senior Citizen Savings Account","SBI Chandigarh Branch 5","Chandigarh","Deposit","Cheque",194031.87,194031.87,"Success","Cash deposit"
3003,"2023-10-05 03:26:48",200,"Harsh Mishra",100100000199,"Savings Account","SBI Gurugram Branch 45","Gurugram","Transfer","NEFT",44892.23,436044.25,"Pending","Fund transfer"
3004,"2022-02-05 04:59:54",55,"Vikas Kumar",100100000229,"Savings Account","SBI Patna Branch 17","Patna","Transfer","IMPS",220193.19,416636.19,"Success","Fund transfer"
3005,"2022-04-06 02:01:24",149,"Anjali Mishra",100100000270,"Student Account","SBI Kolkata Branch 42","Kolkata","Transfer","Cash",405420.58,0.00,"Success","Fund transfer"
3006,"2023-05-18 01:55:18",166,"Riya Singh",100100000165,"Fixed Deposit Account","SBI Pune Branch 43","Pune","Withdrawal","Cash",212503.24,0.00,"Success","Cash withdrawal"
3007,"2025-02-13 10:20:53",167,"Mohit Jain",100100000230,"Recurring Deposit Account","SBI Bengaluru Branch 7","Bengaluru","Interest","System",298251.10,713583.12,"Success","Interest credited"
3008,"2025-12-19 19:22:26",158,"Suresh Verma",100100000157,"Senior Citizen Savings Account","SBI Surat Branch 29","Surat","Transfer","Cheque",435745.15,0.00,"Success","Fund transfer"
3009,"2025-04-14 06:03:35",90,"Sakshi Jain",100100000284,"Savings Account","SBI Patna Branch 17","Patna","Charge","Cheque",176724.05,636626.26,"Success","Service charge"
3010,"2024-06-18 22:31:17",9,"Rohit Chauhan",100100000008,"Savings Account","SBI Surat Branch 4","Surat","Interest","System",22103.64,587662.24,"Success","Interest credited"
3011,"2022-03-22 10:08:38",115,"Nidhi Agarwal",100100000114,"Current Account","SBI Noida Branch 28","Noida","Withdrawal","UPI",83563.84,0.00,"Success","Cash withdrawal"
3012,"2023-12-27 18:22:17",77,"Anjali Mishra",100100000278,"NRI Savings Account","SBI Gurugram Branch 33","Gurugram","Withdrawal","Cash",383969.73,0.00,"Success","Cash withdrawal"
3013,"2026-07-02 10:23:54",51,"Rohit Yadav",100100000288,"NRI Savings Account","SBI Patna Branch 26","Patna","Transfer","RTGS",294936.30,1094755.26,"Success","Fund transfer"
3014,"2026-06-26 16:15:20",83,"Nitin Verma",100100000286,"Salary Account","SBI Chennai Branch 40","Chennai","Transfer","RTGS",426132.33,195848.22,"Success","Fund transfer"
3015,"2023-07-06 11:55:23",191,"Asha Sharma",100100000295,"Senior Citizen Savings Account","SBI Gurugram Branch 36","Gurugram","Withdrawal","RTGS",476434.96,444056.49,"Success","Cash withdrawal"
3016,"2022-04-10 00:09:02",94,"Shreya Mishra",100100000264,"Savings Account","SBI Hyderabad Branch 41","Hyderabad","Deposit","ATM",229472.47,2001644.24,"Success","Cash deposit"
3017,"2026-06-21 07:35:42",157,"Meena Mishra",100100000156,"Savings Account","SBI Bhubaneswar Branch 22","Bhubaneswar","Transfer","Cash",140616.20,0.00,"Success","Fund transfer"
3018,"2022-07-29 12:21:26",66,"Harsh Sinha",100100000065,"Recurring Deposit Account","SBI Bhubaneswar Branch 22","Bhubaneswar","Deposit","RTGS",377634.97,1442232.06,"Success","Cash deposit"
3019,"2023-01-14 15:00:45",114,"Harsh Reddy",100100000290,"NRI Savings Account","SBI Surat Branch 3","Surat","Deposit","ATM",226378.65,226378.65,"Success","Cash deposit"
3020,"2024-10-09 02:56:43",137,"Priya Pandey",100100000246,"NRI Savings Account","SBI Chennai Branch 21","Chennai","Deposit","RTGS",416795.50,416795.50,"Success","Cash deposit"
3021,"2024-10-01 21:59:08",142,"Rahul Sinha",100100000141,"Salary Account","SBI Pune Branch 43","Pune","Transfer","RTGS",210482.73,0.00,"Success","Fund transfer"
3022,"2023-10-07 11:04:54",191,"Asha Sharma",100100000265,"Current Account","SBI Pune Branch 8","Pune","Charge","ATM",12054.67,347596.01,"Success","Service charge"
3023,"2023-05-22 12:40:54",198,"Suresh Singh",100100000197,"Recurring Deposit Account","SBI Nagpur Branch 34","Nagpur","Interest","System",470230.82,773109.23,"Success","Interest credited"
3024,"2024-04-06 22:49:11",132,"Karan Chauhan",100100000131,"Recurring Deposit Account","SBI Surat Branch 44","Surat","Charge","ATM",134689.95,951537.01,"Pending","Service charge"
3025,"2026-03-20 11:20:00",107,"Nitin Chauhan",100100000106,"Current Account","SBI Lucknow Branch 12","Lucknow","Charge","System",169987.18,0.00,"Success","Service charge"
3026,"2022-09-12 12:40:25",10,"Divya Patel",100100000009,"NRI Savings Account","SBI Nagpur Branch 34","Nagpur","Charge","ATM",398534.32,257454.83,"Success","Service charge"
3027,"2024-09-13 01:41:42",82,"Meena Gupta",100100000202,"Recurring Deposit Account","SBI Ahmedabad Branch 24","Ahmedabad","Transfer","UPI",343093.07,0.00,"Success","Fund transfer"
3028,"2024-11-18 20:42:25",134,"Nitin Sharma",100100000200,"Salary Account","SBI Pune Branch 43","Pune","Transfer","Cash",48831.09,1920337.28,"Success","Fund transfer"
3029,"2022-03-27 20:04:03",197,"Rajesh Yadav",100100000223,"Savings Account","SBI Noida Branch 32","Noida","Withdrawal","RTGS",306115.62,62418.55,"Success","Cash withdrawal"
3030,"2025-06-04 05:39:51",46,"Priya Mishra",100100000222,"Salary Account","SBI Indore Branch 27","Indore","Interest","System",472894.90,472894.90,"Success","Interest credited"
3031,"2022-02-20 10:43:29",151,"Pooja Patel",100100000150,"Fixed Deposit Account","SBI Gurugram Branch 49","Gurugram","Deposit","Cheque",109480.41,788295.21,"Success","Cash deposit"
3032,"2025-05-07 05:59:23",134,"Nitin Sharma",100100000133,"Savings Account","SBI Bengaluru Branch 50","Bengaluru","Transfer","UPI",50665.39,505275.95,"Success","Fund transfer"
3033,"2023-01-11 04:11:11",118,"Sneha Singh",100100000117,"Savings Account","SBI Bengaluru Branch 15","Bengaluru","Charge","System",174253.73,0.00,"Success","Service charge"
3034,"2025-03-15 19:46:22",117,"Priya Patel",100100000116,"NRI Savings Account","SBI Chennai Branch 40","Chennai","Deposit","Cash",117052.07,627550.36,"Success","Cash deposit"
3035,"2024-03-18 07:09:27",8,"Neha Gupta",100100000007,"Senior Citizen Savings Account","SBI Delhi Branch 14","Delhi","Withdrawal","Cheque",162019.66,798673.92,"Success","Cash withdrawal"
3036,"2023-07-12 01:08:09",161,"Riya Singh",100100000253,"Senior Citizen Savings Account","SBI Chennai Branch 40","Chennai","Withdrawal","IMPS",129016.52,627867.84,"Success","Cash withdrawal"
3037,"2025-09-10 06:27:36",89,"Rahul Kumar",100100000088,"Savings Account","SBI Pune Branch 1","Pune","Interest","System",201567.76,201567.76,"Success","Interest credited"
3038,"2024-06-14 08:17:03",165,"Riya Kumar",100100000164,"Recurring Deposit Account","SBI Surat Branch 6","Surat","Withdrawal","NEFT",6295.76,236704.33,"Success","Cash withdrawal"
3039,"2022-08-08 11:54:09",164,"Shreya Sinha",100100000163,"Student Account","SBI Indore Branch 27","Indore","Transfer","Cheque",165164.42,121854.88,"Success","Fund transfer"
3040,"2023-06-10 22:24:19",152,"Mohit Mishra",100100000151,"Savings Account","SBI Gurugram Branch 49","Gurugram","Withdrawal","UPI",212492.05,171909.76,"Success","Cash withdrawal"
3041,"2023-11-25 13:54:14",191,"Asha Sharma",100100000265,"Current Account","SBI Pune Branch 8","Pune","Interest","System",461775.49,809371.50,"Success","Interest credited"
3042,"2022-06-29 06:58:34",92,"Ritu Chauhan",100100000091,"Fixed Deposit Account","SBI Pune Branch 43","Pune","Deposit","RTGS",293428.66,293428.66,"Success","Cash deposit"
3043,"2023-09-04 17:59:37",47,"Priya Sharma",100100000259,"Savings Account","SBI Bengaluru Branch 15","Bengaluru","Interest","System",330095.47,459759.23,"Pending","Interest credited"
3044,"2024-05-18 21:18:37",133,"Priya Patel",100100000132,"NRI Savings Account","SBI Nagpur Branch 34","Nagpur","Withdrawal","ATM",156342.72,778206.97,"Success","Cash withdrawal"
3045,"2023-02-17 16:45:48",86,"Komal Verma",100100000085,"Savings Account","SBI Noida Branch 18","Noida","Withdrawal","IMPS",214941.26,0.00,"Success","Cash withdrawal"
3046,"2024-10-09 20:47:15",105,"Mohit Agarwal",100100000104,"Savings Account","SBI Kolkata Branch 42","Kolkata","Transfer","RTGS",350290.40,0.00,"Success","Fund transfer"
3047,"2023-05-26 20:43:11",167,"Mohit Jain",100100000166,"Fixed Deposit Account","SBI Delhi Branch 14","Delhi","Transfer","UPI",230576.41,368249.54,"Success","Fund transfer"
3048,"2023-09-28 21:57:03",131,"Divya Yadav",100100000130,"Student Account","SBI Bhopal Branch 37","Bhopal","Transfer","UPI",105768.59,0.00,"Success","Fund transfer"
3049,"2023-05-09 00:39:00",18,"Vivek Verma",100100000017,"NRI Savings Account","SBI Bengaluru Branch 38","Bengaluru","Withdrawal","Cheque",284703.76,955750.90,"Success","Cash withdrawal"
3050,"2022-07-23 03:39:11",111,"Shreya Singh",100100000204,"Savings Account","SBI Bengaluru Branch 7","Bengaluru","Transfer","ATM",122505.74,850826.75,"Success","Fund transfer"
3051,"2026-06-15 16:11:36",65,"Amit Sharma",100100000064,"Recurring Deposit Account","SBI Gurugram Branch 45","Gurugram","Transfer","Cash",425952.47,0.00,"Success","Fund transfer"
3052,"2022-04-13 15:53:49",189,"Rajesh Pandey",100100000188,"Fixed Deposit Account","SBI Pune Branch 8","Pune","Transfer","RTGS",482876.65,0.00,"Success","Fund transfer"
3053,"2024-12-31 01:06:09",188,"Nitin Jain",100100000266,"Current Account","SBI Nagpur Branch 31","Nagpur","Transfer","IMPS",421045.13,0.00,"Success","Fund transfer"
3054,"2022-05-31 04:41:57",189,"Rajesh Pandey",100100000254,"Fixed Deposit Account","SBI Kolkata Branch 42","Kolkata","Deposit","NEFT",312148.48,312148.48,"Success","Cash deposit"
3055,"2024-03-23 17:35:38",199,"Sneha Agarwal",100100000198,"Senior Citizen Savings Account","SBI Surat Branch 4","Surat","Withdrawal","UPI",262717.25,66574.07,"Success","Cash withdrawal"
3056,"2025-05-18 23:28:03",121,"Manish Agarwal",100100000120,"Savings Account","SBI Indore Branch 27","Indore","Transfer","Cash",340062.51,360044.32,"Success","Fund transfer"
3057,"2022-05-20 07:48:00",89,"Rahul Kumar",100100000088,"Savings Account","SBI Pune Branch 1","Pune","Transfer","UPI",171789.22,29778.54,"Success","Fund transfer"
3058,"2025-01-28 17:08:41",185,"Rahul Kumar",100100000184,"Current Account","SBI Surat Branch 4","Surat","Transfer","Cheque",401975.03,23150.26,"Success","Fund transfer"
3059,"2026-06-01 06:40:17",3,"Amit Kumar",100100000002,"Savings Account","SBI Kolkata Branch 42","Kolkata","Withdrawal","Cheque",148014.20,294309.94,"Failed","Cash withdrawal"
3060,"2026-05-03 19:38:52",158,"Suresh Verma",100100000157,"Senior Citizen Savings Account","SBI Surat Branch 29","Surat","Transfer","IMPS",264727.95,0.00,"Success","Fund transfer"
3061,"2024-11-22 23:14:04",138,"Sakshi Chauhan",100100000247,"Student Account","SBI Chennai Branch 21","Chennai","Withdrawal","RTGS",410363.78,825553.67,"Success","Cash withdrawal"
3062,"2024-03-07 13:59:15",109,"Kavita Jain",100100000108,"Recurring Deposit Account","SBI Ahmedabad Branch 24","Ahmedabad","Charge","System",383584.10,289772.44,"Success","Service charge"
3063,"2023-09-01 13:50:48",69,"Ritu Pandey",100100000245,"Savings Account","SBI Bengaluru Branch 7","Bengaluru","Withdrawal","Cash",182.83,394348.61,"Success","Cash withdrawal"
3064,"2022-09-25 01:40:18",164,"Shreya Sinha",100100000163,"Student Account","SBI Indore Branch 27","Indore","Charge","System",370334.81,0.00,"Success","Service charge"
3065,"2024-12-14 17:15:31",185,"Rahul Kumar",100100000207,"Savings Account","SBI Bhopal Branch 23","Bhopal","Withdrawal","IMPS",152309.13,0.00,"Success","Cash withdrawal"
3066,"2022-08-21 12:33:12",88,"Arjun Kumar",100100000273,"NRI Savings Account","SBI Bengaluru Branch 50","Bengaluru","Transfer","NEFT",182847.72,39505.11,"Success","Fund transfer"
3067,"2026-02-12 12:18:13",168,"Meena Gupta",100100000167,"Senior Citizen Savings Account","SBI Gurugram Branch 33","Gurugram","Deposit","IMPS",115360.45,723746.20,"Success","Cash deposit"
3068,"2024-12-02 21:51:12",76,"Harsh Kumar",100100000075,"Savings Account","SBI Delhi Branch 13","Delhi","Transfer","Cash",470290.44,0.00,"Success","Fund transfer"
3069,"2023-12-16 12:17:06",10,"Divya Patel",100100000009,"NRI Savings Account","SBI Nagpur Branch 34","Nagpur","Deposit","IMPS",16141.09,273595.92,"Success","Cash deposit"
3070,"2026-01-21 06:41:36",22,"Asha Pandey",100100000021,"Student Account","SBI Gurugram Branch 33","Gurugram","Withdrawal","ATM",181862.70,970639.99,"Success","Cash withdrawal"
3071,"2024-05-06 09:56:42",54,"Meena Singh",100100000053,"Senior Citizen Savings Account","SBI Pune Branch 11","Pune","Transfer","RTGS",161551.08,586339.20,"Success","Fund transfer"
3072,"2022-07-10 00:20:29",96,"Manish Yadav",100100000095,"Student Account","SBI Bengaluru Branch 7","Bengaluru","Withdrawal","IMPS",321493.57,0.00,"Success","Cash withdrawal"
3073,"2025-08-02 08:14:31",80,"Arjun Patel",100100000079,"Recurring Deposit Account","SBI Bhopal Branch 23","Bhopal","Deposit","RTGS",52869.48,509122.76,"Success","Cash deposit"
3075,"2024-10-01 16:43:57",9,"Rohit Chauhan",100100000008,"Savings Account","SBI Surat Branch 4","Surat","Withdrawal","UPI",307015.97,280646.27,"Success","Cash withdrawal"
3076,"2025-11-27 10:34:17",9,"Rohit Chauhan",100100000008,"Savings Account","SBI Surat Branch 4","Surat","Deposit","NEFT",474074.26,754720.53,"Success","Cash deposit"
3077,"2024-05-06 23:01:08",106,"Arjun Nair",100100000298,"Savings Account","SBI Noida Branch 47","Noida","Interest","System",330376.86,943025.36,"Success","Interest credited"
3078,"2023-04-29 07:43:11",146,"Manish Agarwal",100100000231,"Recurring Deposit Account","SBI Hyderabad Branch 41","Hyderabad","Withdrawal","Cheque",340078.29,0.00,"Success","Cash withdrawal"
3079,"2024-05-26 09:28:59",105,"Mohit Agarwal",100100000104,"Savings Account","SBI Kolkata Branch 42","Kolkata","Transfer","NEFT",87476.75,0.00,"Success","Fund transfer"
3080,"2026-06-25 21:10:06",19,"Vikas Yadav",100100000018,"Savings Account","SBI Bhubaneswar Branch 22","Bhubaneswar","Interest","System",356934.39,356934.39,"Success","Interest credited"
3081,"2024-07-28 09:36:49",24,"Riya Patel",100100000023,"NRI Savings Account","SBI Nagpur Branch 34","Nagpur","Interest","System",464714.28,1556673.02,"Success","Interest credited"
3082,"2024-02-28 20:39:16",50,"Suresh Chauhan",100100000049,"Current Account","SBI Bhubaneswar Branch 22","Bhubaneswar","Charge","ATM",219218.99,0.00,"Success","Service charge"
3083,"2025-03-14 16:12:28",194,"Harsh Agarwal",100100000257,"Current Account","SBI Delhi Branch 14","Delhi","Deposit","IMPS",315868.07,63328.40,"Failed","Cash deposit"
3084,"2024-01-29 14:45:12",76,"Harsh Kumar",100100000075,"Savings Account","SBI Delhi Branch 13","Delhi","Deposit","ATM",32966.14,32966.14,"Success","Cash deposit"
3085,"2023-03-23 12:21:44",174,"Meena Verma",100100000173,"Savings Account","SBI Chennai Branch 40","Chennai","Transfer","Cash",188028.09,155444.31,"Success","Fund transfer"
3086,"2025-02-10 00:57:39",172,"Komal Patel",100100000171,"Salary Account","SBI Kochi Branch 46","Kochi","Deposit","ATM",461039.72,461039.72,"Success","Cash deposit"
3087,"2025-08-04 19:14:50",199,"Sneha Agarwal",100100000198,"Senior Citizen Savings Account","SBI Surat Branch 4","Surat","Interest","System",123156.54,189730.61,"Success","Interest credited"
3088,"2024-03-14 06:17:28",195,"Amit Agarwal",100100000279,"Current Account","SBI Patna Branch 17","Patna","Interest","System",380736.23,1013610.37,"Success","Interest credited"
3089,"2026-03-23 20:04:22",68,"Vikas Patel",100100000067,"Current Account","SBI Nagpur Branch 31","Nagpur","Charge","Cheque",286634.78,434996.26,"Success","Service charge"
3090,"2025-02-08 08:17:26",70,"Asha Reddy",100100000069,"Salary Account","SBI Pune Branch 43","Pune","Deposit","IMPS",179727.65,179727.65,"Success","Cash deposit"
3091,"2024-12-26 12:35:23",86,"Komal Verma",100100000085,"Savings Account","SBI Noida Branch 18","Noida","Charge","ATM",175176.98,0.00,"Success","Service charge"
3092,"2023-08-08 07:29:33",5,"Amit Reddy",100100000234,"Savings Account","SBI Surat Branch 29","Surat","Interest","System",61751.70,959789.73,"Success","Interest credited"
3093,"2024-09-11 22:27:52",46,"Priya Mishra",100100000222,"Salary Account","SBI Indore Branch 27","Indore","Withdrawal","RTGS",21352.33,451542.57,"Success","Cash withdrawal"
3094,"2024-09-11 16:02:36",33,"Deepak Jain",100100000032,"Student Account","SBI Lucknow Branch 19","Lucknow","Charge","Cheque",118816.04,828439.04,"Success","Service charge"
3095,"2022-11-15 15:28:30",194,"Harsh Agarwal",100100000257,"Current Account","SBI Delhi Branch 14","Delhi","Withdrawal","NEFT",171256.21,0.00,"Success","Cash withdrawal"
3096,"2022-03-06 14:18:58",168,"Meena Gupta",100100000167,"Senior Citizen Savings Account","SBI Gurugram Branch 33","Gurugram","Transfer","Cheque",415291.53,723746.20,"Pending","Fund transfer"
3097,"2024-07-12 10:26:02",162,"Asha Reddy",100100000161,"Savings Account","SBI Pune Branch 1","Pune","Transfer","NEFT",73841.31,301628.43,"Success","Fund transfer"
3098,"2026-07-01 13:34:52",60,"Rahul Sinha",100100000059,"Savings Account","SBI Pune Branch 11","Pune","Deposit","NEFT",366232.32,1403924.36,"Success","Cash deposit"
3099,"2023-03-02 04:52:49",107,"Nitin Chauhan",100100000106,"Current Account","SBI Lucknow Branch 12","Lucknow","Transfer","RTGS",266616.71,0.00,"Success","Fund transfer"
3100,"2024-09-27 02:35:23",77,"Anjali Mishra",100100000278,"NRI Savings Account","SBI Gurugram Branch 33","Gurugram","Withdrawal","RTGS",418009.24,0.00,"Success","Cash withdrawal"
3101,"2023-07-05 12:30:59",33,"Deepak Jain",100100000210,"Savings Account","SBI Pune Branch 43","Pune","Transfer","RTGS",221758.92,0.00,"Success","Fund transfer"
3102,"2026-06-09 21:15:44",21,"Anjali Yadav",100100000020,"Student Account","SBI Lucknow Branch 19","Lucknow","Withdrawal","UPI",271539.11,127324.65,"Success","Cash withdrawal"
3103,"2025-02-04 04:04:34",79,"Vikas Agarwal",100100000078,"Student Account","SBI Surat Branch 4","Surat","Withdrawal","ATM",208629.04,0.00,"Success","Cash withdrawal"
3104,"2025-02-26 17:07:16",185,"Rahul Kumar",100100000281,"Senior Citizen Savings Account","SBI Surat Branch 30","Surat","Interest","System",280325.65,737068.30,"Success","Interest credited"
3105,"2023-07-04 18:07:13",161,"Riya Singh",100100000253,"Senior Citizen Savings Account","SBI Chennai Branch 40","Chennai","Deposit","Cash",395143.82,1023011.66,"Success","Cash deposit"
3106,"2022-08-05 02:22:07",26,"Rahul Patel",100100000025,"Savings Account","SBI Chennai Branch 21","Chennai","Charge","System",10127.16,722167.92,"Success","Service charge"
3107,"2024-09-20 02:57:13",178,"Arjun Kumar",100100000227,"Current Account","SBI Kolkata Branch 42","Kolkata","Deposit","ATM",309642.57,309642.57,"Success","Cash deposit"
3108,"2025-12-11 10:23:49",119,"Meena Yadav",100100000118,"Salary Account","SBI Pune Branch 11","Pune","Transfer","UPI",434139.22,0.00,"Success","Fund transfer"
3109,"2022-06-11 18:22:58",147,"Nitin Jain",100100000146,"Student Account","SBI Kochi Branch 46","Kochi","Withdrawal","Cash",88192.37,0.00,"Success","Cash withdrawal"
3110,"2025-03-17 14:36:46",184,"Asha Singh",100100000183,"Savings Account","SBI Surat Branch 29","Surat","Deposit","IMPS",201331.39,201331.39,"Success","Cash deposit"
3111,"2025-07-03 22:56:21",134,"Nitin Sharma",100100000133,"Savings Account","SBI Bengaluru Branch 50","Bengaluru","Withdrawal","ATM",404329.49,100946.46,"Success","Cash withdrawal"
3112,"2024-02-20 07:23:34",149,"Anjali Mishra",100100000148,"Student Account","SBI Bengaluru Branch 7","Bengaluru","Withdrawal","RTGS",160185.67,952230.87,"Success","Cash withdrawal"
3113,"2025-12-06 00:50:32",186,"Neha Gupta",100100000185,"Senior Citizen Savings Account","SBI Bhopal Branch 35","Bhopal","Charge","System",303017.54,0.00,"Success","Service charge"
3114,"2022-09-20 17:29:41",106,"Arjun Nair",100100000105,"Fixed Deposit Account","SBI Gurugram Branch 33","Gurugram","Transfer","RTGS",244136.62,199516.52,"Success","Fund transfer"
3115,"2023-09-15 04:48:38",114,"Harsh Reddy",100100000113,"Fixed Deposit Account","SBI Surat Branch 3","Surat","Withdrawal","Cash",339077.71,0.00,"Success","Cash withdrawal"
3116,"2023-08-29 19:45:10",171,"Vikas Patel",100100000263,"Salary Account","SBI Bengaluru Branch 16","Bengaluru","Withdrawal","RTGS",231339.50,194622.56,"Success","Cash withdrawal"
3117,"2022-01-22 00:29:51",175,"Pooja Jain",100100000174,"Fixed Deposit Account","SBI Pune Branch 11","Pune","Transfer","Cash",165017.81,13028.02,"Success","Fund transfer"
3118,"2024-05-31 02:47:24",128,"Riya Mishra",100100000127,"Current Account","SBI Lucknow Branch 19","Lucknow","Withdrawal","Cheque",321840.08,0.00,"Success","Cash withdrawal"
3119,"2025-03-26 15:10:24",124,"Asha Sinha",100100000123,"Student Account","SBI Lucknow Branch 12","Lucknow","Charge","ATM",51044.97,0.00,"Success","Service charge"
3120,"2025-09-26 09:19:42",27,"Sakshi Sinha",100100000026,"Student Account","SBI Bhopal Branch 37","Bhopal","Deposit","NEFT",443405.18,588462.00,"Success","Cash deposit"
3121,"2025-05-19 04:09:41",134,"Nitin Sharma",100100000133,"Savings Account","SBI Bengaluru Branch 50","Bengaluru","Charge","ATM",310824.95,0.00,"Success","Service charge"
3122,"2026-03-29 06:59:58",170,"Manish Verma",100100000169,"Savings Account","SBI Chennai Branch 40","Chennai","Interest","System",99868.78,99868.78,"Success","Interest credited"
3123,"2025-03-29 16:15:23",106,"Arjun Nair",100100000232,"Student Account","SBI Hyderabad Branch 41","Hyderabad","Transfer","Cheque",487492.07,0.00,"Success","Fund transfer"
3124,"2024-12-15 17:52:16",77,"Anjali Mishra",100100000237,"Savings Account","SBI Kochi Branch 46","Kochi","Deposit","Cash",45092.01,45092.01,"Success","Cash deposit"
3125,"2022-06-15 02:36:08",135,"Shreya Chauhan",100100000134,"Fixed Deposit Account","SBI Gurugram Branch 36","Gurugram","Transfer","UPI",207121.90,269660.66,"Success","Fund transfer"
3126,"2023-01-02 20:59:52",107,"Nitin Chauhan",100100000209,"Senior Citizen Savings Account","SBI Bengaluru Branch 7","Bengaluru","Deposit","Cash",328798.43,328798.43,"Success","Cash deposit"
3127,"2024-04-22 03:25:02",192,"Deepak Reddy",100100000228,"Salary Account","SBI Kolkata Branch 42","Kolkata","Deposit","ATM",376355.61,521445.07,"Success","Cash deposit"
3128,"2022-10-23 09:55:44",16,"Amit Verma",100100000015,"Recurring Deposit Account","SBI Noida Branch 32","Noida","Charge","ATM",253742.90,1131442.36,"Success","Service charge"
3129,"2022-08-10 19:16:29",17,"Komal Patel",100100000275,"Savings Account","SBI Surat Branch 44","Surat","Deposit","UPI",159140.92,159140.92,"Success","Cash deposit"
3130,"2022-11-25 03:58:57",70,"Asha Reddy",100100000069,"Salary Account","SBI Pune Branch 43","Pune","Interest","System",63726.86,179727.65,"Failed","Interest credited"
3131,"2023-02-08 06:19:24",146,"Manish Agarwal",100100000231,"Recurring Deposit Account","SBI Hyderabad Branch 41","Hyderabad","Transfer","UPI",146038.92,0.00,"Success","Fund transfer"
3132,"2023-09-26 09:04:31",107,"Nitin Chauhan",100100000209,"Senior Citizen Savings Account","SBI Bengaluru Branch 7","Bengaluru","Withdrawal","NEFT",71922.39,256876.04,"Success","Cash withdrawal"
3133,"2024-12-11 12:29:08",182,"Komal Gupta",100100000255,"Salary Account","SBI Noida Branch 18","Noida","Withdrawal","IMPS",452224.68,0.00,"Success","Cash withdrawal"
3134,"2023-07-22 09:52:53",150,"Ankit Verma",100100000149,"Salary Account","SBI Chennai Branch 40","Chennai","Transfer","Cheque",302530.36,0.00,"Success","Fund transfer"
3135,"2024-11-19 11:29:33",147,"Nitin Jain",100100000146,"Student Account","SBI Kochi Branch 46","Kochi","Transfer","NEFT",136299.39,0.00,"Success","Fund transfer"
3136,"2023-08-17 02:26:57",6,"Meena Singh",100100000005,"Savings Account","SBI Nagpur Branch 34","Nagpur","Charge","Cheque",68640.22,0.00,"Success","Service charge"
3137,"2022-08-12 15:01:09",139,"Neha Pandey",100100000138,"Savings Account","SBI Lucknow Branch 19","Lucknow","Interest","System",275652.22,470599.70,"Success","Interest credited"
3138,"2026-02-13 12:40:35",184,"Asha Singh",100100000183,"Savings Account","SBI Surat Branch 29","Surat","Transfer","UPI",265157.62,0.00,"Success","Fund transfer"
3139,"2023-01-06 11:32:18",17,"Komal Patel",100100000016,"Student Account","SBI Chennai Branch 40","Chennai","Transfer","Cash",367792.90,0.00,"Success","Fund transfer"
3140,"2022-01-31 23:01:51",18,"Vivek Verma",100100000017,"NRI Savings Account","SBI Bengaluru Branch 38","Bengaluru","Charge","System",297708.16,658042.74,"Success","Service charge"
3141,"2024-03-26 02:47:00",9,"Rohit Chauhan",100100000008,"Savings Account","SBI Surat Branch 4","Surat","Transfer","RTGS",50495.29,704225.24,"Success","Fund transfer"
3142,"2025-04-23 03:22:55",58,"Kavita Sharma",100100000057,"Fixed Deposit Account","SBI Kochi Branch 46","Kochi","Deposit","RTGS",124816.81,124816.81,"Success","Cash deposit"
3143,"2022-11-06 01:51:44",16,"Amit Verma",100100000015,"Recurring Deposit Account","SBI Noida Branch 32","Noida","Interest","System",178123.32,1309565.68,"Success","Interest credited"
3144,"2023-09-21 03:53:44",25,"Riya Reddy",100100000024,"Savings Account","SBI Gurugram Branch 33","Gurugram","Interest","System",77627.34,347344.10,"Success","Interest credited"
3145,"2025-10-11 01:12:13",46,"Priya Mishra",100100000222,"Salary Account","SBI Indore Branch 27","Indore","Transfer","ATM",135931.65,315610.92,"Success","Fund transfer"
3147,"2023-11-29 23:53:33",193,"Vikas Verma",100100000242,"Student Account","SBI Surat Branch 6","Surat","Charge","Cheque",87633.47,247778.44,"Success","Service charge"
3148,"2023-10-11 16:56:49",11,"Komal Pandey",100100000010,"Savings Account","SBI Surat Branch 29","Surat","Withdrawal","UPI",230250.48,148002.94,"Success","Cash withdrawal"
3149,"2024-06-28 19:48:27",185,"Rahul Kumar",100100000207,"Savings Account","SBI Bhopal Branch 23","Bhopal","Transfer","NEFT",395372.32,0.00,"Success","Fund transfer"
3150,"2022-02-28 23:23:27",197,"Rajesh Yadav",100100000223,"Savings Account","SBI Noida Branch 32","Noida","Interest","System",203794.12,266212.67,"Success","Interest credited"
3151,"2024-04-07 02:49:19",139,"Neha Pandey",100100000138,"Savings Account","SBI Lucknow Branch 19","Lucknow","Interest","System",220930.25,691529.95,"Success","Interest credited"
3152,"2024-09-03 02:09:36",167,"Mohit Jain",100100000166,"Fixed Deposit Account","SBI Delhi Branch 14","Delhi","Transfer","UPI",212045.54,156204.00,"Success","Fund transfer"
3153,"2026-03-03 17:36:15",25,"Riya Reddy",100100000024,"Savings Account","SBI Gurugram Branch 33","Gurugram","Charge","System",160920.09,186424.01,"Success","Service charge"
3154,"2026-05-15 13:31:14",167,"Mohit Jain",100100000166,"Fixed Deposit Account","SBI Delhi Branch 14","Delhi","Transfer","Cash",368660.73,0.00,"Success","Fund transfer"
3155,"2025-03-19 23:24:42",177,"Riya Verma",100100000176,"Salary Account","SBI Bhubaneswar Branch 25","Bhubaneswar","Interest","System",334109.63,1107778.68,"Success","Interest credited"
3156,"2025-05-07 10:55:00",119,"Meena Yadav",100100000118,"Salary Account","SBI Pune Branch 11","Pune","Interest","System",460070.96,460070.96,"Success","Interest credited"
3157,"2022-08-24 04:47:37",82,"Meena Gupta",100100000081,"Student Account","SBI Noida Branch 28","Noida","Charge","Cheque",216409.46,0.00,"Success","Service charge"
3158,"2024-11-20 13:12:16",83,"Nitin Verma",100100000286,"Salary Account","SBI Chennai Branch 40","Chennai","Interest","System",491442.77,687290.99,"Success","Interest credited"
3159,"2022-07-25 10:44:54",34,"Rahul Sharma",100100000033,"NRI Savings Account","SBI Bhopal Branch 39","Bhopal","Charge","System",429634.01,0.00,"Success","Service charge"
3160,"2026-05-15 12:39:17",82,"Meena Gupta",100100000202,"Recurring Deposit Account","SBI Ahmedabad Branch 24","Ahmedabad","Withdrawal","RTGS",205223.83,0.00,"Success","Cash withdrawal"
3161,"2023-08-17 13:09:07",199,"Sneha Agarwal",100100000198,"Senior Citizen Savings Account","SBI Surat Branch 4","Surat","Withdrawal","Cheque",175883.85,13846.76,"Success","Cash withdrawal"
3162,"2023-07-24 10:43:45",176,"Rohit Sharma",100100000213,"Fixed Deposit Account","SBI Lucknow Branch 19","Lucknow","Withdrawal","NEFT",302501.40,37400.98,"Success","Cash withdrawal"
3163,"2024-04-11 04:47:04",31,"Suresh Verma",100100000030,"Recurring Deposit Account","SBI Patna Branch 9","Patna","Charge","System",274530.65,399053.92,"Success","Service charge"
3164,"2025-05-07 16:03:05",110,"Rajesh Gupta",100100000109,"Student Account","SBI Pune Branch 43","Pune","Charge","System",204082.50,142170.65,"Success","Service charge"
3165,"2025-06-06 23:33:53",163,"Anjali Gupta",100100000162,"Savings Account","SBI Ahmedabad Branch 24","Ahmedabad","Charge","System",112061.44,234526.06,"Success","Service charge"
3166,"2024-08-30 00:26:23",127,"Anjali Verma",100100000126,"Salary Account","SBI Ahmedabad Branch 24","Ahmedabad","Transfer","Cash",137696.74,0.00,"Success","Fund transfer"
3167,"2022-12-02 03:47:58",92,"Ritu Chauhan",100100000249,"NRI Savings Account","SBI Pune Branch 43","Pune","Interest","System",477334.48,477334.48,"Success","Interest credited"
3168,"2024-09-12 10:13:10",46,"Priya Mishra",100100000222,"Salary Account","SBI Indore Branch 27","Indore","Interest","System",435353.25,750964.17,"Success","Interest credited"
3169,"2023-02-07 01:30:14",148,"Harsh Sharma",100100000147,"NRI Savings Account","SBI Lucknow Branch 12","Lucknow","Interest","System",474434.92,474434.92,"Success","Interest credited"
3170,"2025-10-27 03:06:44",113,"Manish Yadav",100100000238,"Senior Citizen Savings Account","SBI Surat Branch 6","Surat","Deposit","ATM",163217.51,880710.73,"Success","Cash deposit"
3171,"2024-10-01 18:24:22",47,"Priya Sharma",100100000259,"Savings Account","SBI Bengaluru Branch 15","Bengaluru","Deposit","Cash",409108.34,868867.57,"Success","Cash deposit"
3172,"2024-09-29 14:45:01",198,"Suresh Singh",100100000235,"NRI Savings Account","SBI Bengaluru Branch 38","Bengaluru","Deposit","Cash",267481.58,718656.41,"Success","Cash deposit"
3173,"2024-10-12 20:38:28",157,"Meena Mishra",100100000156,"Savings Account","SBI Bhubaneswar Branch 22","Bhubaneswar","Deposit","Cheque",468527.70,468527.70,"Success","Cash deposit"
3174,"2022-11-27 23:21:16",107,"Nitin Chauhan",100100000106,"Current Account","SBI Lucknow Branch 12","Lucknow","Interest","System",81064.82,81064.82,"Success","Interest credited"
3175,"2024-03-17 20:18:40",107,"Nitin Chauhan",100100000209,"Senior Citizen Savings Account","SBI Bengaluru Branch 7","Bengaluru","Interest","System",134427.62,391303.66,"Success","Interest credited"
3176,"2024-11-21 09:40:46",110,"Rajesh Gupta",100100000109,"Student Account","SBI Pune Branch 43","Pune","Interest","System",369641.08,511811.73,"Success","Interest credited"
3177,"2024-06-02 14:10:58",149,"Anjali Mishra",100100000270,"Student Account","SBI Kolkata Branch 42","Kolkata","Withdrawal","ATM",228415.25,0.00,"Failed","Cash withdrawal"
3178,"2023-01-06 14:53:14",87,"Rajesh Agarwal",100100000086,"Savings Account","SBI Chennai Branch 40","Chennai","Deposit","ATM",28339.90,381987.38,"Success","Cash deposit"
3179,"2025-01-24 09:40:05",149,"Anjali Mishra",100100000270,"Student Account","SBI Kolkata Branch 42","Kolkata","Interest","System",190419.86,190419.86,"Success","Interest credited"
3180,"2024-06-11 13:19:32",111,"Shreya Singh",100100000110,"Recurring Deposit Account","SBI Noida Branch 2","Noida","Charge","ATM",350083.75,1581391.44,"Pending","Service charge"
3181,"2025-04-21 15:03:36",121,"Manish Agarwal",100100000120,"Savings Account","SBI Indore Branch 27","Indore","Withdrawal","Cheque",61455.63,298588.69,"Success","Cash withdrawal"
3182,"2023-11-03 14:30:55",153,"Mohit Sinha",100100000152,"Student Account","SBI Nagpur Branch 31","Nagpur","Transfer","NEFT",331690.65,875001.27,"Success","Fund transfer"
3183,"2025-11-17 20:42:07",128,"Riya Mishra",100100000127,"Current Account","SBI Lucknow Branch 19","Lucknow","Transfer","Cash",377518.05,0.00,"Success","Fund transfer"
3184,"2022-03-19 23:19:09",149,"Anjali Mishra",100100000270,"Student Account","SBI Kolkata Branch 42","Kolkata","Deposit","RTGS",130061.58,320481.44,"Success","Cash deposit"
3185,"2026-04-12 00:27:10",36,"Sakshi Agarwal",100100000035,"Savings Account","SBI Chennai Branch 40","Chennai","Withdrawal","Cash",467468.28,0.00,"Success","Cash withdrawal"
3186,"2022-09-04 12:34:16",181,"Arjun Singh",100100000180,"Recurring Deposit Account","SBI Bhopal Branch 39","Bhopal","Interest","System",162348.99,440187.93,"Success","Interest credited"
3187,"2023-09-16 15:53:38",200,"Harsh Mishra",100100000225,"Salary Account","SBI Gurugram Branch 36","Gurugram","Deposit","RTGS",483413.86,483413.86,"Success","Cash deposit"
3188,"2025-08-19 21:31:22",119,"Meena Yadav",100100000118,"Salary Account","SBI Pune Branch 11","Pune","Withdrawal","IMPS",403412.96,56658.00,"Success","Cash withdrawal"
3189,"2023-04-28 09:59:08",82,"Meena Gupta",100100000285,"NRI Savings Account","SBI Bhopal Branch 35","Bhopal","Transfer","ATM",449439.35,23916.41,"Success","Fund transfer"
3190,"2025-06-20 02:04:08",82,"Meena Gupta",100100000285,"NRI Savings Account","SBI Bhopal Branch 35","Bhopal","Interest","System",252143.00,276059.41,"Success","Interest credited"
3191,"2026-03-24 19:34:52",146,"Manish Agarwal",100100000231,"Recurring Deposit Account","SBI Hyderabad Branch 41","Hyderabad","Withdrawal","ATM",131175.91,0.00,"Success","Cash withdrawal"
3192,"2024-05-26 00:56:55",70,"Asha Reddy",100100000069,"Salary Account","SBI Pune Branch 43","Pune","Interest","System",90927.98,179727.65,"Failed","Interest credited"
3193,"2024-05-11 22:47:03",100,"Pooja Mishra",100100000099,"Savings Account","SBI Noida Branch 28","Noida","Withdrawal","Cash",137131.53,365785.96,"Success","Cash withdrawal"
3194,"2023-01-05 04:08:58",55,"Vikas Kumar",100100000261,"Salary Account","SBI Gurugram Branch 33","Gurugram","Charge","System",361525.63,0.00,"Success","Service charge"
3195,"2023-12-06 19:03:42",46,"Priya Mishra",100100000045,"Current Account","SBI Bengaluru Branch 7","Bengaluru","Charge","System",241617.14,0.00,"Success","Service charge"
3196,"2025-01-16 13:55:34",163,"Anjali Gupta",100100000212,"Current Account","SBI Delhi Branch 14","Delhi","Interest","System",248334.40,248334.40,"Success","Interest credited"
3197,"2024-06-16 13:07:00",184,"Asha Singh",100100000183,"Savings Account","SBI Surat Branch 29","Surat","Transfer","Cheque",194243.62,0.00,"Success","Fund transfer"
3198,"2023-04-15 05:00:49",189,"Rajesh Pandey",100100000254,"Fixed Deposit Account","SBI Kolkata Branch 42","Kolkata","Transfer","ATM",101458.95,312148.48,"Pending","Fund transfer"
3199,"2022-11-22 09:45:53",168,"Meena Gupta",100100000289,"Senior Citizen Savings Account","SBI Gurugram Branch 48","Gurugram","Transfer","ATM",47879.04,287952.47,"Success","Fund transfer"
3200,"2024-02-27 01:03:30",61,"Sakshi Pandey",100100000224,"Savings Account","SBI Nagpur Branch 34","Nagpur","Interest","System",267283.67,415391.74,"Success","Interest credited"
3201,"2025-10-16 21:05:36",181,"Arjun Singh",100100000180,"Recurring Deposit Account","SBI Bhopal Branch 39","Bhopal","Deposit","NEFT",343620.38,783808.31,"Success","Cash deposit"
3202,"2025-05-14 15:41:55",24,"Riya Patel",100100000023,"NRI Savings Account","SBI Nagpur Branch 34","Nagpur","Transfer","Cheque",365128.10,1191544.92,"Success","Fund transfer"
3203,"2026-05-16 16:35:51",86,"Komal Verma",100100000276,"Savings Account","SBI Chandigarh Branch 5","Chandigarh","Charge","Cheque",190353.39,0.00,"Success","Service charge"
3204,"2024-05-03 00:36:58",87,"Rajesh Agarwal",100100000282,"Current Account","SBI Gurugram Branch 45","Gurugram","Withdrawal","NEFT",149226.91,558561.76,"Success","Cash withdrawal"
3205,"2025-07-19 05:22:57",125,"Vivek Kumar",100100000124,"Salary Account","SBI Bhopal Branch 39","Bhopal","Interest","System",49863.42,49863.42,"Success","Interest credited"
3206,"2026-01-18 04:20:25",118,"Sneha Singh",100100000117,"Savings Account","SBI Bengaluru Branch 15","Bengaluru","Transfer","IMPS",281132.25,0.00,"Success","Fund transfer"
3207,"2025-02-25 04:05:47",69,"Ritu Pandey",100100000068,"NRI Savings Account","SBI Surat Branch 30","Surat","Charge","System",266175.75,0.00,"Success","Service charge"
3208,"2022-11-13 18:16:05",189,"Rajesh Pandey",100100000254,"Fixed Deposit Account","SBI Kolkata Branch 42","Kolkata","Deposit","Cheque",107399.88,419548.36,"Success","Cash deposit"
3209,"2023-05-16 23:16:24",46,"Priya Mishra",100100000222,"Salary Account","SBI Indore Branch 27","Indore","Deposit","UPI",57953.18,808917.35,"Success","Cash deposit"
3210,"2022-05-18 11:39:10",127,"Anjali Verma",100100000126,"Salary Account","SBI Ahmedabad Branch 24","Ahmedabad","Withdrawal","ATM",156367.39,0.00,"Success","Cash withdrawal"
3211,"2024-01-15 23:37:36",10,"Divya Patel",100100000009,"NRI Savings Account","SBI Nagpur Branch 34","Nagpur","Transfer","Cheque",318634.77,0.00,"Success","Fund transfer"
3212,"2025-12-05 03:45:44",134,"Nitin Sharma",100100000133,"Savings Account","SBI Bengaluru Branch 50","Bengaluru","Deposit","UPI",91140.79,91140.79,"Success","Cash deposit"
3213,"2022-08-05 08:46:53",194,"Harsh Agarwal",100100000193,"Student Account","SBI Noida Branch 2","Noida","Interest","System",98970.39,0.00,"Failed","Interest credited"
3214,"2026-05-04 19:29:59",106,"Arjun Nair",100100000105,"Fixed Deposit Account","SBI Gurugram Branch 33","Gurugram","Charge","System",172323.21,27193.31,"Success","Service charge"
3215,"2022-08-11 17:04:50",142,"Rahul Sinha",100100000141,"Salary Account","SBI Pune Branch 43","Pune","Transfer","UPI",495255.26,0.00,"Success","Fund transfer"
3216,"2022-11-14 09:00:48",181,"Arjun Singh",100100000180,"Recurring Deposit Account","SBI Bhopal Branch 39","Bhopal","Charge","System",319561.76,464246.55,"Success","Service charge"
3217,"2022-03-18 12:32:36",101,"Rohit Yadav",100100000100,"Senior Citizen Savings Account","SBI Bengaluru Branch 38","Bengaluru","Withdrawal","UPI",256583.40,0.00,"Success","Cash withdrawal"
3218,"2023-06-09 05:25:13",18,"Vivek Verma",100100000239,"NRI Savings Account","SBI Bengaluru Branch 7","Bengaluru","Charge","System",51856.78,821278.02,"Success","Service charge"
3219,"2023-03-05 16:16:29",153,"Mohit Sinha",100100000152,"Student Account","SBI Nagpur Branch 31","Nagpur","Deposit","ATM",354648.43,1229649.70,"Success","Cash deposit"
3220,"2023-08-23 05:49:29",60,"Rahul Sinha",100100000059,"Savings Account","SBI Pune Branch 11","Pune","Interest","System",69534.01,1473458.37,"Success","Interest credited"
3221,"2026-02-26 16:24:21",197,"Rajesh Yadav",100100000223,"Savings Account","SBI Noida Branch 32","Noida","Deposit","UPI",481885.08,748097.75,"Success","Cash deposit"
3222,"2024-09-12 05:20:05",94,"Shreya Mishra",100100000264,"Savings Account","SBI Hyderabad Branch 41","Hyderabad","Withdrawal","ATM",342961.71,1658682.53,"Success","Cash withdrawal"
3223,"2026-05-18 18:38:12",172,"Komal Patel",100100000171,"Salary Account","SBI Kochi Branch 46","Kochi","Charge","System",419816.41,41223.31,"Success","Service charge"
3224,"2023-06-01 15:42:20",88,"Arjun Kumar",100100000273,"NRI Savings Account","SBI Bengaluru Branch 50","Bengaluru","Transfer","UPI",221625.68,0.00,"Success","Fund transfer"
3225,"2024-02-18 17:31:10",173,"Shreya Reddy",100100000172,"NRI Savings Account","SBI Hyderabad Branch 41","Hyderabad","Deposit","UPI",23374.17,189530.65,"Success","Cash deposit"
3226,"2022-03-18 03:11:26",65,"Amit Sharma",100100000064,"Recurring Deposit Account","SBI Gurugram Branch 45","Gurugram","Charge","ATM",148201.51,0.00,"Pending","Service charge"
3227,"2026-04-28 02:39:02",149,"Anjali Mishra",100100000148,"Student Account","SBI Bengaluru Branch 7","Bengaluru","Deposit","Cash",284411.46,1236642.33,"Success","Cash deposit"
3228,"2024-08-22 01:51:38",174,"Meena Verma",100100000173,"Savings Account","SBI Chennai Branch 40","Chennai","Transfer","RTGS",80695.31,74749.00,"Success","Fund transfer"
3229,"2023-02-13 02:52:17",126,"Rahul Kumar",100100000125,"Current Account","SBI Chennai Branch 40","Chennai","Charge","System",277113.05,1279472.77,"Success","Service charge"
3230,"2025-04-28 21:46:07",11,"Komal Pandey",100100000010,"Savings Account","SBI Surat Branch 29","Surat","Withdrawal","Cash",326546.09,0.00,"Success","Cash withdrawal"
3231,"2024-10-17 21:33:26",77,"Anjali Mishra",100100000278,"NRI Savings Account","SBI Gurugram Branch 33","Gurugram","Deposit","RTGS",163715.40,163715.40,"Success","Cash deposit"
3232,"2025-12-25 00:18:17",76,"Harsh Kumar",100100000075,"Savings Account","SBI Delhi Branch 13","Delhi","Deposit","RTGS",133705.20,166671.34,"Success","Cash deposit"
3233,"2025-11-19 08:42:45",193,"Vikas Verma",100100000192,"Savings Account","SBI Ahmedabad Branch 24","Ahmedabad","Withdrawal","UPI",371464.26,0.00,"Success","Cash withdrawal"
3234,"2026-04-15 07:18:10",105,"Mohit Agarwal",100100000104,"Savings Account","SBI Kolkata Branch 42","Kolkata","Transfer","Cheque",92752.89,0.00,"Success","Fund transfer"
3235,"2022-01-12 12:09:38",143,"Rohit Mishra",100100000277,"NRI Savings Account","SBI Patna Branch 9","Patna","Deposit","RTGS",353792.65,353792.65,"Success","Cash deposit"
3236,"2026-03-01 01:13:23",159,"Kavita Singh",100100000158,"Savings Account","SBI Noida Branch 32","Noida","Withdrawal","RTGS",108526.39,430581.32,"Success","Cash withdrawal"
3237,"2023-05-30 07:56:18",100,"Pooja Mishra",100100000099,"Savings Account","SBI Noida Branch 28","Noida","Transfer","ATM",60446.08,305339.88,"Success","Fund transfer"
3238,"2023-04-01 09:56:43",73,"Karan Yadav",100100000072,"Current Account","SBI Lucknow Branch 19","Lucknow","Deposit","Cheque",375371.53,705985.83,"Success","Cash deposit"
3239,"2024-11-17 11:17:15",198,"Suresh Singh",100100000197,"Recurring Deposit Account","SBI Nagpur Branch 34","Nagpur","Transfer","NEFT",1516.03,771593.20,"Success","Fund transfer"
3240,"2024-09-30 19:54:05",117,"Priya Patel",100100000116,"NRI Savings Account","SBI Chennai Branch 40","Chennai","Withdrawal","UPI",245254.27,382296.09,"Success","Cash withdrawal"
3241,"2023-10-31 17:19:14",71,"Sakshi Reddy",100100000070,"Fixed Deposit Account","SBI Pune Branch 43","Pune","Interest","System",15074.91,15074.91,"Success","Interest credited"
3242,"2023-11-15 22:29:08",47,"Priya Sharma",100100000259,"Savings Account","SBI Bengaluru Branch 15","Bengaluru","Charge","Cheque",303792.32,565075.25,"Success","Service charge"
3243,"2025-07-05 22:11:35",93,"Arjun Sinha",100100000092,"Current Account","SBI Bengaluru Branch 38","Bengaluru","Withdrawal","RTGS",160757.38,0.00,"Success","Cash withdrawal"
3244,"2023-08-30 04:11:09",57,"Divya Chauhan",100100000056,"Savings Account","SBI Bengaluru Branch 50","Bengaluru","Charge","Cheque",382246.91,0.00,"Success","Service charge"
3245,"2024-01-08 20:13:02",117,"Priya Patel",100100000215,"Senior Citizen Savings Account","SBI Gurugram Branch 33","Gurugram","Charge","System",231249.26,372627.16,"Pending","Service charge"
3246,"2025-05-18 10:43:47",198,"Suresh Singh",100100000235,"NRI Savings Account","SBI Bengaluru Branch 38","Bengaluru","Transfer","NEFT",376014.24,342642.17,"Success","Fund transfer"
3247,"2025-06-04 04:20:00",102,"Asha Sinha",100100000101,"Student Account","SBI Bengaluru Branch 50","Bengaluru","Deposit","Cheque",425786.32,651587.29,"Success","Cash deposit"
3248,"2024-06-05 05:24:54",76,"Harsh Kumar",100100000075,"Savings Account","SBI Delhi Branch 13","Delhi","Interest","System",299401.99,466073.33,"Success","Interest credited"
3249,"2025-09-27 17:10:31",197,"Rajesh Yadav",100100000223,"Savings Account","SBI Noida Branch 32","Noida","Interest","System",282230.10,1030327.85,"Success","Interest credited"
3250,"2023-03-21 11:19:06",111,"Shreya Singh",100100000110,"Recurring Deposit Account","SBI Noida Branch 2","Noida","Transfer","Cheque",268868.82,1312522.62,"Success","Fund transfer"
3251,"2024-03-24 11:24:33",136,"Priya Sharma",100100000135,"Savings Account","SBI Bhopal Branch 37","Bhopal","Interest","System",453722.87,260160.63,"Pending","Interest credited"
3252,"2024-07-14 07:20:49",125,"Vivek Kumar",100100000124,"Salary Account","SBI Bhopal Branch 39","Bhopal","Transfer","RTGS",304778.56,0.00,"Success","Fund transfer"
3253,"2025-04-05 04:15:43",170,"Manish Verma",100100000271,"Current Account","SBI Bhopal Branch 23","Bhopal","Deposit","ATM",231747.76,741522.63,"Success","Cash deposit"
3254,"2024-08-22 00:33:34",12,"Vivek Mishra",100100000011,"Student Account","SBI Gurugram Branch 36","Gurugram","Interest","System",451333.62,694503.67,"Success","Interest credited"
3255,"2023-10-23 18:47:12",50,"Suresh Chauhan",100100000251,"Fixed Deposit Account","SBI Surat Branch 30","Surat","Transfer","Cheque",220994.72,1048262.34,"Success","Fund transfer"
3256,"2024-07-18 04:00:13",167,"Mohit Jain",100100000166,"Fixed Deposit Account","SBI Delhi Branch 14","Delhi","Deposit","Cheque",192608.04,192608.04,"Success","Cash deposit"
3257,"2023-12-21 05:40:00",58,"Kavita Sharma",100100000057,"Fixed Deposit Account","SBI Kochi Branch 46","Kochi","Interest","System",232592.72,357409.53,"Success","Interest credited"
3258,"2023-02-15 15:20:31",168,"Meena Gupta",100100000167,"Senior Citizen Savings Account","SBI Gurugram Branch 33","Gurugram","Deposit","IMPS",262086.33,985832.53,"Success","Cash deposit"
3259,"2024-08-30 01:26:08",166,"Riya Singh",100100000165,"Fixed Deposit Account","SBI Pune Branch 43","Pune","Transfer","UPI",118631.55,0.00,"Success","Fund transfer"
3260,"2025-12-10 14:46:44",88,"Arjun Kumar",100100000087,"Senior Citizen Savings Account","SBI Gurugram Branch 49","Gurugram","Withdrawal","IMPS",204379.12,0.00,"Success","Cash withdrawal"
3261,"2023-01-24 03:11:00",58,"Kavita Sharma",100100000057,"Fixed Deposit Account","SBI Kochi Branch 46","Kochi","Interest","System",425925.70,783335.23,"Success","Interest credited"
3262,"2024-12-28 11:31:14",98,"Suresh Sharma",100100000097,"Fixed Deposit Account","SBI Kolkata Branch 42","Kolkata","Deposit","UPI",295333.40,407623.89,"Success","Cash deposit"
3263,"2023-10-19 13:45:35",42,"Pooja Gupta",100100000267,"Current Account","SBI Bengaluru Branch 38","Bengaluru","Charge","Cheque",67624.74,115325.70,"Success","Service charge"
3264,"2022-08-16 16:51:17",164,"Shreya Sinha",100100000163,"Student Account","SBI Indore Branch 27","Indore","Withdrawal","RTGS",299654.68,0.00,"Success","Cash withdrawal"
3265,"2022-10-04 03:23:41",94,"Shreya Mishra",100100000093,"Savings Account","SBI Hyderabad Branch 41","Hyderabad","Transfer","Cash",439612.97,0.00,"Success","Fund transfer"
3266,"2024-03-23 08:30:59",44,"Meena Reddy",100100000043,"Senior Citizen Savings Account","SBI Gurugram Branch 49","Gurugram","Deposit","Cheque",134521.19,629531.81,"Success","Cash deposit"
3267,"2025-12-29 16:49:41",90,"Sakshi Jain",100100000292,"Recurring Deposit Account","SBI Bengaluru Branch 16","Bengaluru","Charge","ATM",437500.08,0.00,"Success","Service charge"
3268,"2025-09-07 07:56:24",50,"Suresh Chauhan",100100000251,"Fixed Deposit Account","SBI Surat Branch 30","Surat","Transfer","ATM",304927.68,743334.66,"Success","Fund transfer"
3269,"2022-08-04 16:14:42",167,"Mohit Jain",100100000166,"Fixed Deposit Account","SBI Delhi Branch 14","Delhi","Deposit","Cheque",103525.84,296133.88,"Success","Cash deposit"
3270,"2025-07-17 05:14:33",152,"Mohit Mishra",100100000151,"Savings Account","SBI Gurugram Branch 49","Gurugram","Interest","System",475883.06,647792.82,"Success","Interest credited"
3271,"2022-04-22 05:22:46",7,"Neha Gupta",100100000006,"Savings Account","SBI Surat Branch 3","Surat","Withdrawal","IMPS",444686.42,0.00,"Success","Cash withdrawal"
3272,"2023-10-01 07:50:33",160,"Arjun Chauhan",100100000159,"Salary Account","SBI Bengaluru Branch 15","Bengaluru","Deposit","Cheque",380534.51,380534.51,"Success","Cash deposit"
3273,"2024-02-27 20:36:44",53,"Arjun Jain",100100000052,"Student Account","SBI Delhi Branch 13","Delhi","Transfer","NEFT",163750.64,912216.70,"Success","Fund transfer"
3274,"2023-09-22 06:55:05",80,"Arjun Patel",100100000079,"Recurring Deposit Account","SBI Bhopal Branch 23","Bhopal","Transfer","ATM",229491.01,279631.75,"Success","Fund transfer"
3275,"2023-08-13 11:00:56",86,"Komal Verma",100100000085,"Savings Account","SBI Noida Branch 18","Noida","Transfer","RTGS",110500.46,0.00,"Success","Fund transfer"
3276,"2022-12-15 17:32:49",188,"Nitin Jain",100100000187,"Recurring Deposit Account","SBI Patna Branch 9","Patna","Withdrawal","UPI",281404.35,756643.95,"Success","Cash withdrawal"
3277,"2026-03-13 04:00:22",23,"Asha Agarwal",100100000022,"Student Account","SBI Bengaluru Branch 38","Bengaluru","Deposit","Cheque",297809.42,297809.42,"Success","Cash deposit"
3278,"2022-02-21 12:12:32",15,"Riya Yadav",100100000014,"Salary Account","SBI Surat Branch 44","Surat","Withdrawal","UPI",237907.03,146904.73,"Success","Cash withdrawal"
3279,"2023-09-30 03:15:07",73,"Karan Yadav",100100000072,"Current Account","SBI Lucknow Branch 19","Lucknow","Withdrawal","IMPS",116497.02,705985.83,"Pending","Cash withdrawal"
3280,"2023-11-17 00:58:07",98,"Suresh Sharma",100100000097,"Fixed Deposit Account","SBI Kolkata Branch 42","Kolkata","Interest","System",433140.83,840764.72,"Success","Interest credited"
3281,"2024-05-10 05:46:24",112,"Mohit Mishra",100100000111,"Salary Account","SBI Surat Branch 30","Surat","Transfer","Cheque",356195.53,0.00,"Success","Fund transfer"
3282,"2024-05-24 11:57:31",74,"Rahul Kumar",100100000073,"Current Account","SBI Bengaluru Branch 16","Bengaluru","Charge","System",344790.09,246129.04,"Success","Service charge"
3283,"2024-10-18 19:12:52",8,"Neha Gupta",100100000007,"Senior Citizen Savings Account","SBI Delhi Branch 14","Delhi","Transfer","Cheque",212903.51,585770.41,"Success","Fund transfer"
3284,"2025-01-11 00:15:43",107,"Nitin Chauhan",100100000209,"Senior Citizen Savings Account","SBI Bengaluru Branch 7","Bengaluru","Withdrawal","Cheque",387924.45,3379.21,"Success","Cash withdrawal"
3285,"2024-06-07 11:05:40",94,"Shreya Mishra",100100000264,"Savings Account","SBI Hyderabad Branch 41","Hyderabad","Transfer","RTGS",288863.54,1658682.53,"Failed","Fund transfer"
3286,"2023-10-29 01:59:14",78,"Sneha Verma",100100000216,"Savings Account","SBI Bengaluru Branch 15","Bengaluru","Interest","System",222006.66,635270.43,"Success","Interest credited"
3287,"2023-07-28 02:40:15",97,"Riya Kumar",100100000096,"Fixed Deposit Account","SBI Indore Branch 20","Indore","Deposit","RTGS",304388.85,304388.85,"Success","Cash deposit"
3288,"2022-08-02 16:30:42",62,"Ritu Yadav",100100000061,"Recurring Deposit Account","SBI Noida Branch 2","Noida","Deposit","NEFT",363262.92,1316180.20,"Success","Cash deposit"
3289,"2022-12-08 02:47:10",33,"Deepak Jain",100100000032,"Student Account","SBI Lucknow Branch 19","Lucknow","Deposit","NEFT",441622.39,1270061.43,"Success","Cash deposit"
3290,"2022-02-03 19:36:25",68,"Vikas Patel",100100000067,"Current Account","SBI Nagpur Branch 31","Nagpur","Withdrawal","Cash",201990.62,233005.64,"Success","Cash withdrawal"
3291,"2023-09-13 17:11:08",172,"Komal Patel",100100000171,"Salary Account","SBI Kochi Branch 46","Kochi","Deposit","IMPS",438588.73,479812.04,"Success","Cash deposit"
3292,"2024-12-20 17:20:31",199,"Sneha Agarwal",100100000198,"Senior Citizen Savings Account","SBI Surat Branch 4","Surat","Transfer","RTGS",115405.81,0.00,"Success","Fund transfer"
3293,"2023-07-21 14:09:43",2,"Neha Gupta",100100000001,"NRI Savings Account","SBI Bhubaneswar Branch 22","Bhubaneswar","Charge","System",83860.79,239401.48,"Success","Service charge"
3294,"2025-06-25 00:25:16",72,"Anjali Singh",100100000071,"Savings Account","SBI Pune Branch 8","Pune","Withdrawal","ATM",111902.24,204346.32,"Success","Cash withdrawal"
3295,"2023-11-20 17:18:04",30,"Vikas Gupta",100100000221,"Savings Account","SBI Noida Branch 2","Noida","Withdrawal","RTGS",370055.42,189296.11,"Success","Cash withdrawal"
3296,"2022-09-14 17:52:19",86,"Komal Verma",100100000085,"Savings Account","SBI Noida Branch 18","Noida","Deposit","Cheque",36353.98,36353.98,"Success","Cash deposit"
3297,"2026-05-12 04:31:04",199,"Sneha Agarwal",100100000198,"Senior Citizen Savings Account","SBI Surat Branch 4","Surat","Interest","System",360632.77,360632.77,"Success","Interest credited"
3298,"2026-06-07 10:00:07",127,"Anjali Verma",100100000126,"Salary Account","SBI Ahmedabad Branch 24","Ahmedabad","Deposit","IMPS",38624.11,38624.11,"Success","Cash deposit"
3299,"2024-07-14 00:36:05",29,"Mohit Yadav",100100000028,"Student Account","SBI Bhopal Branch 39","Bhopal","Withdrawal","IMPS",419189.04,0.00,"Success","Cash withdrawal"
3300,"2026-02-11 18:22:38",73,"Karan Yadav",100100000072,"Current Account","SBI Lucknow Branch 19","Lucknow","Deposit","Cash",352183.43,1058169.26,"Success","Cash deposit"
3301,"2026-03-17 02:37:10",30,"Vikas Gupta",100100000221,"Savings Account","SBI Noida Branch 2","Noida","Interest","System",451388.12,640684.23,"Success","Interest credited"
3302,"2025-10-09 05:50:28",77,"Anjali Mishra",100100000237,"Savings Account","SBI Kochi Branch 46","Kochi","Transfer","Cash",205796.17,0.00,"Success","Fund transfer"
3303,"2023-05-21 15:30:52",116,"Riya Sinha",100100000115,"Salary Account","SBI Noida Branch 47","Noida","Withdrawal","RTGS",44405.43,973488.76,"Success","Cash withdrawal"
3304,"2024-07-27 15:55:47",6,"Meena Singh",100100000005,"Savings Account","SBI Nagpur Branch 34","Nagpur","Interest","System",371048.59,371048.59,"Success","Interest credited"
3305,"2026-05-07 05:43:04",143,"Rohit Mishra",100100000252,"Recurring Deposit Account","SBI Gurugram Branch 49","Gurugram","Charge","ATM",247329.19,222130.36,"Success","Service charge"
3306,"2023-07-24 16:38:05",30,"Vikas Gupta",100100000029,"Savings Account","SBI Bhopal Branch 39","Bhopal","Deposit","Cash",317797.50,317797.50,"Success","Cash deposit"
3307,"2022-07-07 05:15:47",20,"Karan Sinha",100100000019,"NRI Savings Account","SBI Kolkata Branch 42","Kolkata","Charge","Cheque",97965.72,0.00,"Success","Service charge"
3308,"2025-02-22 02:57:12",194,"Harsh Agarwal",100100000257,"Current Account","SBI Delhi Branch 14","Delhi","Transfer","UPI",432035.24,0.00,"Success","Fund transfer"
3309,"2025-10-29 20:17:14",138,"Sakshi Chauhan",100100000247,"Student Account","SBI Chennai Branch 21","Chennai","Charge","System",103476.09,722077.58,"Success","Service charge"
3310,"2022-12-16 17:00:38",196,"Manish Chauhan",100100000195,"Fixed Deposit Account","SBI Pune Branch 11","Pune","Deposit","Cash",117052.73,117052.73,"Success","Cash deposit"
3311,"2022-04-06 22:08:23",120,"Nidhi Agarwal",100100000297,"Salary Account","SBI Kolkata Branch 42","Kolkata","Transfer","Cheque",324413.51,0.00,"Success","Fund transfer"
3312,"2024-02-15 18:01:55",148,"Harsh Sharma",100100000147,"NRI Savings Account","SBI Lucknow Branch 12","Lucknow","Withdrawal","RTGS",311439.87,162995.05,"Success","Cash withdrawal"
3313,"2024-01-10 19:57:37",126,"Rahul Kumar",100100000125,"Current Account","SBI Chennai Branch 40","Chennai","Charge","ATM",74374.65,1205098.12,"Success","Service charge"
3314,"2026-01-07 11:50:05",92,"Ritu Chauhan",100100000249,"NRI Savings Account","SBI Pune Branch 43","Pune","Charge","ATM",7965.43,469369.05,"Success","Service charge"
3315,"2025-10-29 02:15:51",33,"Deepak Jain",100100000032,"Student Account","SBI Lucknow Branch 19","Lucknow","Interest","System",279815.58,1549877.01,"Success","Interest credited"
3316,"2026-05-18 23:59:33",82,"Meena Gupta",100100000081,"Student Account","SBI Noida Branch 28","Noida","Interest","System",232997.09,232997.09,"Success","Interest credited"
3317,"2025-05-04 13:36:08",45,"Vikas Patel",100100000044,"Fixed Deposit Account","SBI Noida Branch 47","Noida","Charge","System",116766.75,145315.75,"Success","Service charge"
3318,"2022-07-10 05:57:29",156,"Shreya Yadav",100100000155,"Recurring Deposit Account","SBI Bhubaneswar Branch 22","Bhubaneswar","Interest","System",434663.24,615992.91,"Success","Interest credited"
3319,"2022-04-09 10:13:46",122,"Ritu Pandey",100100000121,"Student Account","SBI Lucknow Branch 19","Lucknow","Transfer","RTGS",269816.70,608640.63,"Pending","Fund transfer"
3320,"2022-08-31 12:00:39",64,"Riya Singh",100100000063,"Fixed Deposit Account","SBI Patna Branch 17","Patna","Withdrawal","Cheque",44109.83,501678.39,"Success","Cash withdrawal"
3321,"2025-12-02 19:38:23",111,"Shreya Singh",100100000220,"Senior Citizen Savings Account","SBI Indore Branch 27","Indore","Charge","System",83938.30,283925.51,"Success","Service charge"
3322,"2023-02-13 21:28:05",158,"Suresh Verma",100100000157,"Senior Citizen Savings Account","SBI Surat Branch 29","Surat","Charge","System",204923.55,0.00,"Success","Service charge"
3323,"2025-04-17 02:51:52",23,"Asha Agarwal",100100000022,"Student Account","SBI Bengaluru Branch 38","Bengaluru","Deposit","RTGS",14814.14,312623.56,"Success","Cash deposit"
3324,"2025-12-02 17:49:55",191,"Asha Sharma",100100000265,"Current Account","SBI Pune Branch 8","Pune","Interest","System",349135.67,1158507.17,"Success","Interest credited"
3325,"2024-04-22 09:40:47",154,"Vikas Sharma",100100000153,"Savings Account","SBI Noida Branch 32","Noida","Charge","ATM",148982.98,683641.59,"Success","Service charge"
3326,"2026-07-06 08:53:41",47,"Priya Sharma",100100000219,"NRI Savings Account","SBI Chandigarh Branch 5","Chandigarh","Transfer","UPI",122403.82,0.00,"Success","Fund transfer"
3327,"2025-10-26 16:34:57",18,"Vivek Verma",100100000017,"NRI Savings Account","SBI Bengaluru Branch 38","Bengaluru","Charge","System",448617.43,209425.31,"Success","Service charge"
3328,"2025-11-30 15:36:56",124,"Asha Sinha",100100000214,"Student Account","SBI Gurugram Branch 45","Gurugram","Deposit","Cheque",478023.71,478023.71,"Success","Cash deposit"
3329,"2022-05-27 00:17:13",93,"Arjun Sinha",100100000092,"Current Account","SBI Bengaluru Branch 38","Bengaluru","Interest","System",119311.59,119311.59,"Success","Interest credited"
3330,"2023-02-12 05:29:21",176,"Rohit Sharma",100100000213,"Fixed Deposit Account","SBI Lucknow Branch 19","Lucknow","Interest","System",204391.65,241792.63,"Success","Interest credited"
3331,"2022-07-14 20:21:16",94,"Shreya Mishra",100100000093,"Savings Account","SBI Hyderabad Branch 41","Hyderabad","Deposit","Cheque",214752.76,214752.76,"Success","Cash deposit"
3332,"2025-07-14 20:42:39",193,"Vikas Verma",100100000192,"Savings Account","SBI Ahmedabad Branch 24","Ahmedabad","Transfer","Cash",25157.93,0.00,"Success","Fund transfer"
3333,"2024-08-04 10:24:20",30,"Vikas Gupta",100100000029,"Savings Account","SBI Bhopal Branch 39","Bhopal","Deposit","UPI",95527.38,413324.88,"Success","Cash deposit"
3334,"2024-04-20 04:45:14",72,"Anjali Singh",100100000217,"Savings Account","SBI Bengaluru Branch 38","Bengaluru","Withdrawal","UPI",163270.01,75962.40,"Success","Cash withdrawal"
3335,"2024-03-15 02:05:58",51,"Rohit Yadav",100100000288,"NRI Savings Account","SBI Patna Branch 26","Patna","Interest","System",341301.96,1436057.22,"Success","Interest credited"
3336,"2024-12-02 01:38:02",104,"Harsh Pandey",100100000103,"Student Account","SBI Bhopal Branch 35","Bhopal","Interest","System",146821.13,609889.61,"Pending","Interest credited"
3337,"2026-03-28 22:24:50",20,"Karan Sinha",100100000019,"NRI Savings Account","SBI Kolkata Branch 42","Kolkata","Transfer","UPI",16997.23,0.00,"Success","Fund transfer"
3338,"2025-10-18 07:26:32",35,"Ankit Gupta",100100000034,"Savings Account","SBI Bengaluru Branch 7","Bengaluru","Transfer","RTGS",322285.98,466032.33,"Success","Fund transfer"
3339,"2023-05-25 19:31:33",51,"Rohit Yadav",100100000050,"Savings Account","SBI Chennai Branch 21","Chennai","Interest","System",91541.45,322663.94,"Success","Interest credited"
3340,"2025-07-01 04:38:33",151,"Pooja Patel",100100000150,"Fixed Deposit Account","SBI Gurugram Branch 49","Gurugram","Charge","Cheque",494132.44,788295.21,"Pending","Service charge"
3341,"2026-02-11 18:47:18",124,"Asha Sinha",100100000123,"Student Account","SBI Lucknow Branch 12","Lucknow","Charge","Cheque",33685.04,0.00,"Success","Service charge"
3342,"2023-10-31 10:41:57",17,"Komal Patel",100100000275,"Savings Account","SBI Surat Branch 44","Surat","Withdrawal","NEFT",100583.87,58557.05,"Success","Cash withdrawal"
3343,"2022-09-28 17:28:04",145,"Nidhi Nair",100100000299,"Student Account","SBI Surat Branch 10","Surat","Deposit","RTGS",22110.24,22110.24,"Success","Cash deposit"
3344,"2022-11-13 16:53:31",144,"Rahul Mishra",100100000143,"NRI Savings Account","SBI Surat Branch 6","Surat","Deposit","ATM",112366.07,112366.07,"Success","Cash deposit"
3345,"2023-05-15 14:53:04",82,"Meena Gupta",100100000202,"Recurring Deposit Account","SBI Ahmedabad Branch 24","Ahmedabad","Interest","System",303972.68,303972.68,"Success","Interest credited"
3346,"2022-03-13 00:47:47",87,"Rajesh Agarwal",100100000282,"Current Account","SBI Gurugram Branch 45","Gurugram","Interest","System",431681.40,990243.16,"Success","Interest credited"
3347,"2022-08-25 04:46:11",167,"Mohit Jain",100100000230,"Recurring Deposit Account","SBI Bengaluru Branch 7","Bengaluru","Charge","ATM",343299.80,370283.32,"Success","Service charge"
3348,"2024-04-18 10:43:11",52,"Harsh Mishra",100100000051,"Savings Account","SBI Gurugram Branch 49","Gurugram","Deposit","Cash",495415.27,535710.33,"Success","Cash deposit"
3349,"2022-05-22 06:03:56",14,"Sneha Nair",100100000013,"Fixed Deposit Account","SBI Nagpur Branch 34","Nagpur","Transfer","UPI",400301.23,0.00,"Success","Fund transfer"
3350,"2024-01-15 06:49:26",59,"Nitin Nair",100100000058,"Recurring Deposit Account","SBI Surat Branch 6","Surat","Withdrawal","RTGS",176038.33,114214.16,"Success","Cash withdrawal"
3351,"2022-05-07 14:54:13",100,"Pooja Mishra",100100000099,"Savings Account","SBI Noida Branch 28","Noida","Transfer","NEFT",62974.73,242365.15,"Success","Fund transfer"
3352,"2024-05-09 08:27:46",151,"Pooja Patel",100100000150,"Fixed Deposit Account","SBI Gurugram Branch 49","Gurugram","Withdrawal","ATM",30018.84,758276.37,"Success","Cash withdrawal"
3353,"2026-03-05 02:49:55",87,"Rajesh Agarwal",100100000282,"Current Account","SBI Gurugram Branch 45","Gurugram","Interest","System",364352.68,1354595.84,"Success","Interest credited"
3354,"2025-11-28 00:05:45",11,"Komal Pandey",100100000010,"Savings Account","SBI Surat Branch 29","Surat","Transfer","UPI",170788.11,0.00,"Success","Fund transfer"
3355,"2025-02-07 12:47:24",161,"Riya Singh",100100000253,"Senior Citizen Savings Account","SBI Chennai Branch 40","Chennai","Deposit","UPI",96562.22,1119573.88,"Success","Cash deposit"
3356,"2026-03-14 14:07:26",25,"Riya Reddy",100100000024,"Savings Account","SBI Gurugram Branch 33","Gurugram","Deposit","NEFT",375330.67,186424.01,"Pending","Cash deposit"
3357,"2026-06-18 22:39:36",136,"Priya Sharma",100100000135,"Savings Account","SBI Bhopal Branch 37","Bhopal","Withdrawal","IMPS",100640.38,159520.25,"Success","Cash withdrawal"
3358,"2026-05-09 05:43:47",154,"Vikas Sharma",100100000153,"Savings Account","SBI Noida Branch 32","Noida","Transfer","Cash",347988.97,335652.62,"Success","Fund transfer"
3359,"2026-02-28 11:06:06",105,"Mohit Agarwal",100100000104,"Savings Account","SBI Kolkata Branch 42","Kolkata","Deposit","ATM",87570.47,87570.47,"Success","Cash deposit"
3360,"2024-02-15 08:39:02",165,"Riya Kumar",100100000164,"Recurring Deposit Account","SBI Surat Branch 6","Surat","Charge","System",43855.88,192848.45,"Success","Service charge"
3361,"2023-07-16 18:42:06",156,"Shreya Yadav",100100000155,"Recurring Deposit Account","SBI Bhubaneswar Branch 22","Bhubaneswar","Transfer","IMPS",422367.49,193625.42,"Success","Fund transfer"
3362,"2024-08-16 21:01:57",181,"Arjun Singh",100100000180,"Recurring Deposit Account","SBI Bhopal Branch 39","Bhopal","Withdrawal","Cheque",92601.47,371645.08,"Success","Cash withdrawal"
3363,"2025-06-09 09:46:04",46,"Priya Mishra",100100000045,"Current Account","SBI Bengaluru Branch 7","Bengaluru","Charge","Cheque",470198.84,0.00,"Success","Service charge"
3364,"2024-05-05 18:45:07",106,"Arjun Nair",100100000105,"Fixed Deposit Account","SBI Gurugram Branch 33","Gurugram","Withdrawal","IMPS",141981.46,0.00,"Success","Cash withdrawal"
3365,"2024-06-26 03:13:37",192,"Deepak Reddy",100100000228,"Salary Account","SBI Kolkata Branch 42","Kolkata","Interest","System",166591.13,688036.20,"Success","Interest credited"
3366,"2025-08-28 18:50:18",149,"Anjali Mishra",100100000270,"Student Account","SBI Kolkata Branch 42","Kolkata","Deposit","Cash",259809.30,580290.74,"Success","Cash deposit"
3367,"2024-12-12 07:54:56",64,"Riya Singh",100100000063,"Fixed Deposit Account","SBI Patna Branch 17","Patna","Interest","System",61324.52,563002.91,"Success","Interest credited"
3368,"2023-08-16 13:32:36",188,"Nitin Jain",100100000266,"Current Account","SBI Nagpur Branch 31","Nagpur","Deposit","Cheque",251412.78,251412.78,"Success","Cash deposit"
3369,"2022-07-23 20:08:22",77,"Anjali Mishra",100100000278,"NRI Savings Account","SBI Gurugram Branch 33","Gurugram","Interest","System",360210.54,523925.94,"Success","Interest credited"
3370,"2025-08-29 07:29:01",131,"Divya Yadav",100100000130,"Student Account","SBI Bhopal Branch 37","Bhopal","Charge","System",39103.45,0.00,"Success","Service charge"
3371,"2024-01-01 16:43:35",51,"Rohit Yadav",100100000288,"NRI Savings Account","SBI Patna Branch 26","Patna","Transfer","Cheque",76041.68,1436057.22,"Pending","Fund transfer"
3372,"2022-08-11 09:53:32",83,"Nitin Verma",100100000082,"Savings Account","SBI Surat Branch 44","Surat","Interest","System",185591.72,0.00,"Failed","Interest credited"
3373,"2025-12-12 02:29:58",191,"Asha Sharma",100100000295,"Senior Citizen Savings Account","SBI Gurugram Branch 36","Gurugram","Transfer","ATM",375731.35,68325.14,"Success","Fund transfer"
3374,"2025-10-21 06:18:35",103,"Vikas Nair",100100000102,"Senior Citizen Savings Account","SBI Gurugram Branch 36","Gurugram","Deposit","IMPS",308916.47,587353.15,"Success","Cash deposit"
3375,"2023-07-24 20:04:33",29,"Mohit Yadav",100100000028,"Student Account","SBI Bhopal Branch 39","Bhopal","Withdrawal","RTGS",142406.10,0.00,"Success","Cash withdrawal"
3376,"2024-06-19 20:36:39",56,"Vikas Reddy",100100000055,"Senior Citizen Savings Account","SBI Surat Branch 3","Surat","Interest","System",197354.15,380603.54,"Pending","Interest credited"
3377,"2023-11-14 21:42:48",103,"Vikas Nair",100100000102,"Senior Citizen Savings Account","SBI Gurugram Branch 36","Gurugram","Deposit","Cash",414173.98,1001527.13,"Success","Cash deposit"
3378,"2025-07-11 02:17:00",189,"Rajesh Pandey",100100000188,"Fixed Deposit Account","SBI Pune Branch 8","Pune","Interest","System",23524.54,23524.54,"Success","Interest credited"
3379,"2025-05-11 02:17:04",137,"Priya Pandey",100100000246,"NRI Savings Account","SBI Chennai Branch 21","Chennai","Interest","System",328333.85,745129.35,"Success","Interest credited"
3380,"2026-03-27 19:10:30",137,"Priya Pandey",100100000246,"NRI Savings Account","SBI Chennai Branch 21","Chennai","Charge","ATM",192866.55,552262.80,"Success","Service charge"
3381,"2026-04-05 11:22:57",190,"Divya Kumar",100100000189,"Recurring Deposit Account","SBI Noida Branch 47","Noida","Charge","System",237956.22,0.00,"Success","Service charge"
3382,"2024-09-01 04:17:29",137,"Priya Pandey",100100000246,"NRI Savings Account","SBI Chennai Branch 21","Chennai","Deposit","UPI",86370.30,638633.10,"Success","Cash deposit"
3383,"2025-12-27 16:08:29",194,"Harsh Agarwal",100100000193,"Student Account","SBI Noida Branch 2","Noida","Withdrawal","Cheque",209377.68,0.00,"Success","Cash withdrawal"
3384,"2025-01-20 04:05:12",89,"Rahul Kumar",100100000088,"Savings Account","SBI Pune Branch 1","Pune","Deposit","Cash",201999.72,231778.26,"Success","Cash deposit"
3385,"2024-10-26 04:12:36",124,"Asha Sinha",100100000123,"Student Account","SBI Lucknow Branch 12","Lucknow","Deposit","Cash",443359.69,443359.69,"Success","Cash deposit"
3386,"2024-12-02 07:42:15",155,"Manish Pandey",100100000154,"Fixed Deposit Account","SBI Pune Branch 11","Pune","Deposit","Cheque",328509.81,328509.81,"Success","Cash deposit"
3387,"2023-03-16 04:14:05",12,"Vivek Mishra",100100000011,"Student Account","SBI Gurugram Branch 36","Gurugram","Transfer","Cheque",246352.30,448151.37,"Success","Fund transfer"
3388,"2024-02-02 03:24:35",182,"Komal Gupta",100100000181,"Savings Account","SBI Surat Branch 30","Surat","Deposit","NEFT",424605.71,424605.71,"Success","Cash deposit"
3389,"2023-09-06 21:06:09",32,"Ankit Reddy",100100000031,"Recurring Deposit Account","SBI Bengaluru Branch 7","Bengaluru","Interest","System",54289.53,328314.93,"Pending","Interest credited"
3390,"2024-12-20 00:09:31",124,"Asha Sinha",100100000123,"Student Account","SBI Lucknow Branch 12","Lucknow","Interest","System",329562.18,772921.87,"Success","Interest credited"
3391,"2025-01-31 23:36:25",60,"Rahul Sinha",100100000059,"Savings Account","SBI Pune Branch 11","Pune","Deposit","RTGS",30814.82,1504273.19,"Success","Cash deposit"
3392,"2022-10-30 08:08:13",109,"Kavita Jain",100100000108,"Recurring Deposit Account","SBI Ahmedabad Branch 24","Ahmedabad","Transfer","NEFT",69725.48,220046.96,"Success","Fund transfer"
3393,"2026-02-03 00:46:01",114,"Harsh Reddy",100100000290,"NRI Savings Account","SBI Surat Branch 3","Surat","Transfer","UPI",198172.82,28205.83,"Success","Fund transfer"
3394,"2023-07-26 04:14:22",61,"Sakshi Pandey",100100000060,"Savings Account","SBI Kolkata Branch 42","Kolkata","Deposit","Cash",247225.19,247225.19,"Success","Cash deposit"
3395,"2023-05-06 07:48:14",6,"Meena Singh",100100000005,"Savings Account","SBI Nagpur Branch 34","Nagpur","Withdrawal","Cheque",151666.33,219382.26,"Success","Cash withdrawal"
3396,"2022-08-13 05:35:56",89,"Rahul Kumar",100100000088,"Savings Account","SBI Pune Branch 1","Pune","Deposit","Cash",163733.22,395511.48,"Success","Cash deposit"
3397,"2024-10-08 17:29:58",114,"Harsh Reddy",100100000290,"NRI Savings Account","SBI Surat Branch 3","Surat","Deposit","UPI",40265.95,28205.83,"Pending","Cash deposit"
3398,"2026-06-06 23:13:21",81,"Karan Reddy",100100000080,"Recurring Deposit Account","SBI Lucknow Branch 19","Lucknow","Deposit","RTGS",244848.93,1212699.93,"Success","Cash deposit"
3399,"2026-05-09 07:46:40",183,"Neha Nair",100100000244,"Savings Account","SBI Bhubaneswar Branch 22","Bhubaneswar","Transfer","NEFT",314357.02,0.00,"Success","Fund transfer"
3400,"2022-09-30 09:02:22",96,"Manish Yadav",100100000095,"Student Account","SBI Bengaluru Branch 7","Bengaluru","Transfer","ATM",264146.04,0.00,"Failed","Fund transfer"
3401,"2025-04-18 07:19:30",83,"Nitin Verma",100100000082,"Savings Account","SBI Surat Branch 44","Surat","Transfer","Cheque",405348.53,0.00,"Success","Fund transfer"
3402,"2025-07-20 12:03:14",35,"Ankit Gupta",100100000034,"Savings Account","SBI Bengaluru Branch 7","Bengaluru","Transfer","RTGS",336110.73,129921.60,"Success","Fund transfer"
3403,"2022-05-13 03:48:40",148,"Harsh Sharma",100100000147,"NRI Savings Account","SBI Lucknow Branch 12","Lucknow","Charge","System",342578.44,0.00,"Success","Service charge"
3404,"2024-10-18 10:10:48",113,"Manish Yadav",100100000238,"Senior Citizen Savings Account","SBI Surat Branch 6","Surat","Transfer","NEFT",117696.99,763013.74,"Success","Fund transfer"
3405,"2024-02-08 14:38:02",154,"Vikas Sharma",100100000153,"Savings Account","SBI Noida Branch 32","Noida","Transfer","RTGS",484432.14,0.00,"Success","Fund transfer"
3406,"2024-04-06 22:18:39",80,"Arjun Patel",100100000079,"Recurring Deposit Account","SBI Bhopal Branch 23","Bhopal","Interest","System",277138.40,556770.15,"Success","Interest credited"
3407,"2024-09-22 22:25:28",8,"Neha Gupta",100100000007,"Senior Citizen Savings Account","SBI Delhi Branch 14","Delhi","Deposit","Cash",318944.16,904714.57,"Success","Cash deposit"
3408,"2024-08-09 20:35:18",160,"Arjun Chauhan",100100000159,"Salary Account","SBI Bengaluru Branch 15","Bengaluru","Transfer","UPI",462610.28,0.00,"Success","Fund transfer"
3409,"2025-07-14 18:26:54",67,"Pooja Kumar",100100000066,"NRI Savings Account","SBI Chandigarh Branch 5","Chandigarh","Interest","System",247226.49,247226.49,"Success","Interest credited"
3410,"2023-11-08 01:35:57",193,"Vikas Verma",100100000192,"Savings Account","SBI Ahmedabad Branch 24","Ahmedabad","Deposit","ATM",101554.62,101554.62,"Success","Cash deposit"
3411,"2022-02-17 21:25:30",144,"Rahul Mishra",100100000143,"NRI Savings Account","SBI Surat Branch 6","Surat","Charge","ATM",401717.22,0.00,"Success","Service charge"
3412,"2025-06-02 22:22:07",54,"Meena Singh",100100000269,"Fixed Deposit Account","SBI Bhopal Branch 23","Bhopal","Transfer","ATM",153110.94,699267.04,"Success","Fund transfer"
3413,"2022-06-13 21:16:40",90,"Sakshi Jain",100100000089,"Current Account","SBI Surat Branch 44","Surat","Transfer","Cheque",227601.75,1144555.64,"Success","Fund transfer"
3414,"2025-03-11 19:02:40",186,"Neha Gupta",100100000185,"Senior Citizen Savings Account","SBI Bhopal Branch 35","Bhopal","Interest","System",79940.53,79940.53,"Success","Interest credited"
3415,"2024-07-03 21:05:48",146,"Manish Agarwal",100100000231,"Recurring Deposit Account","SBI Hyderabad Branch 41","Hyderabad","Deposit","RTGS",106635.87,106635.87,"Success","Cash deposit"
3416,"2022-06-15 13:27:26",135,"Shreya Chauhan",100100000134,"Fixed Deposit Account","SBI Gurugram Branch 36","Gurugram","Transfer","ATM",357626.99,0.00,"Success","Fund transfer"
3417,"2025-05-28 11:47:41",23,"Asha Agarwal",100100000022,"Student Account","SBI Bengaluru Branch 38","Bengaluru","Deposit","RTGS",118228.28,430851.84,"Success","Cash deposit"
3418,"2025-12-23 15:20:08",137,"Priya Pandey",100100000136,"Fixed Deposit Account","SBI Bengaluru Branch 50","Bengaluru","Withdrawal","NEFT",74195.18,105121.53,"Success","Cash withdrawal"
3419,"2023-12-04 19:21:48",95,"Rahul Kumar",100100000094,"Savings Account","SBI Bhubaneswar Branch 25","Bhubaneswar","Charge","ATM",20062.30,0.00,"Success","Service charge"
3420,"2024-02-13 21:52:19",63,"Rajesh Kumar",100100000062,"Recurring Deposit Account","SBI Pune Branch 8","Pune","Withdrawal","Cash",219254.78,0.00,"Success","Cash withdrawal"
3421,"2025-07-04 19:32:53",146,"Manish Agarwal",100100000231,"Recurring Deposit Account","SBI Hyderabad Branch 41","Hyderabad","Interest","System",438897.57,545533.44,"Success","Interest credited"
3422,"2025-05-31 05:46:27",33,"Deepak Jain",100100000032,"Student Account","SBI Lucknow Branch 19","Lucknow","Charge","ATM",499014.77,1050862.24,"Success","Service charge"
3423,"2024-04-15 19:29:28",195,"Amit Agarwal",100100000279,"Current Account","SBI Patna Branch 17","Patna","Charge","ATM",489900.89,523709.48,"Success","Service charge"
3424,"2023-11-22 11:18:07",189,"Rajesh Pandey",100100000188,"Fixed Deposit Account","SBI Pune Branch 8","Pune","Transfer","ATM",397098.42,0.00,"Success","Fund transfer"
3425,"2023-07-14 02:52:17",178,"Arjun Kumar",100100000227,"Current Account","SBI Kolkata Branch 42","Kolkata","Interest","System",207802.11,517444.68,"Success","Interest credited"
3426,"2023-02-06 21:45:09",5,"Amit Reddy",100100000004,"Salary Account","SBI Bhopal Branch 39","Bhopal","Withdrawal","UPI",369109.49,502218.38,"Pending","Cash withdrawal"
3427,"2022-06-04 15:28:58",162,"Asha Reddy",100100000161,"Savings Account","SBI Pune Branch 1","Pune","Transfer","Cash",334258.55,0.00,"Success","Fund transfer"
3428,"2024-09-07 03:44:51",106,"Arjun Nair",100100000105,"Fixed Deposit Account","SBI Gurugram Branch 33","Gurugram","Transfer","ATM",387003.62,0.00,"Success","Fund transfer"
3429,"2023-07-07 09:19:35",31,"Suresh Verma",100100000030,"Recurring Deposit Account","SBI Patna Branch 9","Patna","Transfer","IMPS",156548.31,242505.61,"Success","Fund transfer"
3430,"2023-12-27 05:30:27",47,"Priya Sharma",100100000046,"Savings Account","SBI Indore Branch 27","Indore","Withdrawal","Cash",468324.74,0.00,"Success","Cash withdrawal"
3431,"2025-01-06 12:11:09",142,"Rahul Sinha",100100000141,"Salary Account","SBI Pune Branch 43","Pune","Withdrawal","Cheque",397897.52,0.00,"Success","Cash withdrawal"
3432,"2025-11-19 02:03:43",77,"Anjali Mishra",100100000243,"Savings Account","SBI Kolkata Branch 42","Kolkata","Transfer","Cheque",393862.44,0.00,"Success","Fund transfer"
3433,"2026-03-05 09:24:25",55,"Vikas Kumar",100100000054,"Fixed Deposit Account","SBI Gurugram Branch 45","Gurugram","Charge","System",1988.75,0.00,"Success","Service charge"
3434,"2022-05-23 21:49:07",23,"Asha Agarwal",100100000022,"Student Account","SBI Bengaluru Branch 38","Bengaluru","Interest","System",384503.99,815355.83,"Success","Interest credited"
3435,"2026-01-07 11:26:31",36,"Sakshi Agarwal",100100000035,"Savings Account","SBI Chennai Branch 40","Chennai","Charge","System",4987.65,0.00,"Success","Service charge"
3436,"2025-07-19 21:55:31",88,"Arjun Kumar",100100000273,"NRI Savings Account","SBI Bengaluru Branch 50","Bengaluru","Interest","System",296167.20,296167.20,"Success","Interest credited"
3437,"2022-03-14 04:12:08",87,"Rajesh Agarwal",100100000282,"Current Account","SBI Gurugram Branch 45","Gurugram","Withdrawal","Cheque",179434.01,1175161.83,"Success","Cash withdrawal"
3438,"2026-05-14 05:57:57",181,"Arjun Singh",100100000180,"Recurring Deposit Account","SBI Bhopal Branch 39","Bhopal","Charge","Cheque",136635.36,235009.72,"Success","Service charge"
3439,"2026-02-20 13:27:44",6,"Meena Singh",100100000005,"Savings Account","SBI Nagpur Branch 34","Nagpur","Interest","System",229255.16,448637.42,"Success","Interest credited"
3440,"2025-03-10 02:53:02",68,"Vikas Patel",100100000067,"Current Account","SBI Nagpur Branch 31","Nagpur","Interest","System",489249.37,722255.01,"Success","Interest credited"
3441,"2024-03-14 11:57:09",183,"Neha Nair",100100000244,"Savings Account","SBI Bhubaneswar Branch 22","Bhubaneswar","Withdrawal","RTGS",139874.59,0.00,"Success","Cash withdrawal"
3442,"2022-02-09 07:19:16",100,"Pooja Mishra",100100000099,"Savings Account","SBI Noida Branch 28","Noida","Transfer","Cash",293565.44,0.00,"Success","Fund transfer"
3443,"2024-03-20 09:39:38",3,"Amit Kumar",100100000240,"Savings Account","SBI Bhubaneswar Branch 25","Bhubaneswar","Interest","System",274282.88,830308.61,"Success","Interest credited"
3444,"2023-03-20 14:00:05",10,"Divya Patel",100100000009,"NRI Savings Account","SBI Nagpur Branch 34","Nagpur","Charge","System",161978.60,0.00,"Success","Service charge"
3445,"2023-07-23 11:52:07",191,"Asha Sharma",100100000265,"Current Account","SBI Pune Branch 8","Pune","Interest","System",183174.42,1341681.59,"Success","Interest credited"
3446,"2023-08-15 15:55:47",87,"Rajesh Agarwal",100100000086,"Savings Account","SBI Chennai Branch 40","Chennai","Interest","System",402906.10,784893.48,"Success","Interest credited"
3447,"2022-06-03 21:25:41",166,"Riya Singh",100100000165,"Fixed Deposit Account","SBI Pune Branch 43","Pune","Interest","System",149284.53,149284.53,"Success","Interest credited"
3448,"2023-10-05 07:41:49",134,"Nitin Sharma",100100000133,"Savings Account","SBI Bengaluru Branch 50","Bengaluru","Interest","System",157036.56,248177.35,"Success","Interest credited"
3449,"2023-06-08 05:18:45",51,"Rohit Yadav",100100000206,"Savings Account","SBI Noida Branch 2","Noida","Charge","ATM",338989.30,0.00,"Success","Service charge"
3450,"2022-06-29 03:55:38",48,"Divya Yadav",100100000047,"Savings Account","SBI Patna Branch 17","Patna","Interest","System",14952.99,367324.50,"Success","Interest credited"
3451,"2024-11-04 18:50:41",43,"Shreya Singh",100100000042,"Savings Account","SBI Patna Branch 26","Patna","Withdrawal","RTGS",299171.47,557069.41,"Success","Cash withdrawal"
3452,"2026-06-21 14:58:09",191,"Asha Sharma",100100000248,"Student Account","SBI Bengaluru Branch 15","Bengaluru","Withdrawal","ATM",36000.41,0.00,"Success","Cash withdrawal"
3453,"2025-05-04 06:52:14",31,"Suresh Verma",100100000030,"Recurring Deposit Account","SBI Patna Branch 9","Patna","Withdrawal","Cheque",256876.39,0.00,"Success","Cash withdrawal"
3454,"2022-05-24 06:18:56",22,"Asha Pandey",100100000021,"Student Account","SBI Gurugram Branch 33","Gurugram","Deposit","Cheque",214736.69,970639.99,"Failed","Cash deposit"
3455,"2022-12-14 13:21:18",185,"Rahul Kumar",100100000184,"Current Account","SBI Surat Branch 4","Surat","Deposit","ATM",291230.54,314380.80,"Success","Cash deposit"
3456,"2026-06-17 00:05:47",161,"Riya Singh",100100000253,"Senior Citizen Savings Account","SBI Chennai Branch 40","Chennai","Deposit","IMPS",104676.96,1224250.84,"Success","Cash deposit"
3457,"2026-04-10 00:39:37",95,"Rahul Kumar",100100000094,"Savings Account","SBI Bhubaneswar Branch 25","Bhubaneswar","Withdrawal","NEFT",160572.35,0.00,"Success","Cash withdrawal"
3458,"2025-10-27 18:59:49",118,"Sneha Singh",100100000117,"Savings Account","SBI Bengaluru Branch 15","Bengaluru","Transfer","IMPS",161860.10,0.00,"Success","Fund transfer"
3459,"2023-07-13 00:03:29",196,"Manish Chauhan",100100000195,"Fixed Deposit Account","SBI Pune Branch 11","Pune","Transfer","IMPS",329954.95,117052.73,"Failed","Fund transfer"
3460,"2026-04-11 22:05:27",152,"Mohit Mishra",100100000151,"Savings Account","SBI Gurugram Branch 49","Gurugram","Transfer","Cheque",308953.55,338839.27,"Success","Fund transfer"
3461,"2023-12-04 11:09:54",2,"Neha Gupta",100100000001,"NRI Savings Account","SBI Bhubaneswar Branch 22","Bhubaneswar","Deposit","IMPS",42269.85,281671.33,"Success","Cash deposit"
3462,"2022-10-30 22:47:56",24,"Riya Patel",100100000023,"NRI Savings Account","SBI Nagpur Branch 34","Nagpur","Withdrawal","Cheque",311986.92,879558.00,"Success","Cash withdrawal"
3463,"2023-03-29 07:00:46",71,"Sakshi Reddy",100100000070,"Fixed Deposit Account","SBI Pune Branch 43","Pune","Charge","ATM",138995.75,0.00,"Success","Service charge"
3464,"2024-12-10 09:53:25",2,"Neha Gupta",100100000001,"NRI Savings Account","SBI Bhubaneswar Branch 22","Bhubaneswar","Interest","System",244280.43,525951.76,"Success","Interest credited"
3465,"2024-11-12 20:37:30",5,"Amit Reddy",100100000287,"Salary Account","SBI Surat Branch 44","Surat","Transfer","RTGS",369836.77,114736.72,"Success","Fund transfer"
3466,"2025-12-17 03:28:41",18,"Vivek Verma",100100000017,"NRI Savings Account","SBI Bengaluru Branch 38","Bengaluru","Transfer","IMPS",298516.06,0.00,"Success","Fund transfer"
3467,"2023-07-18 08:37:28",5,"Amit Reddy",100100000287,"Salary Account","SBI Surat Branch 44","Surat","Interest","System",359847.87,474584.59,"Success","Interest credited"
3468,"2024-08-18 11:59:36",149,"Anjali Mishra",100100000148,"Student Account","SBI Bengaluru Branch 7","Bengaluru","Transfer","UPI",82973.63,1153668.70,"Success","Fund transfer"
3469,"2024-08-06 06:47:22",16,"Amit Verma",100100000015,"Recurring Deposit Account","SBI Noida Branch 32","Noida","Deposit","Cash",462120.54,1771686.22,"Success","Cash deposit"
3470,"2023-06-10 18:02:01",84,"Karan Patel",100100000083,"Savings Account","SBI Bhopal Branch 35","Bhopal","Transfer","RTGS",270710.73,0.00,"Success","Fund transfer"
3471,"2022-05-20 09:50:45",194,"Harsh Agarwal",100100000193,"Student Account","SBI Noida Branch 2","Noida","Deposit","RTGS",30209.51,30209.51,"Success","Cash deposit"
3472,"2025-09-19 21:34:59",17,"Komal Patel",100100000275,"Savings Account","SBI Surat Branch 44","Surat","Interest","System",78221.37,58557.05,"Failed","Interest credited"
3473,"2023-10-20 12:36:43",185,"Rahul Kumar",100100000184,"Current Account","SBI Surat Branch 4","Surat","Withdrawal","UPI",309681.49,4699.31,"Success","Cash withdrawal"
3474,"2024-09-07 19:27:51",119,"Meena Yadav",100100000118,"Salary Account","SBI Pune Branch 11","Pune","Interest","System",315370.30,372028.30,"Success","Interest credited"
3475,"2022-04-22 23:44:33",75,"Neha Chauhan",100100000250,"Recurring Deposit Account","SBI Bengaluru Branch 7","Bengaluru","Interest","System",421519.64,809903.10,"Success","Interest credited"
3476,"2022-02-04 08:19:11",92,"Ritu Chauhan",100100000249,"NRI Savings Account","SBI Pune Branch 43","Pune","Charge","Cheque",73070.99,396298.06,"Success","Service charge"
3477,"2023-01-03 09:44:59",19,"Vikas Yadav",100100000018,"Savings Account","SBI Bhubaneswar Branch 22","Bhubaneswar","Deposit","IMPS",147326.90,504261.29,"Success","Cash deposit"
3478,"2025-10-04 17:06:04",33,"Deepak Jain",100100000210,"Savings Account","SBI Pune Branch 43","Pune","Interest","System",268859.97,268859.97,"Success","Interest credited"
3479,"2026-04-26 06:17:12",40,"Sneha Nair",100100000039,"Salary Account","SBI Pune Branch 11","Pune","Charge","ATM",353213.04,0.00,"Success","Service charge"
3480,"2025-04-09 19:25:49",36,"Sakshi Agarwal",100100000035,"Savings Account","SBI Chennai Branch 40","Chennai","Charge","Cheque",309663.04,0.00,"Success","Service charge"
3481,"2025-01-01 00:49:52",160,"Arjun Chauhan",100100000159,"Salary Account","SBI Bengaluru Branch 15","Bengaluru","Transfer","IMPS",331015.75,0.00,"Success","Fund transfer"
3482,"2025-11-01 05:09:50",65,"Amit Sharma",100100000064,"Recurring Deposit Account","SBI Gurugram Branch 45","Gurugram","Withdrawal","RTGS",195107.84,0.00,"Success","Cash withdrawal"
3483,"2026-01-14 00:57:29",156,"Shreya Yadav",100100000155,"Recurring Deposit Account","SBI Bhubaneswar Branch 22","Bhubaneswar","Deposit","Cash",417928.03,611553.45,"Success","Cash deposit"
3484,"2023-06-13 14:02:10",199,"Sneha Agarwal",100100000198,"Senior Citizen Savings Account","SBI Surat Branch 4","Surat","Interest","System",357067.07,717699.84,"Success","Interest credited"
3485,"2022-09-18 14:26:22",44,"Meena Reddy",100100000043,"Senior Citizen Savings Account","SBI Gurugram Branch 49","Gurugram","Charge","Cheque",321953.34,307578.47,"Success","Service charge"
3486,"2025-03-03 07:51:33",119,"Meena Yadav",100100000118,"Salary Account","SBI Pune Branch 11","Pune","Deposit","ATM",47097.82,419126.12,"Success","Cash deposit"
3487,"2023-05-28 20:50:41",88,"Arjun Kumar",100100000273,"NRI Savings Account","SBI Bengaluru Branch 50","Bengaluru","Deposit","ATM",441940.55,738107.75,"Success","Cash deposit"
3488,"2024-08-15 13:59:36",67,"Pooja Kumar",100100000066,"NRI Savings Account","SBI Chandigarh Branch 5","Chandigarh","Deposit","IMPS",179097.80,426324.29,"Success","Cash deposit"
3489,"2025-05-11 03:13:25",85,"Kavita Nair",100100000084,"Current Account","SBI Bhubaneswar Branch 25","Bhubaneswar","Deposit","ATM",233209.99,357276.74,"Success","Cash deposit"
3490,"2022-03-20 21:57:28",77,"Anjali Mishra",100100000243,"Savings Account","SBI Kolkata Branch 42","Kolkata","Deposit","RTGS",460012.69,460012.69,"Success","Cash deposit"
3491,"2023-08-24 19:44:26",5,"Amit Reddy",100100000004,"Salary Account","SBI Bhopal Branch 39","Bhopal","Transfer","ATM",257121.62,245096.76,"Success","Fund transfer"
3492,"2024-09-17 16:11:09",131,"Divya Yadav",100100000130,"Student Account","SBI Bhopal Branch 37","Bhopal","Transfer","Cash",45454.93,0.00,"Success","Fund transfer"
3493,"2024-06-29 19:26:28",177,"Riya Verma",100100000176,"Salary Account","SBI Bhubaneswar Branch 25","Bhubaneswar","Charge","Cheque",397048.89,710729.79,"Success","Service charge"
3494,"2026-03-03 05:12:47",49,"Amit Sinha",100100000048,"Senior Citizen Savings Account","SBI Bhopal Branch 39","Bhopal","Charge","Cheque",379398.92,0.00,"Success","Service charge"
3495,"2023-11-17 11:48:52",145,"Nidhi Nair",100100000299,"Student Account","SBI Surat Branch 10","Surat","Transfer","IMPS",268825.59,0.00,"Success","Fund transfer"
3496,"2023-11-14 19:46:37",188,"Nitin Jain",100100000266,"Current Account","SBI Nagpur Branch 31","Nagpur","Charge","Cheque",479566.16,0.00,"Success","Service charge"
3497,"2024-08-03 09:19:58",90,"Sakshi Jain",100100000292,"Recurring Deposit Account","SBI Bengaluru Branch 16","Bengaluru","Interest","System",77138.13,77138.13,"Success","Interest credited"
3498,"2025-09-22 22:03:19",76,"Harsh Kumar",100100000075,"Savings Account","SBI Delhi Branch 13","Delhi","Charge","Cheque",183073.45,282999.88,"Success","Service charge"
3499,"2026-02-22 10:23:53",156,"Shreya Yadav",100100000155,"Recurring Deposit Account","SBI Bhubaneswar Branch 22","Bhubaneswar","Withdrawal","Cheque",423770.87,187782.58,"Success","Cash withdrawal"
3500,"2026-04-03 23:38:11",134,"Nitin Sharma",100100000133,"Savings Account","SBI Bengaluru Branch 50","Bengaluru","Charge","Cheque",217580.06,30597.29,"Success","Service charge"
3501,"2024-05-22 07:40:41",170,"Manish Verma",100100000271,"Current Account","SBI Bhopal Branch 23","Bhopal","Transfer","RTGS",205750.80,535771.83,"Success","Fund transfer"
3502,"2025-03-04 01:08:21",175,"Pooja Jain",100100000174,"Fixed Deposit Account","SBI Pune Branch 11","Pune","Interest","System",367630.37,380658.39,"Success","Interest credited"
3503,"2022-01-13 21:17:43",79,"Vikas Agarwal",100100000078,"Student Account","SBI Surat Branch 4","Surat","Interest","System",191694.22,191694.22,"Success","Interest credited"
3504,"2023-10-10 18:41:14",49,"Amit Sinha",100100000048,"Senior Citizen Savings Account","SBI Bhopal Branch 39","Bhopal","Withdrawal","UPI",492443.77,0.00,"Success","Cash withdrawal"
3505,"2025-05-31 06:05:57",145,"Nidhi Nair",100100000299,"Student Account","SBI Surat Branch 10","Surat","Withdrawal","Cash",31971.43,0.00,"Success","Cash withdrawal"
3506,"2025-10-25 02:35:04",31,"Suresh Verma",100100000030,"Recurring Deposit Account","SBI Patna Branch 9","Patna","Interest","System",407438.87,0.00,"Failed","Interest credited"
3507,"2026-06-02 23:41:49",48,"Divya Yadav",100100000047,"Savings Account","SBI Patna Branch 17","Patna","Transfer","UPI",44562.45,322762.05,"Success","Fund transfer"
3508,"2023-01-31 05:26:28",77,"Anjali Mishra",100100000237,"Savings Account","SBI Kochi Branch 46","Kochi","Deposit","IMPS",203553.55,203553.55,"Success","Cash deposit"
3509,"2026-03-31 00:37:59",118,"Sneha Singh",100100000117,"Savings Account","SBI Bengaluru Branch 15","Bengaluru","Charge","Cheque",203311.88,0.00,"Success","Service charge"
3510,"2023-02-13 03:00:30",111,"Shreya Singh",100100000220,"Senior Citizen Savings Account","SBI Indore Branch 27","Indore","Charge","ATM",365230.51,0.00,"Success","Service charge"
3511,"2023-01-28 01:26:02",174,"Meena Verma",100100000173,"Savings Account","SBI Chennai Branch 40","Chennai","Deposit","RTGS",22250.80,96999.80,"Success","Cash deposit"
3512,"2023-12-23 09:36:11",55,"Vikas Kumar",100100000054,"Fixed Deposit Account","SBI Gurugram Branch 45","Gurugram","Interest","System",187365.11,0.00,"Pending","Interest credited"
3513,"2023-03-01 12:49:16",54,"Meena Singh",100100000269,"Fixed Deposit Account","SBI Bhopal Branch 23","Bhopal","Charge","Cheque",324548.17,374718.87,"Success","Service charge"
3514,"2022-08-30 21:15:26",5,"Amit Reddy",100100000004,"Salary Account","SBI Bhopal Branch 39","Bhopal","Charge","Cheque",466146.22,0.00,"Success","Service charge"
3515,"2025-12-25 01:57:11",72,"Anjali Singh",100100000217,"Savings Account","SBI Bengaluru Branch 38","Bengaluru","Deposit","Cheque",251488.11,327450.51,"Success","Cash deposit"
3516,"2025-10-21 21:11:48",30,"Vikas Gupta",100100000221,"Savings Account","SBI Noida Branch 2","Noida","Transfer","UPI",444814.06,195870.17,"Success","Fund transfer"
3517,"2025-03-04 08:14:52",171,"Vikas Patel",100100000170,"Student Account","SBI Gurugram Branch 36","Gurugram","Deposit","Cash",331092.86,663089.77,"Success","Cash deposit"
3518,"2025-05-21 00:17:10",144,"Rahul Mishra",100100000143,"NRI Savings Account","SBI Surat Branch 6","Surat","Charge","System",346931.21,0.00,"Success","Service charge"
3519,"2022-01-08 17:56:40",134,"Nitin Sharma",100100000133,"Savings Account","SBI Bengaluru Branch 50","Bengaluru","Transfer","NEFT",101955.56,30597.29,"Failed","Fund transfer"
3520,"2022-01-12 15:57:39",14,"Sneha Nair",100100000013,"Fixed Deposit Account","SBI Nagpur Branch 34","Nagpur","Interest","System",286572.78,286572.78,"Success","Interest credited"
3521,"2023-08-27 08:58:07",140,"Arjun Sinha",100100000139,"Savings Account","SBI Bengaluru Branch 16","Bengaluru","Interest","System",348737.85,623291.01,"Success","Interest credited"
3522,"2023-06-07 06:06:06",131,"Divya Yadav",100100000258,"Savings Account","SBI Surat Branch 3","Surat","Deposit","Cheque",248954.75,480485.54,"Success","Cash deposit"
3523,"2023-02-07 16:02:51",130,"Pooja Pandey",100100000129,"Salary Account","SBI Noida Branch 47","Noida","Interest","System",474498.25,1131177.64,"Success","Interest credited"
3524,"2024-09-26 15:28:06",89,"Rahul Kumar",100100000088,"Savings Account","SBI Pune Branch 1","Pune","Charge","Cheque",396669.35,0.00,"Success","Service charge"
3525,"2022-09-28 21:30:48",51,"Rohit Yadav",100100000050,"Savings Account","SBI Chennai Branch 21","Chennai","Charge","System",413289.54,0.00,"Success","Service charge"
3526,"2025-06-22 05:41:14",192,"Deepak Reddy",100100000191,"Salary Account","SBI Bengaluru Branch 38","Bengaluru","Transfer","NEFT",459723.26,134178.67,"Success","Fund transfer"
3527,"2023-05-02 16:41:23",83,"Nitin Verma",100100000082,"Savings Account","SBI Surat Branch 44","Surat","Withdrawal","ATM",320880.66,0.00,"Success","Cash withdrawal"
3528,"2025-08-28 18:56:47",125,"Vivek Kumar",100100000124,"Salary Account","SBI Bhopal Branch 39","Bhopal","Withdrawal","IMPS",488558.28,0.00,"Success","Cash withdrawal"
3529,"2024-04-16 21:30:47",82,"Meena Gupta",100100000081,"Student Account","SBI Noida Branch 28","Noida","Withdrawal","Cheque",424379.66,0.00,"Success","Cash withdrawal"
3530,"2022-02-18 20:00:49",39,"Riya Reddy",100100000038,"Senior Citizen Savings Account","SBI Chandigarh Branch 5","Chandigarh","Deposit","NEFT",464952.49,658984.36,"Success","Cash deposit"
3531,"2025-11-03 15:15:51",128,"Riya Mishra",100100000127,"Current Account","SBI Lucknow Branch 19","Lucknow","Charge","ATM",181031.20,0.00,"Success","Service charge"
3532,"2026-04-25 09:56:32",106,"Arjun Nair",100100000232,"Student Account","SBI Hyderabad Branch 41","Hyderabad","Deposit","Cash",304492.68,304492.68,"Success","Cash deposit"
3533,"2024-01-29 04:33:43",70,"Asha Reddy",100100000069,"Salary Account","SBI Pune Branch 43","Pune","Deposit","NEFT",4447.54,184175.19,"Success","Cash deposit"
3534,"2023-07-30 10:50:01",146,"Manish Agarwal",100100000145,"NRI Savings Account","SBI Bengaluru Branch 7","Bengaluru","Interest","System",99668.77,421946.81,"Success","Interest credited"
3535,"2022-05-15 19:25:13",82,"Meena Gupta",100100000202,"Recurring Deposit Account","SBI Ahmedabad Branch 24","Ahmedabad","Deposit","Cash",327988.52,303972.68,"Failed","Cash deposit"
3536,"2024-05-26 11:55:23",200,"Harsh Mishra",100100000225,"Salary Account","SBI Gurugram Branch 36","Gurugram","Withdrawal","Cash",393609.31,89804.55,"Success","Cash withdrawal"
3537,"2023-09-22 14:08:50",5,"Amit Reddy",100100000234,"Savings Account","SBI Surat Branch 29","Surat","Withdrawal","RTGS",473918.57,485871.16,"Success","Cash withdrawal"
3538,"2022-06-07 02:10:35",142,"Rahul Sinha",100100000141,"Salary Account","SBI Pune Branch 43","Pune","Transfer","Cash",395952.72,0.00,"Success","Fund transfer"
3539,"2025-05-11 13:12:30",90,"Sakshi Jain",100100000089,"Current Account","SBI Surat Branch 44","Surat","Withdrawal","RTGS",179905.06,964650.58,"Success","Cash withdrawal"
3540,"2024-04-25 05:40:21",82,"Meena Gupta",100100000285,"NRI Savings Account","SBI Bhopal Branch 35","Bhopal","Interest","System",360349.17,636408.58,"Success","Interest credited"
3541,"2025-07-20 07:42:01",30,"Vikas Gupta",100100000221,"Savings Account","SBI Noida Branch 2","Noida","Withdrawal","ATM",20355.71,175514.46,"Success","Cash withdrawal"
3542,"2024-01-22 00:56:19",2,"Neha Gupta",100100000001,"NRI Savings Account","SBI Bhubaneswar Branch 22","Bhubaneswar","Deposit","RTGS",416136.92,942088.68,"Success","Cash deposit"
3543,"2023-05-19 19:44:01",191,"Asha Sharma",100100000265,"Current Account","SBI Pune Branch 8","Pune","Interest","System",103602.97,1445284.56,"Success","Interest credited"
3544,"2023-05-23 00:56:55",34,"Rahul Sharma",100100000033,"NRI Savings Account","SBI Bhopal Branch 39","Bhopal","Withdrawal","Cheque",361073.24,0.00,"Success","Cash withdrawal"
3545,"2024-09-12 00:05:48",107,"Nitin Chauhan",100100000209,"Senior Citizen Savings Account","SBI Bengaluru Branch 7","Bengaluru","Transfer","NEFT",190086.55,0.00,"Success","Fund transfer"
3546,"2025-12-28 13:52:37",78,"Sneha Verma",100100000077,"Savings Account","SBI Bengaluru Branch 7","Bengaluru","Deposit","ATM",293593.17,860617.30,"Success","Cash deposit"
3547,"2023-06-08 14:52:25",163,"Anjali Gupta",100100000212,"Current Account","SBI Delhi Branch 14","Delhi","Charge","System",165324.98,83009.42,"Success","Service charge"
3548,"2022-08-16 00:47:46",27,"Sakshi Sinha",100100000026,"Student Account","SBI Bhopal Branch 37","Bhopal","Charge","Cheque",179365.26,409096.74,"Success","Service charge"
3549,"2024-09-19 02:36:15",116,"Riya Sinha",100100000201,"Salary Account","SBI Bengaluru Branch 7","Bengaluru","Transfer","NEFT",99152.21,746810.23,"Success","Fund transfer"
3550,"2023-03-19 07:54:00",40,"Sneha Nair",100100000039,"Salary Account","SBI Pune Branch 11","Pune","Charge","Cheque",29589.54,0.00,"Success","Service charge"
3551,"2024-02-06 19:04:03",166,"Riya Singh",100100000165,"Fixed Deposit Account","SBI Pune Branch 43","Pune","Interest","System",284954.61,434239.14,"Success","Interest credited"
3552,"2024-06-06 08:52:06",94,"Shreya Mishra",100100000274,"Fixed Deposit Account","SBI Delhi Branch 14","Delhi","Withdrawal","NEFT",103268.36,419246.12,"Success","Cash withdrawal"
3553,"2024-07-08 02:21:27",134,"Nitin Sharma",100100000200,"Salary Account","SBI Pune Branch 43","Pune","Withdrawal","ATM",191817.88,1728519.40,"Success","Cash withdrawal"
3554,"2024-01-12 07:04:45",120,"Nidhi Agarwal",100100000119,"Savings Account","SBI Kolkata Branch 42","Kolkata","Charge","ATM",318231.82,66152.61,"Success","Service charge"
3555,"2025-06-05 16:19:20",170,"Manish Verma",100100000169,"Savings Account","SBI Chennai Branch 40","Chennai","Transfer","UPI",381935.63,99868.78,"Failed","Fund transfer"
3556,"2025-06-14 02:38:47",64,"Riya Singh",100100000063,"Fixed Deposit Account","SBI Patna Branch 17","Patna","Interest","System",87910.24,650913.15,"Success","Interest credited"
3557,"2025-05-09 17:44:43",51,"Rohit Yadav",100100000262,"Current Account","SBI Surat Branch 3","Surat","Withdrawal","RTGS",189908.68,269477.78,"Success","Cash withdrawal"
3558,"2023-03-20 11:48:47",82,"Meena Gupta",100100000285,"NRI Savings Account","SBI Bhopal Branch 35","Bhopal","Charge","ATM",285331.80,351076.78,"Success","Service charge"
3559,"2026-01-14 11:34:37",186,"Neha Gupta",100100000185,"Senior Citizen Savings Account","SBI Bhopal Branch 35","Bhopal","Charge","System",233977.60,0.00,"Success","Service charge"
3560,"2025-12-29 06:41:36",102,"Asha Sinha",100100000268,"Fixed Deposit Account","SBI Chennai Branch 21","Chennai","Withdrawal","NEFT",288500.97,186146.92,"Success","Cash withdrawal"
3561,"2025-02-19 09:44:46",176,"Rohit Sharma",100100000175,"Savings Account","SBI Noida Branch 47","Noida","Transfer","UPI",48474.57,535334.63,"Failed","Fund transfer"
3562,"2024-03-19 03:00:09",61,"Sakshi Pandey",100100000060,"Savings Account","SBI Kolkata Branch 42","Kolkata","Withdrawal","Cash",415277.45,0.00,"Success","Cash withdrawal"
3563,"2025-02-02 08:32:38",26,"Rahul Patel",100100000025,"Savings Account","SBI Chennai Branch 21","Chennai","Charge","Cheque",498564.08,223603.84,"Success","Service charge"
3564,"2023-09-19 17:47:49",124,"Asha Sinha",100100000214,"Student Account","SBI Gurugram Branch 45","Gurugram","Interest","System",211594.22,689617.93,"Success","Interest credited"
3565,"2023-05-14 22:27:30",51,"Rohit Yadav",100100000050,"Savings Account","SBI Chennai Branch 21","Chennai","Withdrawal","NEFT",478138.75,0.00,"Pending","Cash withdrawal"
3566,"2025-03-23 05:54:28",90,"Sakshi Jain",100100000284,"Savings Account","SBI Patna Branch 17","Patna","Deposit","ATM",66859.45,703485.71,"Success","Cash deposit"
3567,"2026-04-15 05:03:47",145,"Nidhi Nair",100100000299,"Student Account","SBI Surat Branch 10","Surat","Deposit","IMPS",83569.23,83569.23,"Success","Cash deposit"
3568,"2024-09-17 16:28:54",72,"Anjali Singh",100100000217,"Savings Account","SBI Bengaluru Branch 38","Bengaluru","Interest","System",201468.71,528919.22,"Success","Interest credited"
3569,"2022-01-02 20:53:59",70,"Asha Reddy",100100000069,"Salary Account","SBI Pune Branch 43","Pune","Charge","ATM",117586.70,66588.49,"Success","Service charge"
3570,"2024-05-01 07:47:30",88,"Arjun Kumar",100100000273,"NRI Savings Account","SBI Bengaluru Branch 50","Bengaluru","Charge","System",419900.48,738107.75,"Pending","Service charge"
3571,"2023-11-17 21:42:59",54,"Meena Singh",100100000053,"Senior Citizen Savings Account","SBI Pune Branch 11","Pune","Interest","System",180632.58,766971.78,"Success","Interest credited"
3572,"2023-02-27 17:14:24",126,"Rahul Kumar",100100000125,"Current Account","SBI Chennai Branch 40","Chennai","Transfer","NEFT",89079.11,1116019.01,"Success","Fund transfer"
3573,"2024-06-17 17:01:29",111,"Shreya Singh",100100000204,"Savings Account","SBI Bengaluru Branch 7","Bengaluru","Deposit","IMPS",28407.42,879234.17,"Success","Cash deposit"
3574,"2022-02-25 07:06:54",170,"Manish Verma",100100000169,"Savings Account","SBI Chennai Branch 40","Chennai","Transfer","NEFT",124912.35,0.00,"Success","Fund transfer"
3575,"2024-03-16 04:37:32",72,"Anjali Singh",100100000071,"Savings Account","SBI Pune Branch 8","Pune","Charge","Cheque",261093.17,0.00,"Success","Service charge"
3576,"2022-04-28 02:35:19",171,"Vikas Patel",100100000170,"Student Account","SBI Gurugram Branch 36","Gurugram","Interest","System",134295.88,797385.65,"Success","Interest credited"
3577,"2023-10-27 05:48:41",79,"Vikas Agarwal",100100000078,"Student Account","SBI Surat Branch 4","Surat","Interest","System",182283.21,373977.43,"Success","Interest credited"
3578,"2022-11-30 01:15:01",108,"Sakshi Chauhan",100100000107,"NRI Savings Account","SBI Delhi Branch 14","Delhi","Transfer","Cash",424481.56,0.00,"Success","Fund transfer"
3579,"2022-10-02 23:37:29",191,"Asha Sharma",100100000248,"Student Account","SBI Bengaluru Branch 15","Bengaluru","Withdrawal","RTGS",237391.02,0.00,"Success","Cash withdrawal"
3580,"2023-12-07 11:07:45",109,"Kavita Jain",100100000108,"Recurring Deposit Account","SBI Ahmedabad Branch 24","Ahmedabad","Deposit","ATM",313866.08,533913.04,"Success","Cash deposit"
3581,"2023-11-26 12:24:40",159,"Kavita Singh",100100000158,"Savings Account","SBI Noida Branch 32","Noida","Deposit","IMPS",268507.98,699089.30,"Success","Cash deposit"
3582,"2025-02-06 20:26:53",89,"Rahul Kumar",100100000088,"Savings Account","SBI Pune Branch 1","Pune","Withdrawal","IMPS",377173.95,0.00,"Success","Cash withdrawal"
3583,"2025-12-08 22:49:24",161,"Riya Singh",100100000253,"Senior Citizen Savings Account","SBI Chennai Branch 40","Chennai","Withdrawal","NEFT",228997.26,995253.58,"Success","Cash withdrawal"
3584,"2025-02-13 23:39:34",71,"Sakshi Reddy",100100000070,"Fixed Deposit Account","SBI Pune Branch 43","Pune","Charge","Cheque",328006.00,0.00,"Success","Service charge"
3585,"2023-06-27 06:06:11",17,"Komal Patel",100100000016,"Student Account","SBI Chennai Branch 40","Chennai","Deposit","Cash",179828.51,179828.51,"Success","Cash deposit"
3586,"2025-09-03 01:52:12",191,"Asha Sharma",100100000265,"Current Account","SBI Pune Branch 8","Pune","Charge","Cheque",308195.53,1137089.03,"Success","Service charge"
3587,"2023-12-07 08:23:58",151,"Pooja Patel",100100000150,"Fixed Deposit Account","SBI Gurugram Branch 49","Gurugram","Interest","System",197182.21,955458.58,"Success","Interest credited"
3588,"2022-04-23 23:41:45",149,"Anjali Mishra",100100000148,"Student Account","SBI Bengaluru Branch 7","Bengaluru","Transfer","UPI",171511.43,982157.27,"Success","Fund transfer"
3589,"2023-02-20 05:29:21",51,"Rohit Yadav",100100000288,"NRI Savings Account","SBI Patna Branch 26","Patna","Transfer","IMPS",187799.16,1248258.06,"Success","Fund transfer"
3590,"2025-05-03 20:41:16",82,"Meena Gupta",100100000202,"Recurring Deposit Account","SBI Ahmedabad Branch 24","Ahmedabad","Interest","System",20706.88,324679.56,"Success","Interest credited"
3591,"2022-05-12 08:29:24",86,"Komal Verma",100100000085,"Savings Account","SBI Noida Branch 18","Noida","Charge","System",77771.18,0.00,"Success","Service charge"
3592,"2024-05-29 11:13:03",171,"Vikas Patel",100100000170,"Student Account","SBI Gurugram Branch 36","Gurugram","Charge","System",447008.93,350376.72,"Success","Service charge"
3593,"2022-11-10 01:22:40",135,"Shreya Chauhan",100100000134,"Fixed Deposit Account","SBI Gurugram Branch 36","Gurugram","Interest","System",397545.52,397545.52,"Success","Interest credited"
3594,"2024-10-01 01:12:35",38,"Neha Patel",100100000037,"Student Account","SBI Bengaluru Branch 7","Bengaluru","Deposit","NEFT",487763.90,1447566.53,"Success","Cash deposit"
3595,"2025-01-24 15:56:26",135,"Shreya Chauhan",100100000134,"Fixed Deposit Account","SBI Gurugram Branch 36","Gurugram","Withdrawal","RTGS",64718.52,332827.00,"Success","Cash withdrawal"
3596,"2022-12-02 22:25:24",89,"Rahul Kumar",100100000088,"Savings Account","SBI Pune Branch 1","Pune","Withdrawal","UPI",285968.42,0.00,"Success","Cash withdrawal"
3597,"2025-05-21 16:36:18",121,"Manish Agarwal",100100000120,"Savings Account","SBI Indore Branch 27","Indore","Transfer","RTGS",338385.61,0.00,"Success","Fund transfer"
3598,"2022-10-26 14:13:15",3,"Amit Kumar",100100000240,"Savings Account","SBI Bhubaneswar Branch 25","Bhubaneswar","Charge","ATM",57639.04,772669.57,"Success","Service charge"
3599,"2026-01-12 16:54:30",37,"Neha Pandey",100100000036,"Student Account","SBI Bengaluru Branch 50","Bengaluru","Charge","ATM",133927.72,702530.93,"Success","Service charge"
3600,"2022-11-17 06:57:42",157,"Meena Mishra",100100000156,"Savings Account","SBI Bhubaneswar Branch 22","Bhubaneswar","Transfer","ATM",370061.90,468527.70,"Pending","Fund transfer"
3601,"2023-05-21 20:24:36",159,"Kavita Singh",100100000158,"Savings Account","SBI Noida Branch 32","Noida","Charge","System",327847.65,371241.65,"Success","Service charge"
3602,"2023-02-17 18:48:25",47,"Priya Sharma",100100000219,"NRI Savings Account","SBI Chandigarh Branch 5","Chandigarh","Transfer","ATM",276452.02,0.00,"Success","Fund transfer"
3603,"2025-12-04 15:05:46",154,"Vikas Sharma",100100000153,"Savings Account","SBI Noida Branch 32","Noida","Transfer","RTGS",234558.56,0.00,"Success","Fund transfer"
3604,"2025-03-20 01:31:09",18,"Vivek Verma",100100000239,"NRI Savings Account","SBI Bengaluru Branch 7","Bengaluru","Transfer","UPI",354590.65,466687.37,"Success","Fund transfer"
3605,"2024-03-20 03:13:38",134,"Nitin Sharma",100100000200,"Salary Account","SBI Pune Branch 43","Pune","Charge","System",118267.38,1610252.02,"Success","Service charge"
3606,"2022-07-09 11:00:39",42,"Pooja Gupta",100100000267,"Current Account","SBI Bengaluru Branch 38","Bengaluru","Charge","Cheque",28359.15,86966.55,"Success","Service charge"
3607,"2022-10-06 20:11:29",176,"Rohit Sharma",100100000175,"Savings Account","SBI Noida Branch 47","Noida","Deposit","UPI",109231.81,644566.44,"Success","Cash deposit"
3608,"2022-01-15 21:36:42",95,"Rahul Kumar",100100000241,"Savings Account","SBI Delhi Branch 13","Delhi","Deposit","Cash",428610.36,481373.76,"Success","Cash deposit"
3609,"2024-09-13 03:23:55",62,"Ritu Yadav",100100000280,"Recurring Deposit Account","SBI Nagpur Branch 31","Nagpur","Deposit","ATM",234050.72,783018.02,"Success","Cash deposit"
3610,"2023-08-01 22:27:53",176,"Rohit Sharma",100100000175,"Savings Account","SBI Noida Branch 47","Noida","Charge","Cheque",178962.61,465603.83,"Success","Service charge"
3611,"2024-05-10 11:42:01",78,"Sneha Verma",100100000077,"Savings Account","SBI Bengaluru Branch 7","Bengaluru","Withdrawal","IMPS",337249.26,860617.30,"Pending","Cash withdrawal"
3612,"2025-12-23 11:38:28",186,"Neha Gupta",100100000185,"Senior Citizen Savings Account","SBI Bhopal Branch 35","Bhopal","Charge","System",222686.89,0.00,"Success","Service charge"
3613,"2025-01-25 16:59:16",178,"Arjun Kumar",100100000177,"Savings Account","SBI Lucknow Branch 12","Lucknow","Transfer","Cash",137048.10,526120.15,"Success","Fund transfer"
3614,"2025-09-18 01:46:10",149,"Anjali Mishra",100100000148,"Student Account","SBI Bengaluru Branch 7","Bengaluru","Transfer","ATM",131165.23,850992.04,"Success","Fund transfer"
3615,"2024-02-10 13:10:53",30,"Vikas Gupta",100100000029,"Savings Account","SBI Bhopal Branch 39","Bhopal","Deposit","Cheque",465375.02,878699.90,"Success","Cash deposit"
3616,"2023-05-02 16:22:31",82,"Meena Gupta",100100000202,"Recurring Deposit Account","SBI Ahmedabad Branch 24","Ahmedabad","Transfer","ATM",28598.60,296080.96,"Success","Fund transfer"
3617,"2025-11-09 09:40:24",139,"Neha Pandey",100100000138,"Savings Account","SBI Lucknow Branch 19","Lucknow","Deposit","RTGS",297452.59,988982.54,"Success","Cash deposit"
3618,"2022-07-13 12:44:30",136,"Priya Sharma",100100000135,"Savings Account","SBI Bhopal Branch 37","Bhopal","Transfer","ATM",178789.02,0.00,"Success","Fund transfer"
3619,"2024-06-14 00:02:06",178,"Arjun Kumar",100100000177,"Savings Account","SBI Lucknow Branch 12","Lucknow","Withdrawal","Cheque",44518.66,481601.49,"Success","Cash withdrawal"
3620,"2024-05-14 07:08:01",18,"Vivek Verma",100100000239,"NRI Savings Account","SBI Bengaluru Branch 7","Bengaluru","Transfer","RTGS",469974.26,0.00,"Success","Fund transfer"
3621,"2022-09-11 18:58:04",124,"Asha Sinha",100100000123,"Student Account","SBI Lucknow Branch 12","Lucknow","Charge","Cheque",24329.11,748592.76,"Success","Service charge"
3622,"2023-08-28 04:33:59",77,"Anjali Mishra",100100000237,"Savings Account","SBI Kochi Branch 46","Kochi","Interest","System",364908.07,568461.62,"Success","Interest credited"
3623,"2023-10-26 21:56:44",3,"Amit Kumar",100100000002,"Savings Account","SBI Kolkata Branch 42","Kolkata","Deposit","Cheque",429407.99,723717.93,"Success","Cash deposit"
3624,"2025-03-28 11:36:59",18,"Vivek Verma",100100000239,"NRI Savings Account","SBI Bengaluru Branch 7","Bengaluru","Interest","System",283122.66,283122.66,"Success","Interest credited"
3625,"2022-08-23 14:32:18",84,"Karan Patel",100100000083,"Savings Account","SBI Bhopal Branch 35","Bhopal","Charge","Cheque",123778.02,0.00,"Success","Service charge"
3626,"2024-09-09 15:06:41",172,"Komal Patel",100100000171,"Salary Account","SBI Kochi Branch 46","Kochi","Deposit","ATM",107667.79,587479.83,"Success","Cash deposit"
3627,"2023-08-03 07:14:09",93,"Arjun Sinha",100100000092,"Current Account","SBI Bengaluru Branch 38","Bengaluru","Charge","System",331977.36,0.00,"Success","Service charge"
3628,"2023-07-29 18:55:33",72,"Anjali Singh",100100000071,"Savings Account","SBI Pune Branch 8","Pune","Deposit","IMPS",241615.16,241615.16,"Success","Cash deposit"
3629,"2023-03-26 20:27:35",193,"Vikas Verma",100100000203,"Salary Account","SBI Noida Branch 32","Noida","Withdrawal","ATM",331077.27,0.00,"Success","Cash withdrawal"
3630,"2024-05-19 04:28:06",69,"Ritu Pandey",100100000245,"Savings Account","SBI Bengaluru Branch 7","Bengaluru","Charge","System",152760.93,241587.68,"Success","Service charge"
3631,"2023-12-15 23:49:40",111,"Shreya Singh",100100000110,"Recurring Deposit Account","SBI Noida Branch 2","Noida","Interest","System",494139.38,1806662.00,"Success","Interest credited"
3632,"2022-11-22 22:09:03",23,"Asha Agarwal",100100000022,"Student Account","SBI Bengaluru Branch 38","Bengaluru","Withdrawal","UPI",362738.24,452617.59,"Success","Cash withdrawal"
3633,"2022-12-28 14:16:48",61,"Sakshi Pandey",100100000224,"Savings Account","SBI Nagpur Branch 34","Nagpur","Interest","System",198139.20,613530.94,"Success","Interest credited"
3634,"2023-12-22 04:10:54",142,"Rahul Sinha",100100000141,"Salary Account","SBI Pune Branch 43","Pune","Charge","System",202422.03,0.00,"Success","Service charge"
3635,"2023-11-14 15:13:34",81,"Karan Reddy",100100000080,"Recurring Deposit Account","SBI Lucknow Branch 19","Lucknow","Withdrawal","ATM",107885.90,1104814.03,"Success","Cash withdrawal"
3636,"2024-11-05 06:46:09",18,"Vivek Verma",100100000017,"NRI Savings Account","SBI Bengaluru Branch 38","Bengaluru","Withdrawal","Cash",347141.15,0.00,"Success","Cash withdrawal"
3637,"2024-11-15 08:22:32",153,"Mohit Sinha",100100000152,"Student Account","SBI Nagpur Branch 31","Nagpur","Transfer","IMPS",319718.81,909930.89,"Success","Fund transfer"
3638,"2023-11-14 16:52:24",198,"Suresh Singh",100100000235,"NRI Savings Account","SBI Bengaluru Branch 38","Bengaluru","Withdrawal","IMPS",433997.22,0.00,"Success","Cash withdrawal"
3639,"2023-05-24 16:57:10",191,"Asha Sharma",100100000295,"Senior Citizen Savings Account","SBI Gurugram Branch 36","Gurugram","Deposit","ATM",337371.77,405696.91,"Success","Cash deposit"
3640,"2025-10-06 17:28:23",188,"Nitin Jain",100100000266,"Current Account","SBI Nagpur Branch 31","Nagpur","Deposit","RTGS",376990.87,376990.87,"Success","Cash deposit"
3641,"2023-12-11 13:57:34",90,"Sakshi Jain",100100000089,"Current Account","SBI Surat Branch 44","Surat","Charge","ATM",232866.68,731783.90,"Success","Service charge"
3642,"2023-01-05 12:01:44",94,"Shreya Mishra",100100000093,"Savings Account","SBI Hyderabad Branch 41","Hyderabad","Transfer","IMPS",22665.90,192086.86,"Success","Fund transfer"
3643,"2026-02-26 01:41:19",129,"Priya Gupta",100100000128,"NRI Savings Account","SBI Noida Branch 47","Noida","Deposit","NEFT",58775.47,557401.27,"Success","Cash deposit"
3644,"2024-04-24 23:52:02",116,"Riya Sinha",100100000201,"Salary Account","SBI Bengaluru Branch 7","Bengaluru","Transfer","NEFT",78787.08,668023.15,"Success","Fund transfer"
3645,"2023-04-08 08:17:00",144,"Rahul Mishra",100100000143,"NRI Savings Account","SBI Surat Branch 6","Surat","Withdrawal","RTGS",42399.28,0.00,"Success","Cash withdrawal"
3646,"2025-06-06 21:03:54",168,"Meena Gupta",100100000167,"Senior Citizen Savings Account","SBI Gurugram Branch 33","Gurugram","Transfer","IMPS",427452.96,558379.57,"Success","Fund transfer"
3647,"2023-07-14 21:11:57",7,"Neha Gupta",100100000006,"Savings Account","SBI Surat Branch 3","Surat","Deposit","ATM",261449.81,0.00,"Pending","Cash deposit"
3648,"2024-12-07 08:44:49",97,"Riya Kumar",100100000096,"Fixed Deposit Account","SBI Indore Branch 20","Indore","Interest","System",25328.76,329717.61,"Success","Interest credited"
3649,"2025-12-03 19:39:54",163,"Anjali Gupta",100100000162,"Savings Account","SBI Ahmedabad Branch 24","Ahmedabad","Interest","System",36074.44,234526.06,"Pending","Interest credited"
3650,"2025-10-03 18:51:51",148,"Harsh Sharma",100100000147,"NRI Savings Account","SBI Lucknow Branch 12","Lucknow","Charge","Cheque",411218.65,0.00,"Success","Service charge"
3651,"2022-08-30 15:53:02",192,"Deepak Reddy",100100000228,"Salary Account","SBI Kolkata Branch 42","Kolkata","Withdrawal","UPI",209944.78,478091.42,"Success","Cash withdrawal"
3652,"2022-09-15 05:56:05",74,"Rahul Kumar",100100000073,"Current Account","SBI Bengaluru Branch 16","Bengaluru","Deposit","ATM",120698.80,366827.84,"Success","Cash deposit"
3653,"2025-12-25 00:43:29",47,"Priya Sharma",100100000046,"Savings Account","SBI Indore Branch 27","Indore","Transfer","Cheque",356541.80,0.00,"Success","Fund transfer"
3654,"2024-10-28 15:59:45",114,"Harsh Reddy",100100000113,"Fixed Deposit Account","SBI Surat Branch 3","Surat","Withdrawal","UPI",64758.02,0.00,"Success","Cash withdrawal"
3655,"2022-01-10 22:52:40",75,"Neha Chauhan",100100000250,"Recurring Deposit Account","SBI Bengaluru Branch 7","Bengaluru","Withdrawal","IMPS",199943.70,609959.40,"Success","Cash withdrawal"
3656,"2025-02-12 14:26:13",183,"Neha Nair",100100000182,"Savings Account","SBI Hyderabad Branch 41","Hyderabad","Deposit","ATM",254183.04,710395.39,"Success","Cash deposit"
3657,"2022-07-29 19:26:00",87,"Rajesh Agarwal",100100000086,"Savings Account","SBI Chennai Branch 40","Chennai","Transfer","UPI",154521.10,630372.38,"Success","Fund transfer"
3658,"2022-02-21 14:40:45",155,"Manish Pandey",100100000154,"Fixed Deposit Account","SBI Pune Branch 11","Pune","Charge","System",362109.33,328509.81,"Failed","Service charge"
3659,"2023-03-28 18:51:34",72,"Anjali Singh",100100000217,"Savings Account","SBI Bengaluru Branch 38","Bengaluru","Deposit","IMPS",154241.64,683160.86,"Success","Cash deposit"
3660,"2024-03-28 09:39:35",157,"Meena Mishra",100100000156,"Savings Account","SBI Bhubaneswar Branch 22","Bhubaneswar","Charge","System",149791.32,318736.38,"Success","Service charge"
3661,"2023-03-19 08:01:14",94,"Shreya Mishra",100100000274,"Fixed Deposit Account","SBI Delhi Branch 14","Delhi","Withdrawal","Cheque",319495.35,99750.77,"Success","Cash withdrawal"
3662,"2024-01-17 22:45:05",124,"Asha Sinha",100100000123,"Student Account","SBI Lucknow Branch 12","Lucknow","Deposit","IMPS",144282.38,892875.14,"Success","Cash deposit"
3663,"2024-07-17 11:36:44",192,"Deepak Reddy",100100000228,"Salary Account","SBI Kolkata Branch 42","Kolkata","Interest","System",29940.99,508032.41,"Success","Interest credited"
3664,"2022-12-02 17:22:26",188,"Nitin Jain",100100000187,"Recurring Deposit Account","SBI Patna Branch 9","Patna","Transfer","Cheque",73310.12,683333.83,"Success","Fund transfer"
3665,"2026-07-09 09:07:25",53,"Arjun Jain",100100000052,"Student Account","SBI Delhi Branch 13","Delhi","Charge","ATM",24147.44,888069.26,"Success","Service charge"
3666,"2025-03-08 16:37:10",170,"Manish Verma",100100000169,"Savings Account","SBI Chennai Branch 40","Chennai","Charge","System",417721.20,0.00,"Success","Service charge"
3667,"2023-11-10 01:02:25",136,"Priya Sharma",100100000135,"Savings Account","SBI Bhopal Branch 37","Bhopal","Transfer","Cash",400298.03,0.00,"Success","Fund transfer"
3668,"2022-12-18 20:45:26",199,"Sneha Agarwal",100100000198,"Senior Citizen Savings Account","SBI Surat Branch 4","Surat","Interest","System",204565.86,922265.70,"Success","Interest credited"
3669,"2024-07-27 20:26:39",139,"Neha Pandey",100100000138,"Savings Account","SBI Lucknow Branch 19","Lucknow","Deposit","ATM",467705.76,1456688.30,"Success","Cash deposit"
3670,"2025-12-03 09:20:06",46,"Priya Mishra",100100000222,"Salary Account","SBI Indore Branch 27","Indore","Charge","ATM",423207.02,385710.33,"Success","Service charge"
3671,"2025-09-11 12:30:13",77,"Anjali Mishra",100100000237,"Savings Account","SBI Kochi Branch 46","Kochi","Withdrawal","ATM",100490.37,467971.25,"Success","Cash withdrawal"
3672,"2025-01-05 07:19:26",76,"Harsh Kumar",100100000075,"Savings Account","SBI Delhi Branch 13","Delhi","Withdrawal","Cash",437860.45,0.00,"Success","Cash withdrawal"
3673,"2023-11-11 18:42:18",138,"Sakshi Chauhan",100100000137,"Fixed Deposit Account","SBI Pune Branch 8","Pune","Charge","Cheque",25899.93,92892.78,"Success","Service charge"
3674,"2022-05-25 11:42:29",17,"Komal Patel",100100000275,"Savings Account","SBI Surat Branch 44","Surat","Transfer","Cash",154949.58,0.00,"Success","Fund transfer"
3675,"2023-10-22 23:37:55",90,"Sakshi Jain",100100000089,"Current Account","SBI Surat Branch 44","Surat","Interest","System",282780.51,1014564.41,"Success","Interest credited"
3676,"2026-01-02 06:57:56",9,"Rohit Chauhan",100100000008,"Savings Account","SBI Surat Branch 4","Surat","Transfer","ATM",218942.38,485282.86,"Success","Fund transfer"
3677,"2024-02-09 01:13:49",47,"Priya Sharma",100100000219,"NRI Savings Account","SBI Chandigarh Branch 5","Chandigarh","Withdrawal","UPI",338686.69,0.00,"Success","Cash withdrawal"
3678,"2026-05-28 01:02:27",111,"Shreya Singh",100100000110,"Recurring Deposit Account","SBI Noida Branch 2","Noida","Withdrawal","RTGS",148529.77,1658132.23,"Success","Cash withdrawal"
3679,"2022-01-21 12:20:09",61,"Sakshi Pandey",100100000224,"Savings Account","SBI Nagpur Branch 34","Nagpur","Transfer","Cheque",267427.17,346103.77,"Success","Fund transfer"
3680,"2024-02-21 15:12:23",167,"Mohit Jain",100100000166,"Fixed Deposit Account","SBI Delhi Branch 14","Delhi","Withdrawal","Cash",455866.51,0.00,"Success","Cash withdrawal"
3681,"2024-02-27 08:18:34",46,"Priya Mishra",100100000222,"Salary Account","SBI Indore Branch 27","Indore","Charge","ATM",257015.50,128694.83,"Success","Service charge"
3682,"2025-04-10 04:33:00",150,"Ankit Verma",100100000149,"Salary Account","SBI Chennai Branch 40","Chennai","Interest","System",61168.26,61168.26,"Success","Interest credited"
3683,"2026-06-25 10:37:37",188,"Nitin Jain",100100000266,"Current Account","SBI Nagpur Branch 31","Nagpur","Deposit","Cheque",438269.65,815260.52,"Success","Cash deposit"
3684,"2023-07-11 23:22:02",65,"Amit Sharma",100100000064,"Recurring Deposit Account","SBI Gurugram Branch 45","Gurugram","Interest","System",426559.57,426559.57,"Success","Interest credited"
3685,"2022-01-07 07:15:11",72,"Anjali Singh",100100000217,"Savings Account","SBI Bengaluru Branch 38","Bengaluru","Withdrawal","UPI",386230.64,296930.22,"Success","Cash withdrawal"
3686,"2024-06-30 08:34:56",151,"Pooja Patel",100100000150,"Fixed Deposit Account","SBI Gurugram Branch 49","Gurugram","Transfer","ATM",113633.37,955458.58,"Failed","Fund transfer"
3687,"2025-02-28 04:36:37",70,"Asha Reddy",100100000069,"Salary Account","SBI Pune Branch 43","Pune","Transfer","UPI",383216.96,0.00,"Success","Fund transfer"
3688,"2022-07-22 14:31:30",191,"Asha Sharma",100100000265,"Current Account","SBI Pune Branch 8","Pune","Charge","System",482233.11,654855.92,"Success","Service charge"
3689,"2025-06-17 06:29:20",179,"Ritu Mishra",100100000260,"Savings Account","SBI Bengaluru Branch 16","Bengaluru","Transfer","Cash",419676.42,0.00,"Success","Fund transfer"
3690,"2024-12-28 21:44:14",171,"Vikas Patel",100100000263,"Salary Account","SBI Bengaluru Branch 16","Bengaluru","Charge","ATM",300545.82,0.00,"Success","Service charge"
3691,"2024-07-27 22:09:18",104,"Harsh Pandey",100100000103,"Student Account","SBI Bhopal Branch 35","Bhopal","Deposit","Cheque",47493.56,657383.17,"Success","Cash deposit"
3692,"2024-03-03 01:22:48",193,"Vikas Verma",100100000203,"Salary Account","SBI Noida Branch 32","Noida","Withdrawal","RTGS",463010.39,0.00,"Success","Cash withdrawal"
3693,"2023-02-05 08:47:08",33,"Deepak Jain",100100000210,"Savings Account","SBI Pune Branch 43","Pune","Deposit","Cheque",351077.62,619937.59,"Success","Cash deposit"
3694,"2023-06-03 16:05:04",20,"Karan Sinha",100100000019,"NRI Savings Account","SBI Kolkata Branch 42","Kolkata","Charge","System",274956.24,0.00,"Success","Service charge"
3695,"2024-11-01 22:03:27",171,"Vikas Patel",100100000263,"Salary Account","SBI Bengaluru Branch 16","Bengaluru","Charge","System",180888.72,0.00,"Success","Service charge"
3696,"2022-11-11 07:21:32",120,"Nidhi Agarwal",100100000119,"Savings Account","SBI Kolkata Branch 42","Kolkata","Withdrawal","ATM",17712.23,48440.38,"Success","Cash withdrawal"
3697,"2024-02-15 09:07:42",29,"Mohit Yadav",100100000028,"Student Account","SBI Bhopal Branch 39","Bhopal","Withdrawal","ATM",270298.89,0.00,"Success","Cash withdrawal"
3698,"2025-10-19 06:16:37",193,"Vikas Verma",100100000203,"Salary Account","SBI Noida Branch 32","Noida","Withdrawal","Cheque",444915.00,0.00,"Success","Cash withdrawal"
3699,"2022-04-02 22:10:20",53,"Arjun Jain",100100000052,"Student Account","SBI Delhi Branch 13","Delhi","Deposit","UPI",268082.24,1156151.50,"Success","Cash deposit"
3700,"2025-01-09 19:33:05",14,"Sneha Nair",100100000013,"Fixed Deposit Account","SBI Nagpur Branch 34","Nagpur","Deposit","RTGS",307826.17,594398.95,"Success","Cash deposit"
3701,"2024-04-07 06:20:33",103,"Vikas Nair",100100000102,"Senior Citizen Savings Account","SBI Gurugram Branch 36","Gurugram","Transfer","Cash",344016.21,657510.92,"Success","Fund transfer"
3702,"2026-06-26 05:23:15",17,"Komal Patel",100100000016,"Student Account","SBI Chennai Branch 40","Chennai","Charge","ATM",259829.67,0.00,"Success","Service charge"
3703,"2024-06-12 18:22:52",77,"Anjali Mishra",100100000278,"NRI Savings Account","SBI Gurugram Branch 33","Gurugram","Deposit","RTGS",417642.21,941568.15,"Success","Cash deposit"
3704,"2022-05-04 23:06:35",194,"Harsh Agarwal",100100000193,"Student Account","SBI Noida Branch 2","Noida","Interest","System",263269.71,293479.22,"Success","Interest credited"
3705,"2025-07-30 10:57:32",56,"Vikas Reddy",100100000055,"Senior Citizen Savings Account","SBI Surat Branch 3","Surat","Transfer","IMPS",305426.80,75176.74,"Success","Fund transfer"
3706,"2024-05-10 23:45:28",42,"Pooja Gupta",100100000041,"Current Account","SBI Gurugram Branch 45","Gurugram","Deposit","IMPS",13871.68,13871.68,"Success","Cash deposit"
3707,"2024-04-22 20:54:58",182,"Komal Gupta",100100000181,"Savings Account","SBI Surat Branch 30","Surat","Deposit","RTGS",142402.57,567008.28,"Success","Cash deposit"
3708,"2024-09-01 08:46:44",156,"Shreya Yadav",100100000272,"NRI Savings Account","SBI Indore Branch 27","Indore","Interest","System",152876.24,84459.14,"Failed","Interest credited"
3709,"2024-11-02 08:08:04",199,"Sneha Agarwal",100100000198,"Senior Citizen Savings Account","SBI Surat Branch 4","Surat","Interest","System",221145.01,1143410.71,"Success","Interest credited"
3710,"2026-03-10 06:38:58",66,"Harsh Sinha",100100000065,"Recurring Deposit Account","SBI Bhubaneswar Branch 22","Bhubaneswar","Transfer","UPI",450495.65,991736.41,"Success","Fund transfer"
3711,"2025-08-24 03:23:04",192,"Deepak Reddy",100100000228,"Salary Account","SBI Kolkata Branch 42","Kolkata","Withdrawal","IMPS",155783.29,352249.12,"Success","Cash withdrawal"
3712,"2024-05-23 04:10:44",37,"Neha Pandey",100100000036,"Student Account","SBI Bengaluru Branch 50","Bengaluru","Deposit","Cheque",303328.94,702530.93,"Failed","Cash deposit"
3713,"2022-07-15 03:57:08",4,"Ankit Chauhan",100100000003,"Fixed Deposit Account","SBI Pune Branch 11","Pune","Interest","System",329049.27,0.00,"Pending","Interest credited"
3714,"2022-11-11 10:05:15",1,"Vivek Yadav",100100000000,"Savings Account","SBI Patna Branch 17","Patna","Interest","System",499919.89,499919.89,"Success","Interest credited"
3715,"2024-12-07 05:06:16",42,"Pooja Gupta",100100000267,"Current Account","SBI Bengaluru Branch 38","Bengaluru","Transfer","Cheque",112929.01,0.00,"Success","Fund transfer"
3716,"2022-01-02 16:48:15",195,"Amit Agarwal",100100000279,"Current Account","SBI Patna Branch 17","Patna","Withdrawal","ATM",499528.30,24181.18,"Success","Cash withdrawal"
3717,"2025-07-27 23:15:58",81,"Karan Reddy",100100000080,"Recurring Deposit Account","SBI Lucknow Branch 19","Lucknow","Deposit","NEFT",322173.26,1426987.29,"Success","Cash deposit"
3718,"2023-09-17 14:37:56",20,"Karan Sinha",100100000019,"NRI Savings Account","SBI Kolkata Branch 42","Kolkata","Interest","System",178760.12,178760.12,"Success","Interest credited"
3719,"2022-02-27 06:24:26",82,"Meena Gupta",100100000285,"NRI Savings Account","SBI Bhopal Branch 35","Bhopal","Deposit","ATM",236060.30,587137.08,"Success","Cash deposit"
3720,"2025-09-27 03:19:44",8,"Neha Gupta",100100000007,"Senior Citizen Savings Account","SBI Delhi Branch 14","Delhi","Deposit","UPI",453503.13,1358217.70,"Success","Cash deposit"
3721,"2023-10-22 21:43:53",147,"Nitin Jain",100100000146,"Student Account","SBI Kochi Branch 46","Kochi","Deposit","NEFT",293101.62,0.00,"Failed","Cash deposit"
3722,"2026-02-04 05:20:49",72,"Anjali Singh",100100000071,"Savings Account","SBI Pune Branch 8","Pune","Charge","Cheque",492308.84,0.00,"Success","Service charge"
3723,"2024-02-17 23:58:51",5,"Amit Reddy",100100000287,"Salary Account","SBI Surat Branch 44","Surat","Withdrawal","UPI",400763.04,73821.55,"Success","Cash withdrawal"
3724,"2025-08-19 03:41:21",195,"Amit Agarwal",100100000194,"Savings Account","SBI Surat Branch 3","Surat","Withdrawal","IMPS",402599.46,123481.64,"Success","Cash withdrawal"
3725,"2024-11-13 16:32:02",78,"Sneha Verma",100100000216,"Savings Account","SBI Bengaluru Branch 15","Bengaluru","Transfer","NEFT",226816.85,408453.58,"Success","Fund transfer"
3726,"2026-06-26 14:16:23",11,"Komal Pandey",100100000010,"Savings Account","SBI Surat Branch 29","Surat","Interest","System",377448.33,377448.33,"Success","Interest credited"
3727,"2022-05-24 04:22:03",54,"Meena Singh",100100000053,"Senior Citizen Savings Account","SBI Pune Branch 11","Pune","Transfer","Cash",131391.91,635579.87,"Success","Fund transfer"
3728,"2025-09-04 10:37:55",86,"Komal Verma",100100000085,"Savings Account","SBI Noida Branch 18","Noida","Transfer","RTGS",245951.60,0.00,"Success","Fund transfer"
3729,"2024-10-26 16:04:57",136,"Priya Sharma",100100000256,"Student Account","SBI Surat Branch 3","Surat","Withdrawal","Cash",427015.01,203044.21,"Success","Cash withdrawal"
3730,"2024-05-16 17:21:03",134,"Nitin Sharma",100100000133,"Savings Account","SBI Bengaluru Branch 50","Bengaluru","Withdrawal","IMPS",130134.83,0.00,"Success","Cash withdrawal"
3731,"2022-12-05 21:47:16",197,"Rajesh Yadav",100100000296,"Recurring Deposit Account","SBI Surat Branch 30","Surat","Deposit","NEFT",352825.63,569201.72,"Success","Cash deposit"
3732,"2024-08-27 21:00:41",30,"Vikas Gupta",100100000221,"Savings Account","SBI Noida Branch 2","Noida","Interest","System",2215.66,177730.12,"Success","Interest credited"
3733,"2026-01-11 08:36:11",5,"Amit Reddy",100100000234,"Savings Account","SBI Surat Branch 29","Surat","Deposit","UPI",31068.21,516939.37,"Success","Cash deposit"
3734,"2023-07-23 21:54:11",40,"Sneha Nair",100100000039,"Salary Account","SBI Pune Branch 11","Pune","Charge","ATM",216756.10,0.00,"Pending","Service charge"
3735,"2025-12-22 16:33:58",193,"Vikas Verma",100100000192,"Savings Account","SBI Ahmedabad Branch 24","Ahmedabad","Charge","Cheque",112327.12,0.00,"Success","Service charge"
3736,"2023-05-29 07:03:49",118,"Sneha Singh",100100000117,"Savings Account","SBI Bengaluru Branch 15","Bengaluru","Withdrawal","ATM",433575.94,0.00,"Success","Cash withdrawal"
3737,"2026-06-29 23:31:13",150,"Ankit Verma",100100000149,"Salary Account","SBI Chennai Branch 40","Chennai","Transfer","NEFT",37773.30,23394.96,"Success","Fund transfer"
3738,"2025-12-06 04:47:00",29,"Mohit Yadav",100100000028,"Student Account","SBI Bhopal Branch 39","Bhopal","Withdrawal","NEFT",2311.42,0.00,"Success","Cash withdrawal"
3739,"2025-03-25 15:28:59",86,"Komal Verma",100100000276,"Savings Account","SBI Chandigarh Branch 5","Chandigarh","Transfer","RTGS",167553.73,0.00,"Pending","Fund transfer"
3740,"2025-01-14 03:09:37",144,"Rahul Mishra",100100000143,"NRI Savings Account","SBI Surat Branch 6","Surat","Charge","ATM",170033.84,0.00,"Success","Service charge"
3741,"2022-12-25 01:01:58",191,"Asha Sharma",100100000265,"Current Account","SBI Pune Branch 8","Pune","Interest","System",336984.31,991840.23,"Success","Interest credited"
3742,"2024-01-11 14:56:30",59,"Nitin Nair",100100000058,"Recurring Deposit Account","SBI Surat Branch 6","Surat","Charge","Cheque",429287.52,0.00,"Success","Service charge"
3743,"2022-07-30 05:10:20",122,"Ritu Pandey",100100000121,"Student Account","SBI Lucknow Branch 19","Lucknow","Charge","Cheque",254301.44,354339.19,"Success","Service charge"
3744,"2023-04-06 23:10:48",11,"Komal Pandey",100100000010,"Savings Account","SBI Surat Branch 29","Surat","Deposit","Cash",482774.08,860222.41,"Success","Cash deposit"
3745,"2025-08-15 16:16:11",61,"Sakshi Pandey",100100000060,"Savings Account","SBI Kolkata Branch 42","Kolkata","Interest","System",431500.84,431500.84,"Success","Interest credited"
3746,"2024-11-09 22:50:18",189,"Rajesh Pandey",100100000188,"Fixed Deposit Account","SBI Pune Branch 8","Pune","Withdrawal","UPI",456852.37,0.00,"Success","Cash withdrawal"
3747,"2026-06-19 11:02:47",33,"Deepak Jain",100100000032,"Student Account","SBI Lucknow Branch 19","Lucknow","Deposit","RTGS",66120.01,1116982.25,"Success","Cash deposit"
3748,"2023-06-01 12:46:51",74,"Rahul Kumar",100100000073,"Current Account","SBI Bengaluru Branch 16","Bengaluru","Charge","Cheque",218177.53,148650.31,"Success","Service charge"
3749,"2025-05-31 12:47:48",94,"Shreya Mishra",100100000093,"Savings Account","SBI Hyderabad Branch 41","Hyderabad","Charge","Cheque",340193.76,0.00,"Success","Service charge"
3750,"2023-09-16 07:02:39",86,"Komal Verma",100100000085,"Savings Account","SBI Noida Branch 18","Noida","Interest","System",382629.21,382629.21,"Success","Interest credited"
3751,"2024-02-18 17:43:50",54,"Meena Singh",100100000269,"Fixed Deposit Account","SBI Bhopal Branch 23","Bhopal","Deposit","RTGS",121480.28,496199.15,"Success","Cash deposit"
3752,"2023-08-30 23:19:08",83,"Nitin Verma",100100000286,"Salary Account","SBI Chennai Branch 40","Chennai","Transfer","Cash",407526.12,279764.87,"Success","Fund transfer"
3753,"2022-05-17 05:46:06",176,"Rohit Sharma",100100000175,"Savings Account","SBI Noida Branch 47","Noida","Withdrawal","IMPS",405325.05,60278.78,"Success","Cash withdrawal"
3754,"2026-03-21 19:35:09",191,"Asha Sharma",100100000190,"Current Account","SBI Nagpur Branch 34","Nagpur","Withdrawal","NEFT",122378.78,0.00,"Pending","Cash withdrawal"
3755,"2023-11-16 16:31:27",133,"Priya Patel",100100000283,"NRI Savings Account","SBI Delhi Branch 13","Delhi","Deposit","Cash",278844.63,11170.16,"Pending","Cash deposit"
3756,"2026-04-02 21:11:47",90,"Sakshi Jain",100100000089,"Current Account","SBI Surat Branch 44","Surat","Transfer","IMPS",452340.42,562223.99,"Success","Fund transfer"
3757,"2022-06-14 23:58:58",78,"Sneha Verma",100100000216,"Savings Account","SBI Bengaluru Branch 15","Bengaluru","Charge","Cheque",94750.32,313703.26,"Success","Service charge"
3758,"2022-08-13 15:24:05",46,"Priya Mishra",100100000045,"Current Account","SBI Bengaluru Branch 7","Bengaluru","Charge","ATM",143475.89,0.00,"Success","Service charge"
3759,"2026-05-19 03:57:43",78,"Sneha Verma",100100000077,"Savings Account","SBI Bengaluru Branch 7","Bengaluru","Transfer","UPI",319671.30,540946.00,"Success","Fund transfer"
3760,"2022-11-05 12:57:46",55,"Vikas Kumar",100100000054,"Fixed Deposit Account","SBI Gurugram Branch 45","Gurugram","Interest","System",160509.39,0.00,"Failed","Interest credited"
3761,"2025-12-25 14:54:54",122,"Ritu Pandey",100100000121,"Student Account","SBI Lucknow Branch 19","Lucknow","Withdrawal","Cash",336708.51,17630.68,"Success","Cash withdrawal"
3762,"2025-01-30 12:03:54",93,"Arjun Sinha",100100000092,"Current Account","SBI Bengaluru Branch 38","Bengaluru","Charge","ATM",381883.83,0.00,"Success","Service charge"
3763,"2023-04-11 23:12:30",196,"Manish Chauhan",100100000236,"Fixed Deposit Account","SBI Bhubaneswar Branch 22","Bhubaneswar","Interest","System",381206.94,926322.05,"Success","Interest credited"
3764,"2025-08-20 21:55:48",47,"Priya Sharma",100100000219,"NRI Savings Account","SBI Chandigarh Branch 5","Chandigarh","Interest","System",294764.55,294764.55,"Success","Interest credited"
3765,"2025-01-16 05:34:41",90,"Sakshi Jain",100100000089,"Current Account","SBI Surat Branch 44","Surat","Withdrawal","ATM",403816.89,158407.10,"Success","Cash withdrawal"
3766,"2023-10-06 05:50:00",176,"Rohit Sharma",100100000213,"Fixed Deposit Account","SBI Lucknow Branch 19","Lucknow","Deposit","RTGS",59060.56,300853.19,"Success","Cash deposit"
3767,"2024-10-11 17:16:26",119,"Meena Yadav",100100000118,"Salary Account","SBI Pune Branch 11","Pune","Interest","System",446231.37,865357.49,"Success","Interest credited"
3768,"2025-11-08 11:57:04",115,"Nidhi Agarwal",100100000233,"Salary Account","SBI Gurugram Branch 49","Gurugram","Deposit","IMPS",74267.43,620140.74,"Success","Cash deposit"
3769,"2024-06-25 15:36:48",62,"Ritu Yadav",100100000280,"Recurring Deposit Account","SBI Nagpur Branch 31","Nagpur","Deposit","UPI",166699.99,949718.01,"Success","Cash deposit"
3770,"2022-07-09 15:41:34",191,"Asha Sharma",100100000248,"Student Account","SBI Bengaluru Branch 15","Bengaluru","Charge","System",281170.85,0.00,"Success","Service charge"
3771,"2023-02-15 23:16:22",91,"Amit Chauhan",100100000090,"Salary Account","SBI Nagpur Branch 31","Nagpur","Withdrawal","IMPS",399022.08,0.00,"Success","Cash withdrawal"
3772,"2022-12-17 20:55:40",117,"Priya Patel",100100000215,"Senior Citizen Savings Account","SBI Gurugram Branch 33","Gurugram","Withdrawal","ATM",452541.93,0.00,"Success","Cash withdrawal"
3773,"2026-05-18 07:33:38",163,"Anjali Gupta",100100000162,"Savings Account","SBI Ahmedabad Branch 24","Ahmedabad","Withdrawal","NEFT",351184.90,0.00,"Success","Cash withdrawal"
3774,"2023-10-04 08:10:48",86,"Komal Verma",100100000276,"Savings Account","SBI Chandigarh Branch 5","Chandigarh","Withdrawal","UPI",311973.90,0.00,"Success","Cash withdrawal"
3775,"2023-10-28 02:21:06",197,"Rajesh Yadav",100100000223,"Savings Account","SBI Noida Branch 32","Noida","Charge","Cheque",150602.43,879725.42,"Success","Service charge"
3776,"2025-03-21 17:35:43",151,"Pooja Patel",100100000150,"Fixed Deposit Account","SBI Gurugram Branch 49","Gurugram","Transfer","Cheque",328194.46,627264.12,"Success","Fund transfer"
3777,"2025-05-03 20:48:03",35,"Ankit Gupta",100100000034,"Savings Account","SBI Bengaluru Branch 7","Bengaluru","Interest","System",438737.53,568659.13,"Success","Interest credited"
3778,"2025-08-02 21:25:19",186,"Neha Gupta",100100000185,"Senior Citizen Savings Account","SBI Bhopal Branch 35","Bhopal","Charge","System",248420.61,0.00,"Success","Service charge"
3779,"2024-05-20 08:13:31",183,"Neha Nair",100100000244,"Savings Account","SBI Bhubaneswar Branch 22","Bhubaneswar","Deposit","NEFT",212722.03,212722.03,"Success","Cash deposit"
3780,"2022-12-18 03:57:53",46,"Priya Mishra",100100000045,"Current Account","SBI Bengaluru Branch 7","Bengaluru","Deposit","Cheque",64904.05,64904.05,"Success","Cash deposit"
3781,"2024-01-30 11:16:34",193,"Vikas Verma",100100000192,"Savings Account","SBI Ahmedabad Branch 24","Ahmedabad","Interest","System",291772.17,291772.17,"Success","Interest credited"
3782,"2026-04-25 20:20:24",120,"Nidhi Agarwal",100100000119,"Savings Account","SBI Kolkata Branch 42","Kolkata","Interest","System",433360.84,481801.22,"Success","Interest credited"
3783,"2024-04-06 21:35:48",38,"Neha Patel",100100000037,"Student Account","SBI Bengaluru Branch 7","Bengaluru","Charge","System",212492.40,1235074.13,"Success","Service charge"
3784,"2023-07-10 10:34:36",99,"Komal Jain",100100000098,"Savings Account","SBI Noida Branch 32","Noida","Transfer","NEFT",143210.91,530376.75,"Success","Fund transfer"
3785,"2023-08-14 15:37:25",185,"Rahul Kumar",100100000207,"Savings Account","SBI Bhopal Branch 23","Bhopal","Withdrawal","Cash",131513.26,0.00,"Success","Cash withdrawal"
3786,"2023-07-12 10:37:10",56,"Vikas Reddy",100100000055,"Senior Citizen Savings Account","SBI Surat Branch 3","Surat","Charge","ATM",481431.19,0.00,"Success","Service charge"
3787,"2022-07-10 14:32:47",106,"Arjun Nair",100100000105,"Fixed Deposit Account","SBI Gurugram Branch 33","Gurugram","Charge","ATM",298885.33,0.00,"Success","Service charge"
3788,"2023-01-30 02:20:19",149,"Anjali Mishra",100100000148,"Student Account","SBI Bengaluru Branch 7","Bengaluru","Transfer","Cheque",491204.89,359787.15,"Success","Fund transfer"
3789,"2023-08-10 13:23:48",127,"Anjali Verma",100100000126,"Salary Account","SBI Ahmedabad Branch 24","Ahmedabad","Deposit","NEFT",38652.43,77276.54,"Success","Cash deposit"
3790,"2025-06-03 03:28:38",198,"Suresh Singh",100100000235,"NRI Savings Account","SBI Bengaluru Branch 38","Bengaluru","Interest","System",167693.31,167693.31,"Success","Interest credited"
3791,"2025-05-09 20:31:13",192,"Deepak Reddy",100100000191,"Salary Account","SBI Bengaluru Branch 38","Bengaluru","Deposit","Cheque",10467.84,144646.51,"Success","Cash deposit"
3792,"2022-04-17 22:59:01",167,"Mohit Jain",100100000230,"Recurring Deposit Account","SBI Bengaluru Branch 7","Bengaluru","Deposit","ATM",204730.28,575013.60,"Success","Cash deposit"
3793,"2025-11-30 15:46:21",153,"Mohit Sinha",100100000152,"Student Account","SBI Nagpur Branch 31","Nagpur","Interest","System",204164.48,909930.89,"Pending","Interest credited"
3794,"2023-10-29 10:43:13",94,"Shreya Mishra",100100000264,"Savings Account","SBI Hyderabad Branch 41","Hyderabad","Charge","Cheque",102347.55,1556334.98,"Success","Service charge"
3795,"2023-06-29 21:37:40",30,"Vikas Gupta",100100000221,"Savings Account","SBI Noida Branch 2","Noida","Charge","ATM",238792.00,0.00,"Success","Service charge"
3796,"2025-03-21 09:47:47",96,"Manish Yadav",100100000095,"Student Account","SBI Bengaluru Branch 7","Bengaluru","Interest","System",472804.75,472804.75,"Success","Interest credited"
3797,"2025-03-11 05:27:55",77,"Anjali Mishra",100100000278,"NRI Savings Account","SBI Gurugram Branch 33","Gurugram","Interest","System",281616.44,1223184.59,"Success","Interest credited"
3798,"2026-02-13 02:31:31",131,"Divya Yadav",100100000258,"Savings Account","SBI Surat Branch 3","Surat","Transfer","Cash",483267.10,0.00,"Success","Fund transfer"
3799,"2023-05-31 22:43:15",200,"Harsh Mishra",100100000225,"Salary Account","SBI Gurugram Branch 36","Gurugram","Withdrawal","RTGS",128568.43,0.00,"Success","Cash withdrawal"
3800,"2023-03-08 17:27:35",158,"Suresh Verma",100100000157,"Senior Citizen Savings Account","SBI Surat Branch 29","Surat","Interest","System",26760.55,26760.55,"Success","Interest credited"
3801,"2023-06-04 17:55:34",69,"Ritu Pandey",100100000245,"Savings Account","SBI Bengaluru Branch 7","Bengaluru","Charge","Cheque",14455.29,227132.39,"Success","Service charge"
3802,"2024-02-04 15:06:18",106,"Arjun Nair",100100000232,"Student Account","SBI Hyderabad Branch 41","Hyderabad","Deposit","Cheque",299864.86,604357.54,"Success","Cash deposit"
3803,"2024-09-01 12:24:15",49,"Amit Sinha",100100000048,"Senior Citizen Savings Account","SBI Bhopal Branch 39","Bhopal","Charge","ATM",54502.39,0.00,"Success","Service charge"
3804,"2022-01-30 16:00:21",71,"Sakshi Reddy",100100000070,"Fixed Deposit Account","SBI Pune Branch 43","Pune","Interest","System",63480.69,63480.69,"Success","Interest credited"
3805,"2026-03-12 13:31:01",129,"Priya Gupta",100100000128,"NRI Savings Account","SBI Noida Branch 47","Noida","Withdrawal","NEFT",62523.51,494877.76,"Success","Cash withdrawal"
3806,"2025-02-14 02:34:16",47,"Priya Sharma",100100000219,"NRI Savings Account","SBI Chandigarh Branch 5","Chandigarh","Interest","System",163770.19,294764.55,"Failed","Interest credited"
3807,"2025-07-15 15:58:34",115,"Nidhi Agarwal",100100000114,"Current Account","SBI Noida Branch 28","Noida","Charge","Cheque",287861.78,0.00,"Success","Service charge"
3808,"2025-05-18 08:55:35",192,"Deepak Reddy",100100000191,"Salary Account","SBI Bengaluru Branch 38","Bengaluru","Transfer","UPI",307010.21,0.00,"Success","Fund transfer"
3809,"2023-05-08 00:50:55",78,"Sneha Verma",100100000216,"Savings Account","SBI Bengaluru Branch 15","Bengaluru","Withdrawal","IMPS",259419.86,54283.40,"Success","Cash withdrawal"
3810,"2024-06-12 16:17:04",114,"Harsh Reddy",100100000113,"Fixed Deposit Account","SBI Surat Branch 3","Surat","Interest","System",366980.74,366980.74,"Success","Interest credited"
3811,"2025-03-17 18:38:15",133,"Priya Patel",100100000283,"NRI Savings Account","SBI Delhi Branch 13","Delhi","Withdrawal","IMPS",154210.60,0.00,"Success","Cash withdrawal"
3812,"2025-08-04 08:36:02",107,"Nitin Chauhan",100100000209,"Senior Citizen Savings Account","SBI Bengaluru Branch 7","Bengaluru","Interest","System",279898.84,279898.84,"Success","Interest credited"
3813,"2023-12-22 19:09:50",99,"Komal Jain",100100000098,"Savings Account","SBI Noida Branch 32","Noida","Charge","System",298078.34,232298.41,"Success","Service charge"
3814,"2023-12-25 07:48:36",78,"Sneha Verma",100100000077,"Savings Account","SBI Bengaluru Branch 7","Bengaluru","Interest","System",321123.02,862069.02,"Success","Interest credited"
3815,"2025-10-08 13:28:25",61,"Sakshi Pandey",100100000224,"Savings Account","SBI Nagpur Branch 34","Nagpur","Withdrawal","NEFT",453827.27,346103.77,"Pending","Cash withdrawal"
3816,"2022-07-18 02:44:18",147,"Nitin Jain",100100000146,"Student Account","SBI Kochi Branch 46","Kochi","Transfer","Cheque",270296.55,0.00,"Success","Fund transfer"
3817,"2022-01-18 02:19:30",8,"Neha Gupta",100100000007,"Senior Citizen Savings Account","SBI Delhi Branch 14","Delhi","Charge","System",254801.95,1103415.75,"Success","Service charge"
3818,"2025-05-07 21:02:43",43,"Shreya Singh",100100000042,"Savings Account","SBI Patna Branch 26","Patna","Transfer","RTGS",143791.23,413278.18,"Success","Fund transfer"
3819,"2025-07-15 05:14:25",56,"Vikas Reddy",100100000055,"Senior Citizen Savings Account","SBI Surat Branch 3","Surat","Interest","System",279986.59,279986.59,"Success","Interest credited"
3820,"2025-10-23 06:00:40",135,"Shreya Chauhan",100100000134,"Fixed Deposit Account","SBI Gurugram Branch 36","Gurugram","Interest","System",55677.09,388504.09,"Success","Interest credited"
3821,"2025-12-02 19:25:52",193,"Vikas Verma",100100000242,"Student Account","SBI Surat Branch 6","Surat","Deposit","IMPS",427017.33,674795.77,"Success","Cash deposit"
3822,"2024-06-13 22:31:00",43,"Shreya Singh",100100000042,"Savings Account","SBI Patna Branch 26","Patna","Withdrawal","Cheque",406148.87,7129.31,"Success","Cash withdrawal"
3823,"2022-07-06 12:28:13",63,"Rajesh Kumar",100100000062,"Recurring Deposit Account","SBI Pune Branch 8","Pune","Withdrawal","IMPS",372064.44,0.00,"Success","Cash withdrawal"
3824,"2024-06-21 13:24:58",36,"Sakshi Agarwal",100100000035,"Savings Account","SBI Chennai Branch 40","Chennai","Charge","Cheque",151325.83,0.00,"Success","Service charge"
3825,"2024-11-18 22:01:22",179,"Ritu Mishra",100100000178,"Savings Account","SBI Bengaluru Branch 16","Bengaluru","Transfer","RTGS",407525.92,357671.63,"Success","Fund transfer"
3826,"2022-07-27 19:27:04",125,"Vivek Kumar",100100000124,"Salary Account","SBI Bhopal Branch 39","Bhopal","Interest","System",178413.80,178413.80,"Success","Interest credited"
3827,"2024-01-11 13:41:29",106,"Arjun Nair",100100000298,"Savings Account","SBI Noida Branch 47","Noida","Withdrawal","IMPS",489958.23,453067.13,"Success","Cash withdrawal"
3828,"2024-07-13 19:49:39",178,"Arjun Kumar",100100000227,"Current Account","SBI Kolkata Branch 42","Kolkata","Withdrawal","UPI",178569.89,338874.79,"Success","Cash withdrawal"
3829,"2025-08-07 20:08:56",90,"Sakshi Jain",100100000089,"Current Account","SBI Surat Branch 44","Surat","Charge","ATM",495807.47,0.00,"Success","Service charge"
3830,"2023-07-17 15:09:50",71,"Sakshi Reddy",100100000070,"Fixed Deposit Account","SBI Pune Branch 43","Pune","Interest","System",213711.45,277192.14,"Success","Interest credited"
3831,"2025-09-09 10:23:02",152,"Mohit Mishra",100100000151,"Savings Account","SBI Gurugram Branch 49","Gurugram","Withdrawal","UPI",466932.97,0.00,"Success","Cash withdrawal"
3832,"2023-01-11 19:09:08",79,"Vikas Agarwal",100100000078,"Student Account","SBI Surat Branch 4","Surat","Transfer","Cheque",478020.89,0.00,"Success","Fund transfer"
3833,"2022-09-13 17:17:21",65,"Amit Sharma",100100000064,"Recurring Deposit Account","SBI Gurugram Branch 45","Gurugram","Withdrawal","ATM",499909.39,426559.57,"Failed","Cash withdrawal"
3834,"2024-06-10 02:43:35",176,"Rohit Sharma",100100000213,"Fixed Deposit Account","SBI Lucknow Branch 19","Lucknow","Interest","System",258314.24,559167.43,"Success","Interest credited"
3835,"2024-07-22 13:55:49",114,"Harsh Reddy",100100000113,"Fixed Deposit Account","SBI Surat Branch 3","Surat","Transfer","UPI",213513.59,153467.15,"Success","Fund transfer"
3836,"2024-04-15 05:53:55",187,"Karan Chauhan",100100000186,"Savings Account","SBI Chandigarh Branch 5","Chandigarh","Transfer","UPI",180616.71,630582.10,"Success","Fund transfer"
3837,"2025-08-29 14:32:19",162,"Asha Reddy",100100000161,"Savings Account","SBI Pune Branch 1","Pune","Withdrawal","ATM",6291.03,0.00,"Success","Cash withdrawal"
3838,"2025-10-11 21:49:13",58,"Kavita Sharma",100100000057,"Fixed Deposit Account","SBI Kochi Branch 46","Kochi","Withdrawal","RTGS",272488.24,510846.99,"Success","Cash withdrawal"
3839,"2023-01-07 14:29:20",34,"Rahul Sharma",100100000033,"NRI Savings Account","SBI Bhopal Branch 39","Bhopal","Withdrawal","Cheque",110203.11,0.00,"Success","Cash withdrawal"
3840,"2022-01-30 18:08:07",129,"Priya Gupta",100100000128,"NRI Savings Account","SBI Noida Branch 47","Noida","Deposit","IMPS",450244.65,945122.41,"Success","Cash deposit"
3841,"2025-10-31 07:28:29",121,"Manish Agarwal",100100000120,"Savings Account","SBI Indore Branch 27","Indore","Charge","ATM",305652.66,0.00,"Success","Service charge"
3842,"2025-02-11 10:22:42",176,"Rohit Sharma",100100000213,"Fixed Deposit Account","SBI Lucknow Branch 19","Lucknow","Withdrawal","Cheque",68226.10,490941.33,"Success","Cash withdrawal"
3843,"2025-02-17 04:51:14",79,"Vikas Agarwal",100100000078,"Student Account","SBI Surat Branch 4","Surat","Transfer","Cash",44258.09,0.00,"Success","Fund transfer"
3844,"2024-01-14 14:40:40",144,"Rahul Mishra",100100000143,"NRI Savings Account","SBI Surat Branch 6","Surat","Interest","System",83370.38,83370.38,"Success","Interest credited"
3845,"2025-09-18 14:30:50",138,"Sakshi Chauhan",100100000247,"Student Account","SBI Chennai Branch 21","Chennai","Charge","ATM",201935.70,520141.88,"Success","Service charge"
3846,"2022-02-19 22:16:53",97,"Riya Kumar",100100000096,"Fixed Deposit Account","SBI Indore Branch 20","Indore","Interest","System",175719.46,505437.07,"Success","Interest credited"
3847,"2026-03-09 06:03:36",39,"Riya Reddy",100100000038,"Senior Citizen Savings Account","SBI Chandigarh Branch 5","Chandigarh","Deposit","UPI",38327.32,697311.68,"Success","Cash deposit"
3848,"2024-05-14 01:43:04",145,"Nidhi Nair",100100000299,"Student Account","SBI Surat Branch 10","Surat","Deposit","Cheque",248973.36,332542.59,"Success","Cash deposit"
3849,"2022-12-10 13:23:46",79,"Vikas Agarwal",100100000078,"Student Account","SBI Surat Branch 4","Surat","Transfer","Cash",202376.83,0.00,"Success","Fund transfer"
3850,"2023-10-21 07:58:43",170,"Manish Verma",100100000271,"Current Account","SBI Bhopal Branch 23","Bhopal","Transfer","RTGS",178444.24,357327.59,"Success","Fund transfer"
3851,"2024-01-21 20:58:14",88,"Arjun Kumar",100100000087,"Senior Citizen Savings Account","SBI Gurugram Branch 49","Gurugram","Transfer","NEFT",41225.85,0.00,"Success","Fund transfer"
3852,"2022-01-21 10:47:03",142,"Rahul Sinha",100100000141,"Salary Account","SBI Pune Branch 43","Pune","Interest","System",69555.35,69555.35,"Success","Interest credited"
3853,"2026-02-05 21:46:41",161,"Riya Singh",100100000160,"Savings Account","SBI Pune Branch 1","Pune","Transfer","ATM",319367.52,490489.71,"Success","Fund transfer"
3854,"2026-05-09 12:18:37",17,"Komal Patel",100100000016,"Student Account","SBI Chennai Branch 40","Chennai","Transfer","RTGS",227797.40,0.00,"Success","Fund transfer"
3855,"2022-07-29 22:17:21",53,"Arjun Jain",100100000052,"Student Account","SBI Delhi Branch 13","Delhi","Charge","System",265622.31,890529.19,"Success","Service charge"
3856,"2024-05-10 08:12:26",42,"Pooja Gupta",100100000211,"Current Account","SBI Chennai Branch 21","Chennai","Deposit","NEFT",68223.15,1225062.78,"Success","Cash deposit"
3857,"2023-08-04 21:30:50",50,"Suresh Chauhan",100100000218,"Recurring Deposit Account","SBI Lucknow Branch 19","Lucknow","Withdrawal","Cash",304892.53,0.00,"Success","Cash withdrawal"
3858,"2024-01-11 14:33:01",197,"Rajesh Yadav",100100000296,"Recurring Deposit Account","SBI Surat Branch 30","Surat","Charge","Cheque",100341.10,468860.62,"Success","Service charge"
3859,"2025-07-01 14:02:35",25,"Riya Reddy",100100000024,"Savings Account","SBI Gurugram Branch 33","Gurugram","Transfer","ATM",382713.81,0.00,"Success","Fund transfer"
3860,"2026-01-26 23:39:21",50,"Suresh Chauhan",100100000049,"Current Account","SBI Bhubaneswar Branch 22","Bhubaneswar","Interest","System",252334.72,252334.72,"Success","Interest credited"
3861,"2023-07-23 16:51:19",118,"Sneha Singh",100100000117,"Savings Account","SBI Bengaluru Branch 15","Bengaluru","Deposit","IMPS",205221.12,205221.12,"Success","Cash deposit"
3862,"2022-06-02 14:05:03",77,"Anjali Mishra",100100000076,"Savings Account","SBI Gurugram Branch 33","Gurugram","Transfer","RTGS",444190.35,176732.78,"Success","Fund transfer"
3863,"2026-05-03 19:32:00",47,"Priya Sharma",100100000219,"NRI Savings Account","SBI Chandigarh Branch 5","Chandigarh","Withdrawal","ATM",273874.68,20889.87,"Success","Cash withdrawal"
3864,"2024-09-11 21:25:39",116,"Riya Sinha",100100000201,"Salary Account","SBI Bengaluru Branch 7","Bengaluru","Transfer","IMPS",215766.22,452256.93,"Success","Fund transfer"
3865,"2023-09-15 11:12:46",4,"Ankit Chauhan",100100000003,"Fixed Deposit Account","SBI Pune Branch 11","Pune","Deposit","ATM",480421.76,480421.76,"Success","Cash deposit"
3866,"2026-05-17 18:39:20",197,"Rajesh Yadav",100100000223,"Savings Account","SBI Noida Branch 32","Noida","Withdrawal","UPI",133180.69,746544.73,"Success","Cash withdrawal"
3867,"2025-06-17 17:02:46",180,"Divya Mishra",100100000179,"Current Account","SBI Chennai Branch 21","Chennai","Charge","Cheque",881.28,0.00,"Success","Service charge"
3868,"2023-07-01 04:25:19",82,"Meena Gupta",100100000202,"Recurring Deposit Account","SBI Ahmedabad Branch 24","Ahmedabad","Deposit","ATM",435703.15,731784.11,"Success","Cash deposit"
3869,"2025-04-17 18:34:32",91,"Amit Chauhan",100100000090,"Salary Account","SBI Nagpur Branch 31","Nagpur","Deposit","Cash",363841.97,363841.97,"Success","Cash deposit"
3870,"2022-04-06 13:38:09",36,"Sakshi Agarwal",100100000035,"Savings Account","SBI Chennai Branch 40","Chennai","Transfer","Cheque",367896.94,0.00,"Pending","Fund transfer"
3871,"2022-09-05 08:22:57",33,"Deepak Jain",100100000032,"Student Account","SBI Lucknow Branch 19","Lucknow","Transfer","NEFT",99464.86,1116982.25,"Pending","Fund transfer"
3872,"2024-03-30 04:43:09",182,"Komal Gupta",100100000255,"Salary Account","SBI Noida Branch 18","Noida","Deposit","NEFT",444785.40,444785.40,"Success","Cash deposit"
3873,"2025-02-15 15:44:09",176,"Rohit Sharma",100100000175,"Savings Account","SBI Noida Branch 47","Noida","Interest","System",453941.77,514220.55,"Success","Interest credited"
3874,"2026-03-29 03:04:03",56,"Vikas Reddy",100100000055,"Senior Citizen Savings Account","SBI Surat Branch 3","Surat","Charge","ATM",466948.49,0.00,"Success","Service charge"
3875,"2023-06-24 16:44:41",134,"Nitin Sharma",100100000200,"Salary Account","SBI Pune Branch 43","Pune","Deposit","ATM",302724.33,1912976.35,"Success","Cash deposit"
3876,"2025-09-06 03:46:42",170,"Manish Verma",100100000271,"Current Account","SBI Bhopal Branch 23","Bhopal","Deposit","UPI",223005.68,580333.27,"Success","Cash deposit"
3877,"2024-01-24 16:52:21",17,"Komal Patel",100100000016,"Student Account","SBI Chennai Branch 40","Chennai","Transfer","RTGS",345306.51,0.00,"Success","Fund transfer"
3878,"2023-04-14 18:52:56",45,"Vikas Patel",100100000044,"Fixed Deposit Account","SBI Noida Branch 47","Noida","Charge","System",164224.10,0.00,"Success","Service charge"
3879,"2025-09-17 01:24:07",51,"Rohit Yadav",100100000050,"Savings Account","SBI Chennai Branch 21","Chennai","Withdrawal","Cash",245855.08,0.00,"Success","Cash withdrawal"
3880,"2026-03-31 00:42:36",192,"Deepak Reddy",100100000228,"Salary Account","SBI Kolkata Branch 42","Kolkata","Withdrawal","Cheque",64551.26,287697.86,"Success","Cash withdrawal"
3881,"2022-03-22 03:24:05",123,"Neha Patel",100100000122,"Senior Citizen Savings Account","SBI Surat Branch 29","Surat","Deposit","ATM",172666.71,172666.71,"Success","Cash deposit"
3882,"2022-12-20 22:38:13",94,"Shreya Mishra",100100000093,"Savings Account","SBI Hyderabad Branch 41","Hyderabad","Deposit","RTGS",198056.30,0.00,"Pending","Cash deposit"
3883,"2024-07-29 16:59:55",194,"Harsh Agarwal",100100000193,"Student Account","SBI Noida Branch 2","Noida","Transfer","Cash",493936.21,293479.22,"Pending","Fund transfer"
3884,"2026-02-27 12:26:13",152,"Mohit Mishra",100100000151,"Savings Account","SBI Gurugram Branch 49","Gurugram","Charge","Cheque",494386.39,0.00,"Success","Service charge"
3885,"2025-06-26 04:10:59",194,"Harsh Agarwal",100100000193,"Student Account","SBI Noida Branch 2","Noida","Deposit","IMPS",498016.78,791496.00,"Success","Cash deposit"
3886,"2023-12-04 13:11:02",143,"Rohit Mishra",100100000277,"NRI Savings Account","SBI Patna Branch 9","Patna","Withdrawal","UPI",54807.91,298984.74,"Success","Cash withdrawal"
3887,"2022-07-03 03:43:08",108,"Sakshi Chauhan",100100000107,"NRI Savings Account","SBI Delhi Branch 14","Delhi","Withdrawal","RTGS",12731.39,0.00,"Success","Cash withdrawal"
3888,"2026-02-21 18:27:55",163,"Anjali Gupta",100100000212,"Current Account","SBI Delhi Branch 14","Delhi","Interest","System",225351.38,308360.80,"Success","Interest credited"
3889,"2022-08-12 20:37:38",146,"Manish Agarwal",100100000145,"NRI Savings Account","SBI Bengaluru Branch 7","Bengaluru","Interest","System",491407.23,913354.04,"Success","Interest credited"
3890,"2025-11-04 16:10:34",137,"Priya Pandey",100100000136,"Fixed Deposit Account","SBI Bengaluru Branch 50","Bengaluru","Charge","System",420898.11,0.00,"Success","Service charge"
3891,"2022-03-28 04:27:27",90,"Sakshi Jain",100100000292,"Recurring Deposit Account","SBI Bengaluru Branch 16","Bengaluru","Withdrawal","Cash",64556.13,12582.00,"Success","Cash withdrawal"
3892,"2023-11-12 16:47:49",55,"Vikas Kumar",100100000261,"Salary Account","SBI Gurugram Branch 33","Gurugram","Withdrawal","IMPS",4617.76,0.00,"Success","Cash withdrawal"
3893,"2022-09-22 09:43:09",79,"Vikas Agarwal",100100000078,"Student Account","SBI Surat Branch 4","Surat","Interest","System",401645.44,401645.44,"Success","Interest credited"
3894,"2024-06-17 00:45:58",20,"Karan Sinha",100100000019,"NRI Savings Account","SBI Kolkata Branch 42","Kolkata","Transfer","Cash",57504.20,121255.92,"Success","Fund transfer"
3895,"2025-08-22 03:41:06",174,"Meena Verma",100100000173,"Savings Account","SBI Chennai Branch 40","Chennai","Charge","System",242911.04,0.00,"Success","Service charge"
3896,"2026-07-04 14:19:23",38,"Neha Patel",100100000037,"Student Account","SBI Bengaluru Branch 7","Bengaluru","Interest","System",326364.07,1561438.20,"Success","Interest credited"
3897,"2022-05-18 04:11:32",91,"Amit Chauhan",100100000090,"Salary Account","SBI Nagpur Branch 31","Nagpur","Withdrawal","UPI",352891.04,10950.93,"Success","Cash withdrawal"
3898,"2022-11-09 16:29:46",172,"Komal Patel",100100000171,"Salary Account","SBI Kochi Branch 46","Kochi","Interest","System",186647.95,774127.78,"Success","Interest credited"
3899,"2024-04-20 23:05:55",27,"Sakshi Sinha",100100000026,"Student Account","SBI Bhopal Branch 37","Bhopal","Deposit","ATM",90751.91,499848.65,"Success","Cash deposit"
3900,"2024-03-13 06:37:43",155,"Manish Pandey",100100000154,"Fixed Deposit Account","SBI Pune Branch 11","Pune","Transfer","Cheque",380787.68,0.00,"Success","Fund transfer"
3901,"2022-04-29 00:37:54",10,"Divya Patel",100100000009,"NRI Savings Account","SBI Nagpur Branch 34","Nagpur","Charge","ATM",491391.09,0.00,"Success","Service charge"
3902,"2022-05-28 10:13:34",95,"Rahul Kumar",100100000241,"Savings Account","SBI Delhi Branch 13","Delhi","Withdrawal","Cheque",28464.95,452908.81,"Success","Cash withdrawal"
3903,"2023-02-22 18:11:53",90,"Sakshi Jain",100100000284,"Savings Account","SBI Patna Branch 17","Patna","Deposit","ATM",337038.45,1040524.16,"Success","Cash deposit"
3904,"2024-01-13 18:10:36",196,"Manish Chauhan",100100000195,"Fixed Deposit Account","SBI Pune Branch 11","Pune","Withdrawal","Cash",344311.87,0.00,"Success","Cash withdrawal"
3905,"2025-11-27 02:50:01",174,"Meena Verma",100100000173,"Savings Account","SBI Chennai Branch 40","Chennai","Charge","System",437236.31,0.00,"Success","Service charge"
3906,"2025-03-11 08:43:31",17,"Komal Patel",100100000275,"Savings Account","SBI Surat Branch 44","Surat","Interest","System",165817.85,165817.85,"Success","Interest credited"
3907,"2023-05-14 11:25:06",56,"Vikas Reddy",100100000055,"Senior Citizen Savings Account","SBI Surat Branch 3","Surat","Interest","System",124564.62,124564.62,"Success","Interest credited"
3908,"2022-07-30 22:25:53",120,"Nidhi Agarwal",100100000297,"Salary Account","SBI Kolkata Branch 42","Kolkata","Interest","System",122753.30,122753.30,"Success","Interest credited"
3909,"2026-05-25 04:50:19",83,"Nitin Verma",100100000286,"Salary Account","SBI Chennai Branch 40","Chennai","Transfer","ATM",27180.13,252584.74,"Success","Fund transfer"
3910,"2023-09-23 09:25:45",149,"Anjali Mishra",100100000270,"Student Account","SBI Kolkata Branch 42","Kolkata","Withdrawal","UPI",89154.09,491136.65,"Success","Cash withdrawal"
3911,"2025-08-10 13:37:41",100,"Pooja Mishra",100100000099,"Savings Account","SBI Noida Branch 28","Noida","Deposit","Cheque",140332.04,140332.04,"Success","Cash deposit"
3912,"2023-04-05 12:27:17",153,"Mohit Sinha",100100000152,"Student Account","SBI Nagpur Branch 31","Nagpur","Charge","System",294445.61,909930.89,"Pending","Service charge"
3913,"2023-05-21 23:22:05",183,"Neha Nair",100100000182,"Savings Account","SBI Hyderabad Branch 41","Hyderabad","Deposit","RTGS",431118.94,1141514.33,"Success","Cash deposit"
3914,"2025-03-31 10:12:05",186,"Neha Gupta",100100000185,"Senior Citizen Savings Account","SBI Bhopal Branch 35","Bhopal","Deposit","UPI",312558.72,312558.72,"Success","Cash deposit"
3915,"2022-02-06 08:14:33",16,"Amit Verma",100100000015,"Recurring Deposit Account","SBI Noida Branch 32","Noida","Interest","System",21613.25,1793299.47,"Success","Interest credited"
3916,"2025-07-18 17:27:24",102,"Asha Sinha",100100000101,"Student Account","SBI Bengaluru Branch 50","Bengaluru","Withdrawal","RTGS",245485.50,406101.79,"Success","Cash withdrawal"
3917,"2025-10-24 15:15:32",143,"Rohit Mishra",100100000252,"Recurring Deposit Account","SBI Gurugram Branch 49","Gurugram","Withdrawal","Cash",475114.20,0.00,"Success","Cash withdrawal"
3918,"2023-11-30 00:45:48",10,"Divya Patel",100100000009,"NRI Savings Account","SBI Nagpur Branch 34","Nagpur","Charge","ATM",140761.50,0.00,"Pending","Service charge"
3919,"2022-07-09 16:02:15",57,"Divya Chauhan",100100000056,"Savings Account","SBI Bengaluru Branch 50","Bengaluru","Interest","System",99509.40,99509.40,"Success","Interest credited"
3920,"2022-07-16 08:49:12",178,"Arjun Kumar",100100000208,"NRI Savings Account","SBI Gurugram Branch 49","Gurugram","Charge","System",288419.96,218610.39,"Success","Service charge"
3921,"2022-12-05 03:52:17",165,"Riya Kumar",100100000164,"Recurring Deposit Account","SBI Surat Branch 6","Surat","Transfer","RTGS",85017.45,107831.00,"Success","Fund transfer"
3922,"2024-08-19 22:06:13",175,"Pooja Jain",100100000174,"Fixed Deposit Account","SBI Pune Branch 11","Pune","Deposit","Cheque",457764.31,838422.70,"Success","Cash deposit"
3923,"2024-10-30 19:26:38",86,"Komal Verma",100100000276,"Savings Account","SBI Chandigarh Branch 5","Chandigarh","Withdrawal","UPI",38871.30,0.00,"Success","Cash withdrawal"
3924,"2025-09-05 01:38:17",189,"Rajesh Pandey",100100000254,"Fixed Deposit Account","SBI Kolkata Branch 42","Kolkata","Interest","System",369922.10,789470.46,"Success","Interest credited"
3925,"2023-09-15 13:05:43",61,"Sakshi Pandey",100100000224,"Savings Account","SBI Nagpur Branch 34","Nagpur","Transfer","RTGS",143163.43,202940.34,"Success","Fund transfer"
3926,"2024-06-13 06:03:41",100,"Pooja Mishra",100100000099,"Savings Account","SBI Noida Branch 28","Noida","Charge","ATM",358835.61,140332.04,"Pending","Service charge"
3927,"2025-05-07 11:19:22",98,"Suresh Sharma",100100000097,"Fixed Deposit Account","SBI Kolkata Branch 42","Kolkata","Charge","Cheque",252485.47,588279.25,"Success","Service charge"
3928,"2022-12-17 01:26:14",83,"Nitin Verma",100100000286,"Salary Account","SBI Chennai Branch 40","Chennai","Transfer","RTGS",111959.19,140625.55,"Success","Fund transfer"
3929,"2022-11-24 04:54:55",91,"Amit Chauhan",100100000090,"Salary Account","SBI Nagpur Branch 31","Nagpur","Withdrawal","NEFT",379342.30,0.00,"Success","Cash withdrawal"
3930,"2024-02-29 19:16:23",126,"Rahul Kumar",100100000125,"Current Account","SBI Chennai Branch 40","Chennai","Deposit","ATM",421647.28,1537666.29,"Success","Cash deposit"
3931,"2022-03-17 08:19:53",21,"Anjali Yadav",100100000020,"Student Account","SBI Lucknow Branch 19","Lucknow","Charge","Cheque",376110.19,127324.65,"Failed","Service charge"
3932,"2024-02-14 10:04:54",171,"Vikas Patel",100100000170,"Student Account","SBI Gurugram Branch 36","Gurugram","Withdrawal","Cheque",6187.58,344189.14,"Success","Cash withdrawal"
3933,"2023-09-09 18:06:06",75,"Neha Chauhan",100100000250,"Recurring Deposit Account","SBI Bengaluru Branch 7","Bengaluru","Charge","System",387971.60,221987.80,"Success","Service charge"
3934,"2023-05-17 22:36:33",16,"Amit Verma",100100000015,"Recurring Deposit Account","SBI Noida Branch 32","Noida","Interest","System",44963.31,1838262.78,"Success","Interest credited"
3935,"2022-09-24 15:23:21",185,"Rahul Kumar",100100000281,"Senior Citizen Savings Account","SBI Surat Branch 30","Surat","Withdrawal","ATM",14818.17,722250.13,"Success","Cash withdrawal"
3936,"2025-04-20 06:27:50",151,"Pooja Patel",100100000150,"Fixed Deposit Account","SBI Gurugram Branch 49","Gurugram","Deposit","Cash",249866.41,877130.53,"Success","Cash deposit"
3937,"2025-10-14 04:01:16",50,"Suresh Chauhan",100100000218,"Recurring Deposit Account","SBI Lucknow Branch 19","Lucknow","Interest","System",205958.14,205958.14,"Success","Interest credited"
3938,"2022-07-05 11:58:09",66,"Harsh Sinha",100100000065,"Recurring Deposit Account","SBI Bhubaneswar Branch 22","Bhubaneswar","Deposit","RTGS",111314.34,1103050.75,"Success","Cash deposit"
3939,"2025-11-02 21:55:32",42,"Pooja Gupta",100100000267,"Current Account","SBI Bengaluru Branch 38","Bengaluru","Interest","System",358810.16,358810.16,"Success","Interest credited"
3940,"2022-08-31 23:19:03",24,"Riya Patel",100100000023,"NRI Savings Account","SBI Nagpur Branch 34","Nagpur","Deposit","Cash",471109.04,1350667.04,"Success","Cash deposit"
3941,"2026-02-13 12:25:11",191,"Asha Sharma",100100000265,"Current Account","SBI Pune Branch 8","Pune","Deposit","Cheque",123961.28,1115801.51,"Success","Cash deposit"
3942,"2023-10-29 20:40:23",135,"Shreya Chauhan",100100000134,"Fixed Deposit Account","SBI Gurugram Branch 36","Gurugram","Charge","Cheque",290799.79,97704.30,"Success","Service charge"
3943,"2022-04-05 14:15:44",94,"Shreya Mishra",100100000093,"Savings Account","SBI Hyderabad Branch 41","Hyderabad","Interest","System",225265.89,225265.89,"Success","Interest credited"
3944,"2024-02-24 14:22:24",42,"Pooja Gupta",100100000211,"Current Account","SBI Chennai Branch 21","Chennai","Charge","ATM",66857.42,1158205.36,"Success","Service charge"
3945,"2022-03-02 22:55:14",46,"Priya Mishra",100100000045,"Current Account","SBI Bengaluru Branch 7","Bengaluru","Charge","Cheque",498512.44,64904.05,"Pending","Service charge"
3946,"2023-12-06 18:45:24",106,"Arjun Nair",100100000105,"Fixed Deposit Account","SBI Gurugram Branch 33","Gurugram","Charge","Cheque",169490.66,0.00,"Success","Service charge"
3947,"2023-04-18 21:26:05",98,"Suresh Sharma",100100000097,"Fixed Deposit Account","SBI Kolkata Branch 42","Kolkata","Transfer","RTGS",400700.84,187578.41,"Success","Fund transfer"
3948,"2022-01-19 07:33:30",47,"Priya Sharma",100100000046,"Savings Account","SBI Indore Branch 27","Indore","Deposit","UPI",20755.77,20755.77,"Success","Cash deposit"
3949,"2025-07-05 02:26:21",131,"Divya Yadav",100100000130,"Student Account","SBI Bhopal Branch 37","Bhopal","Withdrawal","ATM",36968.18,0.00,"Success","Cash withdrawal"
3950,"2026-03-10 17:54:50",194,"Harsh Agarwal",100100000257,"Current Account","SBI Delhi Branch 14","Delhi","Charge","System",423385.12,0.00,"Success","Service charge"
3951,"2023-03-01 05:56:30",85,"Kavita Nair",100100000084,"Current Account","SBI Bhubaneswar Branch 25","Bhubaneswar","Interest","System",69808.10,357276.74,"Failed","Interest credited"
3952,"2024-09-22 10:41:09",160,"Arjun Chauhan",100100000159,"Salary Account","SBI Bengaluru Branch 15","Bengaluru","Deposit","RTGS",327064.87,327064.87,"Success","Cash deposit"
3953,"2022-01-02 09:46:16",103,"Vikas Nair",100100000102,"Senior Citizen Savings Account","SBI Gurugram Branch 36","Gurugram","Transfer","Cheque",153442.67,657510.92,"Failed","Fund transfer"
3954,"2025-04-07 13:04:21",62,"Ritu Yadav",100100000061,"Recurring Deposit Account","SBI Noida Branch 2","Noida","Deposit","IMPS",219945.72,1536125.92,"Success","Cash deposit"
3955,"2023-11-06 22:05:15",192,"Deepak Reddy",100100000228,"Salary Account","SBI Kolkata Branch 42","Kolkata","Interest","System",51829.99,339527.85,"Success","Interest credited"
3956,"2025-02-08 21:04:53",143,"Rohit Mishra",100100000252,"Recurring Deposit Account","SBI Gurugram Branch 49","Gurugram","Withdrawal","UPI",146318.31,0.00,"Success","Cash withdrawal"
3957,"2024-12-25 10:38:27",136,"Priya Sharma",100100000135,"Savings Account","SBI Bhopal Branch 37","Bhopal","Withdrawal","NEFT",436620.34,0.00,"Success","Cash withdrawal"
3958,"2025-03-23 02:34:21",60,"Rahul Sinha",100100000059,"Savings Account","SBI Pune Branch 11","Pune","Charge","ATM",233045.81,1271227.38,"Success","Service charge"
3959,"2024-02-25 18:44:26",23,"Asha Agarwal",100100000022,"Student Account","SBI Bengaluru Branch 38","Bengaluru","Charge","ATM",159199.86,293417.73,"Success","Service charge"
3960,"2024-05-08 20:13:07",116,"Riya Sinha",100100000201,"Salary Account","SBI Bengaluru Branch 7","Bengaluru","Transfer","IMPS",223972.07,228284.86,"Success","Fund transfer"
3961,"2024-12-20 10:49:05",127,"Anjali Verma",100100000126,"Salary Account","SBI Ahmedabad Branch 24","Ahmedabad","Charge","System",405091.78,77276.54,"Pending","Service charge"
3962,"2022-04-16 01:36:47",133,"Priya Patel",100100000283,"NRI Savings Account","SBI Delhi Branch 13","Delhi","Charge","ATM",466161.18,0.00,"Success","Service charge"
3963,"2024-10-02 16:59:30",37,"Neha Pandey",100100000036,"Student Account","SBI Bengaluru Branch 50","Bengaluru","Charge","ATM",39473.32,663057.61,"Success","Service charge"
3964,"2025-02-22 02:20:50",193,"Vikas Verma",100100000242,"Student Account","SBI Surat Branch 6","Surat","Transfer","RTGS",161478.84,513316.93,"Success","Fund transfer"
3965,"2026-04-15 03:38:31",124,"Asha Sinha",100100000214,"Student Account","SBI Gurugram Branch 45","Gurugram","Transfer","Cheque",74840.88,614777.05,"Success","Fund transfer"
3966,"2023-11-20 03:41:47",182,"Komal Gupta",100100000181,"Savings Account","SBI Surat Branch 30","Surat","Transfer","UPI",97247.51,469760.77,"Success","Fund transfer"
3967,"2024-09-29 18:04:41",161,"Riya Singh",100100000160,"Savings Account","SBI Pune Branch 1","Pune","Deposit","Cheque",171356.23,661845.94,"Success","Cash deposit"
3968,"2024-07-20 06:19:22",10,"Divya Patel",100100000009,"NRI Savings Account","SBI Nagpur Branch 34","Nagpur","Transfer","ATM",157279.64,0.00,"Success","Fund transfer"
3969,"2024-05-25 22:42:54",161,"Riya Singh",100100000253,"Senior Citizen Savings Account","SBI Chennai Branch 40","Chennai","Withdrawal","Cheque",373815.49,621438.09,"Success","Cash withdrawal"
3970,"2023-02-13 10:31:50",14,"Sneha Nair",100100000013,"Fixed Deposit Account","SBI Nagpur Branch 34","Nagpur","Deposit","IMPS",26513.05,620912.00,"Success","Cash deposit"
3971,"2022-02-06 06:48:13",78,"Sneha Verma",100100000216,"Savings Account","SBI Bengaluru Branch 15","Bengaluru","Interest","System",292339.16,346622.56,"Success","Interest credited"
3972,"2025-06-18 05:21:21",192,"Deepak Reddy",100100000191,"Salary Account","SBI Bengaluru Branch 38","Bengaluru","Withdrawal","ATM",336837.45,0.00,"Pending","Cash withdrawal"
3973,"2026-06-26 18:17:01",51,"Rohit Yadav",100100000262,"Current Account","SBI Surat Branch 3","Surat","Withdrawal","RTGS",21202.42,248275.36,"Success","Cash withdrawal"
3974,"2025-07-03 05:40:08",168,"Meena Gupta",100100000289,"Senior Citizen Savings Account","SBI Gurugram Branch 48","Gurugram","Transfer","Cash",254315.11,33637.36,"Success","Fund transfer"
3975,"2026-05-07 19:30:22",192,"Deepak Reddy",100100000191,"Salary Account","SBI Bengaluru Branch 38","Bengaluru","Charge","ATM",182319.68,0.00,"Success","Service charge"
3976,"2025-06-04 19:07:50",22,"Asha Pandey",100100000021,"Student Account","SBI Gurugram Branch 33","Gurugram","Charge","System",1776.11,968863.88,"Success","Service charge"
3977,"2025-01-25 21:49:46",86,"Komal Verma",100100000276,"Savings Account","SBI Chandigarh Branch 5","Chandigarh","Interest","System",10806.71,10806.71,"Success","Interest credited"
3978,"2023-08-12 01:21:59",191,"Asha Sharma",100100000190,"Current Account","SBI Nagpur Branch 34","Nagpur","Deposit","NEFT",278936.24,278936.24,"Success","Cash deposit"
3979,"2025-09-05 06:50:31",1,"Vivek Yadav",100100000000,"Savings Account","SBI Patna Branch 17","Patna","Withdrawal","NEFT",293979.10,205940.79,"Success","Cash withdrawal"
3980,"2024-08-13 11:13:13",28,"Nitin Reddy",100100000027,"Savings Account","SBI Gurugram Branch 45","Gurugram","Interest","System",375884.64,946414.38,"Success","Interest credited"
3981,"2023-09-05 03:40:14",45,"Vikas Patel",100100000044,"Fixed Deposit Account","SBI Noida Branch 47","Noida","Deposit","Cheque",214555.60,214555.60,"Success","Cash deposit"
3982,"2024-01-14 00:50:44",171,"Vikas Patel",100100000170,"Student Account","SBI Gurugram Branch 36","Gurugram","Withdrawal","UPI",249847.55,94341.59,"Success","Cash withdrawal"
3983,"2026-03-29 09:11:45",77,"Anjali Mishra",100100000076,"Savings Account","SBI Gurugram Branch 33","Gurugram","Charge","System",175848.96,883.82,"Success","Service charge"
3984,"2022-07-07 01:20:09",55,"Vikas Kumar",100100000054,"Fixed Deposit Account","SBI Gurugram Branch 45","Gurugram","Withdrawal","ATM",135583.79,0.00,"Success","Cash withdrawal"
3985,"2026-02-02 18:59:16",57,"Divya Chauhan",100100000056,"Savings Account","SBI Bengaluru Branch 50","Bengaluru","Deposit","IMPS",320634.38,99509.40,"Failed","Cash deposit"
3986,"2022-08-24 00:27:53",124,"Asha Sinha",100100000123,"Student Account","SBI Lucknow Branch 12","Lucknow","Transfer","ATM",4275.35,888599.79,"Success","Fund transfer"
3987,"2025-09-13 18:57:10",179,"Ritu Mishra",100100000260,"Savings Account","SBI Bengaluru Branch 16","Bengaluru","Deposit","Cash",136849.43,136849.43,"Success","Cash deposit"
3988,"2024-03-28 08:25:29",137,"Priya Pandey",100100000246,"NRI Savings Account","SBI Chennai Branch 21","Chennai","Interest","System",283475.81,922108.91,"Success","Interest credited"
3989,"2026-06-09 04:47:14",50,"Suresh Chauhan",100100000218,"Recurring Deposit Account","SBI Lucknow Branch 19","Lucknow","Withdrawal","IMPS",448872.04,0.00,"Success","Cash withdrawal"
3990,"2025-04-10 03:58:31",126,"Rahul Kumar",100100000125,"Current Account","SBI Chennai Branch 40","Chennai","Withdrawal","RTGS",1551.75,1536114.54,"Success","Cash withdrawal"
3991,"2025-08-08 00:13:52",188,"Nitin Jain",100100000266,"Current Account","SBI Nagpur Branch 31","Nagpur","Transfer","NEFT",207552.17,607708.35,"Success","Fund transfer"
3992,"2022-12-31 03:36:25",36,"Sakshi Agarwal",100100000035,"Savings Account","SBI Chennai Branch 40","Chennai","Charge","ATM",337206.07,0.00,"Success","Service charge"
3993,"2023-05-03 08:35:49",191,"Asha Sharma",100100000248,"Student Account","SBI Bengaluru Branch 15","Bengaluru","Withdrawal","Cash",44057.08,0.00,"Success","Cash withdrawal"
3994,"2025-05-30 17:42:28",16,"Amit Verma",100100000015,"Recurring Deposit Account","SBI Noida Branch 32","Noida","Withdrawal","RTGS",157184.06,1681078.72,"Success","Cash withdrawal"
3995,"2023-03-06 23:07:04",131,"Divya Yadav",100100000258,"Savings Account","SBI Surat Branch 3","Surat","Withdrawal","UPI",477294.96,0.00,"Success","Cash withdrawal"
3996,"2026-02-01 10:42:20",59,"Nitin Nair",100100000058,"Recurring Deposit Account","SBI Surat Branch 6","Surat","Charge","System",246536.78,0.00,"Success","Service charge"
3997,"2026-01-09 21:33:50",47,"Priya Sharma",100100000219,"NRI Savings Account","SBI Chandigarh Branch 5","Chandigarh","Charge","ATM",355010.64,0.00,"Success","Service charge"
3998,"2026-05-18 11:03:35",175,"Pooja Jain",100100000174,"Fixed Deposit Account","SBI Pune Branch 11","Pune","Withdrawal","UPI",278111.37,560311.33,"Success","Cash withdrawal"
3999,"2022-12-27 06:11:36",187,"Karan Chauhan",100100000186,"Savings Account","SBI Chandigarh Branch 5","Chandigarh","Interest","System",22023.84,652605.94,"Success","Interest credited"
4000,"2026-01-18 01:04:45",90,"Sakshi Jain",100100000089,"Current Account","SBI Surat Branch 44","Surat","Transfer","NEFT",278478.44,0.00,"Success","Fund transfer"
4001,"2026-03-02 21:15:02",10,"Divya Patel",100100000009,"NRI Savings Account","SBI Nagpur Branch 34","Nagpur","Deposit","ATM",109444.03,109444.03,"Success","Cash deposit"
4002,"2025-10-29 04:26:04",192,"Deepak Reddy",100100000191,"Salary Account","SBI Bengaluru Branch 38","Bengaluru","Deposit","Cash",262303.64,262303.64,"Success","Cash deposit"
4003,"2023-05-07 14:10:41",92,"Ritu Chauhan",100100000249,"NRI Savings Account","SBI Pune Branch 43","Pune","Interest","System",489358.89,885656.95,"Success","Interest credited"
4004,"2025-09-30 13:30:57",45,"Vikas Patel",100100000044,"Fixed Deposit Account","SBI Noida Branch 47","Noida","Interest","System",361092.92,575648.52,"Success","Interest credited"
4005,"2024-06-24 08:34:51",55,"Vikas Kumar",100100000261,"Salary Account","SBI Gurugram Branch 33","Gurugram","Withdrawal","RTGS",321505.14,0.00,"Success","Cash withdrawal"
4006,"2025-09-06 15:36:45",167,"Mohit Jain",100100000230,"Recurring Deposit Account","SBI Bengaluru Branch 7","Bengaluru","Deposit","Cheque",84981.69,659995.29,"Success","Cash deposit"
4007,"2023-09-19 06:13:52",176,"Rohit Sharma",100100000213,"Fixed Deposit Account","SBI Lucknow Branch 19","Lucknow","Deposit","Cash",407018.67,490941.33,"Pending","Cash deposit"
4008,"2024-09-14 05:20:15",115,"Nidhi Agarwal",100100000233,"Salary Account","SBI Gurugram Branch 49","Gurugram","Transfer","NEFT",334307.16,285833.58,"Success","Fund transfer"
4009,"2026-01-03 20:12:37",129,"Priya Gupta",100100000128,"NRI Savings Account","SBI Noida Branch 47","Noida","Deposit","ATM",4843.44,949965.85,"Success","Cash deposit"
4010,"2022-04-17 19:44:07",86,"Komal Verma",100100000085,"Savings Account","SBI Noida Branch 18","Noida","Interest","System",134007.00,516636.21,"Success","Interest credited"
4011,"2026-04-03 03:53:36",177,"Riya Verma",100100000176,"Salary Account","SBI Bhubaneswar Branch 25","Bhubaneswar","Interest","System",197704.85,908434.64,"Success","Interest credited"
4012,"2023-06-27 19:44:12",133,"Priya Patel",100100000283,"NRI Savings Account","SBI Delhi Branch 13","Delhi","Interest","System",158415.75,158415.75,"Success","Interest credited"
4013,"2025-05-27 14:57:31",191,"Asha Sharma",100100000248,"Student Account","SBI Bengaluru Branch 15","Bengaluru","Charge","Cheque",57576.07,0.00,"Success","Service charge"
4014,"2025-10-15 21:49:46",146,"Manish Agarwal",100100000145,"NRI Savings Account","SBI Bengaluru Branch 7","Bengaluru","Transfer","UPI",215448.28,697905.76,"Success","Fund transfer"
4015,"2025-08-23 05:44:36",13,"Nitin Yadav",100100000012,"Recurring Deposit Account","SBI Bengaluru Branch 16","Bengaluru","Withdrawal","Cash",218926.77,0.00,"Success","Cash withdrawal"
4016,"2024-09-03 19:26:22",172,"Komal Patel",100100000171,"Salary Account","SBI Kochi Branch 46","Kochi","Charge","System",306629.74,467498.04,"Success","Service charge"
4017,"2022-12-11 19:15:17",2,"Neha Gupta",100100000001,"NRI Savings Account","SBI Bhubaneswar Branch 22","Bhubaneswar","Withdrawal","NEFT",101094.03,840994.65,"Success","Cash withdrawal"
4018,"2025-01-28 23:41:10",177,"Riya Verma",100100000176,"Salary Account","SBI Bhubaneswar Branch 25","Bhubaneswar","Withdrawal","IMPS",325875.78,908434.64,"Failed","Cash withdrawal"
4019,"2024-04-03 00:21:43",182,"Komal Gupta",100100000255,"Salary Account","SBI Noida Branch 18","Noida","Charge","System",133478.38,444785.40,"Failed","Service charge"
4020,"2024-12-23 21:39:04",27,"Sakshi Sinha",100100000026,"Student Account","SBI Bhopal Branch 37","Bhopal","Charge","Cheque",88466.59,411382.06,"Success","Service charge"
4021,"2023-09-05 12:36:56",69,"Ritu Pandey",100100000068,"NRI Savings Account","SBI Surat Branch 30","Surat","Charge","Cheque",220281.10,0.00,"Success","Service charge"
4022,"2024-01-23 01:56:21",88,"Arjun Kumar",100100000087,"Senior Citizen Savings Account","SBI Gurugram Branch 49","Gurugram","Interest","System",27250.01,0.00,"Failed","Interest credited"
4023,"2024-10-16 13:48:46",106,"Arjun Nair",100100000232,"Student Account","SBI Hyderabad Branch 41","Hyderabad","Withdrawal","UPI",121665.88,482691.66,"Success","Cash withdrawal"
4024,"2024-05-24 06:55:43",112,"Mohit Mishra",100100000111,"Salary Account","SBI Surat Branch 30","Surat","Transfer","UPI",373802.17,0.00,"Success","Fund transfer"
4025,"2022-05-11 05:13:00",95,"Rahul Kumar",100100000094,"Savings Account","SBI Bhubaneswar Branch 25","Bhubaneswar","Deposit","Cash",307399.40,307399.40,"Success","Cash deposit"
4026,"2026-06-01 10:30:47",144,"Rahul Mishra",100100000143,"NRI Savings Account","SBI Surat Branch 6","Surat","Withdrawal","IMPS",109176.26,0.00,"Success","Cash withdrawal"
4027,"2024-10-11 20:58:42",178,"Arjun Kumar",100100000227,"Current Account","SBI Kolkata Branch 42","Kolkata","Transfer","IMPS",224718.19,114156.60,"Success","Fund transfer"
4028,"2025-04-22 16:31:41",3,"Amit Kumar",100100000002,"Savings Account","SBI Kolkata Branch 42","Kolkata","Interest","System",283279.63,1006997.56,"Success","Interest credited"
4029,"2024-11-29 17:29:06",30,"Vikas Gupta",100100000221,"Savings Account","SBI Noida Branch 2","Noida","Charge","System",416432.29,0.00,"Success","Service charge"
4030,"2025-04-17 11:13:04",77,"Anjali Mishra",100100000237,"Savings Account","SBI Kochi Branch 46","Kochi","Deposit","ATM",458374.96,467971.25,"Failed","Cash deposit"
4031,"2022-01-03 03:53:04",77,"Anjali Mishra",100100000237,"Savings Account","SBI Kochi Branch 46","Kochi","Charge","ATM",244568.17,223403.08,"Success","Service charge"
4032,"2023-09-26 15:14:43",122,"Ritu Pandey",100100000121,"Student Account","SBI Lucknow Branch 19","Lucknow","Deposit","IMPS",237403.92,255034.60,"Success","Cash deposit"
4033,"2025-07-03 21:00:52",37,"Neha Pandey",100100000036,"Student Account","SBI Bengaluru Branch 50","Bengaluru","Transfer","IMPS",298891.27,364166.34,"Success","Fund transfer"
4034,"2025-06-27 10:39:17",9,"Rohit Chauhan",100100000008,"Savings Account","SBI Surat Branch 4","Surat","Deposit","ATM",468100.84,485282.86,"Pending","Cash deposit"
4035,"2022-04-17 13:13:23",4,"Ankit Chauhan",100100000003,"Fixed Deposit Account","SBI Pune Branch 11","Pune","Withdrawal","NEFT",434093.59,46328.17,"Success","Cash withdrawal"
4036,"2025-12-21 15:38:29",25,"Riya Reddy",100100000024,"Savings Account","SBI Gurugram Branch 33","Gurugram","Transfer","Cash",175595.38,0.00,"Success","Fund transfer"
4037,"2022-06-21 17:26:30",9,"Rohit Chauhan",100100000008,"Savings Account","SBI Surat Branch 4","Surat","Interest","System",431103.41,916386.27,"Success","Interest credited"
4038,"2024-12-05 23:24:46",200,"Harsh Mishra",100100000225,"Salary Account","SBI Gurugram Branch 36","Gurugram","Charge","Cheque",262144.81,0.00,"Success","Service charge"
4039,"2022-02-24 00:21:39",25,"Riya Reddy",100100000024,"Savings Account","SBI Gurugram Branch 33","Gurugram","Deposit","UPI",51414.56,51414.56,"Success","Cash deposit"
4040,"2023-01-13 12:34:55",15,"Riya Yadav",100100000014,"Salary Account","SBI Surat Branch 44","Surat","Withdrawal","IMPS",57993.15,88911.58,"Success","Cash withdrawal"
4041,"2023-11-27 08:34:59",76,"Harsh Kumar",100100000075,"Savings Account","SBI Delhi Branch 13","Delhi","Transfer","RTGS",435775.50,0.00,"Success","Fund transfer"
4042,"2022-04-26 22:29:02",17,"Komal Patel",100100000016,"Student Account","SBI Chennai Branch 40","Chennai","Interest","System",350901.98,350901.98,"Success","Interest credited"
4043,"2023-04-28 17:21:31",77,"Anjali Mishra",100100000243,"Savings Account","SBI Kolkata Branch 42","Kolkata","Charge","Cheque",165377.45,294635.24,"Success","Service charge"
4044,"2023-10-02 11:27:41",131,"Divya Yadav",100100000258,"Savings Account","SBI Surat Branch 3","Surat","Withdrawal","UPI",399546.56,0.00,"Success","Cash withdrawal"
4045,"2025-02-09 16:32:55",176,"Rohit Sharma",100100000175,"Savings Account","SBI Noida Branch 47","Noida","Withdrawal","UPI",8251.30,505969.25,"Success","Cash withdrawal"
4046,"2026-03-14 03:29:41",142,"Rahul Sinha",100100000141,"Salary Account","SBI Pune Branch 43","Pune","Withdrawal","IMPS",60561.25,8994.10,"Success","Cash withdrawal"
4047,"2026-03-26 03:55:54",72,"Anjali Singh",100100000217,"Savings Account","SBI Bengaluru Branch 38","Bengaluru","Interest","System",429089.31,726019.53,"Success","Interest credited"
4048,"2025-10-07 04:51:45",32,"Ankit Reddy",100100000031,"Recurring Deposit Account","SBI Bengaluru Branch 7","Bengaluru","Interest","System",208133.33,536448.26,"Success","Interest credited"
4049,"2022-03-12 04:56:45",191,"Asha Sharma",100100000265,"Current Account","SBI Pune Branch 8","Pune","Withdrawal","RTGS",102193.51,1013608.00,"Success","Cash withdrawal"
4050,"2026-05-29 19:11:17",81,"Karan Reddy",100100000080,"Recurring Deposit Account","SBI Lucknow Branch 19","Lucknow","Transfer","RTGS",433194.06,993793.23,"Success","Fund transfer"
4051,"2022-02-15 14:41:53",88,"Arjun Kumar",100100000273,"NRI Savings Account","SBI Bengaluru Branch 50","Bengaluru","Withdrawal","ATM",315685.43,422422.32,"Success","Cash withdrawal"
4052,"2024-07-17 22:25:04",5,"Amit Reddy",100100000234,"Savings Account","SBI Surat Branch 29","Surat","Interest","System",194942.07,711881.44,"Success","Interest credited"
4053,"2025-01-09 21:33:13",50,"Suresh Chauhan",100100000049,"Current Account","SBI Bhubaneswar Branch 22","Bhubaneswar","Deposit","NEFT",258039.94,510374.66,"Success","Cash deposit"
4054,"2024-11-12 08:14:20",159,"Kavita Singh",100100000158,"Savings Account","SBI Noida Branch 32","Noida","Charge","System",214532.86,156708.79,"Success","Service charge"
4055,"2022-08-05 14:30:31",11,"Komal Pandey",100100000010,"Savings Account","SBI Surat Branch 29","Surat","Transfer","Cash",45980.88,814241.53,"Success","Fund transfer"
4056,"2024-05-23 17:50:42",78,"Sneha Verma",100100000216,"Savings Account","SBI Bengaluru Branch 15","Bengaluru","Withdrawal","UPI",108671.61,237950.95,"Success","Cash withdrawal"
4057,"2025-05-03 04:17:38",151,"Pooja Patel",100100000150,"Fixed Deposit Account","SBI Gurugram Branch 49","Gurugram","Charge","ATM",433533.40,443597.13,"Success","Service charge"
4058,"2024-08-15 05:28:36",188,"Nitin Jain",100100000187,"Recurring Deposit Account","SBI Patna Branch 9","Patna","Charge","ATM",351927.41,331406.42,"Success","Service charge"
4059,"2025-11-18 16:47:17",119,"Meena Yadav",100100000118,"Salary Account","SBI Pune Branch 11","Pune","Transfer","RTGS",122513.99,742843.50,"Success","Fund transfer"
4060,"2025-03-01 14:11:36",171,"Vikas Patel",100100000263,"Salary Account","SBI Bengaluru Branch 16","Bengaluru","Charge","Cheque",493819.94,0.00,"Success","Service charge"
4061,"2023-05-04 11:40:32",189,"Rajesh Pandey",100100000254,"Fixed Deposit Account","SBI Kolkata Branch 42","Kolkata","Deposit","NEFT",261930.29,1051400.75,"Success","Cash deposit"
4062,"2024-05-31 00:46:49",3,"Amit Kumar",100100000240,"Savings Account","SBI Bhubaneswar Branch 25","Bhubaneswar","Withdrawal","Cash",485971.28,286698.29,"Success","Cash withdrawal"
4063,"2023-01-22 18:05:53",134,"Nitin Sharma",100100000133,"Savings Account","SBI Bengaluru Branch 50","Bengaluru","Charge","ATM",21328.96,0.00,"Success","Service charge"
4064,"2025-09-16 21:25:25",177,"Riya Verma",100100000176,"Salary Account","SBI Bhubaneswar Branch 25","Bhubaneswar","Deposit","IMPS",386628.38,1295063.02,"Success","Cash deposit"
4065,"2025-07-12 10:17:51",178,"Arjun Kumar",100100000177,"Savings Account","SBI Lucknow Branch 12","Lucknow","Transfer","Cheque",123951.54,357649.95,"Success","Fund transfer"
4066,"2023-08-07 11:12:57",170,"Manish Verma",100100000271,"Current Account","SBI Bhopal Branch 23","Bhopal","Withdrawal","IMPS",215312.11,580333.27,"Pending","Cash withdrawal"
4067,"2025-07-05 15:47:21",121,"Manish Agarwal",100100000120,"Savings Account","SBI Indore Branch 27","Indore","Charge","System",198359.23,0.00,"Success","Service charge"
4068,"2023-10-27 03:53:03",178,"Arjun Kumar",100100000208,"NRI Savings Account","SBI Gurugram Branch 49","Gurugram","Charge","ATM",55772.98,162837.41,"Success","Service charge"
4069,"2023-06-08 01:29:25",38,"Neha Patel",100100000037,"Student Account","SBI Bengaluru Branch 7","Bengaluru","Withdrawal","RTGS",217653.12,1343785.08,"Success","Cash withdrawal"
4070,"2025-05-13 17:14:46",113,"Manish Yadav",100100000112,"Senior Citizen Savings Account","SBI Surat Branch 4","Surat","Withdrawal","NEFT",309166.05,0.00,"Success","Cash withdrawal"
4071,"2023-10-25 01:39:07",178,"Arjun Kumar",100100000227,"Current Account","SBI Kolkata Branch 42","Kolkata","Withdrawal","Cash",375201.68,0.00,"Success","Cash withdrawal"
4072,"2022-01-26 19:29:05",88,"Arjun Kumar",100100000273,"NRI Savings Account","SBI Bengaluru Branch 50","Bengaluru","Transfer","IMPS",120342.08,302080.24,"Success","Fund transfer"
4073,"2026-04-23 21:26:17",156,"Shreya Yadav",100100000272,"NRI Savings Account","SBI Indore Branch 27","Indore","Transfer","RTGS",295581.86,0.00,"Success","Fund transfer"
4074,"2022-05-02 01:45:17",61,"Sakshi Pandey",100100000224,"Savings Account","SBI Nagpur Branch 34","Nagpur","Deposit","IMPS",75061.85,278002.19,"Success","Cash deposit"
4075,"2022-05-27 09:57:26",62,"Ritu Yadav",100100000280,"Recurring Deposit Account","SBI Nagpur Branch 31","Nagpur","Charge","Cheque",309669.14,640048.87,"Success","Service charge"
4076,"2025-05-10 05:39:54",131,"Divya Yadav",100100000258,"Savings Account","SBI Surat Branch 3","Surat","Deposit","RTGS",430049.40,430049.40,"Success","Cash deposit"
4077,"2025-10-04 23:55:42",191,"Asha Sharma",100100000295,"Senior Citizen Savings Account","SBI Gurugram Branch 36","Gurugram","Interest","System",40661.96,446358.87,"Success","Interest credited"
4078,"2022-05-07 02:58:51",41,"Vivek Patel",100100000040,"Recurring Deposit Account","SBI Ahmedabad Branch 24","Ahmedabad","Transfer","UPI",206263.02,784773.05,"Success","Fund transfer"
4079,"2024-08-15 13:41:25",85,"Kavita Nair",100100000084,"Current Account","SBI Bhubaneswar Branch 25","Bhubaneswar","Deposit","RTGS",228092.54,585369.28,"Success","Cash deposit"
4080,"2024-05-20 01:32:34",109,"Kavita Jain",100100000108,"Recurring Deposit Account","SBI Ahmedabad Branch 24","Ahmedabad","Deposit","ATM",396570.80,533913.04,"Pending","Cash deposit"
4081,"2025-04-04 01:55:18",140,"Arjun Sinha",100100000139,"Savings Account","SBI Bengaluru Branch 16","Bengaluru","Withdrawal","Cash",197210.54,426080.47,"Success","Cash withdrawal"
4082,"2025-02-15 18:57:21",167,"Mohit Jain",100100000230,"Recurring Deposit Account","SBI Bengaluru Branch 7","Bengaluru","Withdrawal","Cheque",15457.50,644537.79,"Success","Cash withdrawal"
4083,"2025-06-08 05:21:35",55,"Vikas Kumar",100100000054,"Fixed Deposit Account","SBI Gurugram Branch 45","Gurugram","Deposit","UPI",297251.43,297251.43,"Success","Cash deposit"
4084,"2025-06-29 11:21:57",55,"Vikas Kumar",100100000261,"Salary Account","SBI Gurugram Branch 33","Gurugram","Withdrawal","IMPS",191847.81,0.00,"Pending","Cash withdrawal"
4085,"2025-11-11 19:28:22",77,"Anjali Mishra",100100000076,"Savings Account","SBI Gurugram Branch 33","Gurugram","Transfer","Cheque",498349.48,0.00,"Success","Fund transfer"
4086,"2026-05-14 18:01:49",107,"Nitin Chauhan",100100000209,"Senior Citizen Savings Account","SBI Bengaluru Branch 7","Bengaluru","Transfer","RTGS",309040.77,0.00,"Success","Fund transfer"
4087,"2025-09-07 10:29:50",192,"Deepak Reddy",100100000228,"Salary Account","SBI Kolkata Branch 42","Kolkata","Transfer","IMPS",460164.15,0.00,"Success","Fund transfer"
4088,"2023-10-28 19:18:15",195,"Amit Agarwal",100100000194,"Savings Account","SBI Surat Branch 3","Surat","Deposit","RTGS",346658.40,470140.04,"Success","Cash deposit"
4089,"2022-03-19 15:28:57",148,"Harsh Sharma",100100000147,"NRI Savings Account","SBI Lucknow Branch 12","Lucknow","Interest","System",421398.07,421398.07,"Success","Interest credited"
4090,"2024-07-19 23:56:17",175,"Pooja Jain",100100000174,"Fixed Deposit Account","SBI Pune Branch 11","Pune","Charge","Cheque",221625.22,560311.33,"Pending","Service charge"
4091,"2023-03-07 17:40:36",154,"Vikas Sharma",100100000153,"Savings Account","SBI Noida Branch 32","Noida","Charge","Cheque",496506.75,0.00,"Success","Service charge"
4092,"2022-12-08 09:16:55",53,"Arjun Jain",100100000052,"Student Account","SBI Delhi Branch 13","Delhi","Deposit","UPI",163151.71,1053680.90,"Success","Cash deposit"
4093,"2026-01-17 06:45:46",87,"Rajesh Agarwal",100100000086,"Savings Account","SBI Chennai Branch 40","Chennai","Charge","ATM",47141.41,630372.38,"Pending","Service charge"
4094,"2024-07-07 22:24:06",101,"Rohit Yadav",100100000100,"Senior Citizen Savings Account","SBI Bengaluru Branch 38","Bengaluru","Withdrawal","Cash",149771.03,0.00,"Failed","Cash withdrawal"
4095,"2022-02-08 15:54:55",149,"Anjali Mishra",100100000148,"Student Account","SBI Bengaluru Branch 7","Bengaluru","Withdrawal","ATM",120779.66,239007.49,"Success","Cash withdrawal"
4096,"2023-11-15 04:18:09",163,"Anjali Gupta",100100000212,"Current Account","SBI Delhi Branch 14","Delhi","Charge","System",383113.64,0.00,"Success","Service charge"
4097,"2024-05-01 05:26:50",130,"Pooja Pandey",100100000129,"Salary Account","SBI Noida Branch 47","Noida","Interest","System",135951.52,1131177.64,"Failed","Interest credited"
4098,"2022-10-02 18:37:18",40,"Sneha Nair",100100000039,"Salary Account","SBI Pune Branch 11","Pune","Transfer","Cash",460088.22,0.00,"Success","Fund transfer"
4099,"2023-06-02 07:11:33",98,"Suresh Sharma",100100000097,"Fixed Deposit Account","SBI Kolkata Branch 42","Kolkata","Interest","System",294110.04,481688.45,"Success","Interest credited"
4100,"2026-07-03 06:13:09",96,"Manish Yadav",100100000095,"Student Account","SBI Bengaluru Branch 7","Bengaluru","Deposit","NEFT",271363.88,744168.63,"Success","Cash deposit"
4101,"2026-04-30 11:20:05",156,"Shreya Yadav",100100000155,"Recurring Deposit Account","SBI Bhubaneswar Branch 22","Bhubaneswar","Charge","ATM",109778.67,78003.91,"Success","Service charge"
4102,"2026-04-30 15:45:03",54,"Meena Singh",100100000053,"Senior Citizen Savings Account","SBI Pune Branch 11","Pune","Interest","System",441436.07,1077015.94,"Success","Interest credited"
4103,"2026-04-18 07:23:56",111,"Shreya Singh",100100000204,"Savings Account","SBI Bengaluru Branch 7","Bengaluru","Charge","ATM",280295.98,598938.19,"Success","Service charge"
4104,"2023-07-23 10:32:02",75,"Neha Chauhan",100100000250,"Recurring Deposit Account","SBI Bengaluru Branch 7","Bengaluru","Charge","ATM",228691.69,0.00,"Success","Service charge"
4105,"2023-09-22 13:55:40",55,"Vikas Kumar",100100000229,"Savings Account","SBI Patna Branch 17","Patna","Transfer","NEFT",78918.40,416636.19,"Failed","Fund transfer"
4106,"2024-10-10 10:11:45",158,"Suresh Verma",100100000157,"Senior Citizen Savings Account","SBI Surat Branch 29","Surat","Deposit","Cash",80036.45,106797.00,"Success","Cash deposit"
4107,"2025-07-20 17:16:56",86,"Komal Verma",100100000085,"Savings Account","SBI Noida Branch 18","Noida","Deposit","ATM",101388.81,618025.02,"Success","Cash deposit"
4108,"2024-11-22 13:06:41",5,"Amit Reddy",100100000004,"Salary Account","SBI Bhopal Branch 39","Bhopal","Withdrawal","IMPS",283663.04,0.00,"Failed","Cash withdrawal"
4109,"2022-11-26 12:21:06",42,"Pooja Gupta",100100000267,"Current Account","SBI Bengaluru Branch 38","Bengaluru","Withdrawal","RTGS",371756.02,0.00,"Success","Cash withdrawal"
4110,"2023-04-27 01:56:02",167,"Mohit Jain",100100000230,"Recurring Deposit Account","SBI Bengaluru Branch 7","Bengaluru","Withdrawal","UPI",193995.13,450542.66,"Success","Cash withdrawal"
4111,"2024-05-22 06:23:43",146,"Manish Agarwal",100100000145,"NRI Savings Account","SBI Bengaluru Branch 7","Bengaluru","Transfer","UPI",251876.88,446028.88,"Success","Fund transfer"
4112,"2024-01-11 21:23:12",191,"Asha Sharma",100100000190,"Current Account","SBI Nagpur Branch 34","Nagpur","Charge","ATM",404093.35,0.00,"Success","Service charge"
4113,"2026-05-02 09:26:55",113,"Manish Yadav",100100000238,"Senior Citizen Savings Account","SBI Surat Branch 6","Surat","Withdrawal","IMPS",253148.16,509865.58,"Success","Cash withdrawal"
4114,"2022-08-16 02:22:12",147,"Nitin Jain",100100000146,"Student Account","SBI Kochi Branch 46","Kochi","Transfer","Cash",129087.58,0.00,"Success","Fund transfer"
4115,"2022-10-14 04:31:15",40,"Sneha Nair",100100000039,"Salary Account","SBI Pune Branch 11","Pune","Charge","System",355753.87,0.00,"Success","Service charge"
4116,"2022-12-05 17:55:37",65,"Amit Sharma",100100000064,"Recurring Deposit Account","SBI Gurugram Branch 45","Gurugram","Interest","System",2021.05,428580.62,"Success","Interest credited"
4117,"2026-04-20 00:02:48",2,"Neha Gupta",100100000001,"NRI Savings Account","SBI Bhubaneswar Branch 22","Bhubaneswar","Charge","System",150907.00,690087.65,"Success","Service charge"
4118,"2022-01-07 17:50:18",13,"Nitin Yadav",100100000012,"Recurring Deposit Account","SBI Bengaluru Branch 16","Bengaluru","Deposit","UPI",166668.83,166668.83,"Success","Cash deposit"
4119,"2022-11-06 03:40:51",182,"Komal Gupta",100100000255,"Salary Account","SBI Noida Branch 18","Noida","Deposit","UPI",374167.53,818952.93,"Success","Cash deposit"
4120,"2024-11-05 04:57:52",158,"Suresh Verma",100100000157,"Senior Citizen Savings Account","SBI Surat Branch 29","Surat","Deposit","Cash",41218.69,148015.69,"Success","Cash deposit"
4121,"2022-12-24 04:42:30",194,"Harsh Agarwal",100100000257,"Current Account","SBI Delhi Branch 14","Delhi","Charge","ATM",198628.13,0.00,"Success","Service charge"
4122,"2022-07-21 18:20:59",182,"Komal Gupta",100100000181,"Savings Account","SBI Surat Branch 30","Surat","Interest","System",129865.16,599625.93,"Success","Interest credited"
4123,"2024-01-14 16:09:06",67,"Pooja Kumar",100100000066,"NRI Savings Account","SBI Chandigarh Branch 5","Chandigarh","Interest","System",362554.12,788878.41,"Success","Interest credited"
4124,"2024-10-14 04:08:14",144,"Rahul Mishra",100100000143,"NRI Savings Account","SBI Surat Branch 6","Surat","Transfer","RTGS",130325.67,0.00,"Success","Fund transfer"
4125,"2026-04-30 03:26:33",103,"Vikas Nair",100100000102,"Senior Citizen Savings Account","SBI Gurugram Branch 36","Gurugram","Interest","System",472035.49,1129546.41,"Success","Interest credited"
4126,"2022-12-21 11:28:30",191,"Asha Sharma",100100000190,"Current Account","SBI Nagpur Branch 34","Nagpur","Withdrawal","NEFT",200059.05,0.00,"Success","Cash withdrawal"
4127,"2024-03-15 13:35:09",165,"Riya Kumar",100100000164,"Recurring Deposit Account","SBI Surat Branch 6","Surat","Charge","Cheque",410574.78,0.00,"Success","Service charge"
4128,"2022-07-20 06:42:25",51,"Rohit Yadav",100100000288,"NRI Savings Account","SBI Patna Branch 26","Patna","Deposit","ATM",55016.13,1303274.19,"Success","Cash deposit"
4129,"2026-04-24 20:57:09",126,"Rahul Kumar",100100000125,"Current Account","SBI Chennai Branch 40","Chennai","Transfer","UPI",164403.65,1536114.54,"Failed","Fund transfer"
4130,"2024-12-09 11:47:34",46,"Priya Mishra",100100000222,"Salary Account","SBI Indore Branch 27","Indore","Transfer","ATM",111019.88,17674.95,"Success","Fund transfer"
4131,"2022-07-09 03:23:28",77,"Anjali Mishra",100100000237,"Savings Account","SBI Kochi Branch 46","Kochi","Interest","System",444227.19,667630.27,"Success","Interest credited"
4132,"2024-02-11 07:34:17",143,"Rohit Mishra",100100000142,"Student Account","SBI Bhopal Branch 37","Bhopal","Transfer","IMPS",436921.96,0.00,"Success","Fund transfer"
4133,"2022-10-15 03:47:15",113,"Manish Yadav",100100000112,"Senior Citizen Savings Account","SBI Surat Branch 4","Surat","Interest","System",4948.00,4948.00,"Success","Interest credited"
4134,"2025-02-21 18:12:59",94,"Shreya Mishra",100100000264,"Savings Account","SBI Hyderabad Branch 41","Hyderabad","Deposit","RTGS",169857.43,1556334.98,"Pending","Cash deposit"
4135,"2023-11-19 04:51:47",129,"Priya Gupta",100100000128,"NRI Savings Account","SBI Noida Branch 47","Noida","Withdrawal","NEFT",221241.90,728723.95,"Success","Cash withdrawal"
4136,"2022-05-23 03:19:29",5,"Amit Reddy",100100000287,"Salary Account","SBI Surat Branch 44","Surat","Transfer","ATM",218661.70,0.00,"Success","Fund transfer"
4137,"2025-11-09 22:21:20",182,"Komal Gupta",100100000255,"Salary Account","SBI Noida Branch 18","Noida","Deposit","RTGS",115807.38,934760.31,"Success","Cash deposit"
4138,"2023-02-15 05:21:39",64,"Riya Singh",100100000063,"Fixed Deposit Account","SBI Patna Branch 17","Patna","Deposit","Cash",151852.33,650913.15,"Failed","Cash deposit"
4139,"2025-05-07 15:52:35",143,"Rohit Mishra",100100000277,"NRI Savings Account","SBI Patna Branch 9","Patna","Deposit","Cheque",139881.13,438865.87,"Success","Cash deposit"
4140,"2026-04-09 00:25:39",149,"Anjali Mishra",100100000270,"Student Account","SBI Kolkata Branch 42","Kolkata","Withdrawal","Cash",406476.44,84660.21,"Success","Cash withdrawal"
4141,"2022-05-07 08:16:31",83,"Nitin Verma",100100000286,"Salary Account","SBI Chennai Branch 40","Chennai","Interest","System",450323.03,590948.58,"Success","Interest credited"
4142,"2025-10-21 04:20:22",153,"Mohit Sinha",100100000152,"Student Account","SBI Nagpur Branch 31","Nagpur","Withdrawal","UPI",126250.00,783680.89,"Success","Cash withdrawal"
4143,"2025-02-27 08:02:43",198,"Suresh Singh",100100000235,"NRI Savings Account","SBI Bengaluru Branch 38","Bengaluru","Interest","System",177171.61,344864.92,"Success","Interest credited"
4144,"2023-09-10 12:25:59",104,"Harsh Pandey",100100000103,"Student Account","SBI Bhopal Branch 35","Bhopal","Transfer","Cheque",89971.14,567412.03,"Success","Fund transfer"
4145,"2024-10-15 01:33:01",185,"Rahul Kumar",100100000207,"Savings Account","SBI Bhopal Branch 23","Bhopal","Transfer","IMPS",199666.23,0.00,"Success","Fund transfer"
4146,"2024-11-13 07:28:57",133,"Priya Patel",100100000132,"NRI Savings Account","SBI Nagpur Branch 34","Nagpur","Charge","Cheque",253888.73,524318.24,"Success","Service charge"
4147,"2024-07-02 20:41:27",48,"Divya Yadav",100100000047,"Savings Account","SBI Patna Branch 17","Patna","Withdrawal","RTGS",343596.74,0.00,"Success","Cash withdrawal"
4148,"2026-06-23 23:27:36",145,"Nidhi Nair",100100000299,"Student Account","SBI Surat Branch 10","Surat","Interest","System",244746.17,577288.76,"Success","Interest credited"
4149,"2023-08-09 16:59:06",192,"Deepak Reddy",100100000191,"Salary Account","SBI Bengaluru Branch 38","Bengaluru","Interest","System",326963.80,589267.44,"Success","Interest credited"
4150,"2023-08-19 19:31:39",174,"Meena Verma",100100000173,"Savings Account","SBI Chennai Branch 40","Chennai","Transfer","Cheque",157160.28,0.00,"Success","Fund transfer"
4151,"2025-02-23 16:32:00",33,"Deepak Jain",100100000032,"Student Account","SBI Lucknow Branch 19","Lucknow","Withdrawal","Cheque",149159.82,967822.43,"Success","Cash withdrawal"
4152,"2025-03-10 21:50:05",30,"Vikas Gupta",100100000221,"Savings Account","SBI Noida Branch 2","Noida","Deposit","ATM",13557.98,13557.98,"Success","Cash deposit"
4153,"2024-01-19 02:19:47",185,"Rahul Kumar",100100000207,"Savings Account","SBI Bhopal Branch 23","Bhopal","Withdrawal","Cash",396536.99,0.00,"Success","Cash withdrawal"
4154,"2024-08-30 16:25:46",124,"Asha Sinha",100100000214,"Student Account","SBI Gurugram Branch 45","Gurugram","Deposit","UPI",278035.73,892812.78,"Success","Cash deposit"
4155,"2025-05-07 01:27:51",185,"Rahul Kumar",100100000184,"Current Account","SBI Surat Branch 4","Surat","Withdrawal","NEFT",132952.39,0.00,"Success","Cash withdrawal"
4156,"2025-01-30 14:04:53",93,"Arjun Sinha",100100000092,"Current Account","SBI Bengaluru Branch 38","Bengaluru","Deposit","ATM",127819.09,127819.09,"Success","Cash deposit"
4157,"2025-08-09 17:26:54",142,"Rahul Sinha",100100000141,"Salary Account","SBI Pune Branch 43","Pune","Charge","ATM",182301.29,0.00,"Success","Service charge"
4158,"2025-11-19 09:17:24",115,"Nidhi Agarwal",100100000114,"Current Account","SBI Noida Branch 28","Noida","Interest","System",474387.25,474387.25,"Success","Interest credited"
4159,"2022-07-16 16:46:03",34,"Rahul Sharma",100100000033,"NRI Savings Account","SBI Bhopal Branch 39","Bhopal","Withdrawal","Cash",112060.55,0.00,"Success","Cash withdrawal"
4160,"2022-11-21 00:01:11",82,"Meena Gupta",100100000285,"NRI Savings Account","SBI Bhopal Branch 35","Bhopal","Transfer","NEFT",209438.44,377698.64,"Success","Fund transfer"
4161,"2026-02-03 20:16:01",138,"Sakshi Chauhan",100100000247,"Student Account","SBI Chennai Branch 21","Chennai","Charge","ATM",50460.37,469681.51,"Success","Service charge"
4162,"2024-10-12 15:21:24",189,"Rajesh Pandey",100100000254,"Fixed Deposit Account","SBI Kolkata Branch 42","Kolkata","Interest","System",395529.74,1446930.49,"Success","Interest credited"
4163,"2025-12-16 21:01:33",166,"Riya Singh",100100000165,"Fixed Deposit Account","SBI Pune Branch 43","Pune","Transfer","Cash",309639.16,124599.98,"Success","Fund transfer"
4164,"2025-02-22 11:11:09",9,"Rohit Chauhan",100100000008,"Savings Account","SBI Surat Branch 4","Surat","Deposit","NEFT",272260.17,1188646.44,"Success","Cash deposit"
4165,"2023-12-14 03:37:03",13,"Nitin Yadav",100100000012,"Recurring Deposit Account","SBI Bengaluru Branch 16","Bengaluru","Transfer","Cash",39903.55,126765.28,"Success","Fund transfer"
4166,"2024-07-10 20:40:23",178,"Arjun Kumar",100100000177,"Savings Account","SBI Lucknow Branch 12","Lucknow","Withdrawal","Cash",452173.38,357649.95,"Pending","Cash withdrawal"
4167,"2022-06-01 15:54:24",132,"Karan Chauhan",100100000131,"Recurring Deposit Account","SBI Surat Branch 44","Surat","Withdrawal","IMPS",10378.04,941158.97,"Success","Cash withdrawal"
4168,"2024-09-18 22:12:38",107,"Nitin Chauhan",100100000106,"Current Account","SBI Lucknow Branch 12","Lucknow","Deposit","Cheque",193345.32,274410.14,"Success","Cash deposit"
4169,"2025-05-19 10:13:28",159,"Kavita Singh",100100000158,"Savings Account","SBI Noida Branch 32","Noida","Withdrawal","NEFT",187252.93,0.00,"Success","Cash withdrawal"
4170,"2022-08-09 02:08:57",127,"Anjali Verma",100100000126,"Salary Account","SBI Ahmedabad Branch 24","Ahmedabad","Transfer","ATM",358604.59,0.00,"Success","Fund transfer"
4171,"2023-08-12 02:12:56",30,"Vikas Gupta",100100000221,"Savings Account","SBI Noida Branch 2","Noida","Withdrawal","NEFT",186264.95,13557.98,"Pending","Cash withdrawal"
4172,"2022-01-01 22:32:00",128,"Riya Mishra",100100000127,"Current Account","SBI Lucknow Branch 19","Lucknow","Charge","System",180695.52,0.00,"Success","Service charge"
4173,"2022-01-23 19:19:33",128,"Riya Mishra",100100000127,"Current Account","SBI Lucknow Branch 19","Lucknow","Transfer","NEFT",142958.68,0.00,"Success","Fund transfer"
4174,"2024-07-26 00:34:48",21,"Anjali Yadav",100100000020,"Student Account","SBI Lucknow Branch 19","Lucknow","Charge","System",46313.34,127324.65,"Pending","Service charge"
4175,"2025-07-03 21:41:05",123,"Neha Patel",100100000122,"Senior Citizen Savings Account","SBI Surat Branch 29","Surat","Withdrawal","UPI",238627.05,0.00,"Success","Cash withdrawal"
4176,"2022-03-04 13:37:32",193,"Vikas Verma",100100000203,"Salary Account","SBI Noida Branch 32","Noida","Charge","System",475476.42,0.00,"Success","Service charge"
4177,"2022-06-22 04:56:40",151,"Pooja Patel",100100000150,"Fixed Deposit Account","SBI Gurugram Branch 49","Gurugram","Transfer","RTGS",29234.53,414362.60,"Success","Fund transfer"
4178,"2025-09-11 16:21:53",189,"Rajesh Pandey",100100000254,"Fixed Deposit Account","SBI Kolkata Branch 42","Kolkata","Charge","ATM",147165.41,1299765.08,"Success","Service charge"
4179,"2024-07-26 12:26:51",50,"Suresh Chauhan",100100000251,"Fixed Deposit Account","SBI Surat Branch 30","Surat","Transfer","IMPS",102092.28,641242.38,"Success","Fund transfer"
4180,"2024-12-22 00:37:32",5,"Amit Reddy",100100000234,"Savings Account","SBI Surat Branch 29","Surat","Transfer","Cash",13683.25,711881.44,"Pending","Fund transfer"
4181,"2025-05-06 09:24:54",88,"Arjun Kumar",100100000087,"Senior Citizen Savings Account","SBI Gurugram Branch 49","Gurugram","Interest","System",489506.89,489506.89,"Success","Interest credited"
4182,"2022-03-10 02:53:37",26,"Rahul Patel",100100000025,"Savings Account","SBI Chennai Branch 21","Chennai","Withdrawal","ATM",270199.25,0.00,"Success","Cash withdrawal"
4183,"2026-06-07 09:01:43",115,"Nidhi Agarwal",100100000233,"Salary Account","SBI Gurugram Branch 49","Gurugram","Interest","System",361397.46,647231.04,"Success","Interest credited"
4184,"2022-09-04 12:22:28",96,"Manish Yadav",100100000095,"Student Account","SBI Bengaluru Branch 7","Bengaluru","Charge","Cheque",146593.83,597574.80,"Success","Service charge"
4185,"2026-03-03 22:58:32",51,"Rohit Yadav",100100000206,"Savings Account","SBI Noida Branch 2","Noida","Withdrawal","Cheque",269918.00,0.00,"Success","Cash withdrawal"
4186,"2023-11-25 22:27:37",190,"Divya Kumar",100100000189,"Recurring Deposit Account","SBI Noida Branch 47","Noida","Transfer","ATM",246819.42,0.00,"Success","Fund transfer"
4187,"2025-05-02 06:37:12",99,"Komal Jain",100100000098,"Savings Account","SBI Noida Branch 32","Noida","Transfer","UPI",490334.67,0.00,"Success","Fund transfer"
4188,"2023-12-23 16:37:49",178,"Arjun Kumar",100100000177,"Savings Account","SBI Lucknow Branch 12","Lucknow","Withdrawal","RTGS",334664.49,22985.46,"Success","Cash withdrawal"
4189,"2022-11-09 00:48:07",189,"Rajesh Pandey",100100000254,"Fixed Deposit Account","SBI Kolkata Branch 42","Kolkata","Charge","System",27855.23,1271909.85,"Success","Service charge"
4190,"2022-10-29 14:45:50",28,"Nitin Reddy",100100000027,"Savings Account","SBI Gurugram Branch 45","Gurugram","Deposit","Cash",436518.11,1382932.49,"Success","Cash deposit"
4191,"2026-05-12 06:45:45",58,"Kavita Sharma",100100000057,"Fixed Deposit Account","SBI Kochi Branch 46","Kochi","Interest","System",244938.13,755785.12,"Success","Interest credited"
4192,"2026-05-17 09:21:32",171,"Vikas Patel",100100000263,"Salary Account","SBI Bengaluru Branch 16","Bengaluru","Charge","Cheque",274779.21,0.00,"Success","Service charge"
4193,"2022-04-08 05:21:38",74,"Rahul Kumar",100100000073,"Current Account","SBI Bengaluru Branch 16","Bengaluru","Deposit","IMPS",276845.96,425496.27,"Success","Cash deposit"
4194,"2022-05-07 13:35:26",121,"Manish Agarwal",100100000120,"Savings Account","SBI Indore Branch 27","Indore","Deposit","Cash",28552.99,28552.99,"Success","Cash deposit"
4195,"2024-03-26 11:49:50",32,"Ankit Reddy",100100000031,"Recurring Deposit Account","SBI Bengaluru Branch 7","Bengaluru","Deposit","Cheque",7294.33,543742.59,"Success","Cash deposit"
4196,"2026-06-28 10:22:38",75,"Neha Chauhan",100100000294,"Recurring Deposit Account","SBI Indore Branch 27","Indore","Interest","System",70600.84,293354.69,"Success","Interest credited"
4197,"2024-08-31 12:55:22",46,"Priya Mishra",100100000222,"Salary Account","SBI Indore Branch 27","Indore","Deposit","Cheque",461472.60,479147.55,"Success","Cash deposit"
4198,"2024-12-10 05:09:06",194,"Harsh Agarwal",100100000257,"Current Account","SBI Delhi Branch 14","Delhi","Transfer","Cheque",191499.46,0.00,"Success","Fund transfer"
4199,"2025-03-22 00:28:12",134,"Nitin Sharma",100100000200,"Salary Account","SBI Pune Branch 43","Pune","Deposit","Cash",164444.44,2077420.79,"Success","Cash deposit"
4200,"2023-03-23 20:50:22",1,"Vivek Yadav",100100000000,"Savings Account","SBI Patna Branch 17","Patna","Interest","System",240976.16,446916.95,"Success","Interest credited"
4201,"2023-09-19 05:59:57",185,"Rahul Kumar",100100000184,"Current Account","SBI Surat Branch 4","Surat","Deposit","Cheque",237140.24,0.00,"Pending","Cash deposit"
4202,"2023-05-15 08:35:46",62,"Ritu Yadav",100100000280,"Recurring Deposit Account","SBI Nagpur Branch 31","Nagpur","Interest","System",310121.74,950170.61,"Success","Interest credited"
4203,"2024-05-07 11:00:00",180,"Divya Mishra",100100000179,"Current Account","SBI Chennai Branch 21","Chennai","Charge","Cheque",49346.72,0.00,"Success","Service charge"
4204,"2025-10-30 18:15:19",50,"Suresh Chauhan",100100000049,"Current Account","SBI Bhubaneswar Branch 22","Bhubaneswar","Deposit","UPI",481968.45,992343.11,"Success","Cash deposit"
4205,"2026-05-07 02:20:12",32,"Ankit Reddy",100100000031,"Recurring Deposit Account","SBI Bengaluru Branch 7","Bengaluru","Interest","System",153033.91,696776.50,"Success","Interest credited"
4206,"2023-05-06 17:31:39",118,"Sneha Singh",100100000117,"Savings Account","SBI Bengaluru Branch 15","Bengaluru","Charge","System",286072.34,205221.12,"Failed","Service charge"
4207,"2025-06-03 09:32:52",142,"Rahul Sinha",100100000141,"Salary Account","SBI Pune Branch 43","Pune","Deposit","UPI",490188.08,490188.08,"Success","Cash deposit"
4208,"2023-12-08 08:39:19",11,"Komal Pandey",100100000010,"Savings Account","SBI Surat Branch 29","Surat","Withdrawal","RTGS",108918.22,705323.31,"Success","Cash withdrawal"
4209,"2023-06-30 04:35:28",154,"Vikas Sharma",100100000153,"Savings Account","SBI Noida Branch 32","Noida","Interest","System",217671.57,217671.57,"Success","Interest credited"
4210,"2022-08-20 18:00:49",116,"Riya Sinha",100100000201,"Salary Account","SBI Bengaluru Branch 7","Bengaluru","Charge","System",186341.76,228284.86,"Pending","Service charge"
4211,"2022-01-11 01:40:05",149,"Anjali Mishra",100100000270,"Student Account","SBI Kolkata Branch 42","Kolkata","Deposit","NEFT",205876.80,84660.21,"Pending","Cash deposit"
4212,"2023-11-14 12:06:32",35,"Ankit Gupta",100100000034,"Savings Account","SBI Bengaluru Branch 7","Bengaluru","Withdrawal","UPI",391077.20,568659.13,"Failed","Cash withdrawal"
4213,"2024-08-06 06:32:57",126,"Rahul Kumar",100100000125,"Current Account","SBI Chennai Branch 40","Chennai","Deposit","RTGS",257771.91,1793886.45,"Success","Cash deposit"
4214,"2022-05-18 22:02:09",194,"Harsh Agarwal",100100000193,"Student Account","SBI Noida Branch 2","Noida","Withdrawal","IMPS",469970.44,321525.56,"Success","Cash withdrawal"
4215,"2024-02-19 22:30:12",88,"Arjun Kumar",100100000273,"NRI Savings Account","SBI Bengaluru Branch 50","Bengaluru","Charge","System",99798.17,202282.07,"Success","Service charge"
4216,"2025-12-19 10:52:45",60,"Rahul Sinha",100100000059,"Savings Account","SBI Pune Branch 11","Pune","Transfer","RTGS",1555.29,1269672.09,"Success","Fund transfer"
4217,"2025-01-06 17:33:53",77,"Anjali Mishra",100100000278,"NRI Savings Account","SBI Gurugram Branch 33","Gurugram","Deposit","NEFT",305599.58,1528784.17,"Success","Cash deposit"
4218,"2026-05-08 10:52:06",111,"Shreya Singh",100100000110,"Recurring Deposit Account","SBI Noida Branch 2","Noida","Withdrawal","RTGS",164842.01,1493290.22,"Success","Cash withdrawal"
4219,"2022-07-02 00:39:16",106,"Arjun Nair",100100000298,"Savings Account","SBI Noida Branch 47","Noida","Charge","Cheque",187229.88,453067.13,"Failed","Service charge"
4220,"2025-04-22 03:38:28",175,"Pooja Jain",100100000174,"Fixed Deposit Account","SBI Pune Branch 11","Pune","Interest","System",388497.69,948809.02,"Success","Interest credited"
4221,"2025-10-26 04:03:59",179,"Ritu Mishra",100100000260,"Savings Account","SBI Bengaluru Branch 16","Bengaluru","Charge","Cheque",99428.46,37420.97,"Success","Service charge"
4222,"2022-12-20 07:55:24",37,"Neha Pandey",100100000036,"Student Account","SBI Bengaluru Branch 50","Bengaluru","Interest","System",24944.60,364166.34,"Pending","Interest credited"
4223,"2025-01-15 18:43:16",86,"Komal Verma",100100000085,"Savings Account","SBI Noida Branch 18","Noida","Deposit","Cash",182731.90,800756.92,"Success","Cash deposit"
4224,"2022-09-26 09:55:24",82,"Meena Gupta",100100000202,"Recurring Deposit Account","SBI Ahmedabad Branch 24","Ahmedabad","Charge","Cheque",365794.93,365989.18,"Success","Service charge"
4225,"2025-05-19 09:46:33",152,"Mohit Mishra",100100000151,"Savings Account","SBI Gurugram Branch 49","Gurugram","Transfer","ATM",443197.06,0.00,"Success","Fund transfer"
4226,"2022-06-24 06:08:00",134,"Nitin Sharma",100100000133,"Savings Account","SBI Bengaluru Branch 50","Bengaluru","Transfer","Cheque",76547.49,0.00,"Success","Fund transfer"
4227,"2022-03-16 09:56:38",70,"Asha Reddy",100100000069,"Salary Account","SBI Pune Branch 43","Pune","Transfer","Cheque",44049.92,0.00,"Success","Fund transfer"
4228,"2023-09-01 03:24:44",87,"Rajesh Agarwal",100100000282,"Current Account","SBI Gurugram Branch 45","Gurugram","Deposit","Cash",312320.55,1487482.38,"Success","Cash deposit"
4229,"2022-10-05 11:56:35",55,"Vikas Kumar",100100000261,"Salary Account","SBI Gurugram Branch 33","Gurugram","Deposit","UPI",49104.40,49104.40,"Success","Cash deposit"
4230,"2022-06-26 02:41:02",54,"Meena Singh",100100000053,"Senior Citizen Savings Account","SBI Pune Branch 11","Pune","Deposit","IMPS",83122.86,1160138.80,"Success","Cash deposit"
4231,"2023-09-29 05:44:45",97,"Riya Kumar",100100000096,"Fixed Deposit Account","SBI Indore Branch 20","Indore","Transfer","UPI",9227.21,496209.86,"Success","Fund transfer"
4232,"2024-09-18 10:21:39",132,"Karan Chauhan",100100000131,"Recurring Deposit Account","SBI Surat Branch 44","Surat","Charge","Cheque",302857.73,638301.24,"Success","Service charge"
4233,"2024-01-19 06:10:00",59,"Nitin Nair",100100000058,"Recurring Deposit Account","SBI Surat Branch 6","Surat","Charge","ATM",457089.52,0.00,"Success","Service charge"
4234,"2023-08-30 15:47:15",116,"Riya Sinha",100100000115,"Salary Account","SBI Noida Branch 47","Noida","Deposit","RTGS",138504.42,1111993.18,"Success","Cash deposit"
4235,"2025-08-28 17:53:20",11,"Komal Pandey",100100000010,"Savings Account","SBI Surat Branch 29","Surat","Deposit","ATM",451585.72,705323.31,"Pending","Cash deposit"
4236,"2024-06-25 16:55:20",73,"Karan Yadav",100100000072,"Current Account","SBI Lucknow Branch 19","Lucknow","Transfer","IMPS",294019.87,764149.39,"Success","Fund transfer"
4237,"2024-12-05 21:28:49",168,"Meena Gupta",100100000289,"Senior Citizen Savings Account","SBI Gurugram Branch 48","Gurugram","Interest","System",244690.46,278327.82,"Success","Interest credited"
4238,"2025-07-09 17:33:22",96,"Manish Yadav",100100000095,"Student Account","SBI Bengaluru Branch 7","Bengaluru","Interest","System",345510.24,943085.04,"Success","Interest credited"
4239,"2023-05-28 19:03:23",38,"Neha Patel",100100000037,"Student Account","SBI Bengaluru Branch 7","Bengaluru","Charge","System",188317.85,1155467.23,"Success","Service charge"
4240,"2024-01-03 02:03:31",114,"Harsh Reddy",100100000113,"Fixed Deposit Account","SBI Surat Branch 3","Surat","Withdrawal","ATM",312031.55,0.00,"Success","Cash withdrawal"
4241,"2025-04-08 13:22:08",103,"Vikas Nair",100100000102,"Senior Citizen Savings Account","SBI Gurugram Branch 36","Gurugram","Deposit","Cheque",291819.47,1421365.88,"Success","Cash deposit"
4242,"2023-03-05 19:16:56",114,"Harsh Reddy",100100000113,"Fixed Deposit Account","SBI Surat Branch 3","Surat","Interest","System",176895.95,176895.95,"Success","Interest credited"
4243,"2024-02-21 09:37:18",65,"Amit Sharma",100100000064,"Recurring Deposit Account","SBI Gurugram Branch 45","Gurugram","Transfer","UPI",449262.57,0.00,"Success","Fund transfer"
4244,"2022-06-01 18:11:16",92,"Ritu Chauhan",100100000291,"Savings Account","SBI Chandigarh Branch 5","Chandigarh","Withdrawal","IMPS",364304.63,0.00,"Success","Cash withdrawal"
4245,"2022-04-28 22:31:36",70,"Asha Reddy",100100000069,"Salary Account","SBI Pune Branch 43","Pune","Charge","System",64001.59,0.00,"Success","Service charge"
4246,"2023-12-17 17:49:18",162,"Asha Reddy",100100000161,"Savings Account","SBI Pune Branch 1","Pune","Withdrawal","UPI",434615.81,0.00,"Success","Cash withdrawal"
4247,"2023-12-17 05:35:51",147,"Nitin Jain",100100000146,"Student Account","SBI Kochi Branch 46","Kochi","Transfer","Cheque",58696.24,0.00,"Success","Fund transfer"
4248,"2022-03-24 14:02:25",69,"Ritu Pandey",100100000068,"NRI Savings Account","SBI Surat Branch 30","Surat","Transfer","UPI",417250.87,0.00,"Success","Fund transfer"
4249,"2026-04-16 22:47:12",126,"Rahul Kumar",100100000125,"Current Account","SBI Chennai Branch 40","Chennai","Deposit","ATM",12291.59,1806178.04,"Success","Cash deposit"
4250,"2022-06-17 03:19:14",183,"Neha Nair",100100000244,"Savings Account","SBI Bhubaneswar Branch 22","Bhubaneswar","Interest","System",481998.61,694720.64,"Success","Interest credited"
4251,"2022-05-12 01:24:26",191,"Asha Sharma",100100000190,"Current Account","SBI Nagpur Branch 34","Nagpur","Charge","System",73506.09,0.00,"Success","Service charge"
4252,"2022-05-22 21:21:11",114,"Harsh Reddy",100100000290,"NRI Savings Account","SBI Surat Branch 3","Surat","Withdrawal","Cheque",263329.57,0.00,"Success","Cash withdrawal"
4253,"2023-07-31 06:57:04",114,"Harsh Reddy",100100000290,"NRI Savings Account","SBI Surat Branch 3","Surat","Transfer","UPI",64734.71,0.00,"Success","Fund transfer"
4254,"2023-12-11 02:16:56",83,"Nitin Verma",100100000286,"Salary Account","SBI Chennai Branch 40","Chennai","Transfer","UPI",114717.88,476230.70,"Success","Fund transfer"
4255,"2023-12-17 02:08:30",114,"Harsh Reddy",100100000205,"Current Account","SBI Chennai Branch 40","Chennai","Withdrawal","ATM",132523.83,855337.80,"Pending","Cash withdrawal"
4256,"2024-10-01 17:07:12",124,"Asha Sinha",100100000123,"Student Account","SBI Lucknow Branch 12","Lucknow","Charge","System",206745.35,681854.44,"Success","Service charge"
4257,"2024-11-27 01:18:59",192,"Deepak Reddy",100100000228,"Salary Account","SBI Kolkata Branch 42","Kolkata","Deposit","ATM",348009.32,348009.32,"Success","Cash deposit"
4258,"2026-06-26 17:34:44",133,"Priya Patel",100100000132,"NRI Savings Account","SBI Nagpur Branch 34","Nagpur","Charge","ATM",212444.65,311873.59,"Success","Service charge"
4259,"2024-07-01 04:59:18",65,"Amit Sharma",100100000064,"Recurring Deposit Account","SBI Gurugram Branch 45","Gurugram","Charge","Cheque",437860.94,0.00,"Success","Service charge"
4260,"2023-08-23 06:53:17",50,"Suresh Chauhan",100100000218,"Recurring Deposit Account","SBI Lucknow Branch 19","Lucknow","Transfer","ATM",101476.77,0.00,"Success","Fund transfer"
4261,"2023-07-19 20:51:08",93,"Arjun Sinha",100100000092,"Current Account","SBI Bengaluru Branch 38","Bengaluru","Deposit","NEFT",478650.49,606469.58,"Success","Cash deposit"
4262,"2022-01-03 23:56:00",30,"Vikas Gupta",100100000029,"Savings Account","SBI Bhopal Branch 39","Bhopal","Deposit","UPI",343431.37,1222131.27,"Success","Cash deposit"
4263,"2024-12-20 01:30:10",64,"Riya Singh",100100000063,"Fixed Deposit Account","SBI Patna Branch 17","Patna","Deposit","IMPS",96521.24,747434.39,"Success","Cash deposit"
4264,"2026-04-16 19:23:50",82,"Meena Gupta",100100000285,"NRI Savings Account","SBI Bhopal Branch 35","Bhopal","Withdrawal","RTGS",63104.54,314594.10,"Success","Cash withdrawal"
4265,"2023-04-10 18:35:44",76,"Harsh Kumar",100100000075,"Savings Account","SBI Delhi Branch 13","Delhi","Interest","System",40424.99,40424.99,"Success","Interest credited"
4266,"2023-02-02 19:29:38",115,"Nidhi Agarwal",100100000114,"Current Account","SBI Noida Branch 28","Noida","Deposit","NEFT",57414.12,531801.37,"Success","Cash deposit"
4267,"2022-09-12 00:59:19",176,"Rohit Sharma",100100000175,"Savings Account","SBI Noida Branch 47","Noida","Transfer","IMPS",478752.27,27216.98,"Success","Fund transfer"
4268,"2024-04-07 00:10:00",120,"Nidhi Agarwal",100100000297,"Salary Account","SBI Kolkata Branch 42","Kolkata","Deposit","Cash",119396.88,242150.18,"Success","Cash deposit"
4269,"2023-10-02 20:54:51",82,"Meena Gupta",100100000202,"Recurring Deposit Account","SBI Ahmedabad Branch 24","Ahmedabad","Charge","Cheque",348315.78,365989.18,"Pending","Service charge"
4270,"2024-02-25 09:41:01",120,"Nidhi Agarwal",100100000119,"Savings Account","SBI Kolkata Branch 42","Kolkata","Interest","System",399602.26,881403.48,"Success","Interest credited"
4271,"2022-01-26 14:40:57",135,"Shreya Chauhan",100100000134,"Fixed Deposit Account","SBI Gurugram Branch 36","Gurugram","Charge","System",311310.09,0.00,"Success","Service charge"
4272,"2025-08-07 07:15:16",175,"Pooja Jain",100100000174,"Fixed Deposit Account","SBI Pune Branch 11","Pune","Charge","Cheque",4977.66,943831.36,"Success","Service charge"
4273,"2024-10-09 09:21:07",36,"Sakshi Agarwal",100100000035,"Savings Account","SBI Chennai Branch 40","Chennai","Deposit","Cheque",129931.75,129931.75,"Success","Cash deposit"
4274,"2022-07-25 09:48:06",176,"Rohit Sharma",100100000213,"Fixed Deposit Account","SBI Lucknow Branch 19","Lucknow","Transfer","UPI",86856.47,404084.86,"Success","Fund transfer"
4275,"2023-07-25 19:50:47",200,"Harsh Mishra",100100000225,"Salary Account","SBI Gurugram Branch 36","Gurugram","Transfer","RTGS",497212.35,0.00,"Success","Fund transfer"
4276,"2026-05-23 01:20:39",12,"Vivek Mishra",100100000011,"Student Account","SBI Gurugram Branch 36","Gurugram","Withdrawal","Cash",162748.80,285402.57,"Success","Cash withdrawal"
4277,"2022-06-27 05:23:41",1,"Vivek Yadav",100100000000,"Savings Account","SBI Patna Branch 17","Patna","Deposit","RTGS",483710.36,930627.31,"Success","Cash deposit"
4278,"2025-02-13 21:02:43",51,"Rohit Yadav",100100000206,"Savings Account","SBI Noida Branch 2","Noida","Withdrawal","NEFT",290112.59,0.00,"Success","Cash withdrawal"
4279,"2026-02-12 11:53:47",62,"Ritu Yadav",100100000280,"Recurring Deposit Account","SBI Nagpur Branch 31","Nagpur","Interest","System",133321.11,1083491.72,"Success","Interest credited"
4280,"2023-09-23 06:35:13",183,"Neha Nair",100100000244,"Savings Account","SBI Bhubaneswar Branch 22","Bhubaneswar","Deposit","Cash",410494.44,1105215.08,"Success","Cash deposit"
4281,"2022-01-13 04:35:50",52,"Harsh Mishra",100100000051,"Savings Account","SBI Gurugram Branch 49","Gurugram","Charge","ATM",406784.21,128926.12,"Success","Service charge"
4282,"2026-06-18 20:55:07",134,"Nitin Sharma",100100000200,"Salary Account","SBI Pune Branch 43","Pune","Interest","System",264019.32,2341440.11,"Success","Interest credited"
4283,"2025-06-03 18:36:13",197,"Rajesh Yadav",100100000196,"Senior Citizen Savings Account","SBI Kochi Branch 46","Kochi","Interest","System",485294.19,485294.19,"Success","Interest credited"
4284,"2024-08-04 12:05:19",92,"Ritu Chauhan",100100000091,"Fixed Deposit Account","SBI Pune Branch 43","Pune","Transfer","ATM",488186.35,0.00,"Success","Fund transfer"
4285,"2022-03-28 00:40:35",95,"Rahul Kumar",100100000094,"Savings Account","SBI Bhubaneswar Branch 25","Bhubaneswar","Withdrawal","NEFT",281043.38,26356.02,"Success","Cash withdrawal"
4286,"2022-12-12 10:39:27",23,"Asha Agarwal",100100000022,"Student Account","SBI Bengaluru Branch 38","Bengaluru","Deposit","Cash",444721.43,738139.16,"Success","Cash deposit"
4287,"2024-06-17 23:10:30",114,"Harsh Reddy",100100000205,"Current Account","SBI Chennai Branch 40","Chennai","Withdrawal","RTGS",422539.97,432797.83,"Success","Cash withdrawal"
4288,"2025-04-18 16:32:54",94,"Shreya Mishra",100100000264,"Savings Account","SBI Hyderabad Branch 41","Hyderabad","Charge","System",366167.31,1190167.67,"Success","Service charge"
4289,"2024-04-18 14:47:34",185,"Rahul Kumar",100100000184,"Current Account","SBI Surat Branch 4","Surat","Deposit","IMPS",55575.97,55575.97,"Success","Cash deposit"
4290,"2023-10-24 01:33:02",150,"Ankit Verma",100100000149,"Salary Account","SBI Chennai Branch 40","Chennai","Deposit","Cash",106486.70,129881.66,"Success","Cash deposit"
4291,"2022-05-19 21:29:24",41,"Vivek Patel",100100000040,"Recurring Deposit Account","SBI Ahmedabad Branch 24","Ahmedabad","Interest","System",80013.67,864786.72,"Success","Interest credited"
4292,"2022-09-14 10:30:36",195,"Amit Agarwal",100100000279,"Current Account","SBI Patna Branch 17","Patna","Transfer","ATM",229939.46,0.00,"Success","Fund transfer"
4293,"2023-02-09 17:10:23",174,"Meena Verma",100100000173,"Savings Account","SBI Chennai Branch 40","Chennai","Transfer","Cash",19854.93,0.00,"Success","Fund transfer"
4294,"2026-04-07 00:11:37",50,"Suresh Chauhan",100100000218,"Recurring Deposit Account","SBI Lucknow Branch 19","Lucknow","Transfer","ATM",328071.14,0.00,"Success","Fund transfer"
4295,"2025-04-04 01:07:37",191,"Asha Sharma",100100000265,"Current Account","SBI Pune Branch 8","Pune","Deposit","Cash",445098.50,1458706.50,"Success","Cash deposit"
4296,"2023-09-13 04:25:14",5,"Amit Reddy",100100000234,"Savings Account","SBI Surat Branch 29","Surat","Interest","System",438833.90,1150715.34,"Success","Interest credited"
4297,"2025-02-24 06:24:21",55,"Vikas Kumar",100100000054,"Fixed Deposit Account","SBI Gurugram Branch 45","Gurugram","Withdrawal","RTGS",489520.61,0.00,"Success","Cash withdrawal"
4298,"2026-04-28 18:48:19",55,"Vikas Kumar",100100000054,"Fixed Deposit Account","SBI Gurugram Branch 45","Gurugram","Deposit","ATM",196327.51,196327.51,"Success","Cash deposit"
4299,"2025-12-25 18:45:13",121,"Manish Agarwal",100100000120,"Savings Account","SBI Indore Branch 27","Indore","Charge","ATM",340589.04,28552.99,"Pending","Service charge"
4300,"2026-06-17 00:38:59",126,"Rahul Kumar",100100000125,"Current Account","SBI Chennai Branch 40","Chennai","Interest","System",436872.22,2243050.26,"Success","Interest credited"
4301,"2025-11-20 12:23:55",5,"Amit Reddy",100100000004,"Salary Account","SBI Bhopal Branch 39","Bhopal","Deposit","IMPS",168421.44,168421.44,"Success","Cash deposit"
4302,"2022-01-28 21:08:24",167,"Mohit Jain",100100000293,"Savings Account","SBI Ahmedabad Branch 24","Ahmedabad","Interest","System",374965.23,849604.51,"Success","Interest credited"
4303,"2026-03-13 03:28:02",36,"Sakshi Agarwal",100100000035,"Savings Account","SBI Chennai Branch 40","Chennai","Charge","System",442021.63,0.00,"Success","Service charge"
4304,"2025-12-21 09:30:32",156,"Shreya Yadav",100100000272,"NRI Savings Account","SBI Indore Branch 27","Indore","Deposit","NEFT",457835.31,457835.31,"Success","Cash deposit"
4305,"2024-08-05 16:01:15",50,"Suresh Chauhan",100100000218,"Recurring Deposit Account","SBI Lucknow Branch 19","Lucknow","Withdrawal","IMPS",239174.06,0.00,"Success","Cash withdrawal"
4306,"2025-12-05 21:41:54",5,"Amit Reddy",100100000234,"Savings Account","SBI Surat Branch 29","Surat","Transfer","RTGS",126031.36,1024683.98,"Success","Fund transfer"
4307,"2024-10-27 20:37:02",78,"Sneha Verma",100100000077,"Savings Account","SBI Bengaluru Branch 7","Bengaluru","Interest","System",252131.31,1114200.33,"Success","Interest credited"
4308,"2025-05-18 19:13:24",73,"Karan Yadav",100100000072,"Current Account","SBI Lucknow Branch 19","Lucknow","Deposit","Cash",27609.42,791758.81,"Success","Cash deposit"
4309,"2023-09-30 09:22:44",94,"Shreya Mishra",100100000093,"Savings Account","SBI Hyderabad Branch 41","Hyderabad","Charge","Cheque",249524.78,225265.89,"Pending","Service charge"
4310,"2026-02-12 03:47:35",113,"Manish Yadav",100100000112,"Senior Citizen Savings Account","SBI Surat Branch 4","Surat","Withdrawal","ATM",488615.21,0.00,"Success","Cash withdrawal"
4311,"2024-04-22 09:06:00",123,"Neha Patel",100100000122,"Senior Citizen Savings Account","SBI Surat Branch 29","Surat","Deposit","Cheque",345848.77,345848.77,"Success","Cash deposit"
4312,"2022-05-31 04:01:38",196,"Manish Chauhan",100100000195,"Fixed Deposit Account","SBI Pune Branch 11","Pune","Transfer","ATM",439858.31,0.00,"Success","Fund transfer"
4313,"2026-03-03 11:40:33",84,"Karan Patel",100100000083,"Savings Account","SBI Bhopal Branch 35","Bhopal","Withdrawal","Cash",121387.13,0.00,"Success","Cash withdrawal"
4314,"2022-07-15 06:29:16",104,"Harsh Pandey",100100000103,"Student Account","SBI Bhopal Branch 35","Bhopal","Interest","System",169609.38,737021.41,"Success","Interest credited"
4315,"2024-08-22 01:07:54",30,"Vikas Gupta",100100000221,"Savings Account","SBI Noida Branch 2","Noida","Transfer","Cheque",435777.60,0.00,"Success","Fund transfer"
4316,"2023-11-17 10:00:08",72,"Anjali Singh",100100000071,"Savings Account","SBI Pune Branch 8","Pune","Withdrawal","Cash",347323.87,0.00,"Success","Cash withdrawal"
4317,"2025-06-13 05:38:34",113,"Manish Yadav",100100000238,"Senior Citizen Savings Account","SBI Surat Branch 6","Surat","Interest","System",36702.78,546568.36,"Success","Interest credited"
4318,"2024-01-10 21:51:30",47,"Priya Sharma",100100000259,"Savings Account","SBI Bengaluru Branch 15","Bengaluru","Charge","ATM",425645.51,139429.74,"Success","Service charge"
4319,"2022-07-03 03:12:11",79,"Vikas Agarwal",100100000078,"Student Account","SBI Surat Branch 4","Surat","Charge","System",125030.42,276615.02,"Success","Service charge"
4320,"2024-07-21 16:36:38",193,"Vikas Verma",100100000192,"Savings Account","SBI Ahmedabad Branch 24","Ahmedabad","Transfer","Cheque",420895.88,0.00,"Success","Fund transfer"
4321,"2022-08-05 05:58:50",85,"Kavita Nair",100100000084,"Current Account","SBI Bhubaneswar Branch 25","Bhubaneswar","Transfer","NEFT",405298.33,180070.95,"Success","Fund transfer"
4322,"2024-02-02 17:18:18",54,"Meena Singh",100100000269,"Fixed Deposit Account","SBI Bhopal Branch 23","Bhopal","Withdrawal","Cheque",323490.48,172708.67,"Success","Cash withdrawal"
4323,"2025-11-21 11:12:08",138,"Sakshi Chauhan",100100000137,"Fixed Deposit Account","SBI Pune Branch 8","Pune","Transfer","RTGS",269883.16,0.00,"Success","Fund transfer"
4324,"2025-07-09 08:14:04",193,"Vikas Verma",100100000192,"Savings Account","SBI Ahmedabad Branch 24","Ahmedabad","Charge","System",469235.34,0.00,"Success","Service charge"
4325,"2023-03-18 06:24:18",185,"Rahul Kumar",100100000207,"Savings Account","SBI Bhopal Branch 23","Bhopal","Charge","Cheque",265867.41,0.00,"Success","Service charge"
4326,"2022-07-13 01:59:23",95,"Rahul Kumar",100100000094,"Savings Account","SBI Bhubaneswar Branch 25","Bhubaneswar","Interest","System",170263.73,196619.75,"Success","Interest credited"
4327,"2024-03-28 00:51:55",186,"Neha Gupta",100100000185,"Senior Citizen Savings Account","SBI Bhopal Branch 35","Bhopal","Withdrawal","Cash",242860.10,312558.72,"Failed","Cash withdrawal"
4328,"2025-08-03 22:51:30",114,"Harsh Reddy",100100000205,"Current Account","SBI Chennai Branch 40","Chennai","Withdrawal","UPI",363170.58,69627.25,"Success","Cash withdrawal"
4329,"2023-02-09 09:49:05",101,"Rohit Yadav",100100000100,"Senior Citizen Savings Account","SBI Bengaluru Branch 38","Bengaluru","Withdrawal","ATM",208651.90,0.00,"Success","Cash withdrawal"
4330,"2023-02-04 06:25:54",103,"Vikas Nair",100100000102,"Senior Citizen Savings Account","SBI Gurugram Branch 36","Gurugram","Interest","System",119431.72,1540797.60,"Success","Interest credited"
4331,"2026-05-06 17:49:04",106,"Arjun Nair",100100000298,"Savings Account","SBI Noida Branch 47","Noida","Interest","System",29692.61,482759.74,"Success","Interest credited"
4332,"2025-07-19 23:43:18",168,"Meena Gupta",100100000167,"Senior Citizen Savings Account","SBI Gurugram Branch 33","Gurugram","Withdrawal","IMPS",479687.57,78692.00,"Success","Cash withdrawal"
4333,"2022-06-02 21:50:46",176,"Rohit Sharma",100100000175,"Savings Account","SBI Noida Branch 47","Noida","Interest","System",499258.90,526475.88,"Success","Interest credited"
4334,"2025-05-05 08:49:37",75,"Neha Chauhan",100100000294,"Recurring Deposit Account","SBI Indore Branch 27","Indore","Withdrawal","UPI",339785.85,0.00,"Success","Cash withdrawal"
4335,"2025-10-21 23:24:46",83,"Nitin Verma",100100000082,"Savings Account","SBI Surat Branch 44","Surat","Withdrawal","ATM",267615.39,0.00,"Success","Cash withdrawal"
4336,"2023-04-21 22:11:15",75,"Neha Chauhan",100100000294,"Recurring Deposit Account","SBI Indore Branch 27","Indore","Deposit","Cash",167826.55,167826.55,"Success","Cash deposit"
4337,"2025-02-04 09:46:22",119,"Meena Yadav",100100000118,"Salary Account","SBI Pune Branch 11","Pune","Deposit","Cash",60295.57,803139.07,"Success","Cash deposit"
4338,"2024-11-17 02:08:29",171,"Vikas Patel",100100000263,"Salary Account","SBI Bengaluru Branch 16","Bengaluru","Withdrawal","UPI",163148.19,0.00,"Pending","Cash withdrawal"
4339,"2022-08-26 05:41:34",189,"Rajesh Pandey",100100000254,"Fixed Deposit Account","SBI Kolkata Branch 42","Kolkata","Deposit","Cheque",238032.80,1509942.65,"Success","Cash deposit"
4340,"2024-06-15 16:14:06",117,"Priya Patel",100100000215,"Senior Citizen Savings Account","SBI Gurugram Branch 33","Gurugram","Interest","System",118069.67,118069.67,"Success","Interest credited"
4341,"2024-05-19 11:38:31",15,"Riya Yadav",100100000014,"Salary Account","SBI Surat Branch 44","Surat","Withdrawal","IMPS",259733.54,0.00,"Success","Cash withdrawal"
4342,"2024-01-01 11:32:27",4,"Ankit Chauhan",100100000003,"Fixed Deposit Account","SBI Pune Branch 11","Pune","Withdrawal","IMPS",262838.62,0.00,"Success","Cash withdrawal"
4343,"2024-01-25 13:52:41",95,"Rahul Kumar",100100000241,"Savings Account","SBI Delhi Branch 13","Delhi","Charge","System",246743.26,206165.55,"Success","Service charge"
4344,"2025-01-11 03:56:32",11,"Komal Pandey",100100000010,"Savings Account","SBI Surat Branch 29","Surat","Transfer","RTGS",364417.09,340906.22,"Success","Fund transfer"
4345,"2025-05-02 05:08:40",182,"Komal Gupta",100100000255,"Salary Account","SBI Noida Branch 18","Noida","Deposit","ATM",53179.26,987939.57,"Success","Cash deposit"
4346,"2025-12-07 12:24:42",146,"Manish Agarwal",100100000145,"NRI Savings Account","SBI Bengaluru Branch 7","Bengaluru","Withdrawal","IMPS",29649.14,416379.74,"Success","Cash withdrawal"
4347,"2023-08-04 07:50:08",108,"Sakshi Chauhan",100100000107,"NRI Savings Account","SBI Delhi Branch 14","Delhi","Interest","System",413591.71,413591.71,"Success","Interest credited"
4348,"2024-07-30 04:31:50",193,"Vikas Verma",100100000203,"Salary Account","SBI Noida Branch 32","Noida","Withdrawal","UPI",465959.49,0.00,"Success","Cash withdrawal"
4349,"2025-06-06 11:13:58",66,"Harsh Sinha",100100000065,"Recurring Deposit Account","SBI Bhubaneswar Branch 22","Bhubaneswar","Interest","System",31169.88,1134220.63,"Success","Interest credited"
4350,"2022-11-13 16:24:29",143,"Rohit Mishra",100100000277,"NRI Savings Account","SBI Patna Branch 9","Patna","Deposit","ATM",237334.35,676200.22,"Success","Cash deposit"
4351,"2024-02-29 23:12:29",126,"Rahul Kumar",100100000125,"Current Account","SBI Chennai Branch 40","Chennai","Withdrawal","RTGS",204624.34,2038425.92,"Success","Cash withdrawal"
4352,"2025-09-04 20:27:14",179,"Ritu Mishra",100100000178,"Savings Account","SBI Bengaluru Branch 16","Bengaluru","Charge","Cheque",461646.39,0.00,"Success","Service charge"
4353,"2024-08-26 07:42:11",187,"Karan Chauhan",100100000186,"Savings Account","SBI Chandigarh Branch 5","Chandigarh","Deposit","ATM",398693.46,1051299.40,"Success","Cash deposit"
4354,"2022-07-07 18:03:13",115,"Nidhi Agarwal",100100000233,"Salary Account","SBI Gurugram Branch 49","Gurugram","Transfer","ATM",76740.55,570490.49,"Success","Fund transfer"
4355,"2025-09-12 23:01:50",83,"Nitin Verma",100100000286,"Salary Account","SBI Chennai Branch 40","Chennai","Withdrawal","Cheque",436743.44,476230.70,"Pending","Cash withdrawal"
4356,"2025-11-29 13:06:26",177,"Riya Verma",100100000176,"Salary Account","SBI Bhubaneswar Branch 25","Bhubaneswar","Deposit","ATM",128104.92,1423167.94,"Success","Cash deposit"
4357,"2025-10-26 00:32:28",120,"Nidhi Agarwal",100100000119,"Savings Account","SBI Kolkata Branch 42","Kolkata","Deposit","NEFT",23067.75,904471.23,"Success","Cash deposit"
4358,"2024-10-19 14:13:19",56,"Vikas Reddy",100100000055,"Senior Citizen Savings Account","SBI Surat Branch 3","Surat","Withdrawal","ATM",232434.27,0.00,"Success","Cash withdrawal"
4359,"2023-10-17 10:09:14",169,"Rahul Pandey",100100000168,"Senior Citizen Savings Account","SBI Hyderabad Branch 41","Hyderabad","Interest","System",434656.34,434656.34,"Success","Interest credited"
4360,"2025-12-28 15:37:19",17,"Komal Patel",100100000016,"Student Account","SBI Chennai Branch 40","Chennai","Interest","System",31203.09,382105.07,"Success","Interest credited"
4361,"2022-07-26 13:26:31",29,"Mohit Yadav",100100000028,"Student Account","SBI Bhopal Branch 39","Bhopal","Transfer","NEFT",421138.13,0.00,"Pending","Fund transfer"
4362,"2024-03-19 02:30:56",93,"Arjun Sinha",100100000092,"Current Account","SBI Bengaluru Branch 38","Bengaluru","Deposit","Cash",167992.17,606469.58,"Pending","Cash deposit"
4363,"2022-01-06 06:45:57",68,"Vikas Patel",100100000067,"Current Account","SBI Nagpur Branch 31","Nagpur","Deposit","ATM",275378.15,997633.16,"Success","Cash deposit"
4364,"2025-10-22 11:26:27",179,"Ritu Mishra",100100000178,"Savings Account","SBI Bengaluru Branch 16","Bengaluru","Interest","System",321497.67,321497.67,"Success","Interest credited"
4365,"2025-12-11 01:09:04",85,"Kavita Nair",100100000084,"Current Account","SBI Bhubaneswar Branch 25","Bhubaneswar","Deposit","RTGS",242010.23,422081.18,"Success","Cash deposit"
4366,"2025-06-11 20:11:53",191,"Asha Sharma",100100000265,"Current Account","SBI Pune Branch 8","Pune","Deposit","Cheque",384781.04,1843487.54,"Success","Cash deposit"
4367,"2024-03-13 06:15:19",56,"Vikas Reddy",100100000055,"Senior Citizen Savings Account","SBI Surat Branch 3","Surat","Withdrawal","IMPS",332517.40,0.00,"Success","Cash withdrawal"
4368,"2025-03-03 19:18:26",167,"Mohit Jain",100100000230,"Recurring Deposit Account","SBI Bengaluru Branch 7","Bengaluru","Transfer","ATM",493712.10,0.00,"Success","Fund transfer"
4369,"2023-10-09 17:27:25",77,"Anjali Mishra",100100000243,"Savings Account","SBI Kolkata Branch 42","Kolkata","Transfer","Cheque",275497.45,19137.79,"Success","Fund transfer"
4370,"2023-10-03 04:23:51",125,"Vivek Kumar",100100000124,"Salary Account","SBI Bhopal Branch 39","Bhopal","Deposit","Cash",152496.20,330910.00,"Success","Cash deposit"
4371,"2022-02-12 14:21:37",114,"Harsh Reddy",100100000290,"NRI Savings Account","SBI Surat Branch 3","Surat","Charge","System",54102.29,0.00,"Success","Service charge"
4372,"2022-07-19 05:37:13",95,"Rahul Kumar",100100000094,"Savings Account","SBI Bhubaneswar Branch 25","Bhubaneswar","Transfer","NEFT",293205.08,0.00,"Success","Fund transfer"
4373,"2026-05-02 23:19:02",200,"Harsh Mishra",100100000199,"Savings Account","SBI Gurugram Branch 45","Gurugram","Withdrawal","RTGS",393035.64,43008.61,"Success","Cash withdrawal"
4374,"2024-07-29 04:38:07",78,"Sneha Verma",100100000216,"Savings Account","SBI Bengaluru Branch 15","Bengaluru","Transfer","RTGS",10203.94,227747.01,"Success","Fund transfer"
4375,"2023-06-28 02:24:15",76,"Harsh Kumar",100100000075,"Savings Account","SBI Delhi Branch 13","Delhi","Deposit","ATM",424797.26,465222.25,"Success","Cash deposit"
4376,"2024-09-26 01:50:42",105,"Mohit Agarwal",100100000104,"Savings Account","SBI Kolkata Branch 42","Kolkata","Transfer","RTGS",470745.57,0.00,"Success","Fund transfer"
4377,"2024-11-09 00:59:35",131,"Divya Yadav",100100000130,"Student Account","SBI Bhopal Branch 37","Bhopal","Transfer","Cheque",275478.19,0.00,"Failed","Fund transfer"
4378,"2025-10-23 02:42:38",106,"Arjun Nair",100100000298,"Savings Account","SBI Noida Branch 47","Noida","Interest","System",455058.29,937818.03,"Success","Interest credited"
4379,"2025-03-24 12:31:49",1,"Vivek Yadav",100100000000,"Savings Account","SBI Patna Branch 17","Patna","Deposit","RTGS",438366.99,1368994.30,"Success","Cash deposit"
4380,"2024-03-07 05:05:52",199,"Sneha Agarwal",100100000198,"Senior Citizen Savings Account","SBI Surat Branch 4","Surat","Withdrawal","IMPS",231905.22,911505.49,"Success","Cash withdrawal"
4381,"2023-07-03 22:31:25",30,"Vikas Gupta",100100000221,"Savings Account","SBI Noida Branch 2","Noida","Transfer","Cash",430809.96,0.00,"Success","Fund transfer"
4382,"2023-03-26 18:38:30",163,"Anjali Gupta",100100000212,"Current Account","SBI Delhi Branch 14","Delhi","Deposit","Cheque",21116.75,21116.75,"Success","Cash deposit"
4383,"2024-12-07 12:54:39",73,"Karan Yadav",100100000072,"Current Account","SBI Lucknow Branch 19","Lucknow","Withdrawal","Cash",141064.29,650694.52,"Success","Cash withdrawal"
4384,"2022-11-13 15:56:26",42,"Pooja Gupta",100100000211,"Current Account","SBI Chennai Branch 21","Chennai","Transfer","ATM",472300.47,685904.89,"Success","Fund transfer"
4385,"2025-03-16 03:14:09",191,"Asha Sharma",100100000265,"Current Account","SBI Pune Branch 8","Pune","Deposit","Cheque",76861.21,1843487.54,"Failed","Cash deposit"
4386,"2025-02-12 03:18:44",163,"Anjali Gupta",100100000212,"Current Account","SBI Delhi Branch 14","Delhi","Charge","ATM",330224.95,0.00,"Success","Service charge"
4387,"2024-09-02 13:12:58",82,"Meena Gupta",100100000285,"NRI Savings Account","SBI Bhopal Branch 35","Bhopal","Transfer","RTGS",56841.54,257752.56,"Success","Fund transfer"
4388,"2025-01-20 22:51:51",72,"Anjali Singh",100100000071,"Savings Account","SBI Pune Branch 8","Pune","Interest","System",229568.64,229568.64,"Success","Interest credited"
4389,"2022-06-18 08:01:26",35,"Ankit Gupta",100100000034,"Savings Account","SBI Bengaluru Branch 7","Bengaluru","Interest","System",426808.57,995467.70,"Success","Interest credited"
4390,"2023-11-17 16:18:10",86,"Komal Verma",100100000276,"Savings Account","SBI Chandigarh Branch 5","Chandigarh","Withdrawal","UPI",484672.12,0.00,"Success","Cash withdrawal"
4391,"2024-06-23 19:06:48",92,"Ritu Chauhan",100100000091,"Fixed Deposit Account","SBI Pune Branch 43","Pune","Interest","System",216466.67,0.00,"Failed","Interest credited"
4392,"2024-06-14 10:40:39",191,"Asha Sharma",100100000265,"Current Account","SBI Pune Branch 8","Pune","Charge","System",212015.75,1631471.79,"Success","Service charge"
4393,"2025-06-02 16:30:57",12,"Vivek Mishra",100100000011,"Student Account","SBI Gurugram Branch 36","Gurugram","Charge","ATM",164990.57,120412.00,"Success","Service charge"
4394,"2024-05-02 07:13:42",194,"Harsh Agarwal",100100000193,"Student Account","SBI Noida Branch 2","Noida","Deposit","NEFT",358745.77,680271.33,"Success","Cash deposit"
4395,"2024-02-20 12:55:57",82,"Meena Gupta",100100000285,"NRI Savings Account","SBI Bhopal Branch 35","Bhopal","Charge","System",126592.85,131159.71,"Success","Service charge"
4396,"2022-11-17 05:57:29",183,"Neha Nair",100100000182,"Savings Account","SBI Hyderabad Branch 41","Hyderabad","Deposit","IMPS",302690.45,1444204.78,"Success","Cash deposit"
4397,"2022-08-14 16:24:39",51,"Rohit Yadav",100100000206,"Savings Account","SBI Noida Branch 2","Noida","Charge","Cheque",189229.64,0.00,"Success","Service charge"
4398,"2024-09-27 09:37:35",198,"Suresh Singh",100100000197,"Recurring Deposit Account","SBI Nagpur Branch 34","Nagpur","Interest","System",341028.72,771593.20,"Failed","Interest credited"
4399,"2026-05-07 10:03:06",138,"Sakshi Chauhan",100100000137,"Fixed Deposit Account","SBI Pune Branch 8","Pune","Charge","Cheque",420897.34,0.00,"Pending","Service charge"
4400,"2026-02-20 05:51:41",32,"Ankit Reddy",100100000031,"Recurring Deposit Account","SBI Bengaluru Branch 7","Bengaluru","Deposit","NEFT",330720.85,1027497.35,"Success","Cash deposit"
4401,"2025-12-19 22:42:39",133,"Priya Patel",100100000283,"NRI Savings Account","SBI Delhi Branch 13","Delhi","Interest","System",50170.26,208586.01,"Success","Interest credited"
4402,"2023-11-15 10:33:01",96,"Manish Yadav",100100000095,"Student Account","SBI Bengaluru Branch 7","Bengaluru","Transfer","NEFT",495502.05,447582.99,"Success","Fund transfer"
4403,"2026-04-25 18:42:45",104,"Harsh Pandey",100100000103,"Student Account","SBI Bhopal Branch 35","Bhopal","Withdrawal","Cash",469417.66,267603.75,"Success","Cash withdrawal"
4404,"2026-04-29 10:57:26",197,"Rajesh Yadav",100100000296,"Recurring Deposit Account","SBI Surat Branch 30","Surat","Transfer","IMPS",3677.25,465183.37,"Success","Fund transfer"
4405,"2026-05-15 18:41:51",133,"Priya Patel",100100000283,"NRI Savings Account","SBI Delhi Branch 13","Delhi","Withdrawal","Cash",335518.41,0.00,"Success","Cash withdrawal"
4406,"2025-05-08 22:17:22",40,"Sneha Nair",100100000039,"Salary Account","SBI Pune Branch 11","Pune","Interest","System",436176.13,436176.13,"Success","Interest credited"
4407,"2026-06-23 14:49:49",154,"Vikas Sharma",100100000153,"Savings Account","SBI Noida Branch 32","Noida","Deposit","RTGS",304433.59,522105.16,"Success","Cash deposit"
4408,"2026-07-05 21:41:20",50,"Suresh Chauhan",100100000049,"Current Account","SBI Bhubaneswar Branch 22","Bhubaneswar","Withdrawal","IMPS",331430.68,660912.43,"Success","Cash withdrawal"
4409,"2025-08-11 10:59:44",73,"Karan Yadav",100100000226,"NRI Savings Account","SBI Bhubaneswar Branch 22","Bhubaneswar","Charge","ATM",159041.58,1522.88,"Success","Service charge"
4410,"2024-11-04 03:16:10",189,"Rajesh Pandey",100100000188,"Fixed Deposit Account","SBI Pune Branch 8","Pune","Transfer","NEFT",186936.86,0.00,"Success","Fund transfer"
4411,"2025-02-11 12:39:35",168,"Meena Gupta",100100000167,"Senior Citizen Savings Account","SBI Gurugram Branch 33","Gurugram","Transfer","ATM",238519.13,78692.00,"Pending","Fund transfer"
4412,"2023-10-07 23:43:44",51,"Rohit Yadav",100100000050,"Savings Account","SBI Chennai Branch 21","Chennai","Deposit","IMPS",347847.43,347847.43,"Success","Cash deposit"
4413,"2023-11-25 01:26:39",167,"Mohit Jain",100100000293,"Savings Account","SBI Ahmedabad Branch 24","Ahmedabad","Deposit","Cheque",43552.67,893157.18,"Success","Cash deposit"
4414,"2025-08-20 21:24:09",16,"Amit Verma",100100000015,"Recurring Deposit Account","SBI Noida Branch 32","Noida","Interest","System",468508.20,2149586.92,"Success","Interest credited"
4415,"2024-10-05 11:31:39",139,"Neha Pandey",100100000138,"Savings Account","SBI Lucknow Branch 19","Lucknow","Withdrawal","Cash",324608.90,1132079.40,"Success","Cash withdrawal"
4416,"2026-05-01 02:46:59",53,"Arjun Jain",100100000052,"Student Account","SBI Delhi Branch 13","Delhi","Charge","System",214764.03,838916.87,"Success","Service charge"
4417,"2022-07-08 09:18:59",169,"Rahul Pandey",100100000168,"Senior Citizen Savings Account","SBI Hyderabad Branch 41","Hyderabad","Transfer","ATM",157463.40,277192.94,"Success","Fund transfer"
4418,"2024-05-05 22:54:13",174,"Meena Verma",100100000173,"Savings Account","SBI Chennai Branch 40","Chennai","Charge","System",332005.60,0.00,"Pending","Service charge"
4419,"2022-05-09 10:37:43",176,"Rohit Sharma",100100000213,"Fixed Deposit Account","SBI Lucknow Branch 19","Lucknow","Withdrawal","RTGS",36648.53,404084.86,"Failed","Cash withdrawal"
4420,"2022-08-25 18:49:20",179,"Ritu Mishra",100100000260,"Savings Account","SBI Bengaluru Branch 16","Bengaluru","Transfer","RTGS",320440.80,0.00,"Success","Fund transfer"
4421,"2022-08-02 18:16:38",60,"Rahul Sinha",100100000059,"Savings Account","SBI Pune Branch 11","Pune","Withdrawal","IMPS",429078.27,840593.82,"Success","Cash withdrawal"
4422,"2022-11-24 07:04:48",199,"Sneha Agarwal",100100000198,"Senior Citizen Savings Account","SBI Surat Branch 4","Surat","Interest","System",268379.36,1179884.85,"Success","Interest credited"
4423,"2024-12-13 20:11:29",51,"Rohit Yadav",100100000206,"Savings Account","SBI Noida Branch 2","Noida","Transfer","ATM",123521.89,0.00,"Success","Fund transfer"
4424,"2023-01-10 02:07:13",88,"Arjun Kumar",100100000273,"NRI Savings Account","SBI Bengaluru Branch 50","Bengaluru","Charge","ATM",76789.17,125492.90,"Success","Service charge"
4425,"2026-07-01 01:38:34",136,"Priya Sharma",100100000256,"Student Account","SBI Surat Branch 3","Surat","Transfer","NEFT",107929.09,95115.12,"Success","Fund transfer"
4426,"2025-01-06 18:29:00",178,"Arjun Kumar",100100000227,"Current Account","SBI Kolkata Branch 42","Kolkata","Interest","System",275200.43,275200.43,"Success","Interest credited"
4427,"2025-11-08 05:04:22",194,"Harsh Agarwal",100100000193,"Student Account","SBI Noida Branch 2","Noida","Charge","ATM",106046.00,574225.33,"Success","Service charge"
4428,"2023-11-23 22:59:53",170,"Manish Verma",100100000169,"Savings Account","SBI Chennai Branch 40","Chennai","Transfer","Cash",2399.41,0.00,"Success","Fund transfer"
4429,"2024-08-18 02:05:56",6,"Meena Singh",100100000005,"Savings Account","SBI Nagpur Branch 34","Nagpur","Charge","ATM",351390.53,97246.89,"Success","Service charge"
4430,"2025-10-24 06:29:57",97,"Riya Kumar",100100000096,"Fixed Deposit Account","SBI Indore Branch 20","Indore","Deposit","ATM",155260.58,651470.44,"Success","Cash deposit"
4431,"2025-11-07 15:19:01",81,"Karan Reddy",100100000080,"Recurring Deposit Account","SBI Lucknow Branch 19","Lucknow","Interest","System",312449.98,1306243.21,"Success","Interest credited"
4432,"2022-09-10 15:29:08",128,"Riya Mishra",100100000127,"Current Account","SBI Lucknow Branch 19","Lucknow","Deposit","UPI",119609.91,119609.91,"Success","Cash deposit"
4433,"2023-11-20 08:28:30",200,"Harsh Mishra",100100000199,"Savings Account","SBI Gurugram Branch 45","Gurugram","Transfer","NEFT",367258.90,0.00,"Success","Fund transfer"
4434,"2025-06-02 04:41:35",102,"Asha Sinha",100100000101,"Student Account","SBI Bengaluru Branch 50","Bengaluru","Charge","System",99043.99,307057.80,"Success","Service charge"
4435,"2022-09-20 15:23:57",190,"Divya Kumar",100100000189,"Recurring Deposit Account","SBI Noida Branch 47","Noida","Transfer","IMPS",487775.70,0.00,"Success","Fund transfer"
4436,"2023-03-10 16:19:39",175,"Pooja Jain",100100000174,"Fixed Deposit Account","SBI Pune Branch 11","Pune","Withdrawal","ATM",326990.97,943831.36,"Failed","Cash withdrawal"
4437,"2025-05-06 22:06:34",120,"Nidhi Agarwal",100100000297,"Salary Account","SBI Kolkata Branch 42","Kolkata","Withdrawal","ATM",230903.44,11246.74,"Success","Cash withdrawal"
4438,"2022-08-04 07:40:35",14,"Sneha Nair",100100000013,"Fixed Deposit Account","SBI Nagpur Branch 34","Nagpur","Interest","System",386803.48,1007715.48,"Success","Interest credited"
4439,"2024-12-11 02:08:50",122,"Ritu Pandey",100100000121,"Student Account","SBI Lucknow Branch 19","Lucknow","Charge","Cheque",421346.39,0.00,"Success","Service charge"
4440,"2024-07-29 20:39:50",198,"Suresh Singh",100100000235,"NRI Savings Account","SBI Bengaluru Branch 38","Bengaluru","Transfer","UPI",81764.75,344864.92,"Failed","Fund transfer"
4441,"2023-12-09 14:09:23",36,"Sakshi Agarwal",100100000035,"Savings Account","SBI Chennai Branch 40","Chennai","Charge","System",406949.68,0.00,"Success","Service charge"
4442,"2026-06-22 07:28:36",198,"Suresh Singh",100100000197,"Recurring Deposit Account","SBI Nagpur Branch 34","Nagpur","Charge","Cheque",470571.15,301022.05,"Success","Service charge"
4443,"2025-03-07 06:59:04",173,"Shreya Reddy",100100000172,"NRI Savings Account","SBI Hyderabad Branch 41","Hyderabad","Withdrawal","Cheque",382460.74,0.00,"Success","Cash withdrawal"
4444,"2022-03-12 09:42:52",187,"Karan Chauhan",100100000186,"Savings Account","SBI Chandigarh Branch 5","Chandigarh","Deposit","NEFT",142850.94,1194150.34,"Success","Cash deposit"
4445,"2022-09-22 00:30:17",51,"Rohit Yadav",100100000050,"Savings Account","SBI Chennai Branch 21","Chennai","Transfer","IMPS",115490.48,232356.95,"Success","Fund transfer"
4446,"2023-02-16 23:55:50",171,"Vikas Patel",100100000263,"Salary Account","SBI Bengaluru Branch 16","Bengaluru","Transfer","Cash",152315.49,0.00,"Success","Fund transfer"
4447,"2022-05-03 12:07:01",171,"Vikas Patel",100100000170,"Student Account","SBI Gurugram Branch 36","Gurugram","Transfer","NEFT",232481.43,94341.59,"Pending","Fund transfer"
4448,"2022-08-25 06:22:15",53,"Arjun Jain",100100000052,"Student Account","SBI Delhi Branch 13","Delhi","Transfer","NEFT",451587.99,387328.88,"Success","Fund transfer"
4449,"2022-12-06 15:13:07",185,"Rahul Kumar",100100000207,"Savings Account","SBI Bhopal Branch 23","Bhopal","Deposit","IMPS",305273.81,0.00,"Pending","Cash deposit"
4450,"2022-09-09 19:04:49",116,"Riya Sinha",100100000201,"Salary Account","SBI Bengaluru Branch 7","Bengaluru","Withdrawal","Cash",472565.75,0.00,"Success","Cash withdrawal"
4451,"2024-10-27 19:29:05",30,"Vikas Gupta",100100000029,"Savings Account","SBI Bhopal Branch 39","Bhopal","Transfer","ATM",87818.66,1222131.27,"Pending","Fund transfer"
4452,"2024-08-17 03:46:20",5,"Amit Reddy",100100000234,"Savings Account","SBI Surat Branch 29","Surat","Transfer","IMPS",140256.25,1024683.98,"Pending","Fund transfer"
4453,"2025-04-03 02:45:51",52,"Harsh Mishra",100100000051,"Savings Account","SBI Gurugram Branch 49","Gurugram","Withdrawal","NEFT",290844.26,0.00,"Success","Cash withdrawal"
4454,"2025-12-02 14:31:51",67,"Pooja Kumar",100100000066,"NRI Savings Account","SBI Chandigarh Branch 5","Chandigarh","Deposit","NEFT",168923.38,957801.79,"Success","Cash deposit"
4455,"2025-11-15 03:10:15",4,"Ankit Chauhan",100100000003,"Fixed Deposit Account","SBI Pune Branch 11","Pune","Interest","System",369006.58,369006.58,"Success","Interest credited"
4456,"2024-08-08 05:37:24",67,"Pooja Kumar",100100000066,"NRI Savings Account","SBI Chandigarh Branch 5","Chandigarh","Withdrawal","NEFT",219096.05,957801.79,"Pending","Cash withdrawal"
4457,"2022-02-05 15:07:09",84,"Karan Patel",100100000083,"Savings Account","SBI Bhopal Branch 35","Bhopal","Transfer","Cash",300273.25,0.00,"Success","Fund transfer"
4458,"2022-06-12 15:50:23",185,"Rahul Kumar",100100000281,"Senior Citizen Savings Account","SBI Surat Branch 30","Surat","Transfer","UPI",382277.18,339972.95,"Success","Fund transfer"
4459,"2023-05-23 04:58:15",124,"Asha Sinha",100100000214,"Student Account","SBI Gurugram Branch 45","Gurugram","Withdrawal","UPI",422093.13,470719.65,"Success","Cash withdrawal"
4460,"2025-12-15 08:00:39",121,"Manish Agarwal",100100000120,"Savings Account","SBI Indore Branch 27","Indore","Charge","ATM",235816.87,0.00,"Success","Service charge"
4461,"2026-01-07 01:03:49",85,"Kavita Nair",100100000084,"Current Account","SBI Bhubaneswar Branch 25","Bhubaneswar","Deposit","Cheque",263672.47,685753.65,"Success","Cash deposit"
4462,"2023-02-12 15:27:41",35,"Ankit Gupta",100100000034,"Savings Account","SBI Bengaluru Branch 7","Bengaluru","Interest","System",174922.15,1170389.85,"Success","Interest credited"
4463,"2024-11-23 23:33:05",195,"Amit Agarwal",100100000279,"Current Account","SBI Patna Branch 17","Patna","Deposit","NEFT",417772.30,0.00,"Pending","Cash deposit"
4464,"2023-09-19 11:07:23",15,"Riya Yadav",100100000014,"Salary Account","SBI Surat Branch 44","Surat","Interest","System",494609.07,494609.07,"Success","Interest credited"
4465,"2023-07-27 15:51:01",188,"Nitin Jain",100100000266,"Current Account","SBI Nagpur Branch 31","Nagpur","Transfer","Cash",416547.81,191160.54,"Success","Fund transfer"
4466,"2025-02-14 07:20:59",189,"Rajesh Pandey",100100000254,"Fixed Deposit Account","SBI Kolkata Branch 42","Kolkata","Interest","System",478524.91,1988467.56,"Success","Interest credited"
4467,"2022-08-23 22:59:37",25,"Riya Reddy",100100000024,"Savings Account","SBI Gurugram Branch 33","Gurugram","Interest","System",134311.97,185726.53,"Success","Interest credited"
4468,"2024-02-17 18:42:05",106,"Arjun Nair",100100000298,"Savings Account","SBI Noida Branch 47","Noida","Charge","Cheque",436802.30,501015.73,"Success","Service charge"
4469,"2026-02-20 19:02:50",197,"Rajesh Yadav",100100000296,"Recurring Deposit Account","SBI Surat Branch 30","Surat","Deposit","IMPS",413803.37,878986.74,"Success","Cash deposit"
4470,"2024-09-02 04:13:57",199,"Sneha Agarwal",100100000198,"Senior Citizen Savings Account","SBI Surat Branch 4","Surat","Withdrawal","IMPS",298804.78,881080.07,"Success","Cash withdrawal"
4471,"2026-06-07 08:56:20",122,"Ritu Pandey",100100000121,"Student Account","SBI Lucknow Branch 19","Lucknow","Deposit","IMPS",354636.45,354636.45,"Success","Cash deposit"
4472,"2024-07-16 10:27:32",18,"Vivek Verma",100100000017,"NRI Savings Account","SBI Bengaluru Branch 38","Bengaluru","Deposit","NEFT",191588.74,191588.74,"Success","Cash deposit"
4473,"2022-11-24 19:33:39",51,"Rohit Yadav",100100000262,"Current Account","SBI Surat Branch 3","Surat","Deposit","RTGS",425731.10,248275.36,"Failed","Cash deposit"
4474,"2022-01-24 11:25:46",37,"Neha Pandey",100100000036,"Student Account","SBI Bengaluru Branch 50","Bengaluru","Charge","System",216134.24,148032.10,"Success","Service charge"
4475,"2023-10-26 01:41:23",16,"Amit Verma",100100000015,"Recurring Deposit Account","SBI Noida Branch 32","Noida","Withdrawal","Cash",70119.38,2079467.54,"Success","Cash withdrawal"
4476,"2023-02-28 14:10:12",49,"Amit Sinha",100100000048,"Senior Citizen Savings Account","SBI Bhopal Branch 39","Bhopal","Charge","Cheque",492539.42,0.00,"Failed","Service charge"
4477,"2026-01-22 10:20:14",51,"Rohit Yadav",100100000206,"Savings Account","SBI Noida Branch 2","Noida","Deposit","NEFT",367775.37,0.00,"Pending","Cash deposit"
4478,"2026-01-25 06:04:47",146,"Manish Agarwal",100100000231,"Recurring Deposit Account","SBI Hyderabad Branch 41","Hyderabad","Transfer","Cheque",79086.36,466447.08,"Success","Fund transfer"
4479,"2023-07-17 11:34:30",10,"Divya Patel",100100000009,"NRI Savings Account","SBI Nagpur Branch 34","Nagpur","Withdrawal","UPI",73210.29,36233.74,"Success","Cash withdrawal"
4480,"2025-07-19 14:15:17",63,"Rajesh Kumar",100100000062,"Recurring Deposit Account","SBI Pune Branch 8","Pune","Withdrawal","IMPS",130189.73,0.00,"Success","Cash withdrawal"
4481,"2022-08-24 07:48:23",161,"Riya Singh",100100000160,"Savings Account","SBI Pune Branch 1","Pune","Withdrawal","NEFT",398623.73,263222.21,"Success","Cash withdrawal"
4482,"2024-09-19 19:45:30",98,"Suresh Sharma",100100000097,"Fixed Deposit Account","SBI Kolkata Branch 42","Kolkata","Deposit","IMPS",103057.84,584746.29,"Success","Cash deposit"
4483,"2025-08-19 05:59:28",89,"Rahul Kumar",100100000088,"Savings Account","SBI Pune Branch 1","Pune","Interest","System",325989.45,325989.45,"Success","Interest credited"
4484,"2023-03-08 19:49:13",143,"Rohit Mishra",100100000142,"Student Account","SBI Bhopal Branch 37","Bhopal","Transfer","NEFT",14123.70,0.00,"Success","Fund transfer"
4485,"2024-11-08 00:15:03",123,"Neha Patel",100100000122,"Senior Citizen Savings Account","SBI Surat Branch 29","Surat","Withdrawal","Cash",31129.32,314719.45,"Success","Cash withdrawal"
4486,"2025-04-05 16:27:12",150,"Ankit Verma",100100000149,"Salary Account","SBI Chennai Branch 40","Chennai","Deposit","Cash",299216.51,429098.17,"Success","Cash deposit"
4487,"2024-02-19 15:32:10",87,"Rajesh Agarwal",100100000086,"Savings Account","SBI Chennai Branch 40","Chennai","Withdrawal","RTGS",9876.57,620495.81,"Success","Cash withdrawal"
4488,"2025-06-27 07:14:50",171,"Vikas Patel",100100000170,"Student Account","SBI Gurugram Branch 36","Gurugram","Interest","System",35487.48,129829.07,"Success","Interest credited"
4489,"2024-08-18 00:07:52",64,"Riya Singh",100100000063,"Fixed Deposit Account","SBI Patna Branch 17","Patna","Charge","Cheque",29852.99,717581.40,"Success","Service charge"
4490,"2025-12-01 15:19:00",41,"Vivek Patel",100100000040,"Recurring Deposit Account","SBI Ahmedabad Branch 24","Ahmedabad","Deposit","NEFT",66544.24,931330.96,"Success","Cash deposit"
4491,"2024-11-08 00:17:03",74,"Rahul Kumar",100100000073,"Current Account","SBI Bengaluru Branch 16","Bengaluru","Transfer","IMPS",413587.88,11908.39,"Success","Fund transfer"
4492,"2022-12-16 02:19:11",96,"Manish Yadav",100100000095,"Student Account","SBI Bengaluru Branch 7","Bengaluru","Deposit","ATM",237831.99,685414.98,"Success","Cash deposit"
4493,"2022-02-05 09:43:05",78,"Sneha Verma",100100000216,"Savings Account","SBI Bengaluru Branch 15","Bengaluru","Deposit","UPI",129169.92,356916.93,"Success","Cash deposit"
4494,"2023-07-30 18:37:50",5,"Amit Reddy",100100000287,"Salary Account","SBI Surat Branch 44","Surat","Interest","System",257727.04,257727.04,"Success","Interest credited"
4495,"2024-07-10 16:37:26",83,"Nitin Verma",100100000286,"Salary Account","SBI Chennai Branch 40","Chennai","Deposit","IMPS",138603.42,614834.12,"Success","Cash deposit"
4496,"2022-11-04 18:22:35",189,"Rajesh Pandey",100100000188,"Fixed Deposit Account","SBI Pune Branch 8","Pune","Transfer","IMPS",237470.05,0.00,"Success","Fund transfer"
4497,"2023-07-26 09:33:59",160,"Arjun Chauhan",100100000159,"Salary Account","SBI Bengaluru Branch 15","Bengaluru","Transfer","UPI",250939.54,76125.33,"Success","Fund transfer"
4498,"2024-12-07 15:48:11",64,"Riya Singh",100100000063,"Fixed Deposit Account","SBI Patna Branch 17","Patna","Withdrawal","NEFT",27991.43,689589.97,"Success","Cash withdrawal"
4499,"2024-01-22 07:07:21",74,"Rahul Kumar",100100000073,"Current Account","SBI Bengaluru Branch 16","Bengaluru","Charge","Cheque",151256.55,0.00,"Success","Service charge"
4500,"2025-10-02 10:43:46",53,"Arjun Jain",100100000052,"Student Account","SBI Delhi Branch 13","Delhi","Transfer","ATM",355817.64,31511.24,"Success","Fund transfer"
4501,"2026-01-09 05:26:50",90,"Sakshi Jain",100100000089,"Current Account","SBI Surat Branch 44","Surat","Interest","System",415698.34,415698.34,"Success","Interest credited"
4502,"2025-10-14 09:26:10",156,"Shreya Yadav",100100000272,"NRI Savings Account","SBI Indore Branch 27","Indore","Deposit","Cheque",73135.09,530970.40,"Success","Cash deposit"
4503,"2024-10-09 06:25:08",50,"Suresh Chauhan",100100000251,"Fixed Deposit Account","SBI Surat Branch 30","Surat","Interest","System",95253.18,736495.56,"Success","Interest credited"
4504,"2024-06-21 15:50:04",178,"Arjun Kumar",100100000208,"NRI Savings Account","SBI Gurugram Branch 49","Gurugram","Transfer","ATM",425419.37,0.00,"Success","Fund transfer"
4505,"2022-12-03 09:27:29",97,"Riya Kumar",100100000096,"Fixed Deposit Account","SBI Indore Branch 20","Indore","Withdrawal","RTGS",285749.61,365720.83,"Success","Cash withdrawal"
4506,"2023-08-26 05:11:50",135,"Shreya Chauhan",100100000134,"Fixed Deposit Account","SBI Gurugram Branch 36","Gurugram","Interest","System",439986.48,0.00,"Failed","Interest credited"
4507,"2023-12-23 13:28:21",186,"Neha Gupta",100100000185,"Senior Citizen Savings Account","SBI Bhopal Branch 35","Bhopal","Deposit","RTGS",460922.50,773481.22,"Success","Cash deposit"
4508,"2022-08-04 18:20:50",62,"Ritu Yadav",100100000061,"Recurring Deposit Account","SBI Noida Branch 2","Noida","Charge","System",69150.65,1466975.27,"Success","Service charge"
4509,"2022-12-18 05:26:49",7,"Neha Gupta",100100000006,"Savings Account","SBI Surat Branch 3","Surat","Charge","Cheque",338899.86,0.00,"Success","Service charge"
4510,"2024-11-17 02:08:25",178,"Arjun Kumar",100100000227,"Current Account","SBI Kolkata Branch 42","Kolkata","Charge","Cheque",283258.11,0.00,"Success","Service charge"
4511,"2022-09-22 06:58:14",134,"Nitin Sharma",100100000133,"Savings Account","SBI Bengaluru Branch 50","Bengaluru","Deposit","RTGS",300980.40,300980.40,"Success","Cash deposit"
4512,"2026-04-22 19:13:08",81,"Karan Reddy",100100000080,"Recurring Deposit Account","SBI Lucknow Branch 19","Lucknow","Withdrawal","NEFT",25575.20,1280668.01,"Success","Cash withdrawal"
4513,"2022-01-28 16:08:49",107,"Nitin Chauhan",100100000209,"Senior Citizen Savings Account","SBI Bengaluru Branch 7","Bengaluru","Deposit","RTGS",36680.78,36680.78,"Success","Cash deposit"
4514,"2024-12-14 12:26:17",144,"Rahul Mishra",100100000143,"NRI Savings Account","SBI Surat Branch 6","Surat","Interest","System",459822.76,459822.76,"Success","Interest credited"
4515,"2026-01-03 17:50:49",143,"Rohit Mishra",100100000142,"Student Account","SBI Bhopal Branch 37","Bhopal","Deposit","UPI",308768.88,308768.88,"Success","Cash deposit"
4516,"2022-05-03 12:31:03",200,"Harsh Mishra",100100000225,"Salary Account","SBI Gurugram Branch 36","Gurugram","Withdrawal","RTGS",409436.46,0.00,"Success","Cash withdrawal"
4517,"2023-10-12 23:29:23",83,"Nitin Verma",100100000286,"Salary Account","SBI Chennai Branch 40","Chennai","Interest","System",471916.57,1086750.69,"Success","Interest credited"
4518,"2022-08-10 12:39:14",21,"Anjali Yadav",100100000020,"Student Account","SBI Lucknow Branch 19","Lucknow","Interest","System",276740.95,127324.65,"Pending","Interest credited"
4519,"2023-09-16 12:54:18",192,"Deepak Reddy",100100000191,"Salary Account","SBI Bengaluru Branch 38","Bengaluru","Charge","System",441979.99,147287.45,"Success","Service charge"
4520,"2026-02-07 01:23:59",97,"Riya Kumar",100100000096,"Fixed Deposit Account","SBI Indore Branch 20","Indore","Interest","System",206941.77,572662.60,"Success","Interest credited"
4521,"2024-07-17 21:38:23",8,"Neha Gupta",100100000007,"Senior Citizen Savings Account","SBI Delhi Branch 14","Delhi","Interest","System",275450.64,1378866.39,"Success","Interest credited"
4522,"2024-03-09 02:21:31",140,"Arjun Sinha",100100000139,"Savings Account","SBI Bengaluru Branch 16","Bengaluru","Charge","System",170816.62,255263.85,"Success","Service charge"
4523,"2023-12-11 16:42:23",42,"Pooja Gupta",100100000211,"Current Account","SBI Chennai Branch 21","Chennai","Charge","ATM",263131.90,422772.99,"Success","Service charge"
4524,"2022-09-14 07:00:25",183,"Neha Nair",100100000182,"Savings Account","SBI Hyderabad Branch 41","Hyderabad","Transfer","Cash",72863.80,1371340.98,"Success","Fund transfer"
4525,"2022-02-20 14:12:15",74,"Rahul Kumar",100100000073,"Current Account","SBI Bengaluru Branch 16","Bengaluru","Charge","ATM",1818.87,0.00,"Success","Service charge"
4526,"2024-07-01 14:23:27",191,"Asha Sharma",100100000190,"Current Account","SBI Nagpur Branch 34","Nagpur","Interest","System",228565.58,228565.58,"Success","Interest credited"
4527,"2023-07-31 22:13:27",50,"Suresh Chauhan",100100000049,"Current Account","SBI Bhubaneswar Branch 22","Bhubaneswar","Transfer","ATM",361512.15,299400.28,"Success","Fund transfer"
4528,"2022-12-18 22:25:13",18,"Vivek Verma",100100000239,"NRI Savings Account","SBI Bengaluru Branch 7","Bengaluru","Transfer","ATM",105602.51,177520.15,"Success","Fund transfer"
4529,"2025-12-18 08:36:45",51,"Rohit Yadav",100100000206,"Savings Account","SBI Noida Branch 2","Noida","Charge","Cheque",168941.98,0.00,"Success","Service charge"
4530,"2025-11-04 06:40:00",156,"Shreya Yadav",100100000155,"Recurring Deposit Account","SBI Bhubaneswar Branch 22","Bhubaneswar","Deposit","Cheque",491418.67,78003.91,"Failed","Cash deposit"
4531,"2026-05-28 09:20:09",184,"Asha Singh",100100000183,"Savings Account","SBI Surat Branch 29","Surat","Deposit","UPI",317976.16,317976.16,"Success","Cash deposit"
4532,"2023-04-05 12:12:08",192,"Deepak Reddy",100100000191,"Salary Account","SBI Bengaluru Branch 38","Bengaluru","Deposit","ATM",151533.66,298821.11,"Success","Cash deposit"
4533,"2024-07-20 08:05:29",186,"Neha Gupta",100100000185,"Senior Citizen Savings Account","SBI Bhopal Branch 35","Bhopal","Transfer","Cheque",487042.22,286439.00,"Success","Fund transfer"
4534,"2024-09-04 14:39:08",151,"Pooja Patel",100100000150,"Fixed Deposit Account","SBI Gurugram Branch 49","Gurugram","Transfer","NEFT",227049.22,187313.38,"Success","Fund transfer"
4535,"2023-08-24 21:22:18",191,"Asha Sharma",100100000248,"Student Account","SBI Bengaluru Branch 15","Bengaluru","Charge","ATM",229710.83,0.00,"Success","Service charge"
4536,"2023-01-23 01:19:48",65,"Amit Sharma",100100000064,"Recurring Deposit Account","SBI Gurugram Branch 45","Gurugram","Interest","System",173762.77,173762.77,"Success","Interest credited"
4537,"2024-02-01 00:54:56",47,"Priya Sharma",100100000259,"Savings Account","SBI Bengaluru Branch 15","Bengaluru","Charge","ATM",200804.33,0.00,"Success","Service charge"
4538,"2024-02-10 13:39:58",109,"Kavita Jain",100100000108,"Recurring Deposit Account","SBI Ahmedabad Branch 24","Ahmedabad","Interest","System",368332.35,902245.39,"Success","Interest credited"
4539,"2026-03-30 20:16:40",64,"Riya Singh",100100000063,"Fixed Deposit Account","SBI Patna Branch 17","Patna","Deposit","Cash",385863.42,689589.97,"Failed","Cash deposit"
4540,"2024-05-06 21:23:40",144,"Rahul Mishra",100100000143,"NRI Savings Account","SBI Surat Branch 6","Surat","Transfer","UPI",220594.85,239227.91,"Success","Fund transfer"
4541,"2026-04-18 07:35:48",55,"Vikas Kumar",100100000229,"Savings Account","SBI Patna Branch 17","Patna","Deposit","NEFT",94167.08,510803.27,"Success","Cash deposit"
4542,"2025-08-03 09:56:10",176,"Rohit Sharma",100100000175,"Savings Account","SBI Noida Branch 47","Noida","Charge","ATM",254303.51,272172.37,"Success","Service charge"
4543,"2025-12-14 22:24:25",124,"Asha Sinha",100100000123,"Student Account","SBI Lucknow Branch 12","Lucknow","Withdrawal","RTGS",356466.70,325387.74,"Success","Cash withdrawal"
4544,"2025-09-15 05:28:02",48,"Divya Yadav",100100000047,"Savings Account","SBI Patna Branch 17","Patna","Deposit","IMPS",328074.49,328074.49,"Success","Cash deposit"
4545,"2026-03-29 06:03:10",134,"Nitin Sharma",100100000200,"Salary Account","SBI Pune Branch 43","Pune","Transfer","IMPS",323221.31,2018218.80,"Success","Fund transfer"
4546,"2025-06-18 06:27:30",97,"Riya Kumar",100100000096,"Fixed Deposit Account","SBI Indore Branch 20","Indore","Deposit","Cheque",164446.29,737108.89,"Success","Cash deposit"
4547,"2026-03-29 06:50:01",6,"Meena Singh",100100000005,"Savings Account","SBI Nagpur Branch 34","Nagpur","Transfer","ATM",6623.87,90623.02,"Success","Fund transfer"
4548,"2025-10-17 17:10:44",124,"Asha Sinha",100100000123,"Student Account","SBI Lucknow Branch 12","Lucknow","Deposit","Cash",155443.80,480831.54,"Success","Cash deposit"
4549,"2025-08-13 16:16:06",133,"Priya Patel",100100000132,"NRI Savings Account","SBI Nagpur Branch 34","Nagpur","Interest","System",254782.51,566656.10,"Success","Interest credited"
4550,"2025-05-07 16:34:24",58,"Kavita Sharma",100100000057,"Fixed Deposit Account","SBI Kochi Branch 46","Kochi","Charge","Cheque",188947.53,566837.59,"Success","Service charge"
4551,"2024-06-30 11:16:42",77,"Anjali Mishra",100100000243,"Savings Account","SBI Kolkata Branch 42","Kolkata","Withdrawal","ATM",420208.09,0.00,"Success","Cash withdrawal"
4552,"2026-02-13 20:34:44",100,"Pooja Mishra",100100000099,"Savings Account","SBI Noida Branch 28","Noida","Withdrawal","ATM",455635.55,0.00,"Success","Cash withdrawal"
4553,"2022-02-28 04:04:46",104,"Harsh Pandey",100100000103,"Student Account","SBI Bhopal Branch 35","Bhopal","Withdrawal","Cheque",275240.68,0.00,"Success","Cash withdrawal"
4554,"2024-07-11 05:45:00",83,"Nitin Verma",100100000286,"Salary Account","SBI Chennai Branch 40","Chennai","Deposit","UPI",352772.94,1439523.63,"Success","Cash deposit"
4555,"2024-05-17 07:35:31",90,"Sakshi Jain",100100000284,"Savings Account","SBI Patna Branch 17","Patna","Transfer","RTGS",364812.13,675712.03,"Success","Fund transfer"
4556,"2023-01-16 23:15:05",169,"Rahul Pandey",100100000168,"Senior Citizen Savings Account","SBI Hyderabad Branch 41","Hyderabad","Charge","System",82180.20,195012.74,"Success","Service charge"
4557,"2023-02-14 09:05:58",78,"Sneha Verma",100100000216,"Savings Account","SBI Bengaluru Branch 15","Bengaluru","Withdrawal","ATM",310077.58,46839.35,"Success","Cash withdrawal"
4558,"2022-07-13 00:15:48",139,"Neha Pandey",100100000138,"Savings Account","SBI Lucknow Branch 19","Lucknow","Interest","System",265813.15,1397892.55,"Success","Interest credited"
4559,"2026-04-13 13:38:32",120,"Nidhi Agarwal",100100000297,"Salary Account","SBI Kolkata Branch 42","Kolkata","Transfer","Cash",60544.42,11246.74,"Failed","Fund transfer"
4560,"2024-06-16 10:07:06",186,"Neha Gupta",100100000185,"Senior Citizen Savings Account","SBI Bhopal Branch 35","Bhopal","Transfer","UPI",323664.69,0.00,"Success","Fund transfer"
4561,"2022-12-09 19:20:39",94,"Shreya Mishra",100100000274,"Fixed Deposit Account","SBI Delhi Branch 14","Delhi","Deposit","IMPS",378058.92,477809.69,"Success","Cash deposit"
4562,"2025-09-21 23:03:22",93,"Arjun Sinha",100100000092,"Current Account","SBI Bengaluru Branch 38","Bengaluru","Transfer","RTGS",467681.20,138788.38,"Success","Fund transfer"
4563,"2022-01-09 10:19:01",143,"Rohit Mishra",100100000252,"Recurring Deposit Account","SBI Gurugram Branch 49","Gurugram","Interest","System",385397.13,385397.13,"Success","Interest credited"
4564,"2023-05-27 18:11:08",169,"Rahul Pandey",100100000168,"Senior Citizen Savings Account","SBI Hyderabad Branch 41","Hyderabad","Interest","System",306307.03,501319.77,"Success","Interest credited"
4565,"2025-06-08 15:41:55",170,"Manish Verma",100100000169,"Savings Account","SBI Chennai Branch 40","Chennai","Transfer","UPI",229573.35,0.00,"Success","Fund transfer"
4566,"2023-11-10 22:15:36",168,"Meena Gupta",100100000289,"Senior Citizen Savings Account","SBI Gurugram Branch 48","Gurugram","Deposit","Cash",482703.29,761031.11,"Success","Cash deposit"
4567,"2023-09-27 21:46:56",177,"Riya Verma",100100000176,"Salary Account","SBI Bhubaneswar Branch 25","Bhubaneswar","Deposit","RTGS",216038.66,1639206.60,"Success","Cash deposit"
4568,"2024-06-29 14:03:28",176,"Rohit Sharma",100100000213,"Fixed Deposit Account","SBI Lucknow Branch 19","Lucknow","Transfer","UPI",472658.73,0.00,"Success","Fund transfer"
4569,"2024-07-03 04:25:41",113,"Manish Yadav",100100000238,"Senior Citizen Savings Account","SBI Surat Branch 6","Surat","Transfer","Cash",184441.55,362126.81,"Success","Fund transfer"
4570,"2022-06-22 01:26:35",198,"Suresh Singh",100100000235,"NRI Savings Account","SBI Bengaluru Branch 38","Bengaluru","Transfer","Cash",258373.82,86491.10,"Success","Fund transfer"
4571,"2023-09-08 03:34:36",105,"Mohit Agarwal",100100000104,"Savings Account","SBI Kolkata Branch 42","Kolkata","Interest","System",128026.71,128026.71,"Success","Interest credited"
4572,"2024-04-23 12:37:10",67,"Pooja Kumar",100100000066,"NRI Savings Account","SBI Chandigarh Branch 5","Chandigarh","Interest","System",95339.24,1053141.03,"Success","Interest credited"
4573,"2022-05-08 11:50:08",114,"Harsh Reddy",100100000113,"Fixed Deposit Account","SBI Surat Branch 3","Surat","Withdrawal","RTGS",187952.46,0.00,"Success","Cash withdrawal"
4574,"2024-08-18 08:22:07",33,"Deepak Jain",100100000210,"Savings Account","SBI Pune Branch 43","Pune","Deposit","NEFT",318159.35,938096.94,"Success","Cash deposit"
4575,"2023-04-27 18:20:00",167,"Mohit Jain",100100000166,"Fixed Deposit Account","SBI Delhi Branch 14","Delhi","Withdrawal","Cash",308589.64,0.00,"Success","Cash withdrawal"
4576,"2025-01-28 23:19:55",136,"Priya Sharma",100100000256,"Student Account","SBI Surat Branch 3","Surat","Deposit","NEFT",300139.87,395254.99,"Success","Cash deposit"
4577,"2022-01-11 13:22:49",34,"Rahul Sharma",100100000033,"NRI Savings Account","SBI Bhopal Branch 39","Bhopal","Deposit","ATM",31091.14,31091.14,"Success","Cash deposit"
4578,"2023-08-10 13:49:30",113,"Manish Yadav",100100000238,"Senior Citizen Savings Account","SBI Surat Branch 6","Surat","Charge","Cheque",331723.88,30402.93,"Success","Service charge"
4579,"2023-10-24 04:07:48",5,"Amit Reddy",100100000234,"Savings Account","SBI Surat Branch 29","Surat","Charge","System",19490.12,1005193.86,"Success","Service charge"
4580,"2024-09-22 16:23:24",102,"Asha Sinha",100100000101,"Student Account","SBI Bengaluru Branch 50","Bengaluru","Deposit","NEFT",389514.78,696572.58,"Success","Cash deposit"
4581,"2023-06-19 10:25:52",120,"Nidhi Agarwal",100100000297,"Salary Account","SBI Kolkata Branch 42","Kolkata","Transfer","NEFT",441045.18,0.00,"Success","Fund transfer"
4582,"2025-09-24 03:39:05",171,"Vikas Patel",100100000170,"Student Account","SBI Gurugram Branch 36","Gurugram","Interest","System",9720.40,139549.47,"Success","Interest credited"
4583,"2024-08-25 22:07:17",104,"Harsh Pandey",100100000103,"Student Account","SBI Bhopal Branch 35","Bhopal","Interest","System",326689.87,326689.87,"Success","Interest credited"
4584,"2025-12-02 21:12:29",92,"Ritu Chauhan",100100000291,"Savings Account","SBI Chandigarh Branch 5","Chandigarh","Transfer","UPI",239457.28,0.00,"Success","Fund transfer"
4585,"2023-11-08 03:10:41",45,"Vikas Patel",100100000044,"Fixed Deposit Account","SBI Noida Branch 47","Noida","Deposit","Cash",121465.21,697113.73,"Success","Cash deposit"
4586,"2023-04-28 03:36:22",52,"Harsh Mishra",100100000051,"Savings Account","SBI Gurugram Branch 49","Gurugram","Withdrawal","NEFT",314781.84,0.00,"Success","Cash withdrawal"
4587,"2022-12-26 17:32:57",109,"Kavita Jain",100100000108,"Recurring Deposit Account","SBI Ahmedabad Branch 24","Ahmedabad","Interest","System",426319.71,1328565.10,"Success","Interest credited"
4588,"2023-02-04 22:36:28",83,"Nitin Verma",100100000082,"Savings Account","SBI Surat Branch 44","Surat","Withdrawal","IMPS",257254.23,0.00,"Success","Cash withdrawal"
4589,"2025-05-25 23:49:34",51,"Rohit Yadav",100100000288,"NRI Savings Account","SBI Patna Branch 26","Patna","Interest","System",416937.12,1303274.19,"Failed","Interest credited"
4590,"2022-12-08 11:04:39",132,"Karan Chauhan",100100000131,"Recurring Deposit Account","SBI Surat Branch 44","Surat","Interest","System",201145.44,839446.68,"Success","Interest credited"
4591,"2023-07-13 14:53:13",2,"Neha Gupta",100100000001,"NRI Savings Account","SBI Bhubaneswar Branch 22","Bhubaneswar","Deposit","UPI",187548.45,877636.10,"Success","Cash deposit"
4592,"2023-08-10 13:24:19",150,"Ankit Verma",100100000149,"Salary Account","SBI Chennai Branch 40","Chennai","Withdrawal","NEFT",223046.31,206051.86,"Success","Cash withdrawal"
4593,"2022-04-20 00:41:00",127,"Anjali Verma",100100000126,"Salary Account","SBI Ahmedabad Branch 24","Ahmedabad","Interest","System",337701.25,337701.25,"Success","Interest credited"
4594,"2023-05-10 02:49:42",88,"Arjun Kumar",100100000087,"Senior Citizen Savings Account","SBI Gurugram Branch 49","Gurugram","Interest","System",232819.52,722326.41,"Success","Interest credited"
4595,"2025-06-18 13:18:06",163,"Anjali Gupta",100100000212,"Current Account","SBI Delhi Branch 14","Delhi","Interest","System",465602.20,465602.20,"Success","Interest credited"
4596,"2025-11-20 00:27:25",113,"Manish Yadav",100100000238,"Senior Citizen Savings Account","SBI Surat Branch 6","Surat","Transfer","Cheque",412447.81,0.00,"Success","Fund transfer"
4597,"2025-09-17 18:19:50",136,"Priya Sharma",100100000256,"Student Account","SBI Surat Branch 3","Surat","Interest","System",280829.50,676084.49,"Success","Interest credited"
4598,"2022-03-25 16:51:36",145,"Nidhi Nair",100100000144,"Senior Citizen Savings Account","SBI Noida Branch 2","Noida","Charge","ATM",86877.80,18064.80,"Success","Service charge"
4599,"2024-03-22 22:46:15",69,"Ritu Pandey",100100000068,"NRI Savings Account","SBI Surat Branch 30","Surat","Deposit","NEFT",52774.71,52774.71,"Success","Cash deposit"
4600,"2023-12-06 22:22:35",25,"Riya Reddy",100100000024,"Savings Account","SBI Gurugram Branch 33","Gurugram","Withdrawal","ATM",147085.63,38640.90,"Success","Cash withdrawal"
4601,"2022-10-10 03:32:22",14,"Sneha Nair",100100000013,"Fixed Deposit Account","SBI Nagpur Branch 34","Nagpur","Deposit","NEFT",260976.98,1007715.48,"Pending","Cash deposit"
4602,"2025-04-07 15:39:18",53,"Arjun Jain",100100000052,"Student Account","SBI Delhi Branch 13","Delhi","Charge","Cheque",388864.58,0.00,"Success","Service charge"
4603,"2024-09-15 23:28:53",200,"Harsh Mishra",100100000199,"Savings Account","SBI Gurugram Branch 45","Gurugram","Deposit","ATM",333012.71,333012.71,"Success","Cash deposit"
4604,"2025-01-26 07:40:44",114,"Harsh Reddy",100100000205,"Current Account","SBI Chennai Branch 40","Chennai","Deposit","NEFT",284589.67,354216.92,"Success","Cash deposit"
4605,"2025-03-09 07:46:29",125,"Vivek Kumar",100100000124,"Salary Account","SBI Bhopal Branch 39","Bhopal","Withdrawal","ATM",143172.17,187737.83,"Success","Cash withdrawal"
4606,"2025-01-31 18:26:03",178,"Arjun Kumar",100100000208,"NRI Savings Account","SBI Gurugram Branch 49","Gurugram","Transfer","Cheque",457568.30,0.00,"Success","Fund transfer"
4607,"2022-08-13 12:52:00",28,"Nitin Reddy",100100000027,"Savings Account","SBI Gurugram Branch 45","Gurugram","Transfer","UPI",172115.65,1210816.84,"Success","Fund transfer"
4608,"2024-01-27 03:09:45",192,"Deepak Reddy",100100000191,"Salary Account","SBI Bengaluru Branch 38","Bengaluru","Deposit","UPI",366168.98,664990.09,"Success","Cash deposit"
4609,"2022-10-25 02:11:15",93,"Arjun Sinha",100100000092,"Current Account","SBI Bengaluru Branch 38","Bengaluru","Transfer","UPI",75255.14,63533.24,"Success","Fund transfer"
4610,"2025-07-23 23:58:26",95,"Rahul Kumar",100100000094,"Savings Account","SBI Bhubaneswar Branch 25","Bhubaneswar","Withdrawal","ATM",160042.07,0.00,"Success","Cash withdrawal"
4611,"2026-01-31 03:11:12",117,"Priya Patel",100100000215,"Senior Citizen Savings Account","SBI Gurugram Branch 33","Gurugram","Transfer","ATM",368779.81,0.00,"Success","Fund transfer"
4612,"2025-11-19 23:01:22",42,"Pooja Gupta",100100000211,"Current Account","SBI Chennai Branch 21","Chennai","Withdrawal","NEFT",344399.27,78373.72,"Success","Cash withdrawal"
4613,"2025-11-08 13:15:55",111,"Shreya Singh",100100000204,"Savings Account","SBI Bengaluru Branch 7","Bengaluru","Charge","ATM",300815.47,298122.72,"Success","Service charge"
4614,"2024-07-14 06:57:39",30,"Vikas Gupta",100100000029,"Savings Account","SBI Bhopal Branch 39","Bhopal","Deposit","RTGS",462472.50,1684603.77,"Success","Cash deposit"
4615,"2022-06-23 04:58:10",117,"Priya Patel",100100000116,"NRI Savings Account","SBI Chennai Branch 40","Chennai","Charge","System",393541.63,382296.09,"Pending","Service charge"
4616,"2022-12-12 23:12:53",81,"Karan Reddy",100100000080,"Recurring Deposit Account","SBI Lucknow Branch 19","Lucknow","Interest","System",206040.89,1486708.90,"Success","Interest credited"
4617,"2023-11-09 11:50:58",132,"Karan Chauhan",100100000131,"Recurring Deposit Account","SBI Surat Branch 44","Surat","Withdrawal","ATM",364330.62,475116.06,"Success","Cash withdrawal"
4618,"2024-05-08 17:42:08",144,"Rahul Mishra",100100000143,"NRI Savings Account","SBI Surat Branch 6","Surat","Deposit","RTGS",460089.49,699317.40,"Success","Cash deposit"
4619,"2024-07-26 07:19:33",77,"Anjali Mishra",100100000243,"Savings Account","SBI Kolkata Branch 42","Kolkata","Charge","System",260410.33,0.00,"Success","Service charge"
4620,"2026-03-07 17:59:09",5,"Amit Reddy",100100000004,"Salary Account","SBI Bhopal Branch 39","Bhopal","Charge","ATM",216365.78,0.00,"Success","Service charge"
4621,"2024-12-29 20:57:08",55,"Vikas Kumar",100100000261,"Salary Account","SBI Gurugram Branch 33","Gurugram","Deposit","ATM",147891.91,196996.31,"Success","Cash deposit"
4622,"2024-07-13 05:58:01",74,"Rahul Kumar",100100000073,"Current Account","SBI Bengaluru Branch 16","Bengaluru","Transfer","ATM",318424.41,0.00,"Success","Fund transfer"
4623,"2025-07-11 15:02:26",138,"Sakshi Chauhan",100100000247,"Student Account","SBI Chennai Branch 21","Chennai","Withdrawal","ATM",225953.45,243728.06,"Success","Cash withdrawal"
4624,"2022-12-25 18:42:02",72,"Anjali Singh",100100000071,"Savings Account","SBI Pune Branch 8","Pune","Withdrawal","ATM",416491.29,0.00,"Success","Cash withdrawal"
4625,"2025-01-24 16:08:28",73,"Karan Yadav",100100000072,"Current Account","SBI Lucknow Branch 19","Lucknow","Interest","System",225554.41,876248.93,"Success","Interest credited"
4626,"2022-04-23 04:38:17",171,"Vikas Patel",100100000170,"Student Account","SBI Gurugram Branch 36","Gurugram","Deposit","NEFT",323001.04,462550.51,"Success","Cash deposit"
4627,"2026-02-16 06:53:30",67,"Pooja Kumar",100100000066,"NRI Savings Account","SBI Chandigarh Branch 5","Chandigarh","Charge","System",91111.34,962029.69,"Success","Service charge"
4628,"2025-09-03 14:29:42",113,"Manish Yadav",100100000238,"Senior Citizen Savings Account","SBI Surat Branch 6","Surat","Withdrawal","NEFT",97443.46,0.00,"Success","Cash withdrawal"
4629,"2026-05-08 06:51:38",185,"Rahul Kumar",100100000281,"Senior Citizen Savings Account","SBI Surat Branch 30","Surat","Transfer","ATM",50647.59,289325.36,"Success","Fund transfer"
4630,"2022-10-26 18:00:17",143,"Rohit Mishra",100100000142,"Student Account","SBI Bhopal Branch 37","Bhopal","Transfer","Cash",240669.09,68099.79,"Success","Fund transfer"
4631,"2024-06-29 00:18:38",116,"Riya Sinha",100100000201,"Salary Account","SBI Bengaluru Branch 7","Bengaluru","Deposit","Cheque",19238.47,19238.47,"Success","Cash deposit"
4632,"2023-07-08 16:06:27",92,"Ritu Chauhan",100100000291,"Savings Account","SBI Chandigarh Branch 5","Chandigarh","Withdrawal","NEFT",406676.29,0.00,"Success","Cash withdrawal"
4633,"2024-10-16 10:34:11",72,"Anjali Singh",100100000217,"Savings Account","SBI Bengaluru Branch 38","Bengaluru","Charge","System",390476.07,335543.46,"Success","Service charge"
4634,"2024-04-20 19:56:11",197,"Rajesh Yadav",100100000223,"Savings Account","SBI Noida Branch 32","Noida","Transfer","NEFT",120083.62,626461.11,"Success","Fund transfer"
4635,"2025-02-04 03:24:45",88,"Arjun Kumar",100100000087,"Senior Citizen Savings Account","SBI Gurugram Branch 49","Gurugram","Charge","System",14040.85,708285.56,"Success","Service charge"
4636,"2022-05-25 22:44:30",69,"Ritu Pandey",100100000245,"Savings Account","SBI Bengaluru Branch 7","Bengaluru","Charge","ATM",224727.02,2405.37,"Success","Service charge"
4637,"2024-12-10 12:37:36",58,"Kavita Sharma",100100000057,"Fixed Deposit Account","SBI Kochi Branch 46","Kochi","Interest","System",305648.97,872486.56,"Success","Interest credited"
4638,"2024-07-04 02:11:12",168,"Meena Gupta",100100000167,"Senior Citizen Savings Account","SBI Gurugram Branch 33","Gurugram","Deposit","NEFT",226707.62,305399.62,"Success","Cash deposit"
4639,"2025-11-17 07:02:00",114,"Harsh Reddy",100100000290,"NRI Savings Account","SBI Surat Branch 3","Surat","Interest","System",100014.24,0.00,"Pending","Interest credited"
4640,"2026-03-15 23:28:47",196,"Manish Chauhan",100100000195,"Fixed Deposit Account","SBI Pune Branch 11","Pune","Deposit","RTGS",425514.77,425514.77,"Success","Cash deposit"
4641,"2025-12-06 05:48:10",143,"Rohit Mishra",100100000252,"Recurring Deposit Account","SBI Gurugram Branch 49","Gurugram","Charge","System",340942.52,44454.61,"Success","Service charge"
4642,"2022-01-29 22:01:17",80,"Arjun Patel",100100000079,"Recurring Deposit Account","SBI Bhopal Branch 23","Bhopal","Interest","System",186872.12,743642.27,"Success","Interest credited"
4643,"2025-09-09 13:56:55",83,"Nitin Verma",100100000082,"Savings Account","SBI Surat Branch 44","Surat","Withdrawal","Cheque",57585.21,0.00,"Success","Cash withdrawal"
4644,"2022-08-19 11:48:36",148,"Harsh Sharma",100100000147,"NRI Savings Account","SBI Lucknow Branch 12","Lucknow","Charge","System",256083.71,165314.36,"Success","Service charge"
4645,"2023-09-07 00:50:59",28,"Nitin Reddy",100100000027,"Savings Account","SBI Gurugram Branch 45","Gurugram","Withdrawal","RTGS",7327.11,1203489.73,"Success","Cash withdrawal"
4646,"2026-06-04 04:07:53",88,"Arjun Kumar",100100000087,"Senior Citizen Savings Account","SBI Gurugram Branch 49","Gurugram","Transfer","Cash",151282.37,557003.19,"Success","Fund transfer"
4647,"2026-01-17 12:20:28",74,"Rahul Kumar",100100000073,"Current Account","SBI Bengaluru Branch 16","Bengaluru","Withdrawal","Cheque",450458.35,0.00,"Success","Cash withdrawal"
4648,"2025-01-04 00:20:41",166,"Riya Singh",100100000165,"Fixed Deposit Account","SBI Pune Branch 43","Pune","Interest","System",427898.58,552498.56,"Success","Interest credited"
4649,"2025-07-10 05:25:28",197,"Rajesh Yadav",100100000296,"Recurring Deposit Account","SBI Surat Branch 30","Surat","Transfer","RTGS",463830.31,415156.43,"Success","Fund transfer"
4650,"2025-04-09 02:32:46",146,"Manish Agarwal",100100000145,"NRI Savings Account","SBI Bengaluru Branch 7","Bengaluru","Withdrawal","Cheque",366584.47,49795.27,"Success","Cash withdrawal"
4651,"2023-11-04 05:44:47",97,"Riya Kumar",100100000096,"Fixed Deposit Account","SBI Indore Branch 20","Indore","Deposit","RTGS",342693.36,1079802.25,"Success","Cash deposit"
4652,"2025-11-25 01:35:02",195,"Amit Agarwal",100100000194,"Savings Account","SBI Surat Branch 3","Surat","Deposit","ATM",18658.81,488798.85,"Success","Cash deposit"
4653,"2025-11-12 23:03:57",62,"Ritu Yadav",100100000280,"Recurring Deposit Account","SBI Nagpur Branch 31","Nagpur","Withdrawal","Cash",109011.52,974480.20,"Success","Cash withdrawal"
4654,"2026-06-22 14:55:26",63,"Rajesh Kumar",100100000062,"Recurring Deposit Account","SBI Pune Branch 8","Pune","Charge","System",4967.21,0.00,"Success","Service charge"
4655,"2025-05-21 22:59:23",156,"Shreya Yadav",100100000272,"NRI Savings Account","SBI Indore Branch 27","Indore","Deposit","IMPS",484299.79,1015270.19,"Success","Cash deposit"
4656,"2026-07-07 22:25:39",116,"Riya Sinha",100100000201,"Salary Account","SBI Bengaluru Branch 7","Bengaluru","Transfer","Cheque",394787.60,0.00,"Success","Fund transfer"
4657,"2022-04-25 09:38:11",109,"Kavita Jain",100100000108,"Recurring Deposit Account","SBI Ahmedabad Branch 24","Ahmedabad","Withdrawal","Cheque",312146.45,1016418.65,"Success","Cash withdrawal"
4658,"2026-04-03 15:49:48",199,"Sneha Agarwal",100100000198,"Senior Citizen Savings Account","SBI Surat Branch 4","Surat","Transfer","UPI",491316.22,389763.85,"Success","Fund transfer"
4659,"2022-02-10 05:46:20",32,"Ankit Reddy",100100000031,"Recurring Deposit Account","SBI Bengaluru Branch 7","Bengaluru","Transfer","UPI",188756.25,838741.10,"Success","Fund transfer"
4660,"2023-02-20 11:42:55",72,"Anjali Singh",100100000071,"Savings Account","SBI Pune Branch 8","Pune","Charge","ATM",305372.17,0.00,"Success","Service charge"
4661,"2022-11-19 10:34:06",81,"Karan Reddy",100100000080,"Recurring Deposit Account","SBI Lucknow Branch 19","Lucknow","Transfer","UPI",290464.51,1196244.39,"Success","Fund transfer"
4662,"2024-08-28 21:56:48",62,"Ritu Yadav",100100000280,"Recurring Deposit Account","SBI Nagpur Branch 31","Nagpur","Interest","System",173336.52,974480.20,"Failed","Interest credited"
4663,"2026-05-25 02:00:32",191,"Asha Sharma",100100000248,"Student Account","SBI Bengaluru Branch 15","Bengaluru","Withdrawal","RTGS",334138.56,0.00,"Success","Cash withdrawal"
4664,"2024-12-22 04:37:54",71,"Sakshi Reddy",100100000070,"Fixed Deposit Account","SBI Pune Branch 43","Pune","Interest","System",368784.12,645976.26,"Success","Interest credited"
4665,"2026-03-18 15:09:19",167,"Mohit Jain",100100000230,"Recurring Deposit Account","SBI Bengaluru Branch 7","Bengaluru","Transfer","Cash",233427.47,0.00,"Success","Fund transfer"
4666,"2022-05-22 14:38:41",22,"Asha Pandey",100100000021,"Student Account","SBI Gurugram Branch 33","Gurugram","Deposit","Cheque",179639.19,1148503.07,"Success","Cash deposit"
4667,"2023-11-07 02:00:48",136,"Priya Sharma",100100000256,"Student Account","SBI Surat Branch 3","Surat","Deposit","NEFT",370267.51,1046352.00,"Success","Cash deposit"
4668,"2023-02-17 15:39:20",136,"Priya Sharma",100100000135,"Savings Account","SBI Bhopal Branch 37","Bhopal","Deposit","IMPS",431512.45,0.00,"Pending","Cash deposit"
4669,"2024-10-31 00:44:23",104,"Harsh Pandey",100100000103,"Student Account","SBI Bhopal Branch 35","Bhopal","Transfer","ATM",208511.47,118178.40,"Success","Fund transfer"
4670,"2025-01-12 00:03:31",18,"Vivek Verma",100100000239,"NRI Savings Account","SBI Bengaluru Branch 7","Bengaluru","Interest","System",32049.37,209569.52,"Success","Interest credited"
4671,"2025-05-07 10:10:13",115,"Nidhi Agarwal",100100000233,"Salary Account","SBI Gurugram Branch 49","Gurugram","Interest","System",334648.60,905139.09,"Success","Interest credited"
4672,"2023-08-18 15:48:31",79,"Vikas Agarwal",100100000078,"Student Account","SBI Surat Branch 4","Surat","Withdrawal","ATM",45858.95,230756.07,"Success","Cash withdrawal"
4673,"2022-07-06 23:04:56",51,"Rohit Yadav",100100000050,"Savings Account","SBI Chennai Branch 21","Chennai","Withdrawal","RTGS",149180.99,83175.96,"Success","Cash withdrawal"
4674,"2024-11-22 03:12:36",192,"Deepak Reddy",100100000228,"Salary Account","SBI Kolkata Branch 42","Kolkata","Transfer","RTGS",399019.11,0.00,"Success","Fund transfer"
4675,"2024-09-27 17:43:25",33,"Deepak Jain",100100000210,"Savings Account","SBI Pune Branch 43","Pune","Interest","System",413394.98,1351491.92,"Success","Interest credited"
4676,"2024-04-30 22:27:05",135,"Shreya Chauhan",100100000134,"Fixed Deposit Account","SBI Gurugram Branch 36","Gurugram","Withdrawal","RTGS",289460.56,0.00,"Success","Cash withdrawal"
4677,"2025-12-09 12:16:59",95,"Rahul Kumar",100100000241,"Savings Account","SBI Delhi Branch 13","Delhi","Withdrawal","RTGS",378592.25,0.00,"Success","Cash withdrawal"
4678,"2025-11-24 09:16:13",94,"Shreya Mishra",100100000264,"Savings Account","SBI Hyderabad Branch 41","Hyderabad","Charge","System",360012.83,830154.84,"Success","Service charge"
4679,"2024-11-03 13:36:29",114,"Harsh Reddy",100100000113,"Fixed Deposit Account","SBI Surat Branch 3","Surat","Withdrawal","Cheque",444950.17,0.00,"Success","Cash withdrawal"
4680,"2025-11-28 00:47:00",112,"Mohit Mishra",100100000111,"Salary Account","SBI Surat Branch 30","Surat","Transfer","RTGS",134525.71,0.00,"Success","Fund transfer"
4681,"2025-06-06 01:36:36",136,"Priya Sharma",100100000256,"Student Account","SBI Surat Branch 3","Surat","Transfer","IMPS",364771.74,681580.26,"Success","Fund transfer"
4682,"2024-12-31 06:24:39",189,"Rajesh Pandey",100100000188,"Fixed Deposit Account","SBI Pune Branch 8","Pune","Withdrawal","IMPS",304938.75,0.00,"Success","Cash withdrawal"
4683,"2025-09-05 04:13:04",160,"Arjun Chauhan",100100000159,"Salary Account","SBI Bengaluru Branch 15","Bengaluru","Charge","ATM",166168.16,0.00,"Success","Service charge"
4684,"2022-05-29 18:08:12",135,"Shreya Chauhan",100100000134,"Fixed Deposit Account","SBI Gurugram Branch 36","Gurugram","Withdrawal","RTGS",247642.11,0.00,"Success","Cash withdrawal"
4685,"2026-06-23 08:08:22",109,"Kavita Jain",100100000108,"Recurring Deposit Account","SBI Ahmedabad Branch 24","Ahmedabad","Withdrawal","RTGS",318776.01,697642.64,"Success","Cash withdrawal"
4686,"2025-01-01 05:57:40",104,"Harsh Pandey",100100000103,"Student Account","SBI Bhopal Branch 35","Bhopal","Interest","System",452769.45,118178.40,"Failed","Interest credited"
4687,"2022-03-14 13:01:19",165,"Riya Kumar",100100000164,"Recurring Deposit Account","SBI Surat Branch 6","Surat","Charge","System",77428.37,0.00,"Success","Service charge"
4688,"2025-01-02 18:55:47",192,"Deepak Reddy",100100000191,"Salary Account","SBI Bengaluru Branch 38","Bengaluru","Withdrawal","Cheque",480633.56,184356.53,"Success","Cash withdrawal"
4689,"2025-11-02 16:30:41",150,"Ankit Verma",100100000149,"Salary Account","SBI Chennai Branch 40","Chennai","Withdrawal","RTGS",58081.52,147970.34,"Success","Cash withdrawal"
4690,"2023-01-25 13:37:13",46,"Priya Mishra",100100000222,"Salary Account","SBI Indore Branch 27","Indore","Deposit","ATM",1680.88,480828.43,"Success","Cash deposit"
4691,"2022-01-08 20:45:37",81,"Karan Reddy",100100000080,"Recurring Deposit Account","SBI Lucknow Branch 19","Lucknow","Transfer","IMPS",467989.57,728254.82,"Success","Fund transfer"
4692,"2023-11-14 00:23:38",77,"Anjali Mishra",100100000243,"Savings Account","SBI Kolkata Branch 42","Kolkata","Withdrawal","Cheque",191326.06,0.00,"Success","Cash withdrawal"
4693,"2024-06-09 05:38:14",115,"Nidhi Agarwal",100100000114,"Current Account","SBI Noida Branch 28","Noida","Charge","Cheque",365544.58,166256.79,"Success","Service charge"
4694,"2023-07-06 02:02:33",104,"Harsh Pandey",100100000103,"Student Account","SBI Bhopal Branch 35","Bhopal","Deposit","IMPS",47320.30,165498.70,"Success","Cash deposit"
4695,"2023-12-26 07:20:16",94,"Shreya Mishra",100100000264,"Savings Account","SBI Hyderabad Branch 41","Hyderabad","Deposit","IMPS",460717.03,1290871.87,"Success","Cash deposit"
4696,"2024-09-26 07:56:40",87,"Rajesh Agarwal",100100000282,"Current Account","SBI Gurugram Branch 45","Gurugram","Transfer","RTGS",316066.93,1171415.45,"Success","Fund transfer"
4697,"2026-05-31 22:40:36",50,"Suresh Chauhan",100100000251,"Fixed Deposit Account","SBI Surat Branch 30","Surat","Deposit","IMPS",323561.10,1060056.66,"Success","Cash deposit"
4698,"2026-02-05 21:11:01",92,"Ritu Chauhan",100100000291,"Savings Account","SBI Chandigarh Branch 5","Chandigarh","Withdrawal","Cash",42599.09,0.00,"Success","Cash withdrawal"
4699,"2024-12-25 19:49:38",98,"Suresh Sharma",100100000097,"Fixed Deposit Account","SBI Kolkata Branch 42","Kolkata","Interest","System",73535.13,658281.42,"Success","Interest credited"
4700,"2022-08-31 21:03:35",86,"Komal Verma",100100000276,"Savings Account","SBI Chandigarh Branch 5","Chandigarh","Transfer","Cheque",222992.86,0.00,"Success","Fund transfer"
4701,"2023-01-16 02:45:02",18,"Vivek Verma",100100000017,"NRI Savings Account","SBI Bengaluru Branch 38","Bengaluru","Charge","System",187001.44,4587.30,"Success","Service charge"
4702,"2022-10-06 22:29:56",180,"Divya Mishra",100100000179,"Current Account","SBI Chennai Branch 21","Chennai","Transfer","Cash",337522.65,0.00,"Success","Fund transfer"
4703,"2024-12-17 08:28:48",51,"Rohit Yadav",100100000050,"Savings Account","SBI Chennai Branch 21","Chennai","Charge","System",401058.91,83175.96,"Failed","Service charge"
4704,"2025-08-27 00:55:02",50,"Suresh Chauhan",100100000049,"Current Account","SBI Bhubaneswar Branch 22","Bhubaneswar","Charge","System",220623.53,78776.75,"Success","Service charge"
4705,"2023-05-03 17:29:55",161,"Riya Singh",100100000253,"Senior Citizen Savings Account","SBI Chennai Branch 40","Chennai","Withdrawal","Cheque",185153.53,436284.56,"Success","Cash withdrawal"
4706,"2022-03-22 11:34:03",177,"Riya Verma",100100000176,"Salary Account","SBI Bhubaneswar Branch 25","Bhubaneswar","Deposit","ATM",5679.11,1644885.71,"Success","Cash deposit"
4707,"2024-03-28 01:48:44",191,"Asha Sharma",100100000295,"Senior Citizen Savings Account","SBI Gurugram Branch 36","Gurugram","Deposit","Cash",282603.64,446358.87,"Failed","Cash deposit"
4708,"2022-07-23 15:08:03",8,"Neha Gupta",100100000007,"Senior Citizen Savings Account","SBI Delhi Branch 14","Delhi","Charge","ATM",180361.19,1198505.20,"Success","Service charge"
4709,"2023-09-14 13:43:01",51,"Rohit Yadav",100100000050,"Savings Account","SBI Chennai Branch 21","Chennai","Charge","ATM",486467.03,0.00,"Success","Service charge"
4710,"2022-08-30 07:41:27",60,"Rahul Sinha",100100000059,"Savings Account","SBI Pune Branch 11","Pune","Transfer","UPI",76739.13,763854.69,"Success","Fund transfer"
4711,"2023-04-27 14:32:55",42,"Pooja Gupta",100100000211,"Current Account","SBI Chennai Branch 21","Chennai","Withdrawal","IMPS",242014.06,0.00,"Success","Cash withdrawal"
4712,"2025-05-14 00:18:35",15,"Riya Yadav",100100000014,"Salary Account","SBI Surat Branch 44","Surat","Interest","System",103379.75,597988.82,"Success","Interest credited"
4713,"2023-03-21 01:24:25",72,"Anjali Singh",100100000217,"Savings Account","SBI Bengaluru Branch 38","Bengaluru","Transfer","IMPS",428897.10,0.00,"Success","Fund transfer"
4714,"2026-05-11 09:26:54",80,"Arjun Patel",100100000079,"Recurring Deposit Account","SBI Bhopal Branch 23","Bhopal","Transfer","RTGS",38767.56,704874.71,"Success","Fund transfer"
4715,"2026-05-19 03:33:06",22,"Asha Pandey",100100000021,"Student Account","SBI Gurugram Branch 33","Gurugram","Withdrawal","UPI",206442.74,942060.33,"Success","Cash withdrawal"
4716,"2024-05-01 16:58:33",74,"Rahul Kumar",100100000073,"Current Account","SBI Bengaluru Branch 16","Bengaluru","Deposit","Cash",432777.64,432777.64,"Success","Cash deposit"
4717,"2022-10-31 11:32:18",114,"Harsh Reddy",100100000290,"NRI Savings Account","SBI Surat Branch 3","Surat","Interest","System",301471.09,301471.09,"Success","Interest credited"
4718,"2023-08-25 23:14:31",34,"Rahul Sharma",100100000033,"NRI Savings Account","SBI Bhopal Branch 39","Bhopal","Deposit","Cash",272873.46,303964.60,"Success","Cash deposit"
4719,"2023-09-21 10:19:52",50,"Suresh Chauhan",100100000218,"Recurring Deposit Account","SBI Lucknow Branch 19","Lucknow","Interest","System",96422.71,96422.71,"Success","Interest credited"
4720,"2022-01-12 14:01:27",20,"Karan Sinha",100100000019,"NRI Savings Account","SBI Kolkata Branch 42","Kolkata","Deposit","Cheque",116745.56,238001.48,"Success","Cash deposit"
4721,"2025-06-13 19:30:43",125,"Vivek Kumar",100100000124,"Salary Account","SBI Bhopal Branch 39","Bhopal","Deposit","IMPS",426229.76,613967.59,"Success","Cash deposit"
4722,"2025-12-02 06:45:49",73,"Karan Yadav",100100000226,"NRI Savings Account","SBI Bhubaneswar Branch 22","Bhubaneswar","Transfer","NEFT",430755.08,0.00,"Success","Fund transfer"
4723,"2022-04-09 08:11:49",47,"Priya Sharma",100100000219,"NRI Savings Account","SBI Chandigarh Branch 5","Chandigarh","Interest","System",46427.81,46427.81,"Success","Interest credited"
4724,"2023-06-13 16:01:31",178,"Arjun Kumar",100100000177,"Savings Account","SBI Lucknow Branch 12","Lucknow","Withdrawal","ATM",208113.80,0.00,"Success","Cash withdrawal"
4725,"2023-10-10 01:03:14",61,"Sakshi Pandey",100100000224,"Savings Account","SBI Nagpur Branch 34","Nagpur","Interest","System",347990.83,625993.02,"Success","Interest credited"
4726,"2023-09-01 03:02:25",26,"Rahul Patel",100100000025,"Savings Account","SBI Chennai Branch 21","Chennai","Transfer","Cheque",19417.06,0.00,"Success","Fund transfer"
4727,"2026-03-08 15:33:31",175,"Pooja Jain",100100000174,"Fixed Deposit Account","SBI Pune Branch 11","Pune","Transfer","Cheque",264482.62,679348.74,"Success","Fund transfer"
4728,"2022-10-12 20:42:55",51,"Rohit Yadav",100100000288,"NRI Savings Account","SBI Patna Branch 26","Patna","Transfer","Cash",263011.57,1040262.62,"Success","Fund transfer"
4729,"2026-01-03 12:09:08",192,"Deepak Reddy",100100000228,"Salary Account","SBI Kolkata Branch 42","Kolkata","Transfer","Cash",324086.90,0.00,"Success","Fund transfer"
4730,"2023-03-11 06:15:00",78,"Sneha Verma",100100000077,"Savings Account","SBI Bengaluru Branch 7","Bengaluru","Charge","System",203261.94,910938.39,"Success","Service charge"
4731,"2025-07-21 22:38:00",179,"Ritu Mishra",100100000178,"Savings Account","SBI Bengaluru Branch 16","Bengaluru","Transfer","IMPS",214399.12,107098.55,"Success","Fund transfer"
4732,"2024-04-28 03:26:13",1,"Vivek Yadav",100100000000,"Savings Account","SBI Patna Branch 17","Patna","Interest","System",146282.48,1368994.30,"Failed","Interest credited"
4733,"2025-11-19 13:18:04",118,"Sneha Singh",100100000117,"Savings Account","SBI Bengaluru Branch 15","Bengaluru","Deposit","IMPS",48775.55,253996.67,"Success","Cash deposit"
4734,"2025-01-11 04:34:42",75,"Neha Chauhan",100100000294,"Recurring Deposit Account","SBI Indore Branch 27","Indore","Deposit","Cash",44641.50,167826.55,"Failed","Cash deposit"
4735,"2024-02-17 17:28:10",149,"Anjali Mishra",100100000148,"Student Account","SBI Bengaluru Branch 7","Bengaluru","Deposit","ATM",276065.74,515073.23,"Success","Cash deposit"
4736,"2023-09-09 15:24:23",75,"Neha Chauhan",100100000074,"Salary Account","SBI Chennai Branch 40","Chennai","Transfer","Cheque",273003.96,219182.28,"Success","Fund transfer"
4737,"2023-01-10 18:36:11",61,"Sakshi Pandey",100100000060,"Savings Account","SBI Kolkata Branch 42","Kolkata","Deposit","UPI",22191.97,453692.81,"Success","Cash deposit"
4738,"2024-02-23 03:41:55",40,"Sneha Nair",100100000039,"Salary Account","SBI Pune Branch 11","Pune","Interest","System",46654.09,482830.22,"Success","Interest credited"
4739,"2026-01-04 19:20:03",190,"Divya Kumar",100100000189,"Recurring Deposit Account","SBI Noida Branch 47","Noida","Interest","System",88900.89,88900.89,"Success","Interest credited"
4740,"2023-08-02 20:02:35",190,"Divya Kumar",100100000189,"Recurring Deposit Account","SBI Noida Branch 47","Noida","Transfer","Cash",394076.39,88900.89,"Failed","Fund transfer"
4741,"2026-06-16 09:15:23",195,"Amit Agarwal",100100000279,"Current Account","SBI Patna Branch 17","Patna","Transfer","NEFT",423584.42,0.00,"Success","Fund transfer"
4742,"2024-10-10 04:50:06",85,"Kavita Nair",100100000084,"Current Account","SBI Bhubaneswar Branch 25","Bhubaneswar","Withdrawal","ATM",185946.71,685753.65,"Pending","Cash withdrawal"
4743,"2026-06-27 18:44:50",4,"Ankit Chauhan",100100000003,"Fixed Deposit Account","SBI Pune Branch 11","Pune","Withdrawal","ATM",72934.35,296072.23,"Success","Cash withdrawal"
4744,"2026-06-12 17:10:37",169,"Rahul Pandey",100100000168,"Senior Citizen Savings Account","SBI Hyderabad Branch 41","Hyderabad","Transfer","ATM",403679.98,97639.79,"Success","Fund transfer"
4745,"2022-07-11 19:08:32",103,"Vikas Nair",100100000102,"Senior Citizen Savings Account","SBI Gurugram Branch 36","Gurugram","Deposit","NEFT",340067.95,1880865.55,"Success","Cash deposit"
4746,"2024-04-05 13:58:25",167,"Mohit Jain",100100000293,"Savings Account","SBI Ahmedabad Branch 24","Ahmedabad","Charge","System",223163.48,669993.70,"Success","Service charge"
4747,"2026-04-27 06:41:37",92,"Ritu Chauhan",100100000091,"Fixed Deposit Account","SBI Pune Branch 43","Pune","Interest","System",276676.31,0.00,"Pending","Interest credited"
4748,"2025-09-13 00:26:15",104,"Harsh Pandey",100100000103,"Student Account","SBI Bhopal Branch 35","Bhopal","Charge","ATM",379590.68,0.00,"Success","Service charge"
4749,"2022-11-12 06:38:29",86,"Komal Verma",100100000085,"Savings Account","SBI Noida Branch 18","Noida","Withdrawal","IMPS",394811.01,405945.91,"Success","Cash withdrawal"
4750,"2025-10-13 22:50:27",1,"Vivek Yadav",100100000000,"Savings Account","SBI Patna Branch 17","Patna","Withdrawal","RTGS",207639.35,1161354.95,"Success","Cash withdrawal"
4751,"2025-12-28 03:59:19",59,"Nitin Nair",100100000058,"Recurring Deposit Account","SBI Surat Branch 6","Surat","Withdrawal","NEFT",48680.24,0.00,"Success","Cash withdrawal"
4752,"2023-04-30 12:44:15",2,"Neha Gupta",100100000001,"NRI Savings Account","SBI Bhubaneswar Branch 22","Bhubaneswar","Interest","System",314667.87,1192303.97,"Success","Interest credited"
4753,"2022-04-05 07:13:10",62,"Ritu Yadav",100100000061,"Recurring Deposit Account","SBI Noida Branch 2","Noida","Withdrawal","Cash",473507.95,993467.32,"Success","Cash withdrawal"
4754,"2026-04-17 09:27:10",118,"Sneha Singh",100100000117,"Savings Account","SBI Bengaluru Branch 15","Bengaluru","Charge","ATM",26850.92,227145.75,"Success","Service charge"
4755,"2025-12-22 22:25:03",82,"Meena Gupta",100100000202,"Recurring Deposit Account","SBI Ahmedabad Branch 24","Ahmedabad","Deposit","Cash",274962.92,640952.10,"Success","Cash deposit"
4756,"2022-11-11 01:56:18",90,"Sakshi Jain",100100000284,"Savings Account","SBI Patna Branch 17","Patna","Transfer","ATM",495284.98,675712.03,"Pending","Fund transfer"
4757,"2022-03-22 20:02:23",133,"Priya Patel",100100000283,"NRI Savings Account","SBI Delhi Branch 13","Delhi","Withdrawal","Cash",426449.35,0.00,"Success","Cash withdrawal"
4758,"2022-03-16 11:17:45",128,"Riya Mishra",100100000127,"Current Account","SBI Lucknow Branch 19","Lucknow","Interest","System",293838.90,413448.81,"Success","Interest credited"
4759,"2024-06-27 09:29:44",75,"Neha Chauhan",100100000250,"Recurring Deposit Account","SBI Bengaluru Branch 7","Bengaluru","Transfer","Cheque",489058.77,0.00,"Success","Fund transfer"
4760,"2025-07-09 05:53:21",124,"Asha Sinha",100100000123,"Student Account","SBI Lucknow Branch 12","Lucknow","Withdrawal","RTGS",40822.47,440009.07,"Success","Cash withdrawal"
4761,"2025-09-16 01:05:11",4,"Ankit Chauhan",100100000003,"Fixed Deposit Account","SBI Pune Branch 11","Pune","Deposit","ATM",456209.32,752281.55,"Success","Cash deposit"
4762,"2024-06-04 19:04:06",77,"Anjali Mishra",100100000237,"Savings Account","SBI Kochi Branch 46","Kochi","Interest","System",145722.38,813352.65,"Success","Interest credited"
4763,"2024-08-11 06:15:13",193,"Vikas Verma",100100000203,"Salary Account","SBI Noida Branch 32","Noida","Withdrawal","IMPS",163336.83,0.00,"Success","Cash withdrawal"
4764,"2023-06-06 21:51:20",86,"Komal Verma",100100000085,"Savings Account","SBI Noida Branch 18","Noida","Withdrawal","RTGS",187016.30,405945.91,"Pending","Cash withdrawal"
4765,"2025-06-28 13:39:31",45,"Vikas Patel",100100000044,"Fixed Deposit Account","SBI Noida Branch 47","Noida","Withdrawal","Cash",442961.38,254152.35,"Success","Cash withdrawal"
4766,"2025-07-10 01:08:07",116,"Riya Sinha",100100000201,"Salary Account","SBI Bengaluru Branch 7","Bengaluru","Deposit","RTGS",380310.12,380310.12,"Success","Cash deposit"
4767,"2022-03-12 09:56:45",176,"Rohit Sharma",100100000175,"Savings Account","SBI Noida Branch 47","Noida","Deposit","Cheque",419418.34,272172.37,"Pending","Cash deposit"
4768,"2024-10-26 02:23:25",112,"Mohit Mishra",100100000111,"Salary Account","SBI Surat Branch 30","Surat","Interest","System",407200.02,407200.02,"Success","Interest credited"
4769,"2024-02-11 05:16:40",47,"Priya Sharma",100100000219,"NRI Savings Account","SBI Chandigarh Branch 5","Chandigarh","Withdrawal","Cheque",105451.45,0.00,"Success","Cash withdrawal"
4770,"2023-09-15 04:46:01",146,"Manish Agarwal",100100000231,"Recurring Deposit Account","SBI Hyderabad Branch 41","Hyderabad","Withdrawal","RTGS",259264.90,207182.18,"Success","Cash withdrawal"
4771,"2023-06-29 06:18:12",83,"Nitin Verma",100100000286,"Salary Account","SBI Chennai Branch 40","Chennai","Deposit","ATM",74090.06,1513613.69,"Success","Cash deposit"
4772,"2025-01-12 18:01:10",8,"Neha Gupta",100100000007,"Senior Citizen Savings Account","SBI Delhi Branch 14","Delhi","Transfer","Cash",74684.11,1123821.09,"Success","Fund transfer"
4773,"2025-10-29 11:11:18",151,"Pooja Patel",100100000150,"Fixed Deposit Account","SBI Gurugram Branch 49","Gurugram","Withdrawal","UPI",243995.15,0.00,"Success","Cash withdrawal"
4774,"2025-12-12 11:45:00",83,"Nitin Verma",100100000286,"Salary Account","SBI Chennai Branch 40","Chennai","Transfer","NEFT",445093.35,1068520.34,"Success","Fund transfer"
4775,"2026-05-28 08:11:15",163,"Anjali Gupta",100100000212,"Current Account","SBI Delhi Branch 14","Delhi","Transfer","ATM",496938.25,0.00,"Success","Fund transfer"
4776,"2025-12-04 15:46:51",95,"Rahul Kumar",100100000241,"Savings Account","SBI Delhi Branch 13","Delhi","Transfer","NEFT",90910.17,0.00,"Success","Fund transfer"
4777,"2022-09-15 03:38:03",168,"Meena Gupta",100100000289,"Senior Citizen Savings Account","SBI Gurugram Branch 48","Gurugram","Charge","Cheque",410263.36,350767.75,"Success","Service charge"
4778,"2022-07-22 00:16:30",109,"Kavita Jain",100100000108,"Recurring Deposit Account","SBI Ahmedabad Branch 24","Ahmedabad","Interest","System",208488.06,906130.70,"Success","Interest credited"
4779,"2024-03-17 11:02:46",185,"Rahul Kumar",100100000281,"Senior Citizen Savings Account","SBI Surat Branch 30","Surat","Interest","System",28118.06,317443.42,"Success","Interest credited"
4780,"2022-10-25 08:15:44",45,"Vikas Patel",100100000044,"Fixed Deposit Account","SBI Noida Branch 47","Noida","Withdrawal","ATM",23902.04,230250.31,"Success","Cash withdrawal"
4781,"2022-02-18 21:18:22",26,"Rahul Patel",100100000025,"Savings Account","SBI Chennai Branch 21","Chennai","Interest","System",166175.72,166175.72,"Success","Interest credited"
4782,"2025-04-16 20:29:10",86,"Komal Verma",100100000085,"Savings Account","SBI Noida Branch 18","Noida","Transfer","ATM",150720.30,255225.61,"Success","Fund transfer"
4783,"2023-03-13 12:07:46",131,"Divya Yadav",100100000130,"Student Account","SBI Bhopal Branch 37","Bhopal","Deposit","Cheque",338001.90,338001.90,"Success","Cash deposit"
4784,"2022-01-17 13:53:07",193,"Vikas Verma",100100000203,"Salary Account","SBI Noida Branch 32","Noida","Charge","Cheque",20623.96,0.00,"Pending","Service charge"
4785,"2023-07-11 07:33:31",126,"Rahul Kumar",100100000125,"Current Account","SBI Chennai Branch 40","Chennai","Withdrawal","Cash",375360.43,1663065.49,"Success","Cash withdrawal"
4786,"2026-01-13 03:41:19",116,"Riya Sinha",100100000115,"Salary Account","SBI Noida Branch 47","Noida","Transfer","Cash",204537.15,907456.03,"Success","Fund transfer"
4787,"2024-09-27 00:11:38",24,"Riya Patel",100100000023,"NRI Savings Account","SBI Nagpur Branch 34","Nagpur","Withdrawal","Cheque",338150.11,1012516.93,"Success","Cash withdrawal"
4788,"2022-03-22 19:32:37",143,"Rohit Mishra",100100000277,"NRI Savings Account","SBI Patna Branch 9","Patna","Interest","System",81201.95,757402.17,"Success","Interest credited"
4789,"2024-01-09 14:36:12",163,"Anjali Gupta",100100000212,"Current Account","SBI Delhi Branch 14","Delhi","Transfer","RTGS",280084.84,0.00,"Success","Fund transfer"
4790,"2023-06-01 11:30:35",73,"Karan Yadav",100100000072,"Current Account","SBI Lucknow Branch 19","Lucknow","Transfer","ATM",218091.82,658157.11,"Success","Fund transfer"
4791,"2025-05-01 20:22:20",113,"Manish Yadav",100100000238,"Senior Citizen Savings Account","SBI Surat Branch 6","Surat","Interest","System",142473.59,142473.59,"Success","Interest credited"
4792,"2023-09-18 04:45:39",131,"Divya Yadav",100100000130,"Student Account","SBI Bhopal Branch 37","Bhopal","Transfer","IMPS",269925.27,68076.63,"Success","Fund transfer"
4793,"2025-09-17 00:04:32",104,"Harsh Pandey",100100000103,"Student Account","SBI Bhopal Branch 35","Bhopal","Withdrawal","ATM",119057.51,0.00,"Success","Cash withdrawal"
4794,"2025-03-14 08:16:17",146,"Manish Agarwal",100100000231,"Recurring Deposit Account","SBI Hyderabad Branch 41","Hyderabad","Deposit","UPI",468388.07,675570.25,"Success","Cash deposit"
4795,"2025-04-29 05:37:51",138,"Sakshi Chauhan",100100000247,"Student Account","SBI Chennai Branch 21","Chennai","Charge","Cheque",406519.99,0.00,"Success","Service charge"
4796,"2022-02-18 10:59:55",5,"Amit Reddy",100100000004,"Salary Account","SBI Bhopal Branch 39","Bhopal","Interest","System",374349.34,0.00,"Pending","Interest credited"
4797,"2026-07-01 00:07:51",51,"Rohit Yadav",100100000050,"Savings Account","SBI Chennai Branch 21","Chennai","Deposit","NEFT",2594.23,0.00,"Failed","Cash deposit"
4798,"2025-11-29 12:43:27",173,"Shreya Reddy",100100000172,"NRI Savings Account","SBI Hyderabad Branch 41","Hyderabad","Interest","System",464746.41,0.00,"Failed","Interest credited"
4799,"2025-06-09 18:04:29",61,"Sakshi Pandey",100100000060,"Savings Account","SBI Kolkata Branch 42","Kolkata","Transfer","Cash",380349.15,73343.66,"Success","Fund transfer"
4800,"2024-01-14 06:33:28",167,"Mohit Jain",100100000230,"Recurring Deposit Account","SBI Bengaluru Branch 7","Bengaluru","Charge","ATM",325530.59,0.00,"Success","Service charge"
4801,"2025-11-19 11:31:28",80,"Arjun Patel",100100000079,"Recurring Deposit Account","SBI Bhopal Branch 23","Bhopal","Withdrawal","Cheque",189932.40,514942.31,"Success","Cash withdrawal"
4802,"2025-06-07 12:00:59",177,"Riya Verma",100100000176,"Salary Account","SBI Bhubaneswar Branch 25","Bhubaneswar","Deposit","Cash",370589.58,2015475.29,"Success","Cash deposit"
4803,"2026-06-10 13:00:21",159,"Kavita Singh",100100000158,"Savings Account","SBI Noida Branch 32","Noida","Interest","System",467993.24,0.00,"Pending","Interest credited"
4804,"2026-04-19 06:29:49",165,"Riya Kumar",100100000164,"Recurring Deposit Account","SBI Surat Branch 6","Surat","Transfer","IMPS",258711.41,0.00,"Success","Fund transfer"
4805,"2026-01-23 08:25:17",10,"Divya Patel",100100000009,"NRI Savings Account","SBI Nagpur Branch 34","Nagpur","Withdrawal","RTGS",480614.27,0.00,"Success","Cash withdrawal"
4806,"2022-05-11 11:58:13",176,"Rohit Sharma",100100000175,"Savings Account","SBI Noida Branch 47","Noida","Transfer","IMPS",202171.72,70000.65,"Success","Fund transfer"
4807,"2022-08-05 06:51:08",127,"Anjali Verma",100100000126,"Salary Account","SBI Ahmedabad Branch 24","Ahmedabad","Charge","Cheque",299760.88,37940.37,"Success","Service charge"
4808,"2024-02-29 04:03:26",189,"Rajesh Pandey",100100000254,"Fixed Deposit Account","SBI Kolkata Branch 42","Kolkata","Withdrawal","ATM",177238.95,1811228.61,"Success","Cash withdrawal"
4809,"2024-05-17 07:17:20",191,"Asha Sharma",100100000265,"Current Account","SBI Pune Branch 8","Pune","Deposit","Cheque",255919.90,1887391.69,"Success","Cash deposit"
4810,"2023-12-22 23:18:54",40,"Sneha Nair",100100000039,"Salary Account","SBI Pune Branch 11","Pune","Withdrawal","NEFT",228971.98,482830.22,"Pending","Cash withdrawal"
4811,"2025-08-05 03:35:08",182,"Komal Gupta",100100000181,"Savings Account","SBI Surat Branch 30","Surat","Deposit","RTGS",128177.20,727803.13,"Success","Cash deposit"
4812,"2023-12-05 11:18:38",193,"Vikas Verma",100100000242,"Student Account","SBI Surat Branch 6","Surat","Interest","System",429184.93,942501.86,"Success","Interest credited"
4813,"2022-11-05 19:21:06",115,"Nidhi Agarwal",100100000114,"Current Account","SBI Noida Branch 28","Noida","Charge","ATM",352269.35,0.00,"Success","Service charge"
4814,"2023-06-12 04:42:27",188,"Nitin Jain",100100000266,"Current Account","SBI Nagpur Branch 31","Nagpur","Deposit","Cheque",401370.99,592531.53,"Success","Cash deposit"
4815,"2024-02-10 14:45:58",97,"Riya Kumar",100100000096,"Fixed Deposit Account","SBI Indore Branch 20","Indore","Transfer","Cash",368151.06,711651.19,"Success","Fund transfer"
4816,"2025-08-16 22:42:23",70,"Asha Reddy",100100000069,"Salary Account","SBI Pune Branch 43","Pune","Charge","System",329296.98,0.00,"Success","Service charge"
4817,"2025-06-13 03:48:00",1,"Vivek Yadav",100100000000,"Savings Account","SBI Patna Branch 17","Patna","Deposit","ATM",450504.46,1611859.41,"Success","Cash deposit"
4818,"2023-01-06 11:25:03",146,"Manish Agarwal",100100000231,"Recurring Deposit Account","SBI Hyderabad Branch 41","Hyderabad","Deposit","ATM",226064.51,675570.25,"Failed","Cash deposit"
4819,"2025-08-24 12:02:42",182,"Komal Gupta",100100000255,"Salary Account","SBI Noida Branch 18","Noida","Deposit","ATM",167440.75,1155380.32,"Success","Cash deposit"
4820,"2022-08-07 06:44:29",89,"Rahul Kumar",100100000088,"Savings Account","SBI Pune Branch 1","Pune","Interest","System",434416.57,760406.02,"Success","Interest credited"
4821,"2024-03-26 09:07:03",53,"Arjun Jain",100100000052,"Student Account","SBI Delhi Branch 13","Delhi","Withdrawal","NEFT",397296.48,0.00,"Success","Cash withdrawal"
4822,"2022-03-09 13:36:48",192,"Deepak Reddy",100100000191,"Salary Account","SBI Bengaluru Branch 38","Bengaluru","Interest","System",402631.29,586987.82,"Success","Interest credited"
4823,"2024-09-16 23:22:37",167,"Mohit Jain",100100000166,"Fixed Deposit Account","SBI Delhi Branch 14","Delhi","Transfer","ATM",9666.80,0.00,"Success","Fund transfer"
4824,"2023-04-04 12:15:11",50,"Suresh Chauhan",100100000251,"Fixed Deposit Account","SBI Surat Branch 30","Surat","Interest","System",900.44,1060957.10,"Success","Interest credited"
4825,"2023-10-11 12:55:50",115,"Nidhi Agarwal",100100000114,"Current Account","SBI Noida Branch 28","Noida","Charge","ATM",302491.88,0.00,"Success","Service charge"
4826,"2025-06-12 06:35:54",188,"Nitin Jain",100100000187,"Recurring Deposit Account","SBI Patna Branch 9","Patna","Deposit","RTGS",312748.79,644155.21,"Success","Cash deposit"
4827,"2025-02-25 04:15:11",149,"Anjali Mishra",100100000270,"Student Account","SBI Kolkata Branch 42","Kolkata","Charge","Cheque",118369.46,0.00,"Success","Service charge"
4828,"2024-05-11 03:16:39",3,"Amit Kumar",100100000240,"Savings Account","SBI Bhubaneswar Branch 25","Bhubaneswar","Charge","Cheque",120594.96,166103.33,"Success","Service charge"
4829,"2023-02-09 00:39:14",106,"Arjun Nair",100100000232,"Student Account","SBI Hyderabad Branch 41","Hyderabad","Charge","ATM",491147.80,0.00,"Success","Service charge"
4830,"2025-09-20 16:59:24",163,"Anjali Gupta",100100000162,"Savings Account","SBI Ahmedabad Branch 24","Ahmedabad","Charge","System",281049.92,0.00,"Success","Service charge"
4831,"2026-06-20 23:39:50",55,"Vikas Kumar",100100000229,"Savings Account","SBI Patna Branch 17","Patna","Charge","ATM",217256.29,293546.98,"Success","Service charge"
4832,"2025-07-24 17:39:56",127,"Anjali Verma",100100000126,"Salary Account","SBI Ahmedabad Branch 24","Ahmedabad","Transfer","IMPS",490969.17,0.00,"Success","Fund transfer"
4833,"2025-05-17 19:57:23",51,"Rohit Yadav",100100000288,"NRI Savings Account","SBI Patna Branch 26","Patna","Deposit","Cash",95000.86,1135263.48,"Success","Cash deposit"
4834,"2023-06-11 14:43:42",191,"Asha Sharma",100100000265,"Current Account","SBI Pune Branch 8","Pune","Deposit","ATM",274996.01,1887391.69,"Pending","Cash deposit"
4835,"2024-05-25 20:15:58",98,"Suresh Sharma",100100000097,"Fixed Deposit Account","SBI Kolkata Branch 42","Kolkata","Transfer","ATM",338657.23,319624.19,"Success","Fund transfer"
4836,"2022-06-17 19:31:25",18,"Vivek Verma",100100000017,"NRI Savings Account","SBI Bengaluru Branch 38","Bengaluru","Interest","System",39372.68,4587.30,"Pending","Interest credited"
4837,"2024-07-04 12:59:28",11,"Komal Pandey",100100000010,"Savings Account","SBI Surat Branch 29","Surat","Deposit","UPI",69048.99,409955.21,"Success","Cash deposit"
4838,"2022-03-28 03:24:43",25,"Riya Reddy",100100000024,"Savings Account","SBI Gurugram Branch 33","Gurugram","Withdrawal","UPI",177668.43,0.00,"Success","Cash withdrawal"
4839,"2023-02-25 03:47:41",21,"Anjali Yadav",100100000020,"Student Account","SBI Lucknow Branch 19","Lucknow","Deposit","Cash",414412.90,541737.55,"Success","Cash deposit"
4840,"2026-01-03 10:37:59",62,"Ritu Yadav",100100000280,"Recurring Deposit Account","SBI Nagpur Branch 31","Nagpur","Charge","System",355120.45,619359.75,"Success","Service charge"
4841,"2022-08-23 20:23:11",55,"Vikas Kumar",100100000261,"Salary Account","SBI Gurugram Branch 33","Gurugram","Transfer","Cash",352122.95,0.00,"Success","Fund transfer"
4842,"2024-11-26 19:55:58",192,"Deepak Reddy",100100000228,"Salary Account","SBI Kolkata Branch 42","Kolkata","Interest","System",338591.28,338591.28,"Success","Interest credited"
4843,"2024-06-03 07:57:59",58,"Kavita Sharma",100100000057,"Fixed Deposit Account","SBI Kochi Branch 46","Kochi","Deposit","Cheque",340231.27,1212717.83,"Success","Cash deposit"
4844,"2024-02-09 08:52:55",139,"Neha Pandey",100100000138,"Savings Account","SBI Lucknow Branch 19","Lucknow","Transfer","Cash",7620.69,1390271.86,"Success","Fund transfer"
4845,"2023-10-07 08:26:41",66,"Harsh Sinha",100100000065,"Recurring Deposit Account","SBI Bhubaneswar Branch 22","Bhubaneswar","Interest","System",346683.41,1480904.04,"Success","Interest credited"
4846,"2022-07-18 01:50:33",128,"Riya Mishra",100100000127,"Current Account","SBI Lucknow Branch 19","Lucknow","Transfer","UPI",100883.49,312565.32,"Success","Fund transfer"
4847,"2023-09-30 01:01:03",167,"Mohit Jain",100100000230,"Recurring Deposit Account","SBI Bengaluru Branch 7","Bengaluru","Deposit","ATM",352471.94,352471.94,"Success","Cash deposit"
4848,"2022-01-05 05:57:47",33,"Deepak Jain",100100000210,"Savings Account","SBI Pune Branch 43","Pune","Transfer","IMPS",36623.60,1314868.32,"Success","Fund transfer"
4849,"2023-11-16 05:01:27",90,"Sakshi Jain",100100000292,"Recurring Deposit Account","SBI Bengaluru Branch 16","Bengaluru","Interest","System",257753.60,270335.60,"Success","Interest credited"
4850,"2023-12-27 11:21:22",140,"Arjun Sinha",100100000139,"Savings Account","SBI Bengaluru Branch 16","Bengaluru","Transfer","Cash",305359.93,255263.85,"Pending","Fund transfer"
4851,"2022-10-21 10:02:31",196,"Manish Chauhan",100100000236,"Fixed Deposit Account","SBI Bhubaneswar Branch 22","Bhubaneswar","Interest","System",321839.15,1248161.20,"Success","Interest credited"
4852,"2025-02-02 19:32:01",8,"Neha Gupta",100100000007,"Senior Citizen Savings Account","SBI Delhi Branch 14","Delhi","Charge","System",326078.86,797742.23,"Success","Service charge"
4853,"2022-05-30 08:07:24",200,"Harsh Mishra",100100000225,"Salary Account","SBI Gurugram Branch 36","Gurugram","Transfer","UPI",130682.89,0.00,"Success","Fund transfer"
4854,"2022-08-02 18:21:25",50,"Suresh Chauhan",100100000251,"Fixed Deposit Account","SBI Surat Branch 30","Surat","Transfer","Cash",60292.13,1000664.97,"Success","Fund transfer"
4855,"2025-01-08 07:34:54",42,"Pooja Gupta",100100000211,"Current Account","SBI Chennai Branch 21","Chennai","Transfer","Cheque",422703.45,0.00,"Success","Fund transfer"
4856,"2025-03-28 22:59:50",5,"Amit Reddy",100100000004,"Salary Account","SBI Bhopal Branch 39","Bhopal","Transfer","Cheque",115513.45,0.00,"Success","Fund transfer"
4857,"2022-10-11 11:38:52",78,"Sneha Verma",100100000077,"Savings Account","SBI Bengaluru Branch 7","Bengaluru","Deposit","IMPS",124284.56,910938.39,"Pending","Cash deposit"
4858,"2022-01-09 05:54:16",121,"Manish Agarwal",100100000120,"Savings Account","SBI Indore Branch 27","Indore","Withdrawal","Cheque",79490.59,0.00,"Success","Cash withdrawal"
4859,"2026-03-12 01:23:32",145,"Nidhi Nair",100100000299,"Student Account","SBI Surat Branch 10","Surat","Charge","System",209487.55,367801.21,"Success","Service charge"
4860,"2024-10-24 12:55:15",82,"Meena Gupta",100100000285,"NRI Savings Account","SBI Bhopal Branch 35","Bhopal","Transfer","UPI",343452.06,131159.71,"Pending","Fund transfer"
4861,"2024-05-08 05:37:24",72,"Anjali Singh",100100000071,"Savings Account","SBI Pune Branch 8","Pune","Interest","System",177118.50,177118.50,"Success","Interest credited"
4862,"2022-12-21 08:50:59",113,"Manish Yadav",100100000238,"Senior Citizen Savings Account","SBI Surat Branch 6","Surat","Interest","System",498455.84,640929.43,"Success","Interest credited"
4863,"2024-10-19 02:25:48",63,"Rajesh Kumar",100100000062,"Recurring Deposit Account","SBI Pune Branch 8","Pune","Interest","System",311823.29,311823.29,"Success","Interest credited"
4864,"2025-06-18 02:59:53",75,"Neha Chauhan",100100000294,"Recurring Deposit Account","SBI Indore Branch 27","Indore","Interest","System",401396.17,569222.72,"Success","Interest credited"
4865,"2026-02-07 11:37:50",132,"Karan Chauhan",100100000131,"Recurring Deposit Account","SBI Surat Branch 44","Surat","Charge","ATM",188085.32,287030.74,"Success","Service charge"
4866,"2026-06-02 18:33:26",186,"Neha Gupta",100100000185,"Senior Citizen Savings Account","SBI Bhopal Branch 35","Bhopal","Deposit","IMPS",215041.07,215041.07,"Success","Cash deposit"
4867,"2024-03-11 16:01:01",67,"Pooja Kumar",100100000066,"NRI Savings Account","SBI Chandigarh Branch 5","Chandigarh","Charge","System",300747.11,661282.58,"Success","Service charge"
4868,"2024-10-30 19:41:44",66,"Harsh Sinha",100100000065,"Recurring Deposit Account","SBI Bhubaneswar Branch 22","Bhubaneswar","Withdrawal","Cash",320299.60,1160604.44,"Success","Cash withdrawal"
4869,"2024-01-22 00:02:17",137,"Priya Pandey",100100000246,"NRI Savings Account","SBI Chennai Branch 21","Chennai","Deposit","UPI",69924.04,992032.95,"Success","Cash deposit"
4870,"2022-05-14 23:52:16",73,"Karan Yadav",100100000226,"NRI Savings Account","SBI Bhubaneswar Branch 22","Bhubaneswar","Deposit","UPI",131366.03,131366.03,"Success","Cash deposit"
4871,"2023-10-26 19:56:35",62,"Ritu Yadav",100100000280,"Recurring Deposit Account","SBI Nagpur Branch 31","Nagpur","Withdrawal","IMPS",311385.32,307974.43,"Success","Cash withdrawal"
4872,"2025-05-03 22:18:55",61,"Sakshi Pandey",100100000224,"Savings Account","SBI Nagpur Branch 34","Nagpur","Deposit","RTGS",135867.43,761860.45,"Success","Cash deposit"
4873,"2023-01-03 16:11:35",114,"Harsh Reddy",100100000290,"NRI Savings Account","SBI Surat Branch 3","Surat","Deposit","Cash",446232.83,301471.09,"Pending","Cash deposit"
4874,"2025-08-02 12:30:54",55,"Vikas Kumar",100100000229,"Savings Account","SBI Patna Branch 17","Patna","Deposit","NEFT",326744.84,620291.82,"Success","Cash deposit"
4875,"2022-10-19 04:40:26",103,"Vikas Nair",100100000102,"Senior Citizen Savings Account","SBI Gurugram Branch 36","Gurugram","Withdrawal","Cheque",310543.37,1570322.18,"Success","Cash withdrawal"
4876,"2022-01-15 00:54:22",48,"Divya Yadav",100100000047,"Savings Account","SBI Patna Branch 17","Patna","Interest","System",280592.94,608667.43,"Success","Interest credited"
4877,"2025-12-11 11:11:24",189,"Rajesh Pandey",100100000254,"Fixed Deposit Account","SBI Kolkata Branch 42","Kolkata","Charge","Cheque",415063.74,1396164.87,"Success","Service charge"
4878,"2024-06-17 18:58:08",137,"Priya Pandey",100100000246,"NRI Savings Account","SBI Chennai Branch 21","Chennai","Transfer","RTGS",481523.06,992032.95,"Failed","Fund transfer"
4879,"2023-07-30 17:50:41",59,"Nitin Nair",100100000058,"Recurring Deposit Account","SBI Surat Branch 6","Surat","Interest","System",380512.83,380512.83,"Success","Interest credited"
4880,"2025-05-27 11:15:33",108,"Sakshi Chauhan",100100000107,"NRI Savings Account","SBI Delhi Branch 14","Delhi","Transfer","IMPS",410242.38,3349.33,"Success","Fund transfer"
4881,"2023-07-14 21:27:27",42,"Pooja Gupta",100100000267,"Current Account","SBI Bengaluru Branch 38","Bengaluru","Withdrawal","RTGS",170055.31,0.00,"Success","Cash withdrawal"
4882,"2023-09-20 17:35:55",67,"Pooja Kumar",100100000066,"NRI Savings Account","SBI Chandigarh Branch 5","Chandigarh","Transfer","IMPS",3250.98,658031.60,"Success","Fund transfer"
4883,"2024-06-18 04:34:05",141,"Rohit Patel",100100000140,"Savings Account","SBI Chennai Branch 21","Chennai","Deposit","Cheque",398551.25,628987.01,"Success","Cash deposit"
4884,"2022-08-13 00:08:22",86,"Komal Verma",100100000085,"Savings Account","SBI Noida Branch 18","Noida","Transfer","RTGS",239369.00,15856.61,"Success","Fund transfer"
4885,"2025-06-24 07:49:41",104,"Harsh Pandey",100100000103,"Student Account","SBI Bhopal Branch 35","Bhopal","Transfer","IMPS",398228.80,0.00,"Success","Fund transfer"
4886,"2022-04-03 14:15:42",48,"Divya Yadav",100100000047,"Savings Account","SBI Patna Branch 17","Patna","Transfer","IMPS",463723.00,144944.43,"Success","Fund transfer"
4887,"2025-03-21 21:26:41",177,"Riya Verma",100100000176,"Salary Account","SBI Bhubaneswar Branch 25","Bhubaneswar","Deposit","Cash",369096.71,2384572.00,"Success","Cash deposit"
4888,"2026-04-15 10:41:40",160,"Arjun Chauhan",100100000159,"Salary Account","SBI Bengaluru Branch 15","Bengaluru","Charge","System",31690.48,0.00,"Success","Service charge"
4889,"2022-12-21 03:24:08",72,"Anjali Singh",100100000217,"Savings Account","SBI Bengaluru Branch 38","Bengaluru","Interest","System",51187.39,51187.39,"Success","Interest credited"
4890,"2022-01-06 20:56:55",115,"Nidhi Agarwal",100100000233,"Salary Account","SBI Gurugram Branch 49","Gurugram","Deposit","ATM",145660.48,1050799.57,"Success","Cash deposit"
4891,"2025-11-21 01:06:14",106,"Arjun Nair",100100000298,"Savings Account","SBI Noida Branch 47","Noida","Charge","ATM",329504.09,171511.64,"Success","Service charge"
4892,"2022-02-10 03:31:51",53,"Arjun Jain",100100000052,"Student Account","SBI Delhi Branch 13","Delhi","Interest","System",344055.54,344055.54,"Success","Interest credited"
4893,"2023-06-20 05:24:43",198,"Suresh Singh",100100000197,"Recurring Deposit Account","SBI Nagpur Branch 34","Nagpur","Interest","System",489980.60,791002.65,"Success","Interest credited"
4894,"2025-01-28 00:54:50",33,"Deepak Jain",100100000210,"Savings Account","SBI Pune Branch 43","Pune","Charge","ATM",322233.05,992635.27,"Success","Service charge"
4895,"2022-04-27 20:23:10",196,"Manish Chauhan",100100000236,"Fixed Deposit Account","SBI Bhubaneswar Branch 22","Bhubaneswar","Charge","Cheque",410522.50,837638.70,"Success","Service charge"
4896,"2022-07-09 15:56:55",38,"Neha Patel",100100000037,"Student Account","SBI Bengaluru Branch 7","Bengaluru","Interest","System",224699.65,1155467.23,"Pending","Interest credited"
4897,"2023-08-18 15:42:14",158,"Suresh Verma",100100000157,"Senior Citizen Savings Account","SBI Surat Branch 29","Surat","Interest","System",28521.05,176536.74,"Success","Interest credited"
4898,"2022-06-25 06:13:58",113,"Manish Yadav",100100000112,"Senior Citizen Savings Account","SBI Surat Branch 4","Surat","Interest","System",43782.60,0.00,"Pending","Interest credited"
4899,"2025-05-31 19:01:30",89,"Rahul Kumar",100100000088,"Savings Account","SBI Pune Branch 1","Pune","Transfer","RTGS",221542.71,538863.31,"Success","Fund transfer"
4900,"2022-04-09 03:10:04",73,"Karan Yadav",100100000072,"Current Account","SBI Lucknow Branch 19","Lucknow","Interest","System",197495.85,855652.96,"Success","Interest credited"
4901,"2025-07-15 15:54:06",42,"Pooja Gupta",100100000041,"Current Account","SBI Gurugram Branch 45","Gurugram","Deposit","Cash",344078.29,357949.97,"Success","Cash deposit"
4902,"2025-03-23 00:11:16",66,"Harsh Sinha",100100000065,"Recurring Deposit Account","SBI Bhubaneswar Branch 22","Bhubaneswar","Transfer","ATM",18441.30,1142163.14,"Success","Fund transfer"
4903,"2025-03-07 23:31:14",176,"Rohit Sharma",100100000213,"Fixed Deposit Account","SBI Lucknow Branch 19","Lucknow","Withdrawal","Cash",43593.20,0.00,"Success","Cash withdrawal"
4904,"2024-04-04 05:09:39",189,"Rajesh Pandey",100100000254,"Fixed Deposit Account","SBI Kolkata Branch 42","Kolkata","Transfer","Cash",201374.43,1194790.44,"Success","Fund transfer"
4905,"2023-01-01 16:13:20",51,"Rohit Yadav",100100000050,"Savings Account","SBI Chennai Branch 21","Chennai","Charge","System",169579.01,0.00,"Success","Service charge"
4906,"2023-09-02 11:50:17",111,"Shreya Singh",100100000110,"Recurring Deposit Account","SBI Noida Branch 2","Noida","Charge","Cheque",474855.39,1018434.83,"Success","Service charge"
4907,"2026-05-31 23:45:33",86,"Komal Verma",100100000085,"Savings Account","SBI Noida Branch 18","Noida","Deposit","ATM",458374.80,15856.61,"Failed","Cash deposit"
4908,"2024-02-24 18:17:22",152,"Mohit Mishra",100100000151,"Savings Account","SBI Gurugram Branch 49","Gurugram","Transfer","IMPS",204626.38,0.00,"Pending","Fund transfer"
4909,"2024-10-13 11:31:59",133,"Priya Patel",100100000283,"NRI Savings Account","SBI Delhi Branch 13","Delhi","Withdrawal","Cash",204985.88,0.00,"Success","Cash withdrawal"
4910,"2024-05-22 17:24:37",32,"Ankit Reddy",100100000031,"Recurring Deposit Account","SBI Bengaluru Branch 7","Bengaluru","Charge","System",447302.06,391439.04,"Success","Service charge"
4911,"2026-06-18 20:22:24",117,"Priya Patel",100100000116,"NRI Savings Account","SBI Chennai Branch 40","Chennai","Transfer","RTGS",159904.81,222391.28,"Success","Fund transfer"
4912,"2025-11-04 12:05:08",87,"Rajesh Agarwal",100100000086,"Savings Account","SBI Chennai Branch 40","Chennai","Charge","ATM",10931.31,620495.81,"Failed","Service charge"
4913,"2024-03-21 01:39:27",90,"Sakshi Jain",100100000292,"Recurring Deposit Account","SBI Bengaluru Branch 16","Bengaluru","Interest","System",65287.69,335623.29,"Success","Interest credited"
4914,"2025-02-15 18:24:20",135,"Shreya Chauhan",100100000134,"Fixed Deposit Account","SBI Gurugram Branch 36","Gurugram","Transfer","NEFT",371367.19,0.00,"Success","Fund transfer"
4915,"2023-04-10 09:41:19",154,"Vikas Sharma",100100000153,"Savings Account","SBI Noida Branch 32","Noida","Interest","System",489786.42,1011891.58,"Success","Interest credited"
4916,"2026-01-10 17:21:18",36,"Sakshi Agarwal",100100000035,"Savings Account","SBI Chennai Branch 40","Chennai","Interest","System",273030.86,273030.86,"Success","Interest credited"
4917,"2024-02-11 18:48:29",19,"Vikas Yadav",100100000018,"Savings Account","SBI Bhubaneswar Branch 22","Bhubaneswar","Interest","System",234867.41,739128.70,"Success","Interest credited"
4918,"2024-09-29 16:49:06",7,"Neha Gupta",100100000006,"Savings Account","SBI Surat Branch 3","Surat","Interest","System",357990.07,0.00,"Pending","Interest credited"
4919,"2024-08-03 01:09:18",169,"Rahul Pandey",100100000168,"Senior Citizen Savings Account","SBI Hyderabad Branch 41","Hyderabad","Charge","Cheque",361774.38,0.00,"Success","Service charge"
4920,"2026-04-30 22:31:44",144,"Rahul Mishra",100100000143,"NRI Savings Account","SBI Surat Branch 6","Surat","Deposit","ATM",313557.72,1012875.12,"Success","Cash deposit"
4921,"2023-08-04 12:16:27",51,"Rohit Yadav",100100000262,"Current Account","SBI Surat Branch 3","Surat","Charge","ATM",424273.75,0.00,"Success","Service charge"
4922,"2025-09-27 05:49:58",62,"Ritu Yadav",100100000280,"Recurring Deposit Account","SBI Nagpur Branch 31","Nagpur","Withdrawal","RTGS",178711.15,129263.28,"Success","Cash withdrawal"
4923,"2023-01-01 15:03:19",34,"Rahul Sharma",100100000033,"NRI Savings Account","SBI Bhopal Branch 39","Bhopal","Interest","System",270414.86,574379.46,"Success","Interest credited"
4924,"2023-04-28 11:39:11",26,"Rahul Patel",100100000025,"Savings Account","SBI Chennai Branch 21","Chennai","Charge","Cheque",346259.29,166175.72,"Pending","Service charge"
4926,"2025-01-20 21:24:17",41,"Vivek Patel",100100000040,"Recurring Deposit Account","SBI Ahmedabad Branch 24","Ahmedabad","Interest","System",165266.05,1096597.01,"Success","Interest credited"
4927,"2023-09-12 08:33:40",170,"Manish Verma",100100000169,"Savings Account","SBI Chennai Branch 40","Chennai","Deposit","Cheque",142004.32,142004.32,"Success","Cash deposit"
4928,"2023-09-04 06:00:40",95,"Rahul Kumar",100100000241,"Savings Account","SBI Delhi Branch 13","Delhi","Transfer","RTGS",148100.23,0.00,"Success","Fund transfer"
4929,"2024-04-23 00:19:17",48,"Divya Yadav",100100000047,"Savings Account","SBI Patna Branch 17","Patna","Charge","Cheque",194837.97,0.00,"Success","Service charge"
4930,"2023-07-30 06:53:43",59,"Nitin Nair",100100000058,"Recurring Deposit Account","SBI Surat Branch 6","Surat","Charge","System",387292.69,0.00,"Success","Service charge"
4931,"2026-03-25 08:41:45",192,"Deepak Reddy",100100000191,"Salary Account","SBI Bengaluru Branch 38","Bengaluru","Deposit","RTGS",469979.19,1056967.01,"Success","Cash deposit"
4932,"2025-05-03 00:51:57",25,"Riya Reddy",100100000024,"Savings Account","SBI Gurugram Branch 33","Gurugram","Withdrawal","Cheque",171938.09,0.00,"Success","Cash withdrawal"
4933,"2026-06-17 03:23:03",43,"Shreya Singh",100100000042,"Savings Account","SBI Patna Branch 26","Patna","Withdrawal","IMPS",194613.64,0.00,"Success","Cash withdrawal"
4934,"2026-04-24 14:47:51",192,"Deepak Reddy",100100000191,"Salary Account","SBI Bengaluru Branch 38","Bengaluru","Interest","System",452501.24,1509468.25,"Success","Interest credited"
4935,"2025-01-18 22:45:40",66,"Harsh Sinha",100100000065,"Recurring Deposit Account","SBI Bhubaneswar Branch 22","Bhubaneswar","Interest","System",26618.76,1168781.90,"Success","Interest credited"
4936,"2024-05-08 05:26:26",187,"Karan Chauhan",100100000186,"Savings Account","SBI Chandigarh Branch 5","Chandigarh","Withdrawal","UPI",38689.02,1155461.32,"Success","Cash withdrawal"
4937,"2022-04-18 07:30:51",12,"Vivek Mishra",100100000011,"Student Account","SBI Gurugram Branch 36","Gurugram","Deposit","Cash",287105.57,407517.57,"Success","Cash deposit"
4938,"2022-01-11 15:12:25",63,"Rajesh Kumar",100100000062,"Recurring Deposit Account","SBI Pune Branch 8","Pune","Transfer","RTGS",98898.52,212924.77,"Success","Fund transfer"
4939,"2025-11-19 21:46:02",196,"Manish Chauhan",100100000236,"Fixed Deposit Account","SBI Bhubaneswar Branch 22","Bhubaneswar","Interest","System",338438.50,1176077.20,"Success","Interest credited"
4940,"2022-05-03 06:30:24",156,"Shreya Yadav",100100000272,"NRI Savings Account","SBI Indore Branch 27","Indore","Charge","ATM",218735.77,1015270.19,"Failed","Service charge"
4941,"2023-09-02 21:12:53",61,"Sakshi Pandey",100100000224,"Savings Account","SBI Nagpur Branch 34","Nagpur","Deposit","NEFT",346411.45,1108271.90,"Success","Cash deposit"
4942,"2024-06-25 16:49:42",82,"Meena Gupta",100100000202,"Recurring Deposit Account","SBI Ahmedabad Branch 24","Ahmedabad","Charge","Cheque",187403.24,453548.86,"Success","Service charge"
4943,"2023-09-15 11:35:35",139,"Neha Pandey",100100000138,"Savings Account","SBI Lucknow Branch 19","Lucknow","Interest","System",375295.63,1765567.49,"Success","Interest credited"
4944,"2022-08-26 23:14:41",171,"Vikas Patel",100100000263,"Salary Account","SBI Bengaluru Branch 16","Bengaluru","Transfer","RTGS",239484.65,0.00,"Success","Fund transfer"
4945,"2024-09-18 03:03:57",82,"Meena Gupta",100100000202,"Recurring Deposit Account","SBI Ahmedabad Branch 24","Ahmedabad","Withdrawal","ATM",311629.49,141919.37,"Success","Cash withdrawal"
4946,"2024-04-09 15:52:08",51,"Rohit Yadav",100100000206,"Savings Account","SBI Noida Branch 2","Noida","Interest","System",388567.69,388567.69,"Success","Interest credited"
4947,"2024-07-18 01:44:40",51,"Rohit Yadav",100100000050,"Savings Account","SBI Chennai Branch 21","Chennai","Interest","System",98958.80,98958.80,"Success","Interest credited"
4948,"2023-02-09 23:06:14",3,"Amit Kumar",100100000002,"Savings Account","SBI Kolkata Branch 42","Kolkata","Withdrawal","RTGS",196054.51,810943.05,"Success","Cash withdrawal"
4949,"2025-06-11 22:04:42",184,"Asha Singh",100100000183,"Savings Account","SBI Surat Branch 29","Surat","Withdrawal","IMPS",409972.25,0.00,"Success","Cash withdrawal"
4950,"2024-03-28 22:31:09",191,"Asha Sharma",100100000248,"Student Account","SBI Bengaluru Branch 15","Bengaluru","Interest","System",289236.05,289236.05,"Success","Interest credited"
4951,"2022-05-20 19:25:24",111,"Shreya Singh",100100000204,"Savings Account","SBI Bengaluru Branch 7","Bengaluru","Charge","System",282081.54,298122.72,"Pending","Service charge"
4952,"2025-04-01 07:09:45",183,"Neha Nair",100100000182,"Savings Account","SBI Hyderabad Branch 41","Hyderabad","Charge","Cheque",215420.62,1155920.36,"Success","Service charge"
4953,"2023-03-02 07:38:45",113,"Manish Yadav",100100000112,"Senior Citizen Savings Account","SBI Surat Branch 4","Surat","Deposit","Cheque",75978.99,75978.99,"Success","Cash deposit"
4954,"2023-08-05 14:15:24",120,"Nidhi Agarwal",100100000297,"Salary Account","SBI Kolkata Branch 42","Kolkata","Deposit","UPI",53788.74,53788.74,"Success","Cash deposit"
4955,"2023-12-07 15:03:07",111,"Shreya Singh",100100000220,"Senior Citizen Savings Account","SBI Indore Branch 27","Indore","Interest","System",65614.52,65614.52,"Success","Interest credited"
4956,"2025-05-20 13:08:59",170,"Manish Verma",100100000169,"Savings Account","SBI Chennai Branch 40","Chennai","Interest","System",62982.65,204986.97,"Success","Interest credited"
4957,"2023-06-16 10:38:34",67,"Pooja Kumar",100100000066,"NRI Savings Account","SBI Chandigarh Branch 5","Chandigarh","Interest","System",34360.88,692392.48,"Success","Interest credited"
4958,"2023-06-22 02:38:00",160,"Arjun Chauhan",100100000159,"Salary Account","SBI Bengaluru Branch 15","Bengaluru","Deposit","NEFT",300742.71,300742.71,"Success","Cash deposit"
4959,"2024-05-12 08:41:44",53,"Arjun Jain",100100000052,"Student Account","SBI Delhi Branch 13","Delhi","Charge","ATM",74493.29,269562.25,"Success","Service charge"
4960,"2024-03-17 00:24:20",143,"Rohit Mishra",100100000277,"NRI Savings Account","SBI Patna Branch 9","Patna","Deposit","Cash",41105.86,798508.03,"Success","Cash deposit"
4961,"2023-12-19 22:27:38",149,"Anjali Mishra",100100000148,"Student Account","SBI Bengaluru Branch 7","Bengaluru","Transfer","Cheque",408285.64,106787.59,"Success","Fund transfer"
4962,"2022-09-10 17:52:44",51,"Rohit Yadav",100100000262,"Current Account","SBI Surat Branch 3","Surat","Charge","System",298438.16,0.00,"Success","Service charge"
4963,"2023-05-09 00:31:59",127,"Anjali Verma",100100000126,"Salary Account","SBI Ahmedabad Branch 24","Ahmedabad","Interest","System",304910.59,0.00,"Failed","Interest credited"
4964,"2026-01-16 04:56:13",66,"Harsh Sinha",100100000065,"Recurring Deposit Account","SBI Bhubaneswar Branch 22","Bhubaneswar","Deposit","IMPS",340868.05,1509649.95,"Success","Cash deposit"
4965,"2022-03-13 18:41:47",149,"Anjali Mishra",100100000148,"Student Account","SBI Bengaluru Branch 7","Bengaluru","Interest","System",43338.43,150126.02,"Success","Interest credited"
4966,"2025-10-12 00:51:05",145,"Nidhi Nair",100100000299,"Student Account","SBI Surat Branch 10","Surat","Withdrawal","ATM",97268.82,270532.39,"Success","Cash withdrawal"
4967,"2023-05-09 03:59:28",73,"Karan Yadav",100100000226,"NRI Savings Account","SBI Bhubaneswar Branch 22","Bhubaneswar","Transfer","ATM",361744.92,0.00,"Success","Fund transfer"
4968,"2022-01-10 20:11:29",145,"Nidhi Nair",100100000299,"Student Account","SBI Surat Branch 10","Surat","Interest","System",450282.64,720815.03,"Success","Interest credited"
4969,"2025-10-25 19:54:55",102,"Asha Sinha",100100000101,"Student Account","SBI Bengaluru Branch 50","Bengaluru","Charge","Cheque",30368.69,666203.89,"Success","Service charge"
4970,"2026-06-12 01:55:54",188,"Nitin Jain",100100000187,"Recurring Deposit Account","SBI Patna Branch 9","Patna","Transfer","Cheque",284362.01,359793.20,"Success","Fund transfer"
4971,"2022-04-28 01:00:04",124,"Asha Sinha",100100000214,"Student Account","SBI Gurugram Branch 45","Gurugram","Deposit","Cash",3612.88,474332.53,"Success","Cash deposit"
4972,"2025-08-15 06:00:00",132,"Karan Chauhan",100100000131,"Recurring Deposit Account","SBI Surat Branch 44","Surat","Transfer","ATM",147572.35,139458.39,"Success","Fund transfer"
4973,"2023-01-04 07:24:40",66,"Harsh Sinha",100100000065,"Recurring Deposit Account","SBI Bhubaneswar Branch 22","Bhubaneswar","Charge","ATM",322558.76,1187091.19,"Success","Service charge"
4974,"2022-02-19 11:06:30",100,"Pooja Mishra",100100000099,"Savings Account","SBI Noida Branch 28","Noida","Interest","System",40635.85,40635.85,"Success","Interest credited"
4975,"2026-02-01 21:56:13",96,"Manish Yadav",100100000095,"Student Account","SBI Bengaluru Branch 7","Bengaluru","Withdrawal","NEFT",188135.43,497279.55,"Success","Cash withdrawal"
4976,"2026-02-26 07:47:55",92,"Ritu Chauhan",100100000291,"Savings Account","SBI Chandigarh Branch 5","Chandigarh","Interest","System",229762.27,229762.27,"Success","Interest credited"
4977,"2025-04-06 05:57:36",162,"Asha Reddy",100100000161,"Savings Account","SBI Pune Branch 1","Pune","Deposit","Cash",299781.74,299781.74,"Success","Cash deposit"
4978,"2026-05-22 16:21:12",102,"Asha Sinha",100100000268,"Fixed Deposit Account","SBI Chennai Branch 21","Chennai","Charge","ATM",134795.90,51351.02,"Success","Service charge"
4979,"2022-04-14 20:58:37",194,"Harsh Agarwal",100100000193,"Student Account","SBI Noida Branch 2","Noida","Deposit","IMPS",303651.45,877876.78,"Success","Cash deposit"
4980,"2022-05-07 17:11:50",157,"Meena Mishra",100100000156,"Savings Account","SBI Bhubaneswar Branch 22","Bhubaneswar","Withdrawal","UPI",467372.13,0.00,"Success","Cash withdrawal"
4981,"2023-01-06 09:06:49",33,"Deepak Jain",100100000210,"Savings Account","SBI Pune Branch 43","Pune","Transfer","UPI",91398.96,901236.31,"Success","Fund transfer"
4982,"2026-01-08 07:44:04",199,"Sneha Agarwal",100100000198,"Senior Citizen Savings Account","SBI Surat Branch 4","Surat","Transfer","RTGS",217084.87,172678.98,"Success","Fund transfer"
4983,"2024-01-17 03:43:44",8,"Neha Gupta",100100000007,"Senior Citizen Savings Account","SBI Delhi Branch 14","Delhi","Charge","ATM",446106.90,351635.33,"Success","Service charge"
4984,"2024-06-24 05:02:40",15,"Riya Yadav",100100000014,"Salary Account","SBI Surat Branch 44","Surat","Withdrawal","Cash",30152.80,567836.02,"Success","Cash withdrawal"
4985,"2025-06-13 16:16:58",152,"Mohit Mishra",100100000151,"Savings Account","SBI Gurugram Branch 49","Gurugram","Withdrawal","RTGS",196139.63,0.00,"Success","Cash withdrawal"
4986,"2022-06-10 20:52:50",26,"Rahul Patel",100100000025,"Savings Account","SBI Chennai Branch 21","Chennai","Charge","Cheque",122418.30,166175.72,"Pending","Service charge"
4987,"2026-05-01 10:26:14",78,"Sneha Verma",100100000077,"Savings Account","SBI Bengaluru Branch 7","Bengaluru","Deposit","Cheque",327952.67,1238891.06,"Success","Cash deposit"
4988,"2024-08-20 19:51:53",60,"Rahul Sinha",100100000059,"Savings Account","SBI Pune Branch 11","Pune","Interest","System",301380.34,1065235.03,"Success","Interest credited"
4989,"2022-11-29 17:03:08",67,"Pooja Kumar",100100000066,"NRI Savings Account","SBI Chandigarh Branch 5","Chandigarh","Withdrawal","ATM",249098.59,443293.89,"Success","Cash withdrawal"
4990,"2024-09-27 11:47:40",161,"Riya Singh",100100000160,"Savings Account","SBI Pune Branch 1","Pune","Charge","ATM",285944.71,0.00,"Success","Service charge"
4991,"2024-09-10 13:03:53",169,"Rahul Pandey",100100000168,"Senior Citizen Savings Account","SBI Hyderabad Branch 41","Hyderabad","Withdrawal","UPI",377322.56,0.00,"Success","Cash withdrawal"
4992,"2022-10-31 19:39:48",61,"Sakshi Pandey",100100000224,"Savings Account","SBI Nagpur Branch 34","Nagpur","Interest","System",282640.83,1390912.73,"Success","Interest credited"
4993,"2024-05-15 11:21:14",56,"Vikas Reddy",100100000055,"Senior Citizen Savings Account","SBI Surat Branch 3","Surat","Transfer","RTGS",49359.82,0.00,"Success","Fund transfer"
4994,"2024-02-20 06:17:34",96,"Manish Yadav",100100000095,"Student Account","SBI Bengaluru Branch 7","Bengaluru","Charge","System",379992.22,117287.33,"Success","Service charge"
4995,"2026-05-18 09:56:19",151,"Pooja Patel",100100000150,"Fixed Deposit Account","SBI Gurugram Branch 49","Gurugram","Interest","System",316340.50,316340.50,"Success","Interest credited"
4996,"2023-01-05 10:52:10",113,"Manish Yadav",100100000238,"Senior Citizen Savings Account","SBI Surat Branch 6","Surat","Charge","System",445750.97,195178.46,"Success","Service charge"
4997,"2025-12-06 18:03:56",60,"Rahul Sinha",100100000059,"Savings Account","SBI Pune Branch 11","Pune","Transfer","Cheque",64203.48,1001031.55,"Success","Fund transfer"
4998,"2025-10-23 07:32:32",53,"Arjun Jain",100100000052,"Student Account","SBI Delhi Branch 13","Delhi","Interest","System",79118.10,348680.35,"Success","Interest credited"
4999,"2024-10-28 13:32:09",83,"Nitin Verma",100100000082,"Savings Account","SBI Surat Branch 44","Surat","Withdrawal","RTGS",42806.24,0.00,"Success","Cash withdrawal"
5000,"2022-07-05 01:34:10",117,"Priya Patel",100100000215,"Senior Citizen Savings Account","SBI Gurugram Branch 33","Gurugram","Charge","ATM",318762.33,0.00,"Success","Service charge"
